event_id,product,ai_key,ticker,country,benchmark,public_date,capture_date,capture_ts,trade_ready_date,known_at,role,company,evidence,control_definition,winner_count,date_uncertain,left_censored,rename_window,spike_week,rename_suspect
73,Methazolamide (Neptazane) Tablets,methazolamide (neptazane) tablets,NOVN.SW,CH,CSSMI.SW,2014-07-12,2014-07-15,20140715095209,2014-07-15,2014-07-15T09:52:09+00:00,disrupted,Sandoz,"[{""presentation"": ""25 mg, 100s (NDC 0781-1072-01)"", ""availability"": ""Due to an API shortage, product will be on back order until November 2014"", ""on_allocation"": false}, {""presentation"": ""25 mg, 1000s (NDC 0781-1072-10)"", ""availability"": ""Due to an API shortage, product will be on back order until November 2014"", ""on_allocation"": false}, {""presentation"": ""50 mg, 100s (NDC 0781-1071-01)"", ""availability"": ""Due to an API shortage, product will be on back order until November 2014"", ""on_allocation"": false}, {""presentation"": ""50 mg, 1000s (NDC 0781-1071-10)"", ""availability"": ""Due to an API shortage, product will be on back order until November 2014"", ""on_allocation"": false}]",,0,True,False,False,False,False
75,Cefotetan Disodium Injection,cefotetan disodium injection,FRE.DE,DE,EXS1.DE,2014-08-14,2014-08-17,20140817174315,2014-08-17,2014-08-17T17:43:15+00:00,disrupted,"Fresenius Kabi USA, LLC","[{""presentation"": ""1 g SDV (NDC 63323-0385-10)"", ""availability"": ""Backordered. Next release anticipated late September 2014."", ""on_allocation"": false}, {""presentation"": ""2 g SDV (NDC 63323-0386-20)"", ""availability"": ""Backordered. Next release anticipated late September 2014."", ""on_allocation"": false}, {""presentation"": ""10 g PBP (NDC 63323-0396-61)"", ""availability"": ""Backordered. Next release anticipated late December 2014."", ""on_allocation"": false}]",,0,True,False,False,False,False
79,Peritoneal Dialysis Solutions,peritoneal dialysis solutions,BAX,US,SPY,2014-08-14,2014-08-17,20140817181103,2014-08-17,2014-08-17T18:11:03+00:00,disrupted,Baxter Healthcare,"[{""presentation"": ""Peritoneal Dialysis Solutions (Dianeal and Extraneal)"", ""availability"": ""Baxter is experiencing limited supplies. Anticipate supplies to recover by Q1 2015."", ""on_allocation"": false}]",,0,True,False,False,False,False
80,Ranitidine Hydrochloride (Zantac) Injection,ranitidine hydrochloride (zantac) injection,ZYDUSLIFE.NS,IN,NIFTYBEES.NS,2014-08-14,2014-08-17,20140817181133,2014-08-17,2014-08-17T18:11:33+00:00,winner,Zydus Pharms USA,"[{""presentation"": ""Ranitidine Hydrochloride Injection USP, 25mg/mL, 6 mL (NDC 68382-423-06)"", ""availability"": ""Available"", ""on_allocation"": false}, {""presentation"": ""Ranitidine Hydrochloride Injection USP, 25mg/mL, 2mL (NDC 68382-422-02)"", ""availability"": ""Available"", ""on_allocation"": false}]",,1,True,False,False,False,False
80,Ranitidine Hydrochloride (Zantac) Injection,ranitidine hydrochloride (zantac) injection,APLLTD.NS,IN,NIFTYBEES.NS,2014-08-14,2014-08-17,20140817181133,2014-08-17,2014-08-17T18:11:33+00:00,placebo,,[],FDA-page nonlisted generic-maker control; manufacture absence unverified,1,True,False,False,False,False
80,Ranitidine Hydrochloride (Zantac) Injection,ranitidine hydrochloride (zantac) injection,AUROPHARMA.NS,IN,NIFTYBEES.NS,2014-08-14,2014-08-17,20140817181133,2014-08-17,2014-08-17T18:11:33+00:00,placebo,,[],FDA-page nonlisted generic-maker control; manufacture absence unverified,1,True,False,False,False,False
80,Ranitidine Hydrochloride (Zantac) Injection,ranitidine hydrochloride (zantac) injection,CAPLIPOINT.NS,IN,NIFTYBEES.NS,2014-08-14,2014-08-17,20140817181133,2014-08-17,2014-08-17T18:11:33+00:00,placebo,,[],FDA-page nonlisted generic-maker control; manufacture absence unverified,1,True,False,False,False,False
80,Ranitidine Hydrochloride (Zantac) Injection,ranitidine hydrochloride (zantac) injection,CIPLA.NS,IN,NIFTYBEES.NS,2014-08-14,2014-08-17,20140817181133,2014-08-17,2014-08-17T18:11:33+00:00,placebo,,[],FDA-page nonlisted generic-maker control; manufacture absence unverified,1,True,False,False,False,False
80,Ranitidine Hydrochloride (Zantac) Injection,ranitidine hydrochloride (zantac) injection,GRANULES.NS,IN,NIFTYBEES.NS,2014-08-14,2014-08-17,20140817181133,2014-08-17,2014-08-17T18:11:33+00:00,placebo,,[],FDA-page nonlisted generic-maker control; manufacture absence unverified,1,True,False,False,False,False
80,Ranitidine Hydrochloride (Zantac) Injection,ranitidine hydrochloride (zantac) injection,LUPIN.NS,IN,NIFTYBEES.NS,2014-08-14,2014-08-17,20140817181133,2014-08-17,2014-08-17T18:11:33+00:00,placebo,,[],FDA-page nonlisted generic-maker control; manufacture absence unverified,1,True,False,False,False,False
80,Ranitidine Hydrochloride (Zantac) Injection,ranitidine hydrochloride (zantac) injection,STAR.NS,IN,NIFTYBEES.NS,2014-08-14,2014-08-17,20140817181133,2014-08-17,2014-08-17T18:11:33+00:00,placebo,,[],FDA-page nonlisted generic-maker control; manufacture absence unverified,1,True,False,False,False,False
80,Ranitidine Hydrochloride (Zantac) Injection,ranitidine hydrochloride (zantac) injection,SUNPHARMA.NS,IN,NIFTYBEES.NS,2014-08-14,2014-08-17,20140817181133,2014-08-17,2014-08-17T18:11:33+00:00,placebo,,[],FDA-page nonlisted generic-maker control; manufacture absence unverified,1,True,False,False,False,False
80,Ranitidine Hydrochloride (Zantac) Injection,ranitidine hydrochloride (zantac) injection,TORNTPHARM.NS,IN,NIFTYBEES.NS,2014-08-14,2014-08-17,20140817181133,2014-08-17,2014-08-17T18:11:33+00:00,placebo,,[],FDA-page nonlisted generic-maker control; manufacture absence unverified,1,True,False,False,False,False
81,Sulfamethoxazole and Trimethoprim (Bactrim) Oral Suspension,sulfamethoxazole and trimethoprim (bactrim) oral suspension,AUROPHARMA.NS,IN,NIFTYBEES.NS,2014-08-14,2014-08-17,20140817181240,2014-08-17,2014-08-17T18:12:40+00:00,disrupted,Aurobindo Pharma,"[{""presentation"": ""Sulfamethoxazole & Trimethoprim Oral Suspension, USP 200-40 mg / 5 mL (NDC 65862-0496-47)"", ""availability"": ""Currently backordered."", ""on_allocation"": false}]",,0,True,False,False,False,False
84,Azathioprine Tablet,azathioprine tablet,MYL,US,SPY,2014-10-27,2014-10-15,20141015023542,2014-10-27,2014-10-27T23:59:59.999999999+00:00,winner,Mylan Institutional,"[{""presentation"": ""50 mg tablets (NDC 0378-1005-01)"", ""availability"": ""Available"", ""on_allocation"": false}]",,1,True,False,False,False,False
84,Azathioprine Tablet,azathioprine tablet,ZYDUSLIFE.NS,IN,NIFTYBEES.NS,2014-10-27,2014-10-15,20141015023542,2014-10-27,2014-10-27T23:59:59.999999999+00:00,disrupted,Zydus Pharms USA,"[{""presentation"": ""50 mg tablets (NDC 68382-0003-01) (NDC 68382-0003-05)"", ""availability"": ""Product is on backorder."", ""on_allocation"": false}]",,1,True,False,False,False,False
84,Azathioprine Tablet,azathioprine tablet,AMPH,US,SPY,2014-10-27,2014-10-15,20141015023542,2014-10-27,2014-10-27T23:59:59.999999999+00:00,placebo,,[],FDA-page nonlisted generic-maker control; manufacture absence unverified,1,True,False,False,False,False
84,Azathioprine Tablet,azathioprine tablet,BAX,US,SPY,2014-10-27,2014-10-15,20141015023542,2014-10-27,2014-10-27T23:59:59.999999999+00:00,placebo,,[],FDA-page nonlisted generic-maker control; manufacture absence unverified,1,True,False,False,False,False
84,Azathioprine Tablet,azathioprine tablet,HSP,US,SPY,2014-10-27,2014-10-15,20141015023542,2014-10-27,2014-10-27T23:59:59.999999999+00:00,placebo,,[],FDA-page nonlisted generic-maker control; manufacture absence unverified,1,True,False,False,False,False
84,Azathioprine Tablet,azathioprine tablet,ICUI,US,SPY,2014-10-27,2014-10-15,20141015023542,2014-10-27,2014-10-27T23:59:59.999999999+00:00,placebo,,[],FDA-page nonlisted generic-maker control; manufacture absence unverified,1,True,False,False,False,False
84,Azathioprine Tablet,azathioprine tablet,RDY,US,SPY,2014-10-27,2014-10-15,20141015023542,2014-10-27,2014-10-27T23:59:59.999999999+00:00,placebo,,[],FDA-page nonlisted generic-maker control; manufacture absence unverified,1,True,False,False,False,False
84,Azathioprine Tablet,azathioprine tablet,TEVA,US,SPY,2014-10-27,2014-10-15,20141015023542,2014-10-27,2014-10-27T23:59:59.999999999+00:00,placebo,,[],FDA-page nonlisted generic-maker control; manufacture absence unverified,1,True,False,False,False,False
85,Clonidine HCL Injection (Duraclon),clonidine hcl injection (duraclon),FRE.DE,DE,EXS1.DE,2014-10-27,2014-09-27,20140927020629,2014-10-27,2014-10-27T23:59:59.999999999+00:00,winner,"Fresenius Kabi USA, LLC","[{""presentation"": ""1000 mcg/10mL (NDC 63323-0405-10)"", ""availability"": ""Backordered. Next release anticipated November 2014."", ""on_allocation"": false}, {""presentation"": ""5000 mcg/10 mL (NDC 63323-0427-10)"", ""availability"": ""6 month dating available upon request."", ""on_allocation"": false}]",,2,True,False,False,False,False
85,Clonidine HCL Injection (Duraclon),clonidine hcl injection (duraclon),MYL,US,SPY,2014-10-27,2014-09-27,20140927020629,2014-10-27,2014-10-27T23:59:59.999999999+00:00,winner,Mylan Institutional,"[{""presentation"": ""1mg/10mL SDV; Pkg of 1 (NDC 67457-218-10)"", ""availability"": ""Available"", ""on_allocation"": false}]",,2,True,False,False,False,False
85,Clonidine HCL Injection (Duraclon),clonidine hcl injection (duraclon),AMPH,US,SPY,2014-10-27,2014-09-27,20140927020629,2014-10-27,2014-10-27T23:59:59.999999999+00:00,placebo,,[],FDA-page nonlisted generic-maker control; manufacture absence unverified,2,True,False,False,False,False
85,Clonidine HCL Injection (Duraclon),clonidine hcl injection (duraclon),BAX,US,SPY,2014-10-27,2014-09-27,20140927020629,2014-10-27,2014-10-27T23:59:59.999999999+00:00,placebo,,[],FDA-page nonlisted generic-maker control; manufacture absence unverified,2,True,False,False,False,False
85,Clonidine HCL Injection (Duraclon),clonidine hcl injection (duraclon),HSP,US,SPY,2014-10-27,2014-09-27,20140927020629,2014-10-27,2014-10-27T23:59:59.999999999+00:00,placebo,,[],FDA-page nonlisted generic-maker control; manufacture absence unverified,2,True,False,False,False,False
85,Clonidine HCL Injection (Duraclon),clonidine hcl injection (duraclon),ICUI,US,SPY,2014-10-27,2014-09-27,20140927020629,2014-10-27,2014-10-27T23:59:59.999999999+00:00,placebo,,[],FDA-page nonlisted generic-maker control; manufacture absence unverified,2,True,False,False,False,False
85,Clonidine HCL Injection (Duraclon),clonidine hcl injection (duraclon),RDY,US,SPY,2014-10-27,2014-09-27,20140927020629,2014-10-27,2014-10-27T23:59:59.999999999+00:00,placebo,,[],FDA-page nonlisted generic-maker control; manufacture absence unverified,2,True,False,False,False,False
85,Clonidine HCL Injection (Duraclon),clonidine hcl injection (duraclon),TEVA,US,SPY,2014-10-27,2014-09-27,20140927020629,2014-10-27,2014-10-27T23:59:59.999999999+00:00,placebo,,[],FDA-page nonlisted generic-maker control; manufacture absence unverified,2,True,False,False,False,False
86,Famotidine Injection,famotidine injection,FRE.DE,DE,EXS1.DE,2014-10-27,2014-11-20,20141120000248,2014-11-20,2014-11-20T00:02:48+00:00,disrupted,"Fresenius Kabi USA, LLC","[{""presentation"": ""20 mg / 2 mL SD vials (NDC 63323-0739-12)"", ""availability"": ""Currently backordered. Next release anticipated November 2014."", ""on_allocation"": false}, {""presentation"": ""40 mg / 4 mL MD vials (NDC 63323-0738-09)"", ""availability"": ""Backordered. Next release anticipated November 2014."", ""on_allocation"": false}, {""presentation"": ""200 mg / 20 mL MD Vials (NDC 63323-0738-20)"", ""availability"": ""Backordered. Next release anticipated November 2014."", ""on_allocation"": false}]",,1,True,False,False,False,False
86,Famotidine Injection,famotidine injection,MYL,US,SPY,2014-10-27,2014-11-20,20141120000248,2014-11-20,2014-11-20T00:02:48+00:00,winner,Mylan Institutional,"[{""presentation"": ""20mg/2mL SDV Pkg of 10 (NDC 67457-433-22)"", ""availability"": ""Unavailable. Estimated recovery: February 2015"", ""on_allocation"": false}, {""presentation"": ""40mg/4mL MDV Pkg of 10 (NDC67457-448-43)"", ""availability"": ""Available"", ""on_allocation"": false}, {""presentation"": ""200mg/20mL MDV Pkg of 10 (NDC 67457-457-20)"", ""availability"": ""Unavailable. Estimated recovery: February 2015"", ""on_allocation"": false}]",,1,True,False,False,False,False
86,Famotidine Injection,famotidine injection,AMPH,US,SPY,2014-10-27,2014-11-20,20141120000248,2014-11-20,2014-11-20T00:02:48+00:00,placebo,,[],FDA-page nonlisted generic-maker control; manufacture absence unverified,1,True,False,False,False,False
86,Famotidine Injection,famotidine injection,BAX,US,SPY,2014-10-27,2014-11-20,20141120000248,2014-11-20,2014-11-20T00:02:48+00:00,placebo,,[],FDA-page nonlisted generic-maker control; manufacture absence unverified,1,True,False,False,False,False
86,Famotidine Injection,famotidine injection,HSP,US,SPY,2014-10-27,2014-11-20,20141120000248,2014-11-20,2014-11-20T00:02:48+00:00,placebo,,[],FDA-page nonlisted generic-maker control; manufacture absence unverified,1,True,False,False,False,False
86,Famotidine Injection,famotidine injection,ICUI,US,SPY,2014-10-27,2014-11-20,20141120000248,2014-11-20,2014-11-20T00:02:48+00:00,placebo,,[],FDA-page nonlisted generic-maker control; manufacture absence unverified,1,True,False,False,False,False
86,Famotidine Injection,famotidine injection,RDY,US,SPY,2014-10-27,2014-11-20,20141120000248,2014-11-20,2014-11-20T00:02:48+00:00,placebo,,[],FDA-page nonlisted generic-maker control; manufacture absence unverified,1,True,False,False,False,False
86,Famotidine Injection,famotidine injection,TEVA,US,SPY,2014-10-27,2014-11-20,20141120000248,2014-11-20,2014-11-20T00:02:48+00:00,placebo,,[],FDA-page nonlisted generic-maker control; manufacture absence unverified,1,True,False,False,False,False
88,Irrigation Solutions,irrigation solutions,BAX,US,SPY,2014-10-27,2014-09-27,20140927020635,2014-10-27,2014-10-27T23:59:59.999999999+00:00,disrupted,Baxter Healthcare,"[{""presentation"": ""0.9% Sodium Chloride Irrigation USP; 5,000 mL ARTHROMATIC (NDC 0338-0047-29)"", ""availability"": ""Unavailable. Production is planned to resume in Q1 2015."", ""on_allocation"": false}, {""presentation"": ""Lactated Ringer's Irrigation; 5,000 mL ARTHROMATIC (NDC 0338-0137-29)"", ""availability"": ""Unavailable. Production is planned to resume in Q1 2015."", ""on_allocation"": false}, {""presentation"": ""0.9% Sodium Chloride Irrigation USP; 3,000 mL UROMATIC CONTAINER (NDC 0338-0047-47)"", ""availability"": ""Baxter has these products on allocation. Recovery is expected in Q1 2015."", ""on_allocation"": true}, {""presentation"": ""0.9% Sodium Chloride Irrigation USP; 3,000 mL ARTHROMATIC (NDC 0338-0047-27)"", ""availability"": ""Baxter has these products on allocation. Recovery is expected in Q1 2015."", ""on_allocation"": true}, {""presentation"": ""Lactated Ringer's Irrigation; 3,000 mL ARTHROMATIC (NDC 0338-0137-27)"", ""availability"": ""Baxter has these products on allocation. Recovery is expected in Q1 2015."", ""on_allocation"": true}, {""presentation"": ""Sterile Water for Irrigation, USP; 1,000 mL (NDC 0338-0003-44)"", ""availability"": ""Baxter has these products on allocation. Recovery is expected in Q1 2015."", ""on_allocation"": true}, {""presentation"": ""Sterile Water for Irrigation, USP; 2,000 mL UROMATIC (NDC 0338-0003-46)"", ""availability"": ""Baxter has these products on allocation. Recovery is expected in Q1 2015."", ""on_allocation"": true}, {""presentation"": ""Sterile Water for Irrigation, USP; 3,000 mL UROMAQTIC CONTAINER (NDC 0338-0003-47)"", ""availability"": ""Baxter has these products on allocation. Recovery is expected in Q1 2015."", ""on_allocation"": true}, {""presentation"": ""0.9% Sodium Chloride Irrigation USP; 1,000 mL UROMATIC CONTAINER (NDC 0338-0047-44)"", ""availability"": ""Baxter has these products on allocation. Recovery is expected in Q1 2015."", ""on_allocation"": true}, {""presentation"": ""0.9% Sodium Chloride Irrigation USP; 2,000 mL UROMATIC CONTAINER (NDC 0338-0047-46)"", ""availability"": ""Baxter has these products on allocation. Recovery is expected in Q1 2015."", ""on_allocation"": true}]",,1,True,False,False,False,False
88,Irrigation Solutions,irrigation solutions,HSP,US,SPY,2014-10-27,2014-09-27,20140927020635,2014-10-27,2014-10-27T23:59:59.999999999+00:00,winner,"Hospira, Inc.","[{""presentation"": ""0.9% Sodium Chloride Irrigation USP; 1,000 mL Flexible Container (NDC 0409-7972-05)"", ""availability"": ""Product on allocation"", ""on_allocation"": true}, {""presentation"": ""Lactated Ringer's Irrigation 3,000 mL Flexible Container (NDC 0409-7828-08)"", ""availability"": ""Product on allocation"", ""on_allocation"": true}, {""presentation"": ""0.9% Sodium Chloride Irrigation USP; 2,000 mL Flexible Container (NDC 0409-7972-07)"", ""availability"": ""Product on allocation"", ""on_allocation"": true}, {""presentation"": ""0.9% Sodium Chloride Irrigation USP; 3,000 mL Flexible Container (NDC 0409-7972-08)"", ""availability"": ""Product on allocation"", ""on_allocation"": true}, {""presentation"": ""Sterile Water for Irrigation, USP; 1,000 mL Flexible Container (NDC 0409-7973-05)"", ""availability"": ""Available"", ""on_allocation"": false}, {""presentation"": ""Sterile Water for Irrigation, USP; (NDC 0409-7973-08)"", ""availability"": ""Available"", ""on_allocation"": false}]",,1,True,False,False,False,False
88,Irrigation Solutions,irrigation solutions,AMPH,US,SPY,2014-10-27,2014-09-27,20140927020635,2014-10-27,2014-10-27T23:59:59.999999999+00:00,placebo,,[],FDA-page nonlisted generic-maker control; manufacture absence unverified,1,True,False,False,False,False
88,Irrigation Solutions,irrigation solutions,ICUI,US,SPY,2014-10-27,2014-09-27,20140927020635,2014-10-27,2014-10-27T23:59:59.999999999+00:00,placebo,,[],FDA-page nonlisted generic-maker control; manufacture absence unverified,1,True,False,False,False,False
88,Irrigation Solutions,irrigation solutions,MYL,US,SPY,2014-10-27,2014-09-27,20140927020635,2014-10-27,2014-10-27T23:59:59.999999999+00:00,placebo,,[],FDA-page nonlisted generic-maker control; manufacture absence unverified,1,True,False,False,False,False
88,Irrigation Solutions,irrigation solutions,RDY,US,SPY,2014-10-27,2014-09-27,20140927020635,2014-10-27,2014-10-27T23:59:59.999999999+00:00,placebo,,[],FDA-page nonlisted generic-maker control; manufacture absence unverified,1,True,False,False,False,False
88,Irrigation Solutions,irrigation solutions,TEVA,US,SPY,2014-10-27,2014-09-27,20140927020635,2014-10-27,2014-10-27T23:59:59.999999999+00:00,placebo,,[],FDA-page nonlisted generic-maker control; manufacture absence unverified,1,True,False,False,False,False
93,Trimipramine Maleate (SURMONTIL) Capsules,trimipramine maleate (surmontil) capsules,TEVA,US,SPY,2014-10-27,2014-11-19,20141119164018,2014-11-19,2014-11-19T16:40:18+00:00,winner,Teva Pharmaceuticals,"[{""presentation"": ""SURMONTIL(R) CAPSULES 50MG 100 (NDC 51285-0539-02)"", ""availability"": ""Product is currently available."", ""on_allocation"": false}, {""presentation"": ""SURMONTIL(R) CAPSULES 25MG 100 (NDC 51285-0538-02)"", ""availability"": ""Product is currently available."", ""on_allocation"": false}, {""presentation"": ""SURMONTIL(R) CAPSULES 100MG 100 (NDC 51285-0554-02 )"", ""availability"": ""Product is currently available."", ""on_allocation"": false}]",,1,True,False,False,False,False
93,Trimipramine Maleate (SURMONTIL) Capsules,trimipramine maleate (surmontil) capsules,AMPH,US,SPY,2014-10-27,2014-11-19,20141119164018,2014-11-19,2014-11-19T16:40:18+00:00,placebo,,[],FDA-page nonlisted generic-maker control; manufacture absence unverified,1,True,False,False,False,False
93,Trimipramine Maleate (SURMONTIL) Capsules,trimipramine maleate (surmontil) capsules,BAX,US,SPY,2014-10-27,2014-11-19,20141119164018,2014-11-19,2014-11-19T16:40:18+00:00,placebo,,[],FDA-page nonlisted generic-maker control; manufacture absence unverified,1,True,False,False,False,False
93,Trimipramine Maleate (SURMONTIL) Capsules,trimipramine maleate (surmontil) capsules,HSP,US,SPY,2014-10-27,2014-11-19,20141119164018,2014-11-19,2014-11-19T16:40:18+00:00,placebo,,[],FDA-page nonlisted generic-maker control; manufacture absence unverified,1,True,False,False,False,False
93,Trimipramine Maleate (SURMONTIL) Capsules,trimipramine maleate (surmontil) capsules,ICUI,US,SPY,2014-10-27,2014-11-19,20141119164018,2014-11-19,2014-11-19T16:40:18+00:00,placebo,,[],FDA-page nonlisted generic-maker control; manufacture absence unverified,1,True,False,False,False,False
93,Trimipramine Maleate (SURMONTIL) Capsules,trimipramine maleate (surmontil) capsules,MYL,US,SPY,2014-10-27,2014-11-19,20141119164018,2014-11-19,2014-11-19T16:40:18+00:00,placebo,,[],FDA-page nonlisted generic-maker control; manufacture absence unverified,1,True,False,False,False,False
93,Trimipramine Maleate (SURMONTIL) Capsules,trimipramine maleate (surmontil) capsules,RDY,US,SPY,2014-10-27,2014-11-19,20141119164018,2014-11-19,2014-11-19T16:40:18+00:00,placebo,,[],FDA-page nonlisted generic-maker control; manufacture absence unverified,1,True,False,False,False,False
94,Sterile Water for Injection Solutions,sterile water for injection solutions,BAX,US,SPY,2014-10-27,2014-09-27,20140927034538,2014-10-27,2014-10-27T23:59:59.999999999+00:00,disrupted,Baxter Healthcare,"[{""presentation"": ""STERILE WATER FOR INJ.USP 1000ML 1000ML (NDC 0338-0013-04)"", ""availability"": ""Baxter has these products on allocation. Recovery is expected in Q1 2015."", ""on_allocation"": true}, {""presentation"": ""STERILE WATER FOR INJ. USP 3000 ML (PHARM BULK PKG) (NDC 0338-0013-08)"", ""availability"": ""Baxter has these products on allocation. Recovery is expected in Q1 2015."", ""on_allocation"": true}]",,0,True,False,False,False,False
94,Sterile Water for Injection Solutions,sterile water for injection solutions,HSP,US,SPY,2014-10-27,2014-09-27,20140927034538,2014-10-27,2014-10-27T23:59:59.999999999+00:00,disrupted,"Hospira, Inc.","[{""presentation"": ""1L Flexible Container (NDC 0409-7990-09)"", ""availability"": ""Next delivery October 2014; Estimated recovery October 2014"", ""on_allocation"": false}, {""presentation"": ""Pharmacy Bulk Package 2 L Flexible Container (NDC 0409-7118-07)"", ""availability"": ""Next delivery October 2014; Estimated recovery October 2014"", ""on_allocation"": false}]",,0,True,False,False,False,False
105,Ketorolac Tromethamine Injection,ketorolac tromethamine injection,FRE.DE,DE,EXS1.DE,2015-02-07,2015-02-22,20150222032656,2015-02-22,2015-02-22T03:26:56+00:00,disrupted,"Fresenius Kabi USA, LLC","[{""presentation"": ""15 mg/mL, 1 mL Single Dose, Amber Vial (NDC 63323-161-01)"", ""availability"": ""Backordered. Next release due March 2015."", ""on_allocation"": false}, {""presentation"": ""30 mg/mL, 1 mL Single Dose, Amber Vial (NDC 63323-162-01)"", ""availability"": ""Backordered. Next release due March 2015."", ""on_allocation"": false}, {""presentation"": ""60 mg/2 mL, 2 mL Single Dose, Amber Vial (NDC 63323-162-02)"", ""availability"": ""Backordered. Next release due March 2015."", ""on_allocation"": false}]",,1,False,False,False,False,False
105,Ketorolac Tromethamine Injection,ketorolac tromethamine injection,HSP,US,SPY,2015-02-07,2015-02-22,20150222032656,2015-02-22,2015-02-22T03:26:56+00:00,winner,"Hospira, Inc.","[{""presentation"": ""30 mg/mL; 30 mg/mL iSecure\u2122 Luer Lock Glass Syringe (no needle) (NDC 0409-2287-23)"", ""availability"": ""Available"", ""on_allocation"": false}, {""presentation"": ""30 mg/mL; 30 mg/mL Carpuject\u2122 Luer Lock Glass Syringe (no needle) (NDC 0409-2287-31)"", ""availability"": ""Next delivery: February 2015; Estimated recovery: TBD"", ""on_allocation"": false}, {""presentation"": ""30 mg/mL; 60 mg/2 mL Carpuject\u2122 Luer Lock Glass Syringe (no needle) (NDC 0409-2287-61)"", ""availability"": ""Available"", ""on_allocation"": false}, {""presentation"": ""15 mg/mL; 15 mg/mL Single Dose Glass Fliptop Vial (NDC 0409-3793-01)"", ""availability"": ""Continuous Deliveries"", ""on_allocation"": false}, {""presentation"": ""30 mg/mL; 30 mg/mL Single Dose Glass Fliptop Vial (NDC 0409-3795-01)"", ""availability"": ""Continuous Deliveries"", ""on_allocation"": false}, {""presentation"": ""30 mg/mL; 60 mg/2 mL Single Dose Glass Fliptop Vial (NDC 0409-3796-01)"", ""availability"": ""Available"", ""on_allocation"": false}]",,1,False,False,False,False,False
105,Ketorolac Tromethamine Injection,ketorolac tromethamine injection,AMPH,US,SPY,2015-02-07,2015-02-22,20150222032656,2015-02-22,2015-02-22T03:26:56+00:00,placebo,,[],FDA-page nonlisted generic-maker control; manufacture absence unverified,1,False,False,False,False,False
105,Ketorolac Tromethamine Injection,ketorolac tromethamine injection,BAX,US,SPY,2015-02-07,2015-02-22,20150222032656,2015-02-22,2015-02-22T03:26:56+00:00,placebo,,[],FDA-page nonlisted generic-maker control; manufacture absence unverified,1,False,False,False,False,False
105,Ketorolac Tromethamine Injection,ketorolac tromethamine injection,ICUI,US,SPY,2015-02-07,2015-02-22,20150222032656,2015-02-22,2015-02-22T03:26:56+00:00,placebo,,[],FDA-page nonlisted generic-maker control; manufacture absence unverified,1,False,False,False,False,False
105,Ketorolac Tromethamine Injection,ketorolac tromethamine injection,MYL,US,SPY,2015-02-07,2015-02-22,20150222032656,2015-02-22,2015-02-22T03:26:56+00:00,placebo,,[],FDA-page nonlisted generic-maker control; manufacture absence unverified,1,False,False,False,False,False
105,Ketorolac Tromethamine Injection,ketorolac tromethamine injection,RDY,US,SPY,2015-02-07,2015-02-22,20150222032656,2015-02-22,2015-02-22T03:26:56+00:00,placebo,,[],FDA-page nonlisted generic-maker control; manufacture absence unverified,1,False,False,False,False,False
105,Ketorolac Tromethamine Injection,ketorolac tromethamine injection,TEVA,US,SPY,2015-02-07,2015-02-22,20150222032656,2015-02-22,2015-02-22T03:26:56+00:00,placebo,,[],FDA-page nonlisted generic-maker control; manufacture absence unverified,1,False,False,False,False,False
111,"Imipenem and Cilastatin for Injection, USP","imipenem and cilastatin for injection, usp",FRE.DE,DE,EXS1.DE,2015-06-21,2015-07-10,20150710095104,2015-07-10,2015-07-10T09:51:04+00:00,disrupted,"Fresenius Kabi USA, LLC","[{""presentation"": ""250 mg/250 mg per vial, single dose vial, sterile powder (NDC 63323-349-25)"", ""availability"": ""4 month's dating available for direct or drop ship orders by request. Next release anticipated July 2015."", ""on_allocation"": false}, {""presentation"": ""500 mg/500 mg per vial, single dose vial, sterile powder (NDC 63323-322-25)"", ""availability"": ""1, 7 & 8 month's dating available for direct or drop ship orders by request. Next release anticipated July 2015."", ""on_allocation"": false}]",,0,True,False,False,False,False
111,"Imipenem and Cilastatin for Injection, USP","imipenem and cilastatin for injection, usp",HSP,US,SPY,2015-06-21,2015-07-10,20150710095104,2015-07-10,2015-07-10T09:51:04+00:00,disrupted,"Hospira, Inc.","[{""presentation"": ""500 mg/500 mg Single Dose Glass Fliptop Vial (NDC 0409-3507-01)"", ""availability"": ""Next delivery and estimated recovery: 4Q 2015."", ""on_allocation"": false}, {""presentation"": ""250 mg/250 mg Single Dose Glass Fliptop Vial (NDC 0409-3508-01)"", ""availability"": ""Next delivery and estimated recovery: 4Q 2015"", ""on_allocation"": false}]",,0,True,False,False,False,False
118,"Meropenem for Injection, USP","meropenem for injection, usp",FRE.DE,DE,EXS1.DE,2015-09-05,2015-09-05,20150905134322,2015-09-05,2015-09-05T23:59:59.999999999+00:00,disrupted,"Fresenius Kabi USA, LLC","[{""presentation"": ""500 mg SDV (NDC 63323-507-20)"", ""availability"": ""Backordered. Next release anticipated September 2015."", ""on_allocation"": false}, {""presentation"": ""1 g SDV (NDC 63323-508-30)"", ""availability"": ""Backordered. Next release anticipated September 2015."", ""on_allocation"": false}]",,0,True,False,False,False,False
118,"Meropenem for Injection, USP","meropenem for injection, usp",PFE,US,SPY,2015-09-05,2015-09-05,20150905134322,2015-09-05,2015-09-05T23:59:59.999999999+00:00,disrupted,"Hospira, Inc.","[{""presentation"": ""500 mg Single Dose Glass Fliptop Vial (NDC 0409-3505-01"", ""availability"": ""Next delivery and estimated recovery 4Q 2015"", ""on_allocation"": false}, {""presentation"": ""1g Single Dose Glass Fliptop Vial (NDC 0409-3506-01)"", ""availability"": ""Next delivery and estimated recovery 4Q 2015"", ""on_allocation"": false}]",,0,True,False,False,False,False
131,"Potassium Acetate Injection, USP","potassium acetate injection, usp",PFE,US,SPY,2016-03-06,2016-03-02,20160302130755,2016-03-06,2016-03-06T23:59:59.999999999+00:00,winner,"Hospira, Inc.","[{""presentation"": ""2 mEq/mL; 100 mEq/50 mL Pharmacy Bulk Package Glass Fliptop Vial (NDC 0409-3294-51)"", ""availability"": ""Available, releasing product consistently"", ""on_allocation"": false}, {""presentation"": ""2 mEq/mL; 40 mEq/20 mL Single Dose Plastic Fliptop Vial (NDC 0409-8183-01)"", ""availability"": ""Available, releasing product consistently"", ""on_allocation"": false}]",,1,True,False,False,False,False
131,"Potassium Acetate Injection, USP","potassium acetate injection, usp",AMPH,US,SPY,2016-03-06,2016-03-02,20160302130755,2016-03-06,2016-03-06T23:59:59.999999999+00:00,placebo,,[],FDA-page nonlisted generic-maker control; manufacture absence unverified,1,True,False,False,False,False
131,"Potassium Acetate Injection, USP","potassium acetate injection, usp",BAX,US,SPY,2016-03-06,2016-03-02,20160302130755,2016-03-06,2016-03-06T23:59:59.999999999+00:00,placebo,,[],FDA-page nonlisted generic-maker control; manufacture absence unverified,1,True,False,False,False,False
131,"Potassium Acetate Injection, USP","potassium acetate injection, usp",ICUI,US,SPY,2016-03-06,2016-03-02,20160302130755,2016-03-06,2016-03-06T23:59:59.999999999+00:00,placebo,,[],FDA-page nonlisted generic-maker control; manufacture absence unverified,1,True,False,False,False,False
131,"Potassium Acetate Injection, USP","potassium acetate injection, usp",MYL,US,SPY,2016-03-06,2016-03-02,20160302130755,2016-03-06,2016-03-06T23:59:59.999999999+00:00,placebo,,[],FDA-page nonlisted generic-maker control; manufacture absence unverified,1,True,False,False,False,False
131,"Potassium Acetate Injection, USP","potassium acetate injection, usp",RDY,US,SPY,2016-03-06,2016-03-02,20160302130755,2016-03-06,2016-03-06T23:59:59.999999999+00:00,placebo,,[],FDA-page nonlisted generic-maker control; manufacture absence unverified,1,True,False,False,False,False
131,"Potassium Acetate Injection, USP","potassium acetate injection, usp",TEVA,US,SPY,2016-03-06,2016-03-02,20160302130755,2016-03-06,2016-03-06T23:59:59.999999999+00:00,placebo,,[],FDA-page nonlisted generic-maker control; manufacture absence unverified,1,True,False,False,False,False
132,"Sodium Acetate Injection, USP","sodium acetate injection, usp",PFE,US,SPY,2016-03-06,2016-03-02,20160302130843,2016-03-06,2016-03-06T23:59:59.999999999+00:00,winner,"Hospira, Inc.","[{""presentation"": ""2 mEq/mL; 100 mEq/50 mL Pharmacy Bulk Package Glass Fliptop Vial (NDC 0409-3299-05)"", ""availability"": ""Next delivery: Early April and estimated recovery Early 2Q 2016"", ""on_allocation"": false}, {""presentation"": ""2 mEq/mL; 200 mEq/100 mL Pharmacy Bulk Package Glass Fliptop Vial (NDC 0409-3299-06)"", ""availability"": ""Available, releasing product consistently"", ""on_allocation"": false}, {""presentation"": ""2 mEq/mL; 40 mEq/20 mL Single Dose Plastic Fliptop Vial (NDC 0409-7299-73)"", ""availability"": ""Available, releasing product consistently"", ""on_allocation"": false}]",,1,True,False,False,False,False
132,"Sodium Acetate Injection, USP","sodium acetate injection, usp",AMPH,US,SPY,2016-03-06,2016-03-02,20160302130843,2016-03-06,2016-03-06T23:59:59.999999999+00:00,placebo,,[],FDA-page nonlisted generic-maker control; manufacture absence unverified,1,True,False,False,False,False
132,"Sodium Acetate Injection, USP","sodium acetate injection, usp",BAX,US,SPY,2016-03-06,2016-03-02,20160302130843,2016-03-06,2016-03-06T23:59:59.999999999+00:00,placebo,,[],FDA-page nonlisted generic-maker control; manufacture absence unverified,1,True,False,False,False,False
132,"Sodium Acetate Injection, USP","sodium acetate injection, usp",ICUI,US,SPY,2016-03-06,2016-03-02,20160302130843,2016-03-06,2016-03-06T23:59:59.999999999+00:00,placebo,,[],FDA-page nonlisted generic-maker control; manufacture absence unverified,1,True,False,False,False,False
132,"Sodium Acetate Injection, USP","sodium acetate injection, usp",MYL,US,SPY,2016-03-06,2016-03-02,20160302130843,2016-03-06,2016-03-06T23:59:59.999999999+00:00,placebo,,[],FDA-page nonlisted generic-maker control; manufacture absence unverified,1,True,False,False,False,False
132,"Sodium Acetate Injection, USP","sodium acetate injection, usp",RDY,US,SPY,2016-03-06,2016-03-02,20160302130843,2016-03-06,2016-03-06T23:59:59.999999999+00:00,placebo,,[],FDA-page nonlisted generic-maker control; manufacture absence unverified,1,True,False,False,False,False
132,"Sodium Acetate Injection, USP","sodium acetate injection, usp",TEVA,US,SPY,2016-03-06,2016-03-02,20160302130843,2016-03-06,2016-03-06T23:59:59.999999999+00:00,placebo,,[],FDA-page nonlisted generic-maker control; manufacture absence unverified,1,True,False,False,False,False
133,"Sodium Bicarbonate Injection, USP","sodium bicarbonate injection, usp",AMPH,US,SPY,2016-03-06,2016-03-03,20160303000842,2016-03-06,2016-03-06T23:59:59.999999999+00:00,nonwinner,"Amphastar Pharmaceuticals, Inc./IMS","[{""presentation"": ""Sodium Bicarbonate Inj. USP, 8.4%, 50mL Luer-Jet Prefilled Syringe, (NDC 0548-3352-00), (new NDC 76329-3352-1)"", ""availability"": ""Amphastar will regularly release products."", ""on_allocation"": false}]",,1,True,False,False,False,False
133,"Sodium Bicarbonate Injection, USP","sodium bicarbonate injection, usp",PFE,US,SPY,2016-03-06,2016-03-03,20160303000842,2016-03-06,2016-03-06T23:59:59.999999999+00:00,winner,"Hospira, Inc.","[{""presentation"": ""[Neut\u2122 (Sodium Bicarbonate Additive Solution)] 4% (200mg/5mL) Single Dose Glass Fliptop Vial (NDC 0409-6609-02)"", ""availability"": ""Available"", ""on_allocation"": false}, {""presentation"": ""(Infant) 4.2% (0.5 mEq/mL); 5 mEq/10 mL LifeShield\u2122 Abboject\u2122 Glass Syringe with Male Luer Lock Adapter and 20-Gauge protected needle (NDC 0409-5534-34)"", ""availability"": ""Next delivery: April Estimated recovery: 2Q 2016"", ""on_allocation"": false}, {""presentation"": ""7.5% (0.9 mEq/mL); 44.6 mEq/50 mL LifeShield\u2122 Abboject\u2122 Glass Syringe with Male Luer Lock Adapter and 18-Gauge protected needle (NDC 0409-4916-34)"", ""availability"": ""Next delivery: April Estimated recovery: 2Q 2016"", ""on_allocation"": false}, {""presentation"": ""8.4% (1 mEq/mL); 50 mEq/50 mL Single Dose Glass Fliptop Vial (NDC 0409-6625-02)"", ""availability"": ""Next delivery: Early March; Estimated recovery: Early 2Q 2016"", ""on_allocation"": false}, {""presentation"": ""8.4% (1 mEq/mL); 50 mEq/50 mL LifeShield\u2122 Abboject\u2122 Glass Syringe (18 G x 1 1/2\"")(NDC 0409-6637-34)"", ""availability"": ""Next delivery: April Estimated recovery: 2Q 2016"", ""on_allocation"": false}, {""presentation"": ""(Pediatric) 8.4% (1 mEq/mL); 10 mEq/10 mL LifeShield\u2122 Abboject\u2122 Glass Syringe with Male Luer Lock Adapter and 20-Gauge protected needle (NDC 0409-4900-34)"", ""availability"": ""Next delivery: April Estimated recovery: 2Q 2016"", ""on_allocation"": false}]",,1,True,False,False,False,False
133,"Sodium Bicarbonate Injection, USP","sodium bicarbonate injection, usp",BAX,US,SPY,2016-03-06,2016-03-03,20160303000842,2016-03-06,2016-03-06T23:59:59.999999999+00:00,placebo,,[],FDA-page nonlisted generic-maker control; manufacture absence unverified,1,True,False,False,False,False
133,"Sodium Bicarbonate Injection, USP","sodium bicarbonate injection, usp",ICUI,US,SPY,2016-03-06,2016-03-03,20160303000842,2016-03-06,2016-03-06T23:59:59.999999999+00:00,placebo,,[],FDA-page nonlisted generic-maker control; manufacture absence unverified,1,True,False,False,False,False
133,"Sodium Bicarbonate Injection, USP","sodium bicarbonate injection, usp",MYL,US,SPY,2016-03-06,2016-03-03,20160303000842,2016-03-06,2016-03-06T23:59:59.999999999+00:00,placebo,,[],FDA-page nonlisted generic-maker control; manufacture absence unverified,1,True,False,False,False,False
133,"Sodium Bicarbonate Injection, USP","sodium bicarbonate injection, usp",RDY,US,SPY,2016-03-06,2016-03-03,20160303000842,2016-03-06,2016-03-06T23:59:59.999999999+00:00,placebo,,[],FDA-page nonlisted generic-maker control; manufacture absence unverified,1,True,False,False,False,False
133,"Sodium Bicarbonate Injection, USP","sodium bicarbonate injection, usp",TEVA,US,SPY,2016-03-06,2016-03-03,20160303000842,2016-03-06,2016-03-06T23:59:59.999999999+00:00,placebo,,[],FDA-page nonlisted generic-maker control; manufacture absence unverified,1,True,False,False,False,False
134,Tretinoin Capsules,tretinoin capsules,TEVA,US,SPY,2016-03-06,2016-03-02,20160302124905,2016-03-06,2016-03-06T23:59:59.999999999+00:00,disrupted,Teva Pharmaceuticals,"[{""presentation"": ""Tretinoin 10 mg Capsules (NDC 0555-0808-02)"", ""availability"": ""Estimated availability: end of May 2016"", ""on_allocation"": false}]",,0,True,False,False,False,False
135,"Methylprednisolone Sodium Succinate for Injection, USP","methylprednisolone sodium succinate for injection, usp",FRE.DE,DE,EXS1.DE,2016-03-19,2016-03-27,20160327102859,2016-03-27,2016-03-27T10:28:59+00:00,winner,"Fresenius Kabi USA, LLC","[{""presentation"": ""40 mg, Single Dose Vial (NDC 63323-255-03)"", ""availability"": ""Backordered. Next release anticipated late April 2016."", ""on_allocation"": false}, {""presentation"": ""125 mg, Single Dose Vial (NDC 63323-258-03)"", ""availability"": ""Backordered. Next release anticipated late April 2016."", ""on_allocation"": false}, {""presentation"": ""1 g, Single Dose Vial (NDC 63323-265-30)"", ""availability"": ""Available"", ""on_allocation"": false}]",,2,False,False,False,False,False
135,"Methylprednisolone Sodium Succinate for Injection, USP","methylprednisolone sodium succinate for injection, usp",PFE,US,SPY,2016-03-19,2016-03-27,20160327102859,2016-03-27,2016-03-27T10:28:59+00:00,winner,Pfizer Pharmaceuticals,"[{""presentation"": ""Solu-Medrol\u00ae (methylprednisolone sodium succinate, USP) Sterile Powder for Injection Rx 40 mg 1 mL ACT-O-VIAL\u00ae (NDC 0009-0039-28)"", ""availability"": ""Weekly shipments with full recovery projected beginning July 2016"", ""on_allocation"": false}, {""presentation"": ""Solu-Medrol\u00ae (methylprednisolone sodium succinate, USP) Sterile Powder for Injection Rx 125 mg 2 mL ACT-O-VIAL\u00ae (NDC 0009-0047-22)"", ""availability"": ""Weekly shipments with full recovery projected beginning July 2016"", ""on_allocation"": false}, {""presentation"": ""Solu-Medrol\u00ae (methylprednisolone sodium succinate, USP) Sterile Powder for Injection Rx 500 mg 4 mL ACT-O-VIAL\u00ae (NDC 0009-0003-02)"", ""availability"": ""Available"", ""on_allocation"": false}, {""presentation"": ""Solu-Medrol\u00ae (methylprednisolone sodium succinate, USP) Sterile Powder for Injection Rx 1 gm 8 mL ACT-O-VIAL\u00ae (NDC 0009-0758-01)"", ""availability"": ""Available"", ""on_allocation"": false}, {""presentation"": ""Solu-Medrol\u00ae (methylprednisolone sodium succinate, USP) Sterile Powder for Injection Rx 1 gm 8 mL ACT-O-VIAL\u00ae (NDC 0009-0018-20)"", ""availability"": ""Available"", ""on_allocation"": false}, {""presentation"": ""Solu-Medrol\u00ae (methylprednisolone sodium succinate, USP) Sterile Powder for Injection Rx 1 gm 16 mL Vial (NDC 0009-0698-01)"", ""availability"": ""Available"", ""on_allocation"": false}, {""presentation"": ""Solu-Medrol\u00ae (methylprednisolone sodium succinate, USP) Sterile Powder for Injection Rx 2 gm Vial w/Diluent (NDC 0009-0796-01)"", ""availability"": ""Available"", ""on_allocation"": false}, {""presentation"": ""Solu-Medrol\u00ae (methylprednisolone sodium succinate, USP) Sterile Powder for Injection for NovaPlus\u00ae Rx 40 mg 1 mL ACT-O-VIAL (NDC 0009-0039-32)"", ""availability"": ""Available"", ""on_allocation"": false}, {""presentation"": ""Solu-Medrol\u00ae (methylprednisolone sodium succinate, USP) Sterile Powder for Injection for NovaPlus\u00ae Rx 125 mg 2 mL ACT-O-VIAL\u00ae (NDC 0009-0047-26)"", ""availability"": ""Available"", ""on_allocation"": false}]",,2,False,False,False,False,False
135,"Methylprednisolone Sodium Succinate for Injection, USP","methylprednisolone sodium succinate for injection, usp",AMPH,US,SPY,2016-03-19,2016-03-27,20160327102859,2016-03-27,2016-03-27T10:28:59+00:00,placebo,,[],FDA-page nonlisted generic-maker control; manufacture absence unverified,2,False,False,False,False,False
135,"Methylprednisolone Sodium Succinate for Injection, USP","methylprednisolone sodium succinate for injection, usp",BAX,US,SPY,2016-03-19,2016-03-27,20160327102859,2016-03-27,2016-03-27T10:28:59+00:00,placebo,,[],FDA-page nonlisted generic-maker control; manufacture absence unverified,2,False,False,False,False,False
135,"Methylprednisolone Sodium Succinate for Injection, USP","methylprednisolone sodium succinate for injection, usp",ICUI,US,SPY,2016-03-19,2016-03-27,20160327102859,2016-03-27,2016-03-27T10:28:59+00:00,placebo,,[],FDA-page nonlisted generic-maker control; manufacture absence unverified,2,False,False,False,False,False
135,"Methylprednisolone Sodium Succinate for Injection, USP","methylprednisolone sodium succinate for injection, usp",MYL,US,SPY,2016-03-19,2016-03-27,20160327102859,2016-03-27,2016-03-27T10:28:59+00:00,placebo,,[],FDA-page nonlisted generic-maker control; manufacture absence unverified,2,False,False,False,False,False
135,"Methylprednisolone Sodium Succinate for Injection, USP","methylprednisolone sodium succinate for injection, usp",RDY,US,SPY,2016-03-19,2016-03-27,20160327102859,2016-03-27,2016-03-27T10:28:59+00:00,placebo,,[],FDA-page nonlisted generic-maker control; manufacture absence unverified,2,False,False,False,False,False
135,"Methylprednisolone Sodium Succinate for Injection, USP","methylprednisolone sodium succinate for injection, usp",TEVA,US,SPY,2016-03-19,2016-03-27,20160327102859,2016-03-27,2016-03-27T10:28:59+00:00,placebo,,[],FDA-page nonlisted generic-maker control; manufacture absence unverified,2,False,False,False,False,False
136,Theophylline Extended Release Tablets and Capsules,theophylline extended release tablets and capsules,APLLTD.NS,IN,NIFTYBEES.NS,2016-04-09,2016-05-02,20160502152036,2016-05-02,2016-05-02T15:20:36+00:00,winner,Alembic Pharmaceuticals,"[{""presentation"": ""300 mg, bottle of 30 counts (NDC 62332-025-30)"", ""availability"": ""Product available"", ""on_allocation"": false}, {""presentation"": ""300 mg, bottle of 100 counts (NDC 62332-025-31)"", ""availability"": ""Product available"", ""on_allocation"": false}, {""presentation"": ""300 mg, bottle of 500 counts (NDC 62332-025-71)"", ""availability"": ""Product available"", ""on_allocation"": false}, {""presentation"": ""300 mg, bottle of 1000 counts (NDC 62332-025-91)"", ""availability"": ""Product available"", ""on_allocation"": false}, {""presentation"": ""450 mg, bottle of 30 counts (NDC 62332-026-30)"", ""availability"": ""Product available"", ""on_allocation"": false}, {""presentation"": ""450 mg, bottle of 100 counts (NDC 62332-026-31)"", ""availability"": ""Product available"", ""on_allocation"": false}, {""presentation"": ""450 mg, bottle of 500 counts (NDC 62332-026-71)"", ""availability"": ""Product available"", ""on_allocation"": false}]",,2,False,False,False,False,False
136,Theophylline Extended Release Tablets and Capsules,theophylline extended release tablets and capsules,MYL,US,SPY,2016-04-09,2016-05-02,20160502152036,2016-05-02,2016-05-02T15:20:36+00:00,winner,Mylan Pharmaceuticals Inc.,"[{""presentation"": ""Theophylline ER Tabs 400mg 100s (NDC 29033-001-01)"", ""availability"": ""Available"", ""on_allocation"": false}, {""presentation"": ""Theophylline ER Tabs 600mg 100s (NDC 29033-002-01"", ""availability"": ""Available"", ""on_allocation"": false}]",,2,False,False,False,False,False
136,Theophylline Extended Release Tablets and Capsules,theophylline extended release tablets and capsules,TEVA,US,SPY,2016-04-09,2016-05-02,20160502152036,2016-05-02,2016-05-02T15:20:36+00:00,disrupted,Teva Pharmaceuticals,"[{""presentation"": ""100 count, 100 mg (NDC 50111-0483-01)"", ""availability"": ""Estimated availability: 2Q 2018"", ""on_allocation"": false}, {""presentation"": ""500 count, 100 mg (NDC 50111-0483-02)"", ""availability"": ""Estimated availability: 2Q 2018"", ""on_allocation"": false}, {""presentation"": ""100 count, 200 mg (NDC 50111-0482-01)"", ""availability"": ""Estimated availability: 2Q 2018"", ""on_allocation"": false}, {""presentation"": ""500 count, 200 mg (NDC 50111-0482-02)"", ""availability"": ""Estimated availability: 2Q 2018"", ""on_allocation"": false}, {""presentation"": ""1000 count, 200 mg (NDC 50111-0482-03)"", ""availability"": ""Estimated availability: 2Q 2018"", ""on_allocation"": false}, {""presentation"": ""100 count, 300 mg (NDC 50111-0459-01)"", ""availability"": ""Estimated availability: 2Q 2018"", ""on_allocation"": false}, {""presentation"": ""500 count, 300 mg (NDC 50111-0459-02)"", ""availability"": ""Estimated availability: 2Q 2018"", ""on_allocation"": false}, {""presentation"": ""1000 count, 300 mg (NDC 50111-0459-03)"", ""availability"": ""Estimated availability: 2Q 2018"", ""on_allocation"": false}, {""presentation"": ""100 count, 450 mg (NDC 50111-0518-01)"", ""availability"": ""Estimated availability: 2Q 2018"", ""on_allocation"": false}]",,2,False,False,False,False,False
136,Theophylline Extended Release Tablets and Capsules,theophylline extended release tablets and capsules,AMPH,US,SPY,2016-04-09,2016-05-02,20160502152036,2016-05-02,2016-05-02T15:20:36+00:00,placebo,,[],FDA-page nonlisted generic-maker control; manufacture absence unverified,2,False,False,False,False,False
136,Theophylline Extended Release Tablets and Capsules,theophylline extended release tablets and capsules,AUROPHARMA.NS,IN,NIFTYBEES.NS,2016-04-09,2016-05-02,20160502152036,2016-05-02,2016-05-02T15:20:36+00:00,placebo,,[],FDA-page nonlisted generic-maker control; manufacture absence unverified,2,False,False,False,False,False
136,Theophylline Extended Release Tablets and Capsules,theophylline extended release tablets and capsules,BAX,US,SPY,2016-04-09,2016-05-02,20160502152036,2016-05-02,2016-05-02T15:20:36+00:00,placebo,,[],FDA-page nonlisted generic-maker control; manufacture absence unverified,2,False,False,False,False,False
136,Theophylline Extended Release Tablets and Capsules,theophylline extended release tablets and capsules,CAPLIPOINT.NS,IN,NIFTYBEES.NS,2016-04-09,2016-05-02,20160502152036,2016-05-02,2016-05-02T15:20:36+00:00,placebo,,[],FDA-page nonlisted generic-maker control; manufacture absence unverified,2,False,False,False,False,False
136,Theophylline Extended Release Tablets and Capsules,theophylline extended release tablets and capsules,CIPLA.NS,IN,NIFTYBEES.NS,2016-04-09,2016-05-02,20160502152036,2016-05-02,2016-05-02T15:20:36+00:00,placebo,,[],FDA-page nonlisted generic-maker control; manufacture absence unverified,2,False,False,False,False,False
136,Theophylline Extended Release Tablets and Capsules,theophylline extended release tablets and capsules,GRANULES.NS,IN,NIFTYBEES.NS,2016-04-09,2016-05-02,20160502152036,2016-05-02,2016-05-02T15:20:36+00:00,placebo,,[],FDA-page nonlisted generic-maker control; manufacture absence unverified,2,False,False,False,False,False
136,Theophylline Extended Release Tablets and Capsules,theophylline extended release tablets and capsules,ICUI,US,SPY,2016-04-09,2016-05-02,20160502152036,2016-05-02,2016-05-02T15:20:36+00:00,placebo,,[],FDA-page nonlisted generic-maker control; manufacture absence unverified,2,False,False,False,False,False
136,Theophylline Extended Release Tablets and Capsules,theophylline extended release tablets and capsules,LUPIN.NS,IN,NIFTYBEES.NS,2016-04-09,2016-05-02,20160502152036,2016-05-02,2016-05-02T15:20:36+00:00,placebo,,[],FDA-page nonlisted generic-maker control; manufacture absence unverified,2,False,False,False,False,False
136,Theophylline Extended Release Tablets and Capsules,theophylline extended release tablets and capsules,RDY,US,SPY,2016-04-09,2016-05-02,20160502152036,2016-05-02,2016-05-02T15:20:36+00:00,placebo,,[],FDA-page nonlisted generic-maker control; manufacture absence unverified,2,False,False,False,False,False
136,Theophylline Extended Release Tablets and Capsules,theophylline extended release tablets and capsules,STAR.NS,IN,NIFTYBEES.NS,2016-04-09,2016-05-02,20160502152036,2016-05-02,2016-05-02T15:20:36+00:00,placebo,,[],FDA-page nonlisted generic-maker control; manufacture absence unverified,2,False,False,False,False,False
136,Theophylline Extended Release Tablets and Capsules,theophylline extended release tablets and capsules,SUNPHARMA.NS,IN,NIFTYBEES.NS,2016-04-09,2016-05-02,20160502152036,2016-05-02,2016-05-02T15:20:36+00:00,placebo,,[],FDA-page nonlisted generic-maker control; manufacture absence unverified,2,False,False,False,False,False
136,Theophylline Extended Release Tablets and Capsules,theophylline extended release tablets and capsules,TORNTPHARM.NS,IN,NIFTYBEES.NS,2016-04-09,2016-05-02,20160502152036,2016-05-02,2016-05-02T15:20:36+00:00,placebo,,[],FDA-page nonlisted generic-maker control; manufacture absence unverified,2,False,False,False,False,False
136,Theophylline Extended Release Tablets and Capsules,theophylline extended release tablets and capsules,ZYDUSLIFE.NS,IN,NIFTYBEES.NS,2016-04-09,2016-05-02,20160502152036,2016-05-02,2016-05-02T15:20:36+00:00,placebo,,[],FDA-page nonlisted generic-maker control; manufacture absence unverified,2,False,False,False,False,False
137,Bleomycin Sulfate for Injection,bleomycin sulfate for injection,FRE.DE,DE,EXS1.DE,2016-04-22,2016-05-02,20160502152527,2016-05-02,2016-05-02T15:25:27+00:00,disrupted,"Fresenius Kabi USA, LLC","[{""presentation"": ""15 units, single dose vial (NDC 63323-136-10)"", ""availability"": ""Backordered. Estimated recovery Q2 - 2017."", ""on_allocation"": false}, {""presentation"": ""30 units, single dose vial (NDC 63323-137-20)"", ""availability"": ""Backordered. Estimated recovery Q2 - 2017"", ""on_allocation"": false}]",,0,False,False,False,False,False
137,Bleomycin Sulfate for Injection,bleomycin sulfate for injection,PFE,US,SPY,2016-04-22,2016-05-02,20160502152527,2016-05-02,2016-05-02T15:25:27+00:00,disrupted,"Hospira, Inc.","[{""presentation"": ""15 IU Single Dose Onco-Tain\u2122 Glass Fliptop Vial (NDC 61703-332-18)"", ""availability"": ""Next delivery: July 2016. Estimated recovery: July 2016"", ""on_allocation"": false}, {""presentation"": ""30 IU Single Dose Onco-Tain\u2122 Glass Fliptop Vial (NDC 61703-323-22)"", ""availability"": ""Next delivery: July 2016. Estimated recovery: July 2016"", ""on_allocation"": false}]",,0,False,False,False,False,False
137,Bleomycin Sulfate for Injection,bleomycin sulfate for injection,TEVA,US,SPY,2016-04-22,2016-05-02,20160502152527,2016-05-02,2016-05-02T15:25:27+00:00,disrupted,Teva Pharmaceuticals,"[{""presentation"": ""15IU 1X10ML (NDC 00703-3154-01)"", ""availability"": ""Teva has Bleomycin Sulfate Injection on backorder and estimates a potential release for additional product in May 2016."", ""on_allocation"": false}, {""presentation"": ""30IU 1X10ML (NDC 00703-3155-01)"", ""availability"": ""Teva has Bleomycin Sulfate Injection on backorder and estimates a potential release for additional product in May 2016."", ""on_allocation"": false}]",,0,False,False,False,False,False
138,Penicillin G Benzathine (Bicillin L-A) Injection,penicillin g benzathine (bicillin l-a) injection,PFE,US,SPY,2016-05-06,2016-05-10,20160510022959,2016-05-10,2016-05-10T02:29:59+00:00,disrupted,Pfizer Pharmaceuticals,"[{""presentation"": ""Bicillin\u00ae L-A (penicillin G benzathine suspension) 600,000U Pediatric Injection Rx (NDC 60793-700-10)"", ""availability"": ""Backorder expected to resolve by July 2016"", ""on_allocation"": true}, {""presentation"": ""Bicillin\u00ae L-A (penicillin G benzathine suspension) 1,200,000U/2mL (NDC 60793-701-10)"", ""availability"": ""Backorder expected to resolve by July 2016"", ""on_allocation"": true}, {""presentation"": ""Bicillin\u00ae L-A (penicillin G benzathine suspension) 2,400,000U/4mL (NDC 60793-702-10)"", ""availability"": ""Backorder expected to resolve July 2016"", ""on_allocation"": true}]",,0,False,False,False,False,False
139,THAM Solution (Tromethamine Injection),tham solution (tromethamine injection),PFE,US,SPY,2016-05-06,2016-05-11,20160511100255,2016-05-11,2016-05-11T10:02:55+00:00,disrupted,"Hospira, Inc.","[{""presentation"": ""500 mL Glass Bottle (NDC 0409-1593-04)"", ""availability"": ""Next delivery and estimated recovery TBD"", ""on_allocation"": false}]",,0,False,False,False,False,False
143,Penicillin G Procaine Injection,penicillin g procaine injection,PFE,US,SPY,2016-08-24,2016-09-06,20160906190629,2016-09-06,2016-09-06T19:06:29+00:00,disrupted,Pfizer Pharmaceuticals,"[{""presentation"": ""Penicillin G Procaine 1,200,000U/2 mL 2 mL PFS (NDC 60793-0131-10)"", ""availability"": ""Backordered. Next delivery anticipated February 2017. Short dated product available 9/30/16. Contact Pfizer customer service at 1-800-533-4535."", ""on_allocation"": false}, {""presentation"": ""Penicillin G Procaine 600,00Units/1 mL 1 mL PF Syringe (NDC 60793-0130-10)"", ""availability"": ""Backordered. Next delivery anticipated February 2017. Short dated product available 9/30/16. Contact Pfizer customer service at 1-800-533-4535."", ""on_allocation"": false}]",,0,False,False,False,False,False
152,"Ranitidine Injection, USP","ranitidine injection, usp",ZYDUSLIFE.NS,IN,NIFTYBEES.NS,2016-12-14,2016-12-30,20161230030249,2016-12-30,2016-12-30T03:02:49+00:00,nonwinner,Zydus Pharmaceuticals USA Inc.,"[{""presentation"": ""Ranitidine HCl Injection 25mg/mL (10x2mL SD vials)(NDC 68382-422-02)"", ""availability"": ""To be determined"", ""on_allocation"": false}, {""presentation"": ""Ranitidine HCl Injection 25mg/mL (6mL MD vial)(NDC 68382-423-06)"", ""availability"": ""To be determined"", ""on_allocation"": false}]",,0,False,False,False,False,False
266,Vinblastine Sulfate Injection,vinblastine sulfate injection,FRE.DE,DE,EXS1.DE,2019-07-23,2019-08-07,20190807073322,2019-08-07,2019-08-07T07:33:22+00:00,winner,"Fresenius Kabi USA, LLC","[{""presentation"": ""10 mg per 10 mL (1 mg per mL); MDV (NDC 63323-0278-10)"", ""availability"": ""Available for direct and drop ship orders to support patient care."", ""on_allocation"": false}]",,1,False,False,False,False,False
267,Pentamidine Isethionate (Nebupent) For Inhalation Solution,pentamidine isethionate (nebupent) for inhalation solution,FRE.DE,DE,EXS1.DE,2019-08-10,2019-08-24,20190824174607,2019-08-24,2019-08-24T17:46:07+00:00,winner,"Fresenius Kabi USA, LLC","[{""presentation"": ""300 mg per vial, SDV, PF (NDC 63323-877-15)"", ""availability"": ""Available"", ""on_allocation"": false}]",,1,False,False,False,False,False
274,Echothiophate Iodide (Phospholine Iodide) Ophthalmic Solution,echothiophate iodide (phospholine iodide) ophthalmic solution,PFE,US,SPY,2019-10-04,2019-10-20,20191020212818,2019-10-20,2019-10-20T21:28:18+00:00,disrupted,Pfizer Pharmaceuticals,"[{""presentation"": ""6.25 mg package for 0.125% (NDC 0046-1065-05)"", ""availability"": ""Next delivery and Estimated recovery: June 2020"", ""on_allocation"": false}]",,0,True,False,False,False,False
275,Anagrelide Hydrochloride Capsules,anagrelide hydrochloride capsules,TEVA,US,SPY,2019-11-02,2019-11-14,20191114133818,2019-11-14,2019-11-14T13:38:18+00:00,nonwinner,Teva Pharmaceuticals,"[{""presentation"": ""1 MG 100 Capsules (NDC 0172-5240-60)"", ""availability"": ""Available and allocating inventory"", ""on_allocation"": true}, {""presentation"": ""0.5 MG 100 Capsules (NDC 0172-5241-60)"", ""availability"": ""Available and allocating inventory"", ""on_allocation"": true}]",,1,True,False,False,False,False
275,Anagrelide Hydrochloride Capsules,anagrelide hydrochloride capsules,TORNTPHARM.NS,IN,NIFTYBEES.NS,2019-11-02,2019-11-14,20191114133818,2019-11-14,2019-11-14T13:38:18+00:00,winner,Torrent Pharma Inc.,"[{""presentation"": ""0.5 mg per capsule Bottles of 100 (NDC 13668-453-01)"", ""availability"": ""Available to ship in the week of Nov-11"", ""on_allocation"": false}, {""presentation"": ""1 mg per capsule, Bottles of 100 (NDC 13668-462-01)"", ""availability"": ""Available to ship in the week of Nov-4"", ""on_allocation"": false}]",,1,True,False,False,False,False
275,Anagrelide Hydrochloride Capsules,anagrelide hydrochloride capsules,APLLTD.NS,IN,NIFTYBEES.NS,2019-11-02,2019-11-14,20191114133818,2019-11-14,2019-11-14T13:38:18+00:00,placebo,,[],FDA-page nonlisted generic-maker control; manufacture absence unverified,1,True,False,False,False,False
275,Anagrelide Hydrochloride Capsules,anagrelide hydrochloride capsules,AUROPHARMA.NS,IN,NIFTYBEES.NS,2019-11-02,2019-11-14,20191114133818,2019-11-14,2019-11-14T13:38:18+00:00,placebo,,[],FDA-page nonlisted generic-maker control; manufacture absence unverified,1,True,False,False,False,False
275,Anagrelide Hydrochloride Capsules,anagrelide hydrochloride capsules,CAPLIPOINT.NS,IN,NIFTYBEES.NS,2019-11-02,2019-11-14,20191114133818,2019-11-14,2019-11-14T13:38:18+00:00,placebo,,[],FDA-page nonlisted generic-maker control; manufacture absence unverified,1,True,False,False,False,False
275,Anagrelide Hydrochloride Capsules,anagrelide hydrochloride capsules,CIPLA.NS,IN,NIFTYBEES.NS,2019-11-02,2019-11-14,20191114133818,2019-11-14,2019-11-14T13:38:18+00:00,placebo,,[],FDA-page nonlisted generic-maker control; manufacture absence unverified,1,True,False,False,False,False
275,Anagrelide Hydrochloride Capsules,anagrelide hydrochloride capsules,GRANULES.NS,IN,NIFTYBEES.NS,2019-11-02,2019-11-14,20191114133818,2019-11-14,2019-11-14T13:38:18+00:00,placebo,,[],FDA-page nonlisted generic-maker control; manufacture absence unverified,1,True,False,False,False,False
275,Anagrelide Hydrochloride Capsules,anagrelide hydrochloride capsules,LUPIN.NS,IN,NIFTYBEES.NS,2019-11-02,2019-11-14,20191114133818,2019-11-14,2019-11-14T13:38:18+00:00,placebo,,[],FDA-page nonlisted generic-maker control; manufacture absence unverified,1,True,False,False,False,False
275,Anagrelide Hydrochloride Capsules,anagrelide hydrochloride capsules,STAR.NS,IN,NIFTYBEES.NS,2019-11-02,2019-11-14,20191114133818,2019-11-14,2019-11-14T13:38:18+00:00,placebo,,[],FDA-page nonlisted generic-maker control; manufacture absence unverified,1,True,False,False,False,False
275,Anagrelide Hydrochloride Capsules,anagrelide hydrochloride capsules,SUNPHARMA.NS,IN,NIFTYBEES.NS,2019-11-02,2019-11-14,20191114133818,2019-11-14,2019-11-14T13:38:18+00:00,placebo,,[],FDA-page nonlisted generic-maker control; manufacture absence unverified,1,True,False,False,False,False
275,Anagrelide Hydrochloride Capsules,anagrelide hydrochloride capsules,ZYDUSLIFE.NS,IN,NIFTYBEES.NS,2019-11-02,2019-11-14,20191114133818,2019-11-14,2019-11-14T13:38:18+00:00,placebo,,[],FDA-page nonlisted generic-maker control; manufacture absence unverified,1,True,False,False,False,False
278,Trifluridine Ophthalmic Solution,trifluridine ophthalmic solution,NOVN.SW,CH,CSSMI.SW,2019-11-02,2019-11-14,20191114140425,2019-11-14,2019-11-14T14:04:25+00:00,disrupted,Sandoz,"[{""presentation"": ""Trifluridine 1% 7.5 mL (NDC 61314-044-75)"", ""availability"": ""Limited supply available, on allocation, full recovery expected Q1 2020"", ""on_allocation"": true}]",,0,True,False,False,False,False
279,"Vincristine Sulfate Injection, USP (Preservative-Free)","vincristine sulfate injection, usp (preservative-free)",PFE,US,SPY,2019-11-02,2019-11-09,20191109051736,2019-11-09,2019-11-09T05:17:36+00:00,disrupted,"Hospira, Inc.","[{""presentation"": ""1 mg/mL Single Dose Glass Fliptop Vial (NDC 61703-0309-06)"", ""availability"": ""Limited Supply Available. Next Delivery: December 2019; Estimated Recovery: January 2020"", ""on_allocation"": false}, {""presentation"": ""2 mg/2 mL (1 mg/mL) Single Dose Glass Fliptop Vial (NDC 61703-0309-16)"", ""availability"": ""Limited Supply Available. Next Delivery: November 2019; Estimated Recovery: December 2019"", ""on_allocation"": false}]",,0,True,False,False,False,False
280,"Oxytocin Injection, USP Synthetic","oxytocin injection, usp synthetic",FRE.DE,DE,EXS1.DE,2019-11-15,2019-11-17,20191117232534,2019-11-17,2019-11-17T23:25:34+00:00,disrupted,"Fresenius Kabi USA, LLC","[{""presentation"": ""100 USP Units per 10 mL (10 USP units per mL); Multiple dose vial; (NDC 63323-012-10)"", ""availability"": ""Backordered. Next release November."", ""on_allocation"": false}, {""presentation"": ""300 USP Units per 30 mL (10 USP Units per mL); Multiple dose vial; (NDC 63323-012-30)"", ""availability"": ""Backordered. Next release November."", ""on_allocation"": false}, {""presentation"": ""10 USP Units per mL (10 USP units per mL); (NDC 63323-012-01)"", ""availability"": ""Backordered. Next release November."", ""on_allocation"": false}]",,0,False,False,False,False,False
285,Pindolol Tablets,pindolol tablets,MYL,US,SPY,2020-02-28,2020-03-12,20200312055234,2020-03-12,2020-03-12T05:52:34+00:00,winner,Mylan,"[{""presentation"": ""Pindolol 5mg Tabs 100s (NDC 0378-0052-01)"", ""availability"": ""Available"", ""on_allocation"": false}, {""presentation"": ""Pindolol 10mg Tabs 100s (NDC 0389-0127-01)"", ""availability"": ""Unavailable. Re-supply March 2020."", ""on_allocation"": false}]",,1,False,False,False,False,False
285,Pindolol Tablets,pindolol tablets,SUNPHARMA.NS,IN,NIFTYBEES.NS,2020-02-28,2020-03-12,20200312055234,2020-03-12,2020-03-12T05:52:34+00:00,disrupted,Sun Pharmaceutical Industries Inc.,"[{""presentation"": ""Pindolol Tablets, 5mg and 10mg (100 count bottles)(NDC 57664-655-88, 57664-656-88)"", ""availability"": ""No product available. Product can be manufactured upon availability of API. Concrete estimated release dates cannot be provided at this moment."", ""on_allocation"": false}]",,1,False,False,False,False,False
285,Pindolol Tablets,pindolol tablets,AMPH,US,SPY,2020-02-28,2020-03-12,20200312055234,2020-03-12,2020-03-12T05:52:34+00:00,placebo,,[],FDA-page nonlisted generic-maker control; manufacture absence unverified,1,False,False,False,False,False
285,Pindolol Tablets,pindolol tablets,AMRX,US,SPY,2020-02-28,2020-03-12,20200312055234,2020-03-12,2020-03-12T05:52:34+00:00,placebo,,[],FDA-page nonlisted generic-maker control; manufacture absence unverified,1,False,False,False,False,False
285,Pindolol Tablets,pindolol tablets,BAX,US,SPY,2020-02-28,2020-03-12,20200312055234,2020-03-12,2020-03-12T05:52:34+00:00,placebo,,[],FDA-page nonlisted generic-maker control; manufacture absence unverified,1,False,False,False,False,False
285,Pindolol Tablets,pindolol tablets,ICUI,US,SPY,2020-02-28,2020-03-12,20200312055234,2020-03-12,2020-03-12T05:52:34+00:00,placebo,,[],FDA-page nonlisted generic-maker control; manufacture absence unverified,1,False,False,False,False,False
285,Pindolol Tablets,pindolol tablets,RDY,US,SPY,2020-02-28,2020-03-12,20200312055234,2020-03-12,2020-03-12T05:52:34+00:00,placebo,,[],FDA-page nonlisted generic-maker control; manufacture absence unverified,1,False,False,False,False,False
285,Pindolol Tablets,pindolol tablets,TEVA,US,SPY,2020-02-28,2020-03-12,20200312055234,2020-03-12,2020-03-12T05:52:34+00:00,placebo,,[],FDA-page nonlisted generic-maker control; manufacture absence unverified,1,False,False,False,False,False
286,Amoxapine Tablets,amoxapine tablets,TEVA,US,SPY,2020-03-13,2020-03-12,20200312055238,2020-03-13,2020-03-13T23:59:59.999999999+00:00,disrupted,Teva Pharmaceuticals,"[{""presentation"": ""50 mg, 100 tablets (NDC 0591-5714-01)"", ""availability"": ""Unavailable. Estimated supply availability June 2020."", ""on_allocation"": false}, {""presentation"": ""25 mg, 100 tablets (NDC 0591-5713-01)"", ""availability"": ""Unavailable. Estimated supply availability June 2020."", ""on_allocation"": false}, {""presentation"": ""100 mg, 100 tablets (NDC 0591-5715-01)"", ""availability"": ""Unavailable. Estimated supply availability June 2020."", ""on_allocation"": false}, {""presentation"": ""150 mg, 100 tablets (NDC 0591-5716-01)"", ""availability"": ""Unavailable. Estimated supply availability June 2020"", ""on_allocation"": false}]",,0,False,False,False,False,False
298,Azithromycin Tablets,azithromycin tablets,APLLTD.NS,IN,NIFTYBEES.NS,2020-04-17,2020-05-02,20200502112302,2020-05-02,2020-05-02T11:23:02+00:00,winner,Alembic Pharmaceuticals,"[{""presentation"": ""250 mg bottles of 30 (NDC 62332-251-30)"", ""availability"": ""Available"", ""on_allocation"": false}, {""presentation"": ""250 mg carton of 3 blister cards (6 tablets per blister card) (NDC 62332-251-06)"", ""availability"": ""Launch in June 2020"", ""on_allocation"": false}, {""presentation"": ""500 mg bottle of 30 (NDC 62332-252-30)"", ""availability"": ""Available"", ""on_allocation"": false}, {""presentation"": ""500 mg carton of 3 blister cards (3 tablets per blister card) (NDC 62332-252-03)"", ""availability"": ""Launch in June 2020"", ""on_allocation"": false}]",,4,False,False,False,False,False
298,Azithromycin Tablets,azithromycin tablets,AUROPHARMA.NS,IN,NIFTYBEES.NS,2020-04-17,2020-05-02,20200502112302,2020-05-02,2020-05-02T11:23:02+00:00,winner,Aurobindo Pharma,"[{""presentation"": ""250mg 6x3 Blister Pack/ Carton (NDC 65862064163)"", ""availability"": ""Additional supply to be available in May 2020"", ""on_allocation"": false}]",,4,False,False,False,False,False
298,Azithromycin Tablets,azithromycin tablets,LUPIN.NS,IN,NIFTYBEES.NS,2020-04-17,2020-05-02,20200502112302,2020-05-02,2020-05-02T11:23:02+00:00,disrupted,Lupin,"[{""presentation"": ""250 mg \u2013 Carton of 3 Blister Cards (6 Tablets per Blister Card) (NDC 6818016013)"", ""availability"": ""Continuous production. More products are in transit and will be available for distribution within next few weeks."", ""on_allocation"": false}]",,4,False,False,False,False,False
298,Azithromycin Tablets,azithromycin tablets,NOVN.SW,CH,CSSMI.SW,2020-04-17,2020-05-02,20200502112302,2020-05-02,2020-05-02T11:23:02+00:00,winner,Sandoz,"[{""presentation"": ""600 mg 30 count bottle (NDC 0781-5793-31)"", ""availability"": ""Available"", ""on_allocation"": false}, {""presentation"": ""500 mg 30 count bottle (NDC 0781-8090-31)"", ""availability"": ""Available"", ""on_allocation"": false}, {""presentation"": ""500 mg 3 count unit dose (NDC 0781-8090-03)"", ""availability"": ""Available"", ""on_allocation"": false}, {""presentation"": ""250 mg 30 count bottle (NDC 0781-8089-31)"", ""availability"": ""Available"", ""on_allocation"": false}, {""presentation"": ""250 mg 6 count unit dose (NDC 0781-8089-26)"", ""availability"": ""Available"", ""on_allocation"": false}]",,4,False,False,False,False,False
298,Azithromycin Tablets,azithromycin tablets,PFE,US,SPY,2020-04-17,2020-05-02,20200502112302,2020-05-02,2020-05-02T11:23:02+00:00,winner,Pfizer Pharmaceuticals,"[{""presentation"": ""Zithromax 250 mg tablets; Unit Dose package of 50 (NDC 0069-4061-89)"", ""availability"": ""Available"", ""on_allocation"": false}, {""presentation"": ""Zithromax 500 mg tablets; Unit Dose package of 50 (NDC 0069-3070-86)"", ""availability"": ""Next delivery and Estimated recovery: July 2020"", ""on_allocation"": false}, {""presentation"": ""Zithromax 250 mg tablets; bottle of 30 (NDC 0069-3060-30)"", ""availability"": ""Next delivery: May 2020 Estimated recovery: TBD"", ""on_allocation"": false}, {""presentation"": ""Zithromax 250 mg tablets; boxes of 3 (Z-PAKS of 6) (NDC 0069-3060-75)"", ""availability"": ""Next delivery: June 2020 Estimated recovery: TBD"", ""on_allocation"": false}, {""presentation"": ""Zithromax 500 mg tablets; bottles of 30 (NDC 0069-3070-30)"", ""availability"": ""Next delivery and Estimated recovery: July 2020"", ""on_allocation"": false}, {""presentation"": ""Zithromax 500 mg tablets; boxes of 3 (TRI-PAKS of 3 tablets) (NDC 0069-3070-75)"", ""availability"": ""Next delivery and Estimated recovery: July 2020"", ""on_allocation"": false}, {""presentation"": ""250 mg tablets; Blister of 3x6 (NDC 59762-2198-3)"", ""availability"": ""Next delivery: June 2020 Estimated recovery: TBD"", ""on_allocation"": false}, {""presentation"": ""250 mg talbets; Bottle of 30 (NDC 59762-2198-7)"", ""availability"": ""Next delivery: June 2020 Estimated recovery: TBD"", ""on_allocation"": false}]",,4,False,False,False,False,False
298,Azithromycin Tablets,azithromycin tablets,TEVA,US,SPY,2020-04-17,2020-05-02,20200502112302,2020-05-02,2020-05-02T11:23:02+00:00,disrupted,Teva Pharmaceuticals,"[{""presentation"": ""250 mg 30 count (NDC 50111-787-10)"", ""availability"": ""A backorder is anticipated. The estimated duration is unknown at this time. Product allocations being made based on customer Rx Trends."", ""on_allocation"": true}, {""presentation"": ""250 mg 6 x 1 blister pack (NDC 50111-787-51)"", ""availability"": ""A backorder is anticipated. The estimated duration is unknown at this time. Product allocations being made based on customer Rx Trends."", ""on_allocation"": true}, {""presentation"": ""500 mg 3 x 1 blister pack (NDC 50111-788-55)"", ""availability"": ""A backorder is anticipated. The estimated duration is unknown at this time. Product allocations being made based on customer Rx Trends."", ""on_allocation"": true}, {""presentation"": ""500 mg 30 count (NDC 50111-788-10)"", ""availability"": ""A backorder is anticipated. The estimated duration is unknown at this time. Product allocations being made based on customer Rx Trends."", ""on_allocation"": true}, {""presentation"": ""600 mg 30 count (NDC 50111-789-10)"", ""availability"": ""A backorder is anticipated. The estimated duration is unknown at this time. Product allocations being made based on customer Rx Trends."", ""on_allocation"": true}, {""presentation"": ""250 mg 18 3 x 6 blister pack (NDC 50111-787-66)"", ""availability"": ""A backorder is anticipated. The estimated duration is unknown at this time. Product allocations being made based on customer Rx Trends."", ""on_allocation"": true}, {""presentation"": ""500 mg 3 x 3 blister pack (NDC 50111-788-67)"", ""availability"": ""A backorder is anticipated. The estimated duration is unknown at this time. Product allocations being made based on customer Rx Trends."", ""on_allocation"": true}]",,4,False,False,False,False,False
298,Azithromycin Tablets,azithromycin tablets,AMPH,US,SPY,2020-04-17,2020-05-02,20200502112302,2020-05-02,2020-05-02T11:23:02+00:00,placebo,,[],FDA-page nonlisted generic-maker control; manufacture absence unverified,4,False,False,False,False,False
298,Azithromycin Tablets,azithromycin tablets,AMRX,US,SPY,2020-04-17,2020-05-02,20200502112302,2020-05-02,2020-05-02T11:23:02+00:00,placebo,,[],FDA-page nonlisted generic-maker control; manufacture absence unverified,4,False,False,False,False,False
298,Azithromycin Tablets,azithromycin tablets,BAX,US,SPY,2020-04-17,2020-05-02,20200502112302,2020-05-02,2020-05-02T11:23:02+00:00,placebo,,[],FDA-page nonlisted generic-maker control; manufacture absence unverified,4,False,False,False,False,False
298,Azithromycin Tablets,azithromycin tablets,CAPLIPOINT.NS,IN,NIFTYBEES.NS,2020-04-17,2020-05-02,20200502112302,2020-05-02,2020-05-02T11:23:02+00:00,placebo,,[],FDA-page nonlisted generic-maker control; manufacture absence unverified,4,False,False,False,False,False
298,Azithromycin Tablets,azithromycin tablets,CIPLA.NS,IN,NIFTYBEES.NS,2020-04-17,2020-05-02,20200502112302,2020-05-02,2020-05-02T11:23:02+00:00,placebo,,[],FDA-page nonlisted generic-maker control; manufacture absence unverified,4,False,False,False,False,False
298,Azithromycin Tablets,azithromycin tablets,GRANULES.NS,IN,NIFTYBEES.NS,2020-04-17,2020-05-02,20200502112302,2020-05-02,2020-05-02T11:23:02+00:00,placebo,,[],FDA-page nonlisted generic-maker control; manufacture absence unverified,4,False,False,False,False,False
298,Azithromycin Tablets,azithromycin tablets,ICUI,US,SPY,2020-04-17,2020-05-02,20200502112302,2020-05-02,2020-05-02T11:23:02+00:00,placebo,,[],FDA-page nonlisted generic-maker control; manufacture absence unverified,4,False,False,False,False,False
298,Azithromycin Tablets,azithromycin tablets,MYL,US,SPY,2020-04-17,2020-05-02,20200502112302,2020-05-02,2020-05-02T11:23:02+00:00,placebo,,[],FDA-page nonlisted generic-maker control; manufacture absence unverified,4,False,False,False,False,False
298,Azithromycin Tablets,azithromycin tablets,RDY,US,SPY,2020-04-17,2020-05-02,20200502112302,2020-05-02,2020-05-02T11:23:02+00:00,placebo,,[],FDA-page nonlisted generic-maker control; manufacture absence unverified,4,False,False,False,False,False
298,Azithromycin Tablets,azithromycin tablets,STAR.NS,IN,NIFTYBEES.NS,2020-04-17,2020-05-02,20200502112302,2020-05-02,2020-05-02T11:23:02+00:00,placebo,,[],FDA-page nonlisted generic-maker control; manufacture absence unverified,4,False,False,False,False,False
298,Azithromycin Tablets,azithromycin tablets,SUNPHARMA.NS,IN,NIFTYBEES.NS,2020-04-17,2020-05-02,20200502112302,2020-05-02,2020-05-02T11:23:02+00:00,placebo,,[],FDA-page nonlisted generic-maker control; manufacture absence unverified,4,False,False,False,False,False
298,Azithromycin Tablets,azithromycin tablets,TORNTPHARM.NS,IN,NIFTYBEES.NS,2020-04-17,2020-05-02,20200502112302,2020-05-02,2020-05-02T11:23:02+00:00,placebo,,[],FDA-page nonlisted generic-maker control; manufacture absence unverified,4,False,False,False,False,False
298,Azithromycin Tablets,azithromycin tablets,ZYDUSLIFE.NS,IN,NIFTYBEES.NS,2020-04-17,2020-05-02,20200502112302,2020-05-02,2020-05-02T11:23:02+00:00,placebo,,[],FDA-page nonlisted generic-maker control; manufacture absence unverified,4,False,False,False,False,False
308,"Sertraline Hydrochloride Oral Solution, USP","sertraline hydrochloride oral solution, usp",AUROPHARMA.NS,IN,NIFTYBEES.NS,2020-05-28,2020-06-12,20200612211239,2020-06-12,2020-06-12T21:12:39+00:00,winner,Aurobindo Pharma,"[{""presentation"": ""20mg/ml, 60ml (16714-601-01)"", ""availability"": ""Unavailable"", ""on_allocation"": false}, {""presentation"": ""20mg/ml (NDC 64980-409-06)"", ""availability"": ""Currently available"", ""on_allocation"": false}]",,2,False,False,False,False,False
308,"Sertraline Hydrochloride Oral Solution, USP","sertraline hydrochloride oral solution, usp",PFE,US,SPY,2020-05-28,2020-06-12,20200612211239,2020-06-12,2020-06-12T21:12:39+00:00,winner,Pfizer Pharmaceuticals,"[{""presentation"": ""Sertraline Hydrochloride 60 mL (20 mg/mL) oral concentrate, with 12% alcohol; bottle with calibrated dropper (NDC 59762-0067-1)"", ""availability"": ""Next delivery: June 2020; Estimated Recovery: July 2020"", ""on_allocation"": false}, {""presentation"": ""Zoloft (sertraline hydrochloride) 60 mL (20 mg/mL) oral concentrate, with 12% alcohol; bottle with calibrated dropper (NDC 0049-0050-01)"", ""availability"": ""Available"", ""on_allocation"": false}]",,2,False,False,False,False,False
308,"Sertraline Hydrochloride Oral Solution, USP","sertraline hydrochloride oral solution, usp",AMPH,US,SPY,2020-05-28,2020-06-12,20200612211239,2020-06-12,2020-06-12T21:12:39+00:00,placebo,,[],FDA-page nonlisted generic-maker control; manufacture absence unverified,2,False,False,False,False,False
308,"Sertraline Hydrochloride Oral Solution, USP","sertraline hydrochloride oral solution, usp",AMRX,US,SPY,2020-05-28,2020-06-12,20200612211239,2020-06-12,2020-06-12T21:12:39+00:00,placebo,,[],FDA-page nonlisted generic-maker control; manufacture absence unverified,2,False,False,False,False,False
308,"Sertraline Hydrochloride Oral Solution, USP","sertraline hydrochloride oral solution, usp",APLLTD.NS,IN,NIFTYBEES.NS,2020-05-28,2020-06-12,20200612211239,2020-06-12,2020-06-12T21:12:39+00:00,placebo,,[],FDA-page nonlisted generic-maker control; manufacture absence unverified,2,False,False,False,False,False
308,"Sertraline Hydrochloride Oral Solution, USP","sertraline hydrochloride oral solution, usp",BAX,US,SPY,2020-05-28,2020-06-12,20200612211239,2020-06-12,2020-06-12T21:12:39+00:00,placebo,,[],FDA-page nonlisted generic-maker control; manufacture absence unverified,2,False,False,False,False,False
308,"Sertraline Hydrochloride Oral Solution, USP","sertraline hydrochloride oral solution, usp",CAPLIPOINT.NS,IN,NIFTYBEES.NS,2020-05-28,2020-06-12,20200612211239,2020-06-12,2020-06-12T21:12:39+00:00,placebo,,[],FDA-page nonlisted generic-maker control; manufacture absence unverified,2,False,False,False,False,False
308,"Sertraline Hydrochloride Oral Solution, USP","sertraline hydrochloride oral solution, usp",CIPLA.NS,IN,NIFTYBEES.NS,2020-05-28,2020-06-12,20200612211239,2020-06-12,2020-06-12T21:12:39+00:00,placebo,,[],FDA-page nonlisted generic-maker control; manufacture absence unverified,2,False,False,False,False,False
308,"Sertraline Hydrochloride Oral Solution, USP","sertraline hydrochloride oral solution, usp",GRANULES.NS,IN,NIFTYBEES.NS,2020-05-28,2020-06-12,20200612211239,2020-06-12,2020-06-12T21:12:39+00:00,placebo,,[],FDA-page nonlisted generic-maker control; manufacture absence unverified,2,False,False,False,False,False
308,"Sertraline Hydrochloride Oral Solution, USP","sertraline hydrochloride oral solution, usp",ICUI,US,SPY,2020-05-28,2020-06-12,20200612211239,2020-06-12,2020-06-12T21:12:39+00:00,placebo,,[],FDA-page nonlisted generic-maker control; manufacture absence unverified,2,False,False,False,False,False
308,"Sertraline Hydrochloride Oral Solution, USP","sertraline hydrochloride oral solution, usp",LUPIN.NS,IN,NIFTYBEES.NS,2020-05-28,2020-06-12,20200612211239,2020-06-12,2020-06-12T21:12:39+00:00,placebo,,[],FDA-page nonlisted generic-maker control; manufacture absence unverified,2,False,False,False,False,False
308,"Sertraline Hydrochloride Oral Solution, USP","sertraline hydrochloride oral solution, usp",MYL,US,SPY,2020-05-28,2020-06-12,20200612211239,2020-06-12,2020-06-12T21:12:39+00:00,placebo,,[],FDA-page nonlisted generic-maker control; manufacture absence unverified,2,False,False,False,False,False
308,"Sertraline Hydrochloride Oral Solution, USP","sertraline hydrochloride oral solution, usp",RDY,US,SPY,2020-05-28,2020-06-12,20200612211239,2020-06-12,2020-06-12T21:12:39+00:00,placebo,,[],FDA-page nonlisted generic-maker control; manufacture absence unverified,2,False,False,False,False,False
308,"Sertraline Hydrochloride Oral Solution, USP","sertraline hydrochloride oral solution, usp",STAR.NS,IN,NIFTYBEES.NS,2020-05-28,2020-06-12,20200612211239,2020-06-12,2020-06-12T21:12:39+00:00,placebo,,[],FDA-page nonlisted generic-maker control; manufacture absence unverified,2,False,False,False,False,False
308,"Sertraline Hydrochloride Oral Solution, USP","sertraline hydrochloride oral solution, usp",SUNPHARMA.NS,IN,NIFTYBEES.NS,2020-05-28,2020-06-12,20200612211239,2020-06-12,2020-06-12T21:12:39+00:00,placebo,,[],FDA-page nonlisted generic-maker control; manufacture absence unverified,2,False,False,False,False,False
308,"Sertraline Hydrochloride Oral Solution, USP","sertraline hydrochloride oral solution, usp",TEVA,US,SPY,2020-05-28,2020-06-12,20200612211239,2020-06-12,2020-06-12T21:12:39+00:00,placebo,,[],FDA-page nonlisted generic-maker control; manufacture absence unverified,2,False,False,False,False,False
308,"Sertraline Hydrochloride Oral Solution, USP","sertraline hydrochloride oral solution, usp",TORNTPHARM.NS,IN,NIFTYBEES.NS,2020-05-28,2020-06-12,20200612211239,2020-06-12,2020-06-12T21:12:39+00:00,placebo,,[],FDA-page nonlisted generic-maker control; manufacture absence unverified,2,False,False,False,False,False
308,"Sertraline Hydrochloride Oral Solution, USP","sertraline hydrochloride oral solution, usp",ZYDUSLIFE.NS,IN,NIFTYBEES.NS,2020-05-28,2020-06-12,20200612211239,2020-06-12,2020-06-12T21:12:39+00:00,placebo,,[],FDA-page nonlisted generic-maker control; manufacture absence unverified,2,False,False,False,False,False
313,Tobramycin Lyophilized Powder for Injection,tobramycin lyophilized powder for injection,FRE.DE,DE,EXS1.DE,2020-08-28,2020-09-15,20200915020517,2020-09-15,2020-09-15T02:05:17+00:00,disrupted,"Fresenius Kabi USA, LLC","[{""presentation"": ""1.2 g, pharmacy bulk package, tray of 6 vials (NDC 63323-303-51)"", ""availability"": ""Backordered. Next release expected September 2020."", ""on_allocation"": false}, {""presentation"": ""1.2 g, pharmacy bulk package, tray of 6 vials (NDC 63323-303-55), Novaplus"", ""availability"": ""Backordered. Next release expected September 2020."", ""on_allocation"": false}]",,0,False,False,False,False,False
314,"Hydralazine Hydrochloride Injection, USP","hydralazine hydrochloride injection, usp",FRE.DE,DE,EXS1.DE,2020-09-13,2020-09-15,20200915022005,2020-09-15,2020-09-15T02:20:05+00:00,disrupted,"Fresenius Kabi USA, LLC","[{""presentation"": ""20 mg per mL, SDV (NDC 63323-614-01)"", ""availability"": ""Backordered. Next release expected September 2020."", ""on_allocation"": false}]",,0,False,False,False,False,False
314,"Hydralazine Hydrochloride Injection, USP","hydralazine hydrochloride injection, usp",MYL,US,SPY,2020-09-13,2020-09-15,20200915022005,2020-09-15,2020-09-15T02:20:05+00:00,disrupted,Mylan Institutional,"[{""presentation"": ""20 mg / 1 ml] 25PK (NDC 67457-291-01)"", ""availability"": ""Intermittent supply"", ""on_allocation"": false}]",,0,False,False,False,False,False
315,"Floxuridine for Injection, USP","floxuridine for injection, usp",HIK.L,UK,ISF.L,2020-09-20,2020-09-26,20200926020458,2020-09-26,2020-09-26T02:04:58+00:00,disrupted,"Hikma Pharmaceuticals USA, Inc. (formerly West-Ward)","[{""presentation"": ""500 mg per vial (NDC 0143-9270-01)"", ""availability"": ""This presentation is temporarily on backorder."", ""on_allocation"": false}]",,0,False,False,False,False,False
316,Nefazodone Hydrochloride Tablets,nefazodone hydrochloride tablets,TEVA,US,SPY,2020-09-20,2020-10-17,20201017081746,2020-10-17,2020-10-17T08:17:46+00:00,nonwinner,Teva Pharmaceuticals,"[{""presentation"": ""50 mg 100 Tablets (NDC 0093-7178-01)"", ""availability"": ""Availability is unknown at this time."", ""on_allocation"": false}, {""presentation"": ""100 mg 60 Tablets (NDC 0093-1024-06)"", ""availability"": ""Availability is unknown at this time."", ""on_allocation"": false}, {""presentation"": ""150 mg 60 Tablets (NDC 0093-7113-06)"", ""availability"": ""Availability is unknown at this time."", ""on_allocation"": false}, {""presentation"": ""200 mg 60 Tablets (NDC 0093-1025-06)"", ""availability"": ""Availablity is unknown at this time."", ""on_allocation"": false}, {""presentation"": ""250 mg 60 Tablets (NDC 0093-1026-06)"", ""availability"": ""Availability is unknown at this time."", ""on_allocation"": false}]",,0,False,False,False,False,False
321,Zinc Acetate Capsules,zinc acetate capsules,TEVA,US,SPY,2020-12-18,2021-01-17,20210117165625,2021-01-17,2021-01-17T16:56:25+00:00,winner,Teva Pharmaceuticals,"[{""presentation"": ""25 mg, bottle of 250 (NDC 57844-215-52)"", ""availability"": ""Unavailable"", ""on_allocation"": false}, {""presentation"": ""50 mg, bottle of 250 (NDC 57844-208-52)"", ""availability"": ""Limited short-dated stock available until early January 2021"", ""on_allocation"": false}, {""presentation"": ""25 mg zinc acetate dihydrate capsules, bottle of 250 (NDC 57844-376-25)"", ""availability"": ""Available"", ""on_allocation"": false}]",,1,False,False,False,False,False
321,Zinc Acetate Capsules,zinc acetate capsules,AMPH,US,SPY,2020-12-18,2021-01-17,20210117165625,2021-01-17,2021-01-17T16:56:25+00:00,placebo,,[],FDA-page nonlisted generic-maker control; manufacture absence unverified,1,False,False,False,False,False
321,Zinc Acetate Capsules,zinc acetate capsules,AMRX,US,SPY,2020-12-18,2021-01-17,20210117165625,2021-01-17,2021-01-17T16:56:25+00:00,placebo,,[],FDA-page nonlisted generic-maker control; manufacture absence unverified,1,False,False,False,False,False
321,Zinc Acetate Capsules,zinc acetate capsules,BAX,US,SPY,2020-12-18,2021-01-17,20210117165625,2021-01-17,2021-01-17T16:56:25+00:00,placebo,,[],FDA-page nonlisted generic-maker control; manufacture absence unverified,1,False,False,False,False,False
321,Zinc Acetate Capsules,zinc acetate capsules,ICUI,US,SPY,2020-12-18,2021-01-17,20210117165625,2021-01-17,2021-01-17T16:56:25+00:00,placebo,,[],FDA-page nonlisted generic-maker control; manufacture absence unverified,1,False,False,False,False,False
321,Zinc Acetate Capsules,zinc acetate capsules,RDY,US,SPY,2020-12-18,2021-01-17,20210117165625,2021-01-17,2021-01-17T16:56:25+00:00,placebo,,[],FDA-page nonlisted generic-maker control; manufacture absence unverified,1,False,False,False,False,False
321,Zinc Acetate Capsules,zinc acetate capsules,VTRS,US,SPY,2020-12-18,2021-01-17,20210117165625,2021-01-17,2021-01-17T16:56:25+00:00,placebo,,[],FDA-page nonlisted generic-maker control; manufacture absence unverified,1,False,False,False,False,False
322,Azacitidine for Injection,azacitidine for injection,FRE.DE,DE,EXS1.DE,2020-12-23,2021-01-17,20210117154831,2021-01-17,2021-01-17T15:48:31+00:00,disrupted,"Fresenius Kabi USA, LLC","[{""presentation"": ""100 mg per vial, single dose vial, PF, (NDC 63323-771-39)"", ""availability"": ""Backordered. Next release February 2021"", ""on_allocation"": false}]",,0,False,False,False,False,False
322,Azacitidine for Injection,azacitidine for injection,HIK.L,UK,ISF.L,2020-12-23,2021-01-17,20210117154831,2021-01-17,2021-01-17T15:48:31+00:00,disrupted,"Hikma Pharmaceuticals USA, Inc. (formerly West-Ward)","[{""presentation"": ""100 mg per vial, (NDC 0143-9606-01)"", ""availability"": ""This presentation is temporarily on backorder."", ""on_allocation"": false}]",,0,False,False,False,False,False
322,Azacitidine for Injection,azacitidine for injection,RDY,US,SPY,2020-12-23,2021-01-17,20210117154831,2021-01-17,2021-01-17T15:48:31+00:00,nonwinner,"Dr. Reddy's Laboratories, Inc.","[{""presentation"": ""100 mg per vial, (NDC 43598-305-62)"", ""availability"": ""Low inventory"", ""on_allocation"": true}]",,0,False,False,False,False,False
322,Azacitidine for Injection,azacitidine for injection,VTRS,US,SPY,2020-12-23,2021-01-17,20210117154831,2021-01-17,2021-01-17T15:48:31+00:00,disrupted,Mylan Pharmaceuticals Inc.,"[{""presentation"": ""100 mg per vial (NDC 67457-254-30)"", ""availability"": ""Unavailable"", ""on_allocation"": false}]",,0,False,False,False,False,False
325,"Valproate Sodium Injection, USP","valproate sodium injection, usp",FRE.DE,DE,EXS1.DE,2020-12-31,2021-01-17,20210117153211,2021-01-17,2021-01-17T15:32:11+00:00,disrupted,"Fresenius Kabi USA, LLC","[{""presentation"": ""500 mg per 5 mL (100 mg per mL) (NDC 63323-494-05)"", ""availability"": ""Backordered. Next release February 2021."", ""on_allocation"": false}]",,0,False,False,False,False,False
325,"Valproate Sodium Injection, USP","valproate sodium injection, usp",HIK.L,UK,ISF.L,2020-12-31,2021-01-17,20210117153211,2021-01-17,2021-01-17T15:32:11+00:00,disrupted,"Hikma Pharmaceuticals USA, Inc. (formerly West-Ward)","[{""presentation"": ""100 mg/mL, 5 mL vial (NDC 0143-9785-10)"", ""availability"": ""This presentation is temporarily on backorder."", ""on_allocation"": false}]",,0,False,False,False,False,False
331,Rifampin Injection,rifampin injection,FRE.DE,DE,EXS1.DE,2021-02-21,2021-02-27,20210227063658,2021-02-27,2021-02-27T06:36:58+00:00,disrupted,"Fresenius Kabi USA, LLC","[{""presentation"": ""600 mg per vial, PF, Lyophilized powder (NDC 63323-351-20)"", ""availability"": ""Backordered. Next release March 2021."", ""on_allocation"": false}]",,0,False,False,False,False,False
331,Rifampin Injection,rifampin injection,VTRS,US,SPY,2021-02-21,2021-02-27,20210227063658,2021-02-27,2021-02-27T06:36:58+00:00,disrupted,Mylan,"[{""presentation"": ""600 mg, (Lyophilizate in Single Dose Vials) (NDC 67457-445-60)"", ""availability"": ""Unavailable - Resupply March 2021"", ""on_allocation"": false}]",,0,False,False,False,False,False
332,Trimethobenzamide Hydrochloride Capsules,trimethobenzamide hydrochloride capsules,LUPIN.NS,IN,NIFTYBEES.NS,2021-02-21,2021-02-27,20210227071831,2021-02-27,2021-02-27T07:18:31+00:00,disrupted,Lupin,"[{""presentation"": ""300 mg, bottle of 30 (NDC 43386-660-03)"", ""availability"": ""Currently unavailable. Estimated shortage duration: TBD"", ""on_allocation"": false}, {""presentation"": ""300 mg, bottle of 100 (NDC 43386-660-24)"", ""availability"": ""Currently unavailable. Estimated shortage duration: TBD"", ""on_allocation"": false}, {""presentation"": ""300 mg, bottle of 500 (NDC 43386-660-26)"", ""availability"": ""Currently unavailable. Estimated shortage duration: TBD"", ""on_allocation"": false}]",,0,False,False,False,False,False
332,Trimethobenzamide Hydrochloride Capsules,trimethobenzamide hydrochloride capsules,PFE,US,SPY,2021-02-21,2021-02-27,20210227071831,2021-02-27,2021-02-27T07:18:31+00:00,nonwinner,Pfizer Pharmaceuticals,"[{""presentation"": ""300 mg, bottle of 100 (NDC 61570-079-01)"", ""availability"": ""Drop ship orders only"", ""on_allocation"": false}]",,0,False,False,False,False,False
332,Trimethobenzamide Hydrochloride Capsules,trimethobenzamide hydrochloride capsules,SUNPHARMA.NS,IN,NIFTYBEES.NS,2021-02-21,2021-02-27,20210227071831,2021-02-27,2021-02-27T07:18:31+00:00,disrupted,Sun Pharmaceutical Industries Inc.,"[{""presentation"": ""300 mg, bottle of 100 (NDC 53489-376-01)"", ""availability"": ""Unavailable"", ""on_allocation"": false}]",,0,False,False,False,False,False
335,Calcium Gluconate Injection,calcium gluconate injection,FRE.DE,DE,EXS1.DE,2021-04-11,2021-04-12,20210412025544,2021-04-12,2021-04-12T02:55:44+00:00,winner,"Fresenius Kabi USA, LLC","[{""presentation"": ""1,000 mg calcium gluconate per 10 mL (100 mg/mL), single dose vial (NDC 63323-360-01, 1 vial; NDC 63323-360-19, 25 vials)"", ""availability"": ""Available"", ""on_allocation"": false}, {""presentation"": ""5,000 mg calcium gluconate per 50 mL (100 mg/mL), single dose vial (NDC 63323-360-03, 1 vial; NDC 63323-360-59, 25 vials)"", ""availability"": ""Backordered. Next release March 2021."", ""on_allocation"": false}, {""presentation"": ""10,000 mg calcium gluconate per 100 mL (100 mg/mL), pharmacy bulk package vial (NDC 63323-360-05, 1 vial; NDC 63323-360-61, 20 vials)"", ""availability"": ""Backordered. Next release March 2021."", ""on_allocation"": false}]",,1,True,False,False,False,False
337,Cortisone Acetate Tablets,cortisone acetate tablets,HIK.L,UK,ISF.L,2021-04-11,2021-04-12,20210412031031,2021-04-12,2021-04-12T03:10:31+00:00,disrupted,"Hikma Pharmaceuticals USA, Inc. (formerly West-Ward)","[{""presentation"": ""25 mg, bottles of 100 (NDC 0143-9700-01)"", ""availability"": ""Currently Unavailable. Estimated shortage duration: TBD"", ""on_allocation"": false}]",,0,True,False,False,False,False
338,Disopyramide Phosphate (Norpace) Capsules,disopyramide phosphate (norpace) capsules,PFE,US,SPY,2021-04-11,2021-03-29,20210329194917,2021-04-11,2021-04-11T23:59:59.999999999+00:00,winner,Pfizer Pharmaceuticals,"[{""presentation"": ""Norpace CR, 100 mg capsules, bottle of 100 (NDC 0025-2732-31)"", ""availability"": ""Limited supply available. Next Delivery and Estimated Recovery: September 2021"", ""on_allocation"": false}, {""presentation"": ""Norpace CR, 150 mg capsules, bottle of 100 (NDC 0025-2742-31)"", ""availability"": ""Limited supply available. Next Delivery and Estimated Recovery: September 2021"", ""on_allocation"": false}, {""presentation"": ""100 mg capsules, bottle of 100 (NDC 59762-0386-1)"", ""availability"": ""Available"", ""on_allocation"": false}, {""presentation"": ""150 mg capsules, bottle of 100 (NDC 59762-0400-1)"", ""availability"": ""Available"", ""on_allocation"": false}]",,2,True,False,False,False,False
338,Disopyramide Phosphate (Norpace) Capsules,disopyramide phosphate (norpace) capsules,TEVA,US,SPY,2021-04-11,2021-03-29,20210329194917,2021-04-11,2021-04-11T23:59:59.999999999+00:00,winner,Teva Pharmaceuticals,"[{""presentation"": ""100 mg capsules, bottle of 100 (NDC 0093-3127-01)"", ""availability"": ""Available"", ""on_allocation"": false}, {""presentation"": ""150 mg capsules, bottle of 100 (NDC 0093-3129-01)"", ""availability"": ""Available"", ""on_allocation"": false}]",,2,True,False,False,False,False
338,Disopyramide Phosphate (Norpace) Capsules,disopyramide phosphate (norpace) capsules,AMPH,US,SPY,2021-04-11,2021-03-29,20210329194917,2021-04-11,2021-04-11T23:59:59.999999999+00:00,placebo,,[],FDA-page nonlisted generic-maker control; manufacture absence unverified,2,True,False,False,False,False
338,Disopyramide Phosphate (Norpace) Capsules,disopyramide phosphate (norpace) capsules,AMRX,US,SPY,2021-04-11,2021-03-29,20210329194917,2021-04-11,2021-04-11T23:59:59.999999999+00:00,placebo,,[],FDA-page nonlisted generic-maker control; manufacture absence unverified,2,True,False,False,False,False
338,Disopyramide Phosphate (Norpace) Capsules,disopyramide phosphate (norpace) capsules,BAX,US,SPY,2021-04-11,2021-03-29,20210329194917,2021-04-11,2021-04-11T23:59:59.999999999+00:00,placebo,,[],FDA-page nonlisted generic-maker control; manufacture absence unverified,2,True,False,False,False,False
338,Disopyramide Phosphate (Norpace) Capsules,disopyramide phosphate (norpace) capsules,ICUI,US,SPY,2021-04-11,2021-03-29,20210329194917,2021-04-11,2021-04-11T23:59:59.999999999+00:00,placebo,,[],FDA-page nonlisted generic-maker control; manufacture absence unverified,2,True,False,False,False,False
338,Disopyramide Phosphate (Norpace) Capsules,disopyramide phosphate (norpace) capsules,RDY,US,SPY,2021-04-11,2021-03-29,20210329194917,2021-04-11,2021-04-11T23:59:59.999999999+00:00,placebo,,[],FDA-page nonlisted generic-maker control; manufacture absence unverified,2,True,False,False,False,False
338,Disopyramide Phosphate (Norpace) Capsules,disopyramide phosphate (norpace) capsules,VTRS,US,SPY,2021-04-11,2021-03-29,20210329194917,2021-04-11,2021-04-11T23:59:59.999999999+00:00,placebo,,[],FDA-page nonlisted generic-maker control; manufacture absence unverified,2,True,False,False,False,False
339,Hydroxocobalamin Injection,hydroxocobalamin injection,TEVA,US,SPY,2021-04-22,2021-05-12,20210512231257,2021-05-12,2021-05-12T23:12:57+00:00,nonwinner,Teva Pharmaceuticals,"[{""presentation"": ""Hydroxocobalamin Injection 1000MCG/ML, 1X30ML(NDC 0591-2888-30)"", ""availability"": ""Product availability anticipated late April 2021."", ""on_allocation"": false}]",,0,False,False,False,False,False
340,"Protamine Sulfate Injection, USP","protamine sulfate injection, usp",FRE.DE,DE,EXS1.DE,2021-04-22,2021-05-12,20210512231616,2021-05-12,2021-05-12T23:16:16+00:00,disrupted,"Fresenius Kabi USA, LLC","[{""presentation"": ""50 mg per 5 mL (10 mg per mL), single dose vial, preservative free, (NDC 63323-229-05)"", ""availability"": ""Backordered. Next release May 2021."", ""on_allocation"": false}, {""presentation"": ""250 mg per 25 mL (10 mg per mL), single dose vial, preservative free, (NDC 63323-229-30)"", ""availability"": ""Backordered. Next release May 2021."", ""on_allocation"": false}]",,0,False,False,False,False,False
342,Chloroprocaine Hydrochloride Injection,chloroprocaine hydrochloride injection,FRE.DE,DE,EXS1.DE,2021-05-21,2021-06-17,20210617081755,2021-06-17,2021-06-17T08:17:55+00:00,winner,"Fresenius Kabi USA, LLC","[{""presentation"": ""Nescacaine 1% (300 mg per 30 mL) (10 mg per mL); MDV; (NDC 63323-475-37)"", ""availability"": ""Available"", ""on_allocation"": false}, {""presentation"": ""Nescacaine 2% (600 mg per 30 mL) (20 mg per mL); MDV; (NDC 63323-476-37)"", ""availability"": ""Available"", ""on_allocation"": false}, {""presentation"": ""Nesacaine 2% (400 mg per 20 mL) (20 mg per mL); SDV; (NDC 63323-477-27)"", ""availability"": ""Backordered. Next release June 2021."", ""on_allocation"": false}, {""presentation"": ""Nesacaine 3% (600 mg per 20 mL) (30 mg per mL); SDV; (NDC 63323-478-27)"", ""availability"": ""Backordered. Next release July 2021."", ""on_allocation"": false}]",,2,False,False,False,False,False
342,Chloroprocaine Hydrochloride Injection,chloroprocaine hydrochloride injection,HIK.L,UK,ISF.L,2021-05-21,2021-06-17,20210617081755,2021-06-17,2021-06-17T08:17:55+00:00,winner,"Hikma Pharmaceuticals USA, Inc. (formerly West-Ward)","[{""presentation"": ""2% (20 mg/mL), 20 mL vial (NDC 0143-9209-10)"", ""availability"": ""Inventory is currently available."", ""on_allocation"": false}, {""presentation"": ""3% (30 mg/mL), 20 mL vial (NDC 0143-9210-10)"", ""availability"": ""This presentation is temporarily on backorder."", ""on_allocation"": false}]",,2,False,False,False,False,False
344,Digoxin Injection,digoxin injection,HIK.L,UK,ISF.L,2021-06-13,2021-06-17,20210617082709,2021-06-17,2021-06-17T08:27:09+00:00,disrupted,"Hikma Pharmaceuticals USA, Inc. (formerly West-Ward)","[{""presentation"": ""250 mcg/mL, 2 mL (NDC 0641-1410-35)"", ""availability"": ""This presentation is on backorder."", ""on_allocation"": false}]",,0,True,False,False,False,False
344,Digoxin Injection,digoxin injection,NOVN.SW,CH,CSSMI.SW,2021-06-13,2021-06-17,20210617082709,2021-06-17,2021-06-17T08:27:09+00:00,disrupted,Sandoz,"[{""presentation"": ""500mcg/2 mL; 10 ampules (NDC 0781-3059-95)"", ""availability"": ""Available; Intermittent Backorder"", ""on_allocation"": false}]",,0,True,False,False,False,False
346,Varenicline Tartrate (Chantix) Tablets,varenicline tartrate (chantix) tablets,PFE,US,SPY,2021-07-02,2021-07-22,20210722214620,2021-07-22,2021-07-22T21:46:20+00:00,disrupted,Pfizer Pharmaceuticals,"[{""presentation"": ""Chantix 0.5 mg; bottle of 56 (NDC 0069-0468-56)"", ""availability"": ""Next Delivery and Estimated Recovery: TBD"", ""on_allocation"": false}, {""presentation"": ""Chantix 1 mg; bottle of 56 (NDC 0069-0469-56)"", ""availability"": ""Next Delivery and Estimated Recovery: TBD"", ""on_allocation"": false}, {""presentation"": ""Chantix Starting wallet; 0.5 mg 1x11 1 mg FCT 3x14 BLS WL US (NDC 0069-0471-03)"", ""availability"": ""Next Delivery and Estimated Recovery: TBD"", ""on_allocation"": false}, {""presentation"": ""Chantix Continuing wallet; 1 mg FCT 4x14 BLS WL US (NDC 0069-0469-03)"", ""availability"": ""Next Delivery and Estimated Recovery: TBD"", ""on_allocation"": false}]",,0,False,False,False,False,False
348,Gentamicin Sulfate Injection,gentamicin sulfate injection,FRE.DE,DE,EXS1.DE,2021-07-24,2021-08-17,20210817224348,2021-08-17,2021-08-17T22:43:48+00:00,winner,"Fresenius Kabi USA, LLC","[{""presentation"": ""80 mg per 2 mL (40 mg per mL), MDV, (NDC 63323-010-02)"", ""availability"": ""Backordered. Next release September 2021."", ""on_allocation"": false}, {""presentation"": ""800 mg per 20 mL (40 mg per mL), MDV, (NDC 63323-010-20)"", ""availability"": ""Available"", ""on_allocation"": false}, {""presentation"": ""20 mg per 2 mL (10 mg per mL), Pediatric SDV, (NDC 63323-173-02)"", ""availability"": ""Backordered. Next release September 2021."", ""on_allocation"": false}]",,2,False,False,False,False,False
348,Gentamicin Sulfate Injection,gentamicin sulfate injection,PFE,US,SPY,2021-07-24,2021-08-17,20210817224348,2021-08-17,2021-08-17T22:43:48+00:00,winner,"Hospira, Inc.","[{""presentation"": ""80 mg/2 mL (40 mg/mL); 2 mL Single Dose Glass Fliptop Vial (NDC 00409-1207-03)"", ""availability"": ""Next Delivery and Estimated Recovery: October 2021"", ""on_allocation"": false}, {""presentation"": ""80 mg/2 mL (40 mg/mL) Single Dose Glass Fliptop Vial NovaPlus (NDC 00409-1207-25)"", ""availability"": ""Available"", ""on_allocation"": false}]",,2,False,False,False,False,False
348,Gentamicin Sulfate Injection,gentamicin sulfate injection,AMPH,US,SPY,2021-07-24,2021-08-17,20210817224348,2021-08-17,2021-08-17T22:43:48+00:00,placebo,,[],FDA-page nonlisted generic-maker control; manufacture absence unverified,2,False,False,False,False,False
348,Gentamicin Sulfate Injection,gentamicin sulfate injection,AMRX,US,SPY,2021-07-24,2021-08-17,20210817224348,2021-08-17,2021-08-17T22:43:48+00:00,placebo,,[],FDA-page nonlisted generic-maker control; manufacture absence unverified,2,False,False,False,False,False
348,Gentamicin Sulfate Injection,gentamicin sulfate injection,BAX,US,SPY,2021-07-24,2021-08-17,20210817224348,2021-08-17,2021-08-17T22:43:48+00:00,placebo,,[],FDA-page nonlisted generic-maker control; manufacture absence unverified,2,False,False,False,False,False
348,Gentamicin Sulfate Injection,gentamicin sulfate injection,ICUI,US,SPY,2021-07-24,2021-08-17,20210817224348,2021-08-17,2021-08-17T22:43:48+00:00,placebo,,[],FDA-page nonlisted generic-maker control; manufacture absence unverified,2,False,False,False,False,False
348,Gentamicin Sulfate Injection,gentamicin sulfate injection,RDY,US,SPY,2021-07-24,2021-08-17,20210817224348,2021-08-17,2021-08-17T22:43:48+00:00,placebo,,[],FDA-page nonlisted generic-maker control; manufacture absence unverified,2,False,False,False,False,False
348,Gentamicin Sulfate Injection,gentamicin sulfate injection,TEVA,US,SPY,2021-07-24,2021-08-17,20210817224348,2021-08-17,2021-08-17T22:43:48+00:00,placebo,,[],FDA-page nonlisted generic-maker control; manufacture absence unverified,2,False,False,False,False,False
348,Gentamicin Sulfate Injection,gentamicin sulfate injection,VTRS,US,SPY,2021-07-24,2021-08-17,20210817224348,2021-08-17,2021-08-17T22:43:48+00:00,placebo,,[],FDA-page nonlisted generic-maker control; manufacture absence unverified,2,False,False,False,False,False
352,Mannitol Injection,mannitol injection,BAX,US,SPY,2021-09-27,2021-10-08,20211008224434,2021-10-08,2021-10-08T22:44:34+00:00,winner,Baxter Healthcare,"[{""presentation"": ""10% OSMITROL Injection (10% Mannitol Injection, USP) 500 mL Viaflex Plastic Container Product Code 2D5613Q (NDC 0338-0535-03)"", ""availability"": ""Available"", ""on_allocation"": false}, {""presentation"": ""20% OSMITROL Injection (20% Mannitol Injection, USP) 500 mL Viaflex Plastic Container Product Code 2D5633Q (NDC 0338-0357-03); 250 mL Viaflex Plastic Container Product Code 2D5632Q (NDC 0338-0357-02)"", ""availability"": ""Available"", ""on_allocation"": false}]",,2,False,False,False,False,False
352,Mannitol Injection,mannitol injection,FRE.DE,DE,EXS1.DE,2021-09-27,2021-10-08,20211008224434,2021-10-08,2021-10-08T22:44:34+00:00,disrupted,"Fresenius Kabi USA, LLC","[{""presentation"": ""25% (12.5 grams per 50 mL)(250 mg per mL) Single dose vial (NDC 63323-024-25)"", ""availability"": ""Backordered. Next release November 2021."", ""on_allocation"": false}]",,2,False,False,False,False,False
352,Mannitol Injection,mannitol injection,ICUI,US,SPY,2021-09-27,2021-10-08,20211008224434,2021-10-08,2021-10-08T22:44:34+00:00,winner,"ICU Medical, Inc.","[{""presentation"": ""20% Mannitol Injection, USP 500 mL (Legacy Hospira NDC 0409-7715-03)(ICU Medical NDC 0990-7715-03)"", ""availability"": ""Available"", ""on_allocation"": false}, {""presentation"": ""20% Mannitol Injection, USP 250 mL (Legacy Hospira NDC 0409-7715-02)(ICU Medical NDC 0990-7715-02)"", ""availability"": ""Available"", ""on_allocation"": false}]",,2,False,False,False,False,False
352,Mannitol Injection,mannitol injection,PFE,US,SPY,2021-09-27,2021-10-08,20211008224434,2021-10-08,2021-10-08T22:44:34+00:00,disrupted,"Hospira, Inc.","[{""presentation"": ""12.5 g/50 mL (25%); Single Dose Glass Fliptop Vial (NDC 0409-4031-01)"", ""availability"": ""Next Delivery: October 2021; Estimated Recovery: January 2022"", ""on_allocation"": false}]",,2,False,False,False,False,False
352,Mannitol Injection,mannitol injection,AMPH,US,SPY,2021-09-27,2021-10-08,20211008224434,2021-10-08,2021-10-08T22:44:34+00:00,placebo,,[],FDA-page nonlisted generic-maker control; manufacture absence unverified,2,False,False,False,False,False
352,Mannitol Injection,mannitol injection,AMRX,US,SPY,2021-09-27,2021-10-08,20211008224434,2021-10-08,2021-10-08T22:44:34+00:00,placebo,,[],FDA-page nonlisted generic-maker control; manufacture absence unverified,2,False,False,False,False,False
352,Mannitol Injection,mannitol injection,RDY,US,SPY,2021-09-27,2021-10-08,20211008224434,2021-10-08,2021-10-08T22:44:34+00:00,placebo,,[],FDA-page nonlisted generic-maker control; manufacture absence unverified,2,False,False,False,False,False
352,Mannitol Injection,mannitol injection,TEVA,US,SPY,2021-09-27,2021-10-08,20211008224434,2021-10-08,2021-10-08T22:44:34+00:00,placebo,,[],FDA-page nonlisted generic-maker control; manufacture absence unverified,2,False,False,False,False,False
352,Mannitol Injection,mannitol injection,VTRS,US,SPY,2021-09-27,2021-10-08,20211008224434,2021-10-08,2021-10-08T22:44:34+00:00,placebo,,[],FDA-page nonlisted generic-maker control; manufacture absence unverified,2,False,False,False,False,False
354,Kit for the Preparation of Technetium Tc 99m Sulfur Colloid Injection,kit for the preparation of technetium tc 99m sulfur colloid injection,SUNPHARMA.NS,IN,NIFTYBEES.NS,2021-10-08,2021-10-24,20211024030725,2021-10-24,2021-10-24T03:07:25+00:00,disrupted,Sun Pharmaceutical Industries Inc.,"[{""presentation"": ""5 Vial Kit (NDC 45567-0030-1)"", ""availability"": ""On backorder. Limited inventory available in November 2021."", ""on_allocation"": false}]",,0,False,False,False,False,False
356,Dacarbazine Injection,dacarbazine injection,FRE.DE,DE,EXS1.DE,2021-10-27,2021-11-20,20211120035721,2021-11-20,2021-11-20T03:57:21+00:00,disrupted,"Fresenius Kabi USA, LLC","[{""presentation"": ""100 mg per vial, Single Dose Amber Vial (NDC 63323-127-10)"", ""availability"": ""Backordered. Next release November 2021."", ""on_allocation"": false}, {""presentation"": ""200 mg per vial, Single Dose Amber Vial (NDC 63323-128-20)"", ""availability"": ""Backordered. Next release November 2021."", ""on_allocation"": false}]",,0,False,False,False,False,False
356,Dacarbazine Injection,dacarbazine injection,HIK.L,UK,ISF.L,2021-10-27,2021-11-20,20211120035721,2021-11-20,2021-11-20T03:57:21+00:00,disrupted,"Hikma Pharmaceuticals USA, Inc. (formerly West-Ward)","[{""presentation"": ""200 mg/vial (NDC 0143-9245-10)"", ""availability"": ""This presentation is temporarily on backorder."", ""on_allocation"": false}]",,0,False,False,False,False,False
356,Dacarbazine Injection,dacarbazine injection,TEVA,US,SPY,2021-10-27,2021-11-20,20211120035721,2021-11-20,2021-11-20T03:57:21+00:00,disrupted,Teva Pharmaceuticals,"[{""presentation"": ""200 mg 10x20mL (NDC 00703-5075-03)"", ""availability"": ""Limited quantities are available"", ""on_allocation"": false}, {""presentation"": ""200 mg 1x20mL (NDC 00703-5075-01)"", ""availability"": ""Limited quantities are available"", ""on_allocation"": false}]",,0,False,False,False,False,False
359,Potassium Chloride Concentrate Injection,potassium chloride concentrate injection,FRE.DE,DE,EXS1.DE,2021-11-04,2021-11-24,20211124054817,2021-11-24,2021-11-24T05:48:17+00:00,disrupted,"Fresenius Kabi USA, LLC","[{""presentation"": ""60 mEq per 30 mL (2 mEq per mL), Multi dose, plastic vial, (NDC 63323-967-30)"", ""availability"": ""Backordered. Next release January 2022."", ""on_allocation"": false}, {""presentation"": ""10 mEq per 5 mL(2 mEq per mL), Single dose, plastic vial, (NDC 63323-965-05)"", ""availability"": ""Backordered. Next release December 2021."", ""on_allocation"": false}, {""presentation"": ""20 mEq per 10 mL (2 mEq per mL), Single dose, plastic vial, (NDC 63323-965-10)"", ""availability"": ""Backordered. Next release December 2021."", ""on_allocation"": false}, {""presentation"": ""40 mEq per 20 mL (2 mEq per mL), Single dose, plastic vial, (NDC 63323-965-20)"", ""availability"": ""Backordered. Next release December 2021."", ""on_allocation"": false}]",,0,False,False,False,False,False
359,Potassium Chloride Concentrate Injection,potassium chloride concentrate injection,PFE,US,SPY,2021-11-04,2021-11-24,20211124054817,2021-11-24,2021-11-24T05:48:17+00:00,disrupted,"Hospira, Inc.","[{""presentation"": ""10 mEq/5 mL (2 mEq/mL) Single Dose Glass Fliptop Vial (NDC 0409-6635-01)"", ""availability"": ""Next Delivery and Estimated Recovery: December 2021"", ""on_allocation"": false}, {""presentation"": ""20 mEq/10 mL (2 mEq/mL) Single Dose Plastic Fliptop Vial (NDC 0409-6651-06)"", ""availability"": ""Next Delivery: January 2022; Estimated Recovery: April 2022"", ""on_allocation"": false}, {""presentation"": ""40 mEq/20 mL (2 mEq/mL) Single Dose Plastic Fliptop Vial (NDC 00409-6653-05)"", ""availability"": ""Next Delivery: November 2021 and Estimated Recovery: February 2022"", ""on_allocation"": false}]",,0,False,False,False,False,False
363,Sterile Water for Injection,sterile water for injection,FRE.DE,DE,EXS1.DE,2021-12-05,2021-12-08,20211208045350,2021-12-08,2021-12-08T04:53:50+00:00,disrupted,"Fresenius Kabi USA, LLC","[{""presentation"": ""10 mL Vial (NDC 63323-0185-10)"", ""availability"": ""Backordered. Next release December 2021."", ""on_allocation"": false}, {""presentation"": ""20 mL Vial (NDC 63323-0185-20)"", ""availability"": ""Backordered. Next release December 2021."", ""on_allocation"": false}, {""presentation"": ""50 mL Vial (NDC 63323-0185-50)"", ""availability"": ""Backordered. Next release Q1-2022."", ""on_allocation"": false}]",,0,True,False,False,False,False
363,Sterile Water for Injection,sterile water for injection,HIK.L,UK,ISF.L,2021-12-05,2021-12-08,20211208045350,2021-12-08,2021-12-08T04:53:50+00:00,disrupted,"Hikma Pharmaceuticals USA, Inc. (formerly West-Ward)","[{""presentation"": ""10 mL vial (NDC 0641-6147-10)"", ""availability"": ""This presentation is temporarily on backorder."", ""on_allocation"": false}]",,0,True,False,False,False,False
363,Sterile Water for Injection,sterile water for injection,PFE,US,SPY,2021-12-05,2021-12-08,20211208045350,2021-12-08,2021-12-08T04:53:50+00:00,disrupted,"Hospira, Inc.","[{""presentation"": ""10 mL Single Dose Plastic Fliptop Vial (NDC 00409-4887-10)"", ""availability"": ""Limited Supply Available. Next Delivery: December 2021; Estimated Recovery: January 2023"", ""on_allocation"": false}, {""presentation"": ""20 mL Single Dose Plastic Fliptop Vial (NDC 00409-4887-20)"", ""availability"": ""Limited Supply Available. Next Delivery: December 2021; Estimated recovery: April 2022"", ""on_allocation"": false}, {""presentation"": ""50 mL Single Dose Plastic Fliptop Vial (NDC 00409-4887-50)"", ""availability"": ""Next Delivery: December 2021; Estimated recovery: April 2022"", ""on_allocation"": false}, {""presentation"": ""100 mL Single Dose Glass Fliptop Vial (NDC 00409-4887-99)"", ""availability"": ""Next Delivery: December 2021; Estimated recovery: January 2023"", ""on_allocation"": false}]",,0,True,False,False,False,False
364,Bacteriostatic 0.9% Sodium Chloride Injection,bacteriostatic 0.9% sodium chloride injection,FRE.DE,DE,EXS1.DE,2021-12-18,2021-12-15,20211215184012,2021-12-18,2021-12-18T23:59:59.999999999+00:00,disrupted,"Fresenius Kabi USA, LLC","[{""presentation"": ""0.9% (90 mg per 10 mL), (9mg/mL), Multiple Dose Plastic Vial, 30 mL (NDC 63323-924-30)"", ""availability"": ""Backordered. Next release February 2022."", ""on_allocation"": false}, {""presentation"": ""0.9% (90 mg per 10 mL), (9mg/mL), Multiple Dose Plastic Vial, 10 mL, (NDC 63323-924-10)"", ""availability"": ""Backordered. Next release February 2022."", ""on_allocation"": false}]",,0,False,False,False,False,False
364,Bacteriostatic 0.9% Sodium Chloride Injection,bacteriostatic 0.9% sodium chloride injection,PFE,US,SPY,2021-12-18,2021-12-15,20211215184012,2021-12-18,2021-12-18T23:59:59.999999999+00:00,disrupted,"Hospira, Inc.","[{""presentation"": ""10 mL Multiple Dose LifeShield\u2122 Plastic Fliptop Vial (NDC 00409-1966-12)"", ""availability"": ""Next delivery: January 2022; Estimated Recovery: October 2022"", ""on_allocation"": false}, {""presentation"": ""20 mL Multiple Dose Plastic Fliptop Vial (NDC 00409-1966-05)"", ""availability"": ""Next delivery: February 2022; Estimated Recovery: March 2022"", ""on_allocation"": false}, {""presentation"": ""30 mL Multiple Dose Plastic Fliptop Vial (NDC 00409-1966-07)"", ""availability"": ""Next delivery: January 2022; Estimated recovery: August 2022"", ""on_allocation"": false}]",,0,False,False,False,False,False
365,Methylprednisolone Acetate Injection,methylprednisolone acetate injection,AMRX,US,SPY,2021-12-18,2021-12-15,20211215183932,2021-12-18,2021-12-18T23:59:59.999999999+00:00,disrupted,Amneal Pharmaceutical,"[{""presentation"": ""40mg/mL, 1 single-dose vial (NDC 70121-1573-01)"", ""availability"": ""Unavailable"", ""on_allocation"": false}, {""presentation"": ""40 mg/mL, 25 single-dose vials (NDC 70121-1573-05)"", ""availability"": ""Unavailable"", ""on_allocation"": false}, {""presentation"": ""80 mg/mL, 1 single-dose vials (NDC 70121-1574-01)"", ""availability"": ""Unavailable"", ""on_allocation"": false}, {""presentation"": ""80 mg/mL, 25 single-dose vials (NDC 70121-1574-05)"", ""availability"": ""Unavailable"", ""on_allocation"": false}]",,0,False,False,False,False,False
365,Methylprednisolone Acetate Injection,methylprednisolone acetate injection,PFE,US,SPY,2021-12-18,2021-12-15,20211215183932,2021-12-18,2021-12-18T23:59:59.999999999+00:00,disrupted,Pfizer Pharmaceuticals,"[{""presentation"": ""20 mg/mL; Multidose Vial (NDC 0009-0274-01)"", ""availability"": ""Next Delivery: April 2023; Estimated Recovery: June 2022"", ""on_allocation"": false}, {""presentation"": ""40 mg/mL; Multidose Vial (NDC 0009-0280-02)"", ""availability"": ""Next Delivery: April 2023; Estimated Recovery: June 2022"", ""on_allocation"": false}, {""presentation"": ""40 mg/mL; Multidose Vial (NDC 0009-0280-03)"", ""availability"": ""Next Delivery: March 2022; Estimated Recovery: June 2023"", ""on_allocation"": false}, {""presentation"": ""40 mg/mL; Multidose Vial (NDC 0009-0280-51)"", ""availability"": ""Next Delivery: April 2023; Estimated Recovery: June 2023"", ""on_allocation"": false}, {""presentation"": ""40 mg/mL; Multidose Vial (NDC 0009-0280-52)"", ""availability"": ""Next Delivery: April 2023; Estimated Recovery: June 2023"", ""on_allocation"": false}, {""presentation"": ""80 mg/mL; Multidose Vial (NDC 0009-0306-02)"", ""availability"": ""Next Delivery: June 2022; Estimated Recovery: June 2023"", ""on_allocation"": false}, {""presentation"": ""80 mg/mL; Multidose Vial (NDC 0009-0306-12)"", ""availability"": ""Next Delivery: June 2022; Estimated Recovery: June 2023"", ""on_allocation"": false}, {""presentation"": ""40 mg/mL; Single-dose Vial (NDC 0009-3073-01)"", ""availability"": ""Next Delivery: April 2023; Estimated Recovery: June 2023"", ""on_allocation"": false}, {""presentation"": ""40 mg/mL; Single-dose Vial (NDC 0009-3073-03)"", ""availability"": ""Next Delivery: June 2022; Estimated Recovery: June 2023"", ""on_allocation"": false}, {""presentation"": ""40 mg/mL; Single-dose Vial NovaPlus (NDC 0009-3073-22)"", ""availability"": ""Next Delivery: April 2023; Estimated Recovery: June 2023"", ""on_allocation"": false}, {""presentation"": ""80 mg/mL; Single-dose Vial NovaPlus (NDC 0009-3073-23)"", ""availability"": ""Next Delivery: April 2023; Estimated Recovery: June 2023"", ""on_allocation"": false}, {""presentation"": ""80 mg/mL; Single-dose Vial (NDC 0009-3475-01)"", ""availability"": ""Next Delivery: April 2023; Estimated Recovery: June 2023"", ""on_allocation"": false}, {""presentation"": ""80 mg/mL; Single-dose Vial (NDC 0009-3475-03)"", ""availability"": ""Next Delivery: June 2022; Estimated Recovery: June 2023"", ""on_allocation"": false}, {""presentation"": ""80 mg/mL; Single-dose Vial NovaPlus (NDC 0009-3475-22)"", ""availability"": ""Next Delivery: April 2023; Estimated Recovery: June 2023"", ""on_allocation"": false}, {""presentation"": ""80 mg/mL; Single-dose Vial NovaPlus (NDC 0009-3475-23)"", ""availability"": ""Next Delivery: April 2023; Estimated Recovery: June 2023"", ""on_allocation"": false}]",,0,False,False,False,False,False
365,Methylprednisolone Acetate Injection,methylprednisolone acetate injection,TEVA,US,SPY,2021-12-18,2021-12-15,20211215183932,2021-12-18,2021-12-18T23:59:59.999999999+00:00,disrupted,Teva Pharmaceuticals,"[{""presentation"": ""400 mg/10 mL (40 mg/mL) 10 mL Multiple-Dose Vial (NDC 0703-0045-01)"", ""availability"": ""Backordered; Estimated duration TBD"", ""on_allocation"": false}, {""presentation"": ""400 mg/5 mL (80 mg/mL) 5 mL Multiple-Dose Vial (NDC 0703-0063-01)"", ""availability"": ""Backordered; Estimated duration TBD"", ""on_allocation"": false}, {""presentation"": ""200 mg/5 mL (40 mg/mL) 5 mL Multiple-Dose Vial (NDC 0703-0043-01)"", ""availability"": ""Backordered; Estimated duration TBD"", ""on_allocation"": false}, {""presentation"": ""40 mg/mL 1 mL Single-Dose Vial (NDC 0703-0031-01)"", ""availability"": ""Backordered; Estimated duration TBD"", ""on_allocation"": false}, {""presentation"": ""80 mg/mL 1 mL Single-Dose Vial (NDC 0703-0051-01)"", ""availability"": ""Backordered; Estimated duration TBD"", ""on_allocation"": false}, {""presentation"": ""40 mg/mL 25 x 1 mL Single-Dose Vial (NDC 0703-0031-04 40)"", ""availability"": ""Backordered; Estimated duration TBD"", ""on_allocation"": false}, {""presentation"": ""80 mg/mL 25 x 1 mL Single-Dose Vial (NDC 0703-0051-04)"", ""availability"": ""Backordered; Estimated duration TBD"", ""on_allocation"": false}]",,0,False,False,False,False,False
367,Dextrose 50% Injection,dextrose 50% injection,AMPH,US,SPY,2022-01-22,2022-01-19,20220119133223,2022-01-22,2022-01-22T23:59:59.999999999+00:00,disrupted,"Amphastar Pharmaceuticals, Inc./IMS","[{""presentation"": ""25 g/50 mL (0.5 g/mL), syringe, 10 per carton (NDC 76329-3302-1) (old NDC 76329-3301-1)"", ""availability"": ""Backorder due to increase in demand"", ""on_allocation"": false}]",,0,False,False,False,False,False
367,Dextrose 50% Injection,dextrose 50% injection,PFE,US,SPY,2022-01-22,2022-01-19,20220119133223,2022-01-22,2022-01-22T23:59:59.999999999+00:00,disrupted,"Hospira, Inc.","[{""presentation"": ""25 g/50 mL (0.5 g/mL), plastic syringe, 10 per bundle (NDC 0409-7517-16)"", ""availability"": ""Next delivery: January 2022; Estimated Recovery: April 2022"", ""on_allocation"": false}, {""presentation"": ""25 g/50 mL (0.5 g/mL), glass syringe, 10 per bundle (NDC 0409-4902-34)"", ""availability"": ""Next Delivery: January 2022; Estimated Recovery: March 2022"", ""on_allocation"": false}, {""presentation"": ""25 g/50 mL (0.5 g/mL), single dose vial, 25 per tray (NDC 0409-6648-02)"", ""availability"": ""Next Delivery: May 2022; Estimated Recovery: June 2022"", ""on_allocation"": false}]",,0,False,False,False,False,False
368,Metronidazole Injection,metronidazole injection,BAX,US,SPY,2022-01-22,2022-01-20,20220120062002,2022-01-22,2022-01-22T23:59:59.999999999+00:00,disrupted,Baxter Healthcare,"[{""presentation"": ""500 mg/100 mL in VIAFLEX Plastic Container. Product Code 2B3421, (NDC 0338-1055-48)"", ""availability"": ""Limited supply on allocation; Recovery March 2022"", ""on_allocation"": true}]",,0,False,False,False,False,False
368,Metronidazole Injection,metronidazole injection,PFE,US,SPY,2022-01-22,2022-01-20,20220120062002,2022-01-22,2022-01-22T23:59:59.999999999+00:00,disrupted,"Hospira, Inc.","[{""presentation"": ""500 mg/100 mL (5 mg/mL); Flexible Container (NDC 0409-7811-37)"", ""availability"": ""Next Delivery: January 2022; Estimated Recovery: April 2022"", ""on_allocation"": false}, {""presentation"": ""500 mg/100 mL (5 mg/mL); Flexible Container (NDC 0409-7811-24)"", ""availability"": ""Next Delivery: January 2022; Estimated Recovery: April 2022"", ""on_allocation"": false}, {""presentation"": ""500 mg/100 mL (5 mg/mL); Flexible Container (NDC 0409-0152-24)"", ""availability"": ""Limited Supply Available. Next Delivery: January 2022; Estimated Recovery: April 2022"", ""on_allocation"": false}]",,0,False,False,False,False,False
373,Pentostatin Injection,pentostatin injection,PFE,US,SPY,2022-03-26,2022-04-04,20220404054055,2022-04-04,2022-04-04T05:40:55+00:00,disrupted,"Hospira, Inc.","[{""presentation"": ""10 mg, single dose vial (NDC 0409-0801-01)"", ""availability"": ""Limited Supply Available. Next Delivery and Estimated Recovery: July 2022"", ""on_allocation"": false}]",,0,False,False,False,False,False
376,Fludarabine Phosphate Injection,fludarabine phosphate injection,FRE.DE,DE,EXS1.DE,2022-05-07,2022-05-20,20220520223531,2022-05-20,2022-05-20T22:35:31+00:00,disrupted,"Fresenius Kabi USA, LLC","[{""presentation"": ""50 mg per 2 mL (25 mg per mL), Single dose vial, PF (NDC: 63323-192-02)"", ""availability"": ""Backordered. Next release mid-late June 2022."", ""on_allocation"": false}]",,0,False,False,False,False,False
376,Fludarabine Phosphate Injection,fludarabine phosphate injection,TEVA,US,SPY,2022-05-07,2022-05-20,20220520223531,2022-05-20,2022-05-20T22:35:31+00:00,disrupted,Teva Pharmaceuticals,"[{""presentation"": ""Lyophilized Powder for Injection, 50 mg /vial (NDC 45963-0609-55, 1 Single-Dose Vial)"", ""availability"": ""On backorder. Estimated duration: May 2022"", ""on_allocation"": false}]",,0,False,False,False,False,False
378,Ibutilide Fumarate Injection,ibutilide fumarate injection,PFE,US,SPY,2022-05-07,2022-05-23,20220523113438,2022-05-23,2022-05-23T11:34:38+00:00,winner,Pfizer Pharmaceuticals,"[{""presentation"": ""1 mg/10 mL (0.1 mg/mL), single dose vial (NDC 0009-3794-01)"", ""availability"": ""Available"", ""on_allocation"": false}, {""presentation"": ""1 mg/10 mL (0.1 mg/mL), single dose vial (NDC 0009-3794-22), Novaplus"", ""availability"": ""Next Delivery and Estimated Recovery: May 2022"", ""on_allocation"": false}]",,1,False,False,False,False,False
378,Ibutilide Fumarate Injection,ibutilide fumarate injection,VTRS,US,SPY,2022-05-07,2022-05-23,20220523113438,2022-05-23,2022-05-23T11:34:38+00:00,disrupted,"Mylan Institutional, a Viatris company","[{""presentation"": ""1 mg/10 mL (0.1 mg/mL), single dose vial (NDC 67457-366-10)"", ""availability"": ""Resupply June/July 2022"", ""on_allocation"": false}]",,1,False,False,False,False,False
378,Ibutilide Fumarate Injection,ibutilide fumarate injection,AMPH,US,SPY,2022-05-07,2022-05-23,20220523113438,2022-05-23,2022-05-23T11:34:38+00:00,placebo,,[],FDA-page nonlisted generic-maker control; manufacture absence unverified,1,False,False,False,False,False
378,Ibutilide Fumarate Injection,ibutilide fumarate injection,AMRX,US,SPY,2022-05-07,2022-05-23,20220523113438,2022-05-23,2022-05-23T11:34:38+00:00,placebo,,[],FDA-page nonlisted generic-maker control; manufacture absence unverified,1,False,False,False,False,False
378,Ibutilide Fumarate Injection,ibutilide fumarate injection,BAX,US,SPY,2022-05-07,2022-05-23,20220523113438,2022-05-23,2022-05-23T11:34:38+00:00,placebo,,[],FDA-page nonlisted generic-maker control; manufacture absence unverified,1,False,False,False,False,False
378,Ibutilide Fumarate Injection,ibutilide fumarate injection,ICUI,US,SPY,2022-05-07,2022-05-23,20220523113438,2022-05-23,2022-05-23T11:34:38+00:00,placebo,,[],FDA-page nonlisted generic-maker control; manufacture absence unverified,1,False,False,False,False,False
378,Ibutilide Fumarate Injection,ibutilide fumarate injection,RDY,US,SPY,2022-05-07,2022-05-23,20220523113438,2022-05-23,2022-05-23T11:34:38+00:00,placebo,,[],FDA-page nonlisted generic-maker control; manufacture absence unverified,1,False,False,False,False,False
378,Ibutilide Fumarate Injection,ibutilide fumarate injection,TEVA,US,SPY,2022-05-07,2022-05-23,20220523113438,2022-05-23,2022-05-23T11:34:38+00:00,placebo,,[],FDA-page nonlisted generic-maker control; manufacture absence unverified,1,False,False,False,False,False
379,Sufentanil Citrate Injection,sufentanil citrate injection,HIK.L,UK,ISF.L,2022-05-07,2022-05-20,20220520232258,2022-05-20,2022-05-20T23:22:58+00:00,nonwinner,"Hikma Pharmaceuticals USA, Inc. (formerly West-Ward)","[{""presentation"": ""Information pending"", ""availability"": ""Information pending"", ""on_allocation"": false}]",,0,False,False,False,False,False
379,Sufentanil Citrate Injection,sufentanil citrate injection,PFE,US,SPY,2022-05-07,2022-05-20,20220520232258,2022-05-20,2022-05-20T23:22:58+00:00,disrupted,"Hospira, Inc.","[{""presentation"": ""50 mcg/mL Single Dose Glass Fliptop Vial (NDC 0409-3382-21)"", ""availability"": ""Next Delivery and Estimated Recovery: March 2023"", ""on_allocation"": false}]",,0,False,False,False,False,False
394,Oxytocin Injection,oxytocin injection,FRE.DE,DE,EXS1.DE,2022-10-01,2022-10-27,20221027044806,2022-10-27,2022-10-27T04:48:06+00:00,disrupted,Fresenius Kabi,"[{""presentation"": ""100 USP Units per 10 mL (10 USP units per mL); Multiple dose vial; (NDC 63323-012-10)"", ""availability"": ""Currently unavailable. Next release October 2022."", ""on_allocation"": false}, {""presentation"": ""300 USP Units per 30 mL (10 USP Units per mL); Multiple dose vial; (NDC 63323-012-30)"", ""availability"": ""Backordered. Next release October 2022."", ""on_allocation"": false}, {""presentation"": ""10 USP Units per mL (10 USP units per mL); (NDC 63323-012-01)( NDC 63323-0012-11)"", ""availability"": ""Currently unavailable. Next release October 2022."", ""on_allocation"": false}]",,0,False,False,False,False,False
400,Neomycin Sulfate Tablets,neomycin sulfate tablets,TEVA,US,SPY,2022-11-19,2022-11-24,20221124053344,2022-11-24,2022-11-24T05:33:44+00:00,disrupted,Teva Pharmaceuticals,"[{""presentation"": ""500 mg, 100 tablets (NDC 0093-1177-01)"", ""availability"": ""Unavailable; Product will be available December 2022"", ""on_allocation"": false}]",,0,False,False,False,False,False
408,Difluprednate Ophthalmic Emulsion,difluprednate ophthalmic emulsion,AMRX,US,SPY,2022-12-24,2022-12-28,20221228160404,2022-12-28,2022-12-28T16:04:04+00:00,winner,Amneal,"[{""presentation"": ""Difluprednate Ophthalmic Emulsion, 0.05% (5 mL), single-dose bottle (NDC 69238-1380-3)"", ""availability"": ""Available"", ""on_allocation"": false}]",,1,False,False,False,False,False
408,Difluprednate Ophthalmic Emulsion,difluprednate ophthalmic emulsion,CIPLA.NS,IN,NIFTYBEES.NS,2022-12-24,2022-12-28,20221228160404,2022-12-28,2022-12-28T16:04:04+00:00,disrupted,Cipla Limited,"[{""presentation"": ""5ml bottle (NDC 69097-341-35)"", ""availability"": ""Currently unavailable"", ""on_allocation"": false}]",,1,False,False,False,False,False
408,Difluprednate Ophthalmic Emulsion,difluprednate ophthalmic emulsion,AMPH,US,SPY,2022-12-24,2022-12-28,20221228160404,2022-12-28,2022-12-28T16:04:04+00:00,placebo,,[],FDA-page nonlisted generic-maker control; manufacture absence unverified,1,False,False,False,False,False
408,Difluprednate Ophthalmic Emulsion,difluprednate ophthalmic emulsion,BAX,US,SPY,2022-12-24,2022-12-28,20221228160404,2022-12-28,2022-12-28T16:04:04+00:00,placebo,,[],FDA-page nonlisted generic-maker control; manufacture absence unverified,1,False,False,False,False,False
408,Difluprednate Ophthalmic Emulsion,difluprednate ophthalmic emulsion,ICUI,US,SPY,2022-12-24,2022-12-28,20221228160404,2022-12-28,2022-12-28T16:04:04+00:00,placebo,,[],FDA-page nonlisted generic-maker control; manufacture absence unverified,1,False,False,False,False,False
408,Difluprednate Ophthalmic Emulsion,difluprednate ophthalmic emulsion,RDY,US,SPY,2022-12-24,2022-12-28,20221228160404,2022-12-28,2022-12-28T16:04:04+00:00,placebo,,[],FDA-page nonlisted generic-maker control; manufacture absence unverified,1,False,False,False,False,False
408,Difluprednate Ophthalmic Emulsion,difluprednate ophthalmic emulsion,TEVA,US,SPY,2022-12-24,2022-12-28,20221228160404,2022-12-28,2022-12-28T16:04:04+00:00,placebo,,[],FDA-page nonlisted generic-maker control; manufacture absence unverified,1,False,False,False,False,False
408,Difluprednate Ophthalmic Emulsion,difluprednate ophthalmic emulsion,VTRS,US,SPY,2022-12-24,2022-12-28,20221228160404,2022-12-28,2022-12-28T16:04:04+00:00,placebo,,[],FDA-page nonlisted generic-maker control; manufacture absence unverified,1,False,False,False,False,False
411,Quinapril Hydrochloride Tablets,quinapril hydrochloride tablets,AUROPHARMA.NS,IN,NIFTYBEES.NS,2023-01-21,2023-01-26,20230126055802,2023-01-26,2023-01-26T05:58:02+00:00,nonwinner,Aurobindo Pharma,"[{""presentation"": ""5 mg, 90 count bottle (NDC 65862-0617-90)"", ""availability"": ""Discontinued"", ""on_allocation"": false}, {""presentation"": ""10 mg, 90 count bottle (NDC 65862-0618-90)"", ""availability"": ""Discontinued"", ""on_allocation"": false}, {""presentation"": ""20 mg, 90 count bottle (NDC 65862-0618-90)"", ""availability"": ""Discontinued"", ""on_allocation"": false}, {""presentation"": ""40 mg, 90 count bottle (NDC 65862-0620-90)"", ""availability"": ""Discontinued"", ""on_allocation"": false}]",,0,False,False,False,False,False
411,Quinapril Hydrochloride Tablets,quinapril hydrochloride tablets,LUPIN.NS,IN,NIFTYBEES.NS,2023-01-21,2023-01-26,20230126055802,2023-01-26,2023-01-26T05:58:02+00:00,disrupted,"Lupin Pharmaceuticals, Inc.","[{""presentation"": ""5 mg (NDC 68180-556-09)"", ""availability"": ""Unavailable"", ""on_allocation"": false}, {""presentation"": ""10 mg (NDC 68180-557-09)"", ""availability"": ""Unavailable"", ""on_allocation"": false}, {""presentation"": ""20 mg (NDC 68180-558-09)"", ""availability"": ""Unavailable"", ""on_allocation"": false}, {""presentation"": ""40 mg (NDC 68180-554-09)"", ""availability"": ""Unavailable"", ""on_allocation"": false}]",,0,False,False,False,False,False
411,Quinapril Hydrochloride Tablets,quinapril hydrochloride tablets,PFE,US,SPY,2023-01-21,2023-01-26,20230126055802,2023-01-26,2023-01-26T05:58:02+00:00,disrupted,Pfizer Pharmaceuticals,"[{""presentation"": ""Accupril 40 mg tablets; bottles of 90 (NDC 0071-0535-23)"", ""availability"": ""Next Delivery and Estimated Recovery: TBD"", ""on_allocation"": false}, {""presentation"": ""Accupril 10 mg tablets; bottles of 90 (NDC 0071-0530-23)"", ""availability"": ""Next Delivery and Estimated Recovery: TBD"", ""on_allocation"": false}, {""presentation"": ""Accupril 20 mg tablets; bottles of 90 (NDC 0071-0532-23)"", ""availability"": ""Next Delivery and Estimated Recovery: TBD"", ""on_allocation"": false}, {""presentation"": ""Accupril 5 mg tablets; bottles of 90 (NDC 0071-0527-23)"", ""availability"": ""Next Delivery and Estimated Recovery: TBD"", ""on_allocation"": false}]",,0,False,False,False,False,False
413,Capecitabine Tablets,capecitabine tablets,TEVA,US,SPY,2023-02-10,2023-02-16,20230216203943,2023-02-16,2023-02-16T20:39:43+00:00,winner,Teva Pharmaceuticals,"[{""presentation"": ""150 mg, 60 count (NDC 0093-7473-08)"", ""availability"": ""Available"", ""on_allocation"": false}, {""presentation"": ""500 mg, 120 count (NDC 0093-7474-89)"", ""availability"": ""Available"", ""on_allocation"": false}]",,1,False,False,False,False,False
413,Capecitabine Tablets,capecitabine tablets,AMPH,US,SPY,2023-02-10,2023-02-16,20230216203943,2023-02-16,2023-02-16T20:39:43+00:00,placebo,,[],FDA-page nonlisted generic-maker control; manufacture absence unverified,1,False,False,False,False,False
413,Capecitabine Tablets,capecitabine tablets,AMRX,US,SPY,2023-02-10,2023-02-16,20230216203943,2023-02-16,2023-02-16T20:39:43+00:00,placebo,,[],FDA-page nonlisted generic-maker control; manufacture absence unverified,1,False,False,False,False,False
413,Capecitabine Tablets,capecitabine tablets,BAX,US,SPY,2023-02-10,2023-02-16,20230216203943,2023-02-16,2023-02-16T20:39:43+00:00,placebo,,[],FDA-page nonlisted generic-maker control; manufacture absence unverified,1,False,False,False,False,False
413,Capecitabine Tablets,capecitabine tablets,ICUI,US,SPY,2023-02-10,2023-02-16,20230216203943,2023-02-16,2023-02-16T20:39:43+00:00,placebo,,[],FDA-page nonlisted generic-maker control; manufacture absence unverified,1,False,False,False,False,False
413,Capecitabine Tablets,capecitabine tablets,RDY,US,SPY,2023-02-10,2023-02-16,20230216203943,2023-02-16,2023-02-16T20:39:43+00:00,placebo,,[],FDA-page nonlisted generic-maker control; manufacture absence unverified,1,False,False,False,False,False
413,Capecitabine Tablets,capecitabine tablets,VTRS,US,SPY,2023-02-10,2023-02-16,20230216203943,2023-02-16,2023-02-16T20:39:43+00:00,placebo,,[],FDA-page nonlisted generic-maker control; manufacture absence unverified,1,False,False,False,False,False
414,Cisplatin Injection,cisplatin injection,FRE.DE,DE,EXS1.DE,2023-02-10,2023-02-16,20230216090302,2023-02-16,2023-02-16T09:03:02+00:00,disrupted,"Fresenius Kabi USA, LLC","[{""presentation"": ""1 mg/mL, 50 mL, multi-dose vial (NDC 63323-103-51)"", ""availability"": ""Backordered. Next release March 2023."", ""on_allocation"": false}, {""presentation"": ""1 mg/mL, 100 mL, multi-dose vial (NDC 63323-103-65)"", ""availability"": ""Backordered. Next release February 2023."", ""on_allocation"": false}, {""presentation"": ""1 mg/mL, 200 mL, multi-dose vial (NDC 63323-103-64)"", ""availability"": ""Backordered. Next release March 2023."", ""on_allocation"": false}]",,2,False,False,False,False,False
414,Cisplatin Injection,cisplatin injection,HIK.L,UK,ISF.L,2023-02-10,2023-02-16,20230216090302,2023-02-16,2023-02-16T09:03:02+00:00,winner,Hikma Pharmaceuticals,"[{""presentation"": ""1 mg/mL, 50 mL, multi-dose vial (NDC 0143-9504-01)"", ""availability"": ""Currently available"", ""on_allocation"": false}, {""presentation"": ""1 mg/mL, 100 mL, multi-dose vial (NDC 0143-9505-01)"", ""availability"": ""Backordered. Next release February/March 2023."", ""on_allocation"": false}]",,2,False,False,False,False,False
414,Cisplatin Injection,cisplatin injection,TEVA,US,SPY,2023-02-10,2023-02-16,20230216090302,2023-02-16,2023-02-16T09:03:02+00:00,winner,Teva Pharmaceuticals,"[{""presentation"": ""1 mg/mL, 50 mL, multi-dose vial (NDC 0703-5747-11)"", ""availability"": ""Available"", ""on_allocation"": false}, {""presentation"": ""1 mg/mL, 100 mL, multi-dose vial (NDC 0703-5748-11)"", ""availability"": ""Additional supply coming at the end of February 2023"", ""on_allocation"": false}]",,2,False,False,False,False,False
414,Cisplatin Injection,cisplatin injection,AMPH,US,SPY,2023-02-10,2023-02-16,20230216090302,2023-02-16,2023-02-16T09:03:02+00:00,placebo,,[],FDA-page nonlisted generic-maker control; manufacture absence unverified,2,False,False,False,False,False
414,Cisplatin Injection,cisplatin injection,AMRX,US,SPY,2023-02-10,2023-02-16,20230216090302,2023-02-16,2023-02-16T09:03:02+00:00,placebo,,[],FDA-page nonlisted generic-maker control; manufacture absence unverified,2,False,False,False,False,False
414,Cisplatin Injection,cisplatin injection,BAX,US,SPY,2023-02-10,2023-02-16,20230216090302,2023-02-16,2023-02-16T09:03:02+00:00,placebo,,[],FDA-page nonlisted generic-maker control; manufacture absence unverified,2,False,False,False,False,False
414,Cisplatin Injection,cisplatin injection,ICUI,US,SPY,2023-02-10,2023-02-16,20230216090302,2023-02-16,2023-02-16T09:03:02+00:00,placebo,,[],FDA-page nonlisted generic-maker control; manufacture absence unverified,2,False,False,False,False,False
414,Cisplatin Injection,cisplatin injection,RDY,US,SPY,2023-02-10,2023-02-16,20230216090302,2023-02-16,2023-02-16T09:03:02+00:00,placebo,,[],FDA-page nonlisted generic-maker control; manufacture absence unverified,2,False,False,False,False,False
414,Cisplatin Injection,cisplatin injection,VTRS,US,SPY,2023-02-10,2023-02-16,20230216090302,2023-02-16,2023-02-16T09:03:02+00:00,placebo,,[],FDA-page nonlisted generic-maker control; manufacture absence unverified,2,False,False,False,False,False
416,Rocuronium Bromide Injection,rocuronium bromide injection,FRE.DE,DE,EXS1.DE,2023-02-18,2023-02-16,20230216090302,2023-02-18,2023-02-18T23:59:59.999999999+00:00,disrupted,"Fresenius Kabi USA, LLC","[{""presentation"": ""50 mg per 50 mL (10 mg per mL), multiple dose vial, (NDC 63323-426-05)"", ""availability"": ""Backordered. Next release March 2023."", ""on_allocation"": false}, {""presentation"": ""100 mg per 10 mL (10 mg per mL), multiple dose vial, (NDC 63323-426-10)"", ""availability"": ""1 month expiry (3/31/2023 expiry) dating available by request. Next release April 2023."", ""on_allocation"": false}]",,0,False,False,False,False,False
420,Methamphetamine Hydrochloride Tablets,methamphetamine hydrochloride tablets,HIK.L,UK,ISF.L,2023-03-17,2023-03-29,20230329195123,2023-03-29,2023-03-29T19:51:23+00:00,disrupted,"Hikma Pharmaceuticals USA, Inc.","[{""presentation"": ""5 mg, bottle of 100 (NDC 0054-0389-25)"", ""availability"": ""Currently unavailable"", ""on_allocation"": false}]",,0,False,False,False,False,False
421,Methotrexate Injection,methotrexate injection,FRE.DE,DE,EXS1.DE,2023-03-17,2023-03-14,20230314145505,2023-03-17,2023-03-17T23:59:59.999999999+00:00,disrupted,"Fresenius Kabi USA, LLC","[{""presentation"": ""1g per vial; single dosage vial; (NDC 63323-122-50)"", ""availability"": ""Backordered. Next release May 2023."", ""on_allocation"": false}, {""presentation"": ""250 mg per 10 mL (25 mg per mL); vial; (NDC 63323-123-10)"", ""availability"": ""Backordered. Next release May 2023."", ""on_allocation"": false}]",,0,False,False,False,False,False
421,Methotrexate Injection,methotrexate injection,PFE,US,SPY,2023-03-17,2023-03-14,20230314145505,2023-03-17,2023-03-17T23:59:59.999999999+00:00,disrupted,"Hospira, Inc., a Pfizer company","[{""presentation"": ""50 mg/2 mL (25 mg/mL) Multiple Dose Vial (NDC 61703-0350-38)"", ""availability"": ""Next delivery: April 2023; Estimated recovery: September 2023"", ""on_allocation"": false}, {""presentation"": ""50 mg/2 mL (25 mg/mL) Glass Fliptop Vial Novaplus\u00ae (NDC 61703-0350-10)"", ""availability"": ""Next delivery: May 2023; Estimated recovery: September 2023"", ""on_allocation"": false}, {""presentation"": ""1 g/40 mL (25 mg/mL) Single Dose Glass Fliptop Vial (NDC 61703-0408-41)"", ""availability"": ""Next delivery: May 2023; Estimated recovery: September 2023"", ""on_allocation"": false}, {""presentation"": ""1 g/40 mL (25 mg/mL) Single Dose Glass Fliptop Vial Novaplus\u00ae (NDC 61703-0408-25)"", ""availability"": ""Next delivery: July 2023; Estimated recovery: September 2023"", ""on_allocation"": false}, {""presentation"": ""1 g/40 mL (25 mg/mL) Single-Dose Vial PREMIERProRx\u00ae (NDC 61703-0124-40)"", ""availability"": ""Next delivery: July 2023; Estimated recovery: September 2023"", ""on_allocation"": false}]",,0,False,False,False,False,False
425,Carboplatin Injection,carboplatin injection,FRE.DE,DE,EXS1.DE,2023-04-30,2023-05-14,20230514151132,2023-05-14,2023-05-14T15:11:32+00:00,disrupted,"Fresenius Kabi USA, LLC","[{""presentation"": ""600 mg per 60 mL (10 mg per mL), multiple dose vial, (NDC 63323-172-60)"", ""availability"": ""Backordered. Next release May 2023."", ""on_allocation"": false}]",,1,False,False,False,False,False
425,Carboplatin Injection,carboplatin injection,PFE,US,SPY,2023-04-30,2023-05-14,20230514151132,2023-05-14,2023-05-14T15:11:32+00:00,winner,"Hospira, Inc., a Pfizer company","[{""presentation"": ""50 mg/5 mL (10 mg/mL) Multiple Dose ONCO-TAIN\u2122 Glass Fliptop Vial (NDC 61703-0339-18)"", ""availability"": ""Limited Supply. Next delivery: July 2023; Estimated recovery: Q3 2023"", ""on_allocation"": false}, {""presentation"": ""50 mg/5 mL (10 mg/mL) Novaplus\u00ae Multiple Dose Vial (NDC 61703-0360-18)"", ""availability"": ""Next delivery: July 2023; Estimated recovery: Q3 2023"", ""on_allocation"": false}, {""presentation"": ""150 mg/15 mL (10 mg/mL) Multiple Dose ONCO-TAIN\u2122 Glass Fliptop Vial (NDC 61703-0339-22)"", ""availability"": ""Limited Supply. Next delivery: September 2023; Estimated recovery: Q3 2023"", ""on_allocation"": false}, {""presentation"": ""150 mg/15 mL (10 mg/mL) Novaplus\u00ae Multiple Dose Vial (NDC 61703-0150-05)"", ""availability"": ""Supply Available"", ""on_allocation"": false}, {""presentation"": ""450 mg/45 mL (10 mg/mL) Multiple Dose ONCO-TAIN\u2122 Glass Fliptop Vial (NDC 61703-0339-50)"", ""availability"": ""Limited Supply. Next delivery: May 2023; Estimated recovery: Q3 2023"", ""on_allocation"": false}, {""presentation"": ""450 mg/45 mL (10 mg/mL) Novaplus\u00ae Multiple Dose Vial (NDC 61703-0262-05)"", ""availability"": ""Supply Available"", ""on_allocation"": false}, {""presentation"": ""600 mg/60 mL (10 mg/mL) Multiple Dose ONCO-TAIN\u2122 Glass Fliptop Vial (NDC 61703-0339-56)"", ""availability"": ""Next delivery: May 2023; Estimated recovery: Q3 2023"", ""on_allocation"": false}, {""presentation"": ""600 mg/60 mL (10 mg/mL) Novaplus\u00ae Multiple Dose Vial (NDC 61703-0600-05)"", ""availability"": ""Next delivery: May 2023; Estimated recovery: Q3 2023"", ""on_allocation"": false}]",,1,False,False,False,False,False
425,Carboplatin Injection,carboplatin injection,TEVA,US,SPY,2023-04-30,2023-05-14,20230514151132,2023-05-14,2023-05-14T15:11:32+00:00,disrupted,Teva Pharmaceuticals,"[{""presentation"": ""50 mg/5 mL (10 mg/mL) 5 mL Multi-Dose Vial (NDC 0703-4244-01 )"", ""availability"": ""Limited Supply, Recovery Q4 2023"", ""on_allocation"": false}, {""presentation"": ""150 mg/15 mL (10 mg/mL) 15 mL Multi-Dose Vial (NDC 0703-4246-01)"", ""availability"": ""Limited Supply, Recovery Q4 2023"", ""on_allocation"": false}, {""presentation"": ""450 mg/45 mL (10 mg/mL) 45 mL Multi-Dose Vial (NDC 0703-4248-01)"", ""availability"": ""Unavailable, Recovery Q3 2023"", ""on_allocation"": false}, {""presentation"": ""600 mg/60 mL (10 mg/mL) 60 mL Multi-Dose Vial (NDC 0703-4239-01)"", ""availability"": ""Unavailable, Recovery Q4 2023"", ""on_allocation"": false}]",,1,False,False,False,False,False
425,Carboplatin Injection,carboplatin injection,AMPH,US,SPY,2023-04-30,2023-05-14,20230514151132,2023-05-14,2023-05-14T15:11:32+00:00,placebo,,[],FDA-page nonlisted generic-maker control; manufacture absence unverified,1,False,False,False,False,False
425,Carboplatin Injection,carboplatin injection,AMRX,US,SPY,2023-04-30,2023-05-14,20230514151132,2023-05-14,2023-05-14T15:11:32+00:00,placebo,,[],FDA-page nonlisted generic-maker control; manufacture absence unverified,1,False,False,False,False,False
425,Carboplatin Injection,carboplatin injection,BAX,US,SPY,2023-04-30,2023-05-14,20230514151132,2023-05-14,2023-05-14T15:11:32+00:00,placebo,,[],FDA-page nonlisted generic-maker control; manufacture absence unverified,1,False,False,False,False,False
425,Carboplatin Injection,carboplatin injection,ICUI,US,SPY,2023-04-30,2023-05-14,20230514151132,2023-05-14,2023-05-14T15:11:32+00:00,placebo,,[],FDA-page nonlisted generic-maker control; manufacture absence unverified,1,False,False,False,False,False
425,Carboplatin Injection,carboplatin injection,RDY,US,SPY,2023-04-30,2023-05-14,20230514151132,2023-05-14,2023-05-14T15:11:32+00:00,placebo,,[],FDA-page nonlisted generic-maker control; manufacture absence unverified,1,False,False,False,False,False
425,Carboplatin Injection,carboplatin injection,VTRS,US,SPY,2023-04-30,2023-05-14,20230514151132,2023-05-14,2023-05-14T15:11:32+00:00,placebo,,[],FDA-page nonlisted generic-maker control; manufacture absence unverified,1,False,False,False,False,False
426,Penicillin G Benzathine Injectable Suspension,penicillin g benzathine injectable suspension,PFE,US,SPY,2023-04-30,2023-04-26,20230426194238,2023-04-30,2023-04-30T23:59:59.999999999+00:00,disrupted,Pfizer Pharmaceuticals,"[{""presentation"": ""Bicillin L-A Pediatric 600,000 Units/mL Prefilled Syringe (NDC 60793-0700-10)"", ""availability"": ""Limited Supply. Next delivery: TBD; Estimated recovery Q4 2023"", ""on_allocation"": true}, {""presentation"": ""Bicillin L-A 1.2 million Units/2 mL (600,000 units/mL) Prefilled Syringe (NDC 60793-0701-10)"", ""availability"": ""Limited Supply. Next delivery: May 2023; Estimated recovery: Q4 2023"", ""on_allocation"": true}, {""presentation"": ""Bicillin L-A 2.4 million Units/4 mL (600,000 units/mL) Prefilled Syringe (NDC 60793-0702-10)"", ""availability"": ""Limited Supply. Next delivery: May 2023; Estimated recovery: Q4 2023"", ""on_allocation"": true}]",,0,False,False,False,False,False
430,Methylphenidate Hydrochloride Extended Release Tablets,methylphenidate hydrochloride extended release tablets,AMRX,US,SPY,2023-07-29,2023-07-27,20230727195442,2023-07-29,2023-07-29T23:59:59.999999999+00:00,disrupted,Amneal Pharmaceuticals,"[{""presentation"": ""5 mg; 100 count (NDC 0115-1800-01)"", ""availability"": ""Mid-August 2023"", ""on_allocation"": false}, {""presentation"": ""10 mg; 100 count (NDC 0115-1801-01)"", ""availability"": ""Mid-August 2023"", ""on_allocation"": false}, {""presentation"": ""20 mg; 100 count (NDC 0115-1802-01)"", ""availability"": ""End of August 2023"", ""on_allocation"": false}, {""presentation"": ""5 mg; 60 count (NDC 72162-2019-6)"", ""availability"": ""Mid- August 2023"", ""on_allocation"": false}, {""presentation"": ""5 mg; 100 count (NDC 72162-2019-1)"", ""availability"": ""Mid-August 2023"", ""on_allocation"": false}]",,1,False,False,False,False,False
430,Methylphenidate Hydrochloride Extended Release Tablets,methylphenidate hydrochloride extended release tablets,RDY,US,SPY,2023-07-29,2023-07-27,20230727195442,2023-07-29,2023-07-29T23:59:59.999999999+00:00,disrupted,"Dr. Reddy's Laboratories, Inc.","[{""presentation"": ""18 mg; 100 count (NDC 43598-438-01)"", ""availability"": ""Unavailable"", ""on_allocation"": false}, {""presentation"": ""27 mg; 100 count (NDC 43598-439-01)"", ""availability"": ""Unavailable"", ""on_allocation"": false}, {""presentation"": ""36 mg; 100 count (NDC 43598-440-01)"", ""availability"": ""Unavailable"", ""on_allocation"": false}, {""presentation"": ""54 mg; 100 count (NDC 43598-441-01)"", ""availability"": ""Unavailable"", ""on_allocation"": false}]",,1,False,False,False,False,False
430,Methylphenidate Hydrochloride Extended Release Tablets,methylphenidate hydrochloride extended release tablets,SUNPHARMA.NS,IN,NIFTYBEES.NS,2023-07-29,2023-07-27,20230727195442,2023-07-29,2023-07-29T23:59:59.999999999+00:00,disrupted,"Sun Pharmaceutical Industries, Inc.","[{""presentation"": ""5 mg; 100 count (NDC 57664-228-88)"", ""availability"": ""Unavailable"", ""on_allocation"": false}, {""presentation"": ""5 mg; 30 count (NDC 57664-228-83)"", ""availability"": ""Not currently marketing"", ""on_allocation"": false}, {""presentation"": ""5 mg; 100 count (NDC 57664-228-08)"", ""availability"": ""Not currently marketing"", ""on_allocation"": false}, {""presentation"": ""5 mg; 500 count (NDC 57664-228-13)"", ""availability"": ""Not currently marketing"", ""on_allocation"": false}, {""presentation"": ""5 mg; 1000 count (NDC 57664-228-18)"", ""availability"": ""Not currently marketing"", ""on_allocation"": false}, {""presentation"": ""10 mg; 100 count (NDC 57664-229-88)"", ""availability"": ""Unavailable"", ""on_allocation"": false}, {""presentation"": ""10 mg; 30 count (NDC 57664-229-83)"", ""availability"": ""Not currently marketing"", ""on_allocation"": false}, {""presentation"": ""10 mg; 100 count (NDC 57664-229-08)"", ""availability"": ""Not currently marketing"", ""on_allocation"": false}, {""presentation"": ""10 mg; 500 count (NDC 57664-229-13)"", ""availability"": ""Not currently marketing"", ""on_allocation"": false}, {""presentation"": ""10 mg; 1000 count (NDC 57664-229-18)"", ""availability"": ""Not currently marketing"", ""on_allocation"": false}, {""presentation"": ""10 mg; 100 count (NDC 57664-230-88)"", ""availability"": ""Unavailable"", ""on_allocation"": false}, {""presentation"": ""20 mg; 30 count (NDC 57664-230-83)"", ""availability"": ""Not currently marketing"", ""on_allocation"": false}, {""presentation"": ""20 mg; 100 count (NDC 57664-230-08)"", ""availability"": ""Not currently marketing"", ""on_allocation"": false}, {""presentation"": ""20 mg; 500 count (NDC 57664-230-13)"", ""availability"": ""Not currently marketing"", ""on_allocation"": false}, {""presentation"": ""20 mg; 1000 count (NDC 57664-230-18)"", ""availability"": ""Not currently marketing"", ""on_allocation"": false}, {""presentation"": ""18 mg; 100 count (NDC 57664-606-88)"", ""availability"": ""Not currently marketing"", ""on_allocation"": false}, {""presentation"": ""27 mg; 100 count (NDC 57664-607-88)"", ""availability"": ""Not currently marketing"", ""on_allocation"": false}, {""presentation"": ""36 mg; 100 count (NDC 57664-608-88)"", ""availability"": ""Not currently marketing"", ""on_allocation"": false}, {""presentation"": ""54 mg; 100 count (NDC 57664-609-88)"", ""availability"": ""Not currently marketing"", ""on_allocation"": false}]",,1,False,False,False,False,False
430,Methylphenidate Hydrochloride Extended Release Tablets,methylphenidate hydrochloride extended release tablets,TEVA,US,SPY,2023-07-29,2023-07-27,20230727195442,2023-07-29,2023-07-29T23:59:59.999999999+00:00,winner,Teva Pharmaceuticals USA,"[{""presentation"": ""18 mg; 100 count (NDC 62037-725-01)"", ""availability"": ""Available"", ""on_allocation"": false}, {""presentation"": ""27 mg; 100 count (NDC 62037-734-01)"", ""availability"": ""Available"", ""on_allocation"": false}, {""presentation"": ""36 mg; 100 count (NDC 62037-726-01)"", ""availability"": ""Available"", ""on_allocation"": false}, {""presentation"": ""54 mg; 100 count (NDC 62037-727-01)"", ""availability"": ""Available"", ""on_allocation"": false}]",,1,False,False,False,False,False
430,Methylphenidate Hydrochloride Extended Release Tablets,methylphenidate hydrochloride extended release tablets,AMPH,US,SPY,2023-07-29,2023-07-27,20230727195442,2023-07-29,2023-07-29T23:59:59.999999999+00:00,placebo,,[],FDA-page nonlisted generic-maker control; manufacture absence unverified,1,False,False,False,False,False
430,Methylphenidate Hydrochloride Extended Release Tablets,methylphenidate hydrochloride extended release tablets,BAX,US,SPY,2023-07-29,2023-07-27,20230727195442,2023-07-29,2023-07-29T23:59:59.999999999+00:00,placebo,,[],FDA-page nonlisted generic-maker control; manufacture absence unverified,1,False,False,False,False,False
430,Methylphenidate Hydrochloride Extended Release Tablets,methylphenidate hydrochloride extended release tablets,ICUI,US,SPY,2023-07-29,2023-07-27,20230727195442,2023-07-29,2023-07-29T23:59:59.999999999+00:00,placebo,,[],FDA-page nonlisted generic-maker control; manufacture absence unverified,1,False,False,False,False,False
430,Methylphenidate Hydrochloride Extended Release Tablets,methylphenidate hydrochloride extended release tablets,VTRS,US,SPY,2023-07-29,2023-07-27,20230727195442,2023-07-29,2023-07-29T23:59:59.999999999+00:00,placebo,,[],FDA-page nonlisted generic-maker control; manufacture absence unverified,1,False,False,False,False,False
468,Naltrexone Hydrochloride Tablet,naltrexone hydrochloride tablet,SUNPHARMA.NS,IN,NIFTYBEES.NS,2024-03-02,2024-03-01,20240301121453,2024-03-02,2024-03-02T23:59:59.999999999+00:00,disrupted,"Sun Pharmaceutical Industries, Inc.","[{""presentation"": ""Tablet, 50 mg (NDC 47335-326-88)"", ""availability"": ""Limited Availability., Expected to release in March"", ""on_allocation"": false}, {""presentation"": ""Tablet, 50 mg (NDC 47335-326-83)"", ""availability"": ""Limited Availability., Expected to release in March"", ""on_allocation"": false}, {""presentation"": ""Tablet, 50 mg (NDC 47335-326-08)"", ""availability"": ""Unavailable"", ""on_allocation"": false}, {""presentation"": ""Tablet, 50 mg (NDC 47335-326-18)"", ""availability"": ""Unavailable"", ""on_allocation"": false}]",,0,False,False,False,False,False
474,Mefloquine Hydrochloride Tablet,mefloquine hydrochloride tablet,TEVA,US,SPY,2024-05-19,2024-05-15,20240515141753,2024-05-19,2024-05-19T23:59:59.999999999+00:00,disrupted,"Teva Pharmaceuticals USA, Inc.","[{""presentation"": ""Tablet, 250 mg (NDC 0555-0171-78)"", ""availability"": ""Unavailable"", ""on_allocation"": false}]",,0,False,False,False,False,False
