date,nav,daily_return,cash,long_usd,gross_usd,net_usd,active_lots,risk_scale,hedge_carry_cost
2014-06-02,1000000.0,0.0,1000000.0,0.0,0.0,0.0,0,1.0,0.0
2014-06-03,1000000.0,0.0,1000000.0,0.0,0.0,0.0,0,1.0,0.0
2014-06-04,1000000.0,0.0,1000000.0,0.0,0.0,0.0,0,1.0,0.0
2014-06-05,1000000.0,0.0,1000000.0,0.0,0.0,0.0,0,1.0,0.0
2014-06-06,1000000.0,0.0,1000000.0,0.0,0.0,0.0,0,1.0,0.0
2014-06-09,1000000.0,0.0,1000000.0,0.0,0.0,0.0,0,1.0,0.0
2014-06-10,1000000.0,0.0,1000000.0,0.0,0.0,0.0,0,1.0,0.0
2014-06-11,1000000.0,0.0,1000000.0,0.0,0.0,0.0,0,1.0,0.0
2014-06-12,1000000.0,0.0,1000000.0,0.0,0.0,0.0,0,1.0,0.0
2014-06-13,1000000.0,0.0,1000000.0,0.0,0.0,0.0,0,1.0,0.0
2014-06-16,1000000.0,0.0,1000000.0,0.0,0.0,0.0,0,1.0,0.0
2014-06-17,1000000.0,0.0,1000000.0,0.0,0.0,0.0,0,1.0,0.0
2014-06-18,1000000.0,0.0,1000000.0,0.0,0.0,0.0,0,1.0,0.0
2014-06-19,1000000.0,0.0,1000000.0,0.0,0.0,0.0,0,1.0,0.0
2014-06-20,1000000.0,0.0,1000000.0,0.0,0.0,0.0,0,1.0,0.0
2014-06-23,1000000.0,0.0,1000000.0,0.0,0.0,0.0,0,1.0,0.0
2014-06-24,1000000.0,0.0,1000000.0,0.0,0.0,0.0,0,1.0,0.0
2014-06-25,1000000.0,0.0,1000000.0,0.0,0.0,0.0,0,1.0,0.0
2014-06-26,1000000.0,0.0,1000000.0,0.0,0.0,0.0,0,1.0,0.0
2014-06-27,1000000.0,0.0,1000000.0,0.0,0.0,0.0,0,1.0,0.0
2014-06-30,1000000.0,0.0,1000000.0,0.0,0.0,0.0,0,1.0,0.0
2014-07-01,1000000.0,0.0,1000000.0,0.0,0.0,0.0,0,1.0,0.0
2014-07-02,1000000.0,0.0,1000000.0,0.0,0.0,0.0,0,1.0,0.0
2014-07-03,1000000.0,0.0,1000000.0,0.0,0.0,0.0,0,1.0,0.0
2014-07-07,1000000.0,0.0,1000000.0,0.0,0.0,0.0,0,1.0,0.0
2014-07-08,1000000.0,0.0,1000000.0,0.0,0.0,0.0,0,1.0,0.0
2014-07-09,1000000.0,0.0,1000000.0,0.0,0.0,0.0,0,1.0,0.0
2014-07-10,1000000.0,0.0,1000000.0,0.0,0.0,0.0,0,1.0,0.0
2014-07-11,1000000.0,0.0,1000000.0,0.0,0.0,0.0,0,1.0,0.0
2014-07-14,1000000.0,0.0,1000000.0,0.0,0.0,0.0,0,1.0,0.0
2014-07-15,1000000.0,0.0,1000000.0,0.0,0.0,0.0,0,1.0,0.0
2014-07-16,1000000.0,0.0,1000000.0,0.0,0.0,0.0,0,1.0,0.0
2014-07-17,1000000.0,0.0,1000000.0,0.0,0.0,0.0,0,1.0,0.0
2014-07-18,1000000.0,0.0,1000000.0,0.0,0.0,0.0,0,1.0,0.0
2014-07-21,1000000.0,0.0,1000000.0,0.0,0.0,0.0,0,1.0,0.0
2014-07-22,1000000.0,0.0,1000000.0,0.0,0.0,0.0,0,1.0,0.0
2014-07-23,1000000.0,0.0,1000000.0,0.0,0.0,0.0,0,1.0,0.0
2014-07-24,1000000.0,0.0,1000000.0,0.0,0.0,0.0,0,1.0,0.0
2014-07-25,1000000.0,0.0,1000000.0,0.0,0.0,0.0,0,1.0,0.0
2014-07-28,1000000.0,0.0,1000000.0,0.0,0.0,0.0,0,1.0,0.0
2014-07-29,1000000.0,0.0,1000000.0,0.0,0.0,0.0,0,1.0,0.0
2014-07-30,1000000.0,0.0,1000000.0,0.0,0.0,0.0,0,1.0,0.0
2014-07-31,1000000.0,0.0,1000000.0,0.0,0.0,0.0,0,1.0,0.0
2014-08-01,1000000.0,0.0,1000000.0,0.0,0.0,0.0,0,1.0,0.0
2014-08-04,1000000.0,0.0,1000000.0,0.0,0.0,0.0,0,1.0,0.0
2014-08-05,1000000.0,0.0,1000000.0,0.0,0.0,0.0,0,1.0,0.0
2014-08-06,1000000.0,0.0,1000000.0,0.0,0.0,0.0,0,1.0,0.0
2014-08-07,1000000.0,0.0,1000000.0,0.0,0.0,0.0,0,1.0,0.0
2014-08-08,1000000.0,0.0,1000000.0,0.0,0.0,0.0,0,1.0,0.0
2014-08-11,1000000.0,0.0,1000000.0,0.0,0.0,0.0,0,1.0,0.0
2014-08-12,1000000.0,0.0,1000000.0,0.0,0.0,0.0,0,1.0,0.0
2014-08-13,1000000.0,0.0,1000000.0,0.0,0.0,0.0,0,1.0,0.0
2014-08-14,1000000.0,0.0,1000000.0,0.0,0.0,0.0,0,1.0,0.0
2014-08-15,1000000.0,0.0,1000000.0,0.0,0.0,0.0,0,1.0,0.0
2014-08-18,1000000.0,0.0,1000000.0,0.0,0.0,0.0,0,1.0,0.0
2014-08-19,1000000.0,0.0,1000000.0,0.0,0.0,0.0,0,1.0,0.0
2014-08-20,1000000.0,0.0,1000000.0,0.0,0.0,0.0,0,1.0,0.0
2014-08-21,1000000.0,0.0,1000000.0,0.0,0.0,0.0,0,1.0,0.0
2014-08-22,1000000.0,0.0,1000000.0,0.0,0.0,0.0,0,1.0,0.0
2014-08-25,1000000.0,0.0,1000000.0,0.0,0.0,0.0,0,1.0,0.0
2014-08-26,1000000.0,0.0,1000000.0,0.0,0.0,0.0,0,1.0,0.0
2014-08-27,1000000.0,0.0,1000000.0,0.0,0.0,0.0,0,1.0,0.0
2014-08-28,1000000.0,0.0,1000000.0,0.0,0.0,0.0,0,1.0,0.0
2014-08-29,1000000.0,0.0,1000000.0,0.0,0.0,0.0,0,1.0,0.0
2014-09-02,1000000.0,0.0,1000000.0,0.0,0.0,0.0,0,1.0,0.0
2014-09-03,1000000.0,0.0,1000000.0,0.0,0.0,0.0,0,1.0,0.0
2014-09-04,1000000.0,0.0,1000000.0,0.0,0.0,0.0,0,1.0,0.0
2014-09-05,1000000.0,0.0,1000000.0,0.0,0.0,0.0,0,1.0,0.0
2014-09-08,1000000.0,0.0,1000000.0,0.0,0.0,0.0,0,1.0,0.0
2014-09-09,1000000.0,0.0,1000000.0,0.0,0.0,0.0,0,1.0,0.0
2014-09-10,1000000.0,0.0,1000000.0,0.0,0.0,0.0,0,1.0,0.0
2014-09-11,1000000.0,0.0,1000000.0,0.0,0.0,0.0,0,1.0,0.0
2014-09-12,1000000.0,0.0,1000000.0,0.0,0.0,0.0,0,1.0,0.0
2014-09-15,1000000.0,0.0,1000000.0,0.0,0.0,0.0,0,1.0,0.0
2014-09-16,1000000.0,0.0,1000000.0,0.0,0.0,0.0,0,1.0,0.0
2014-09-17,1000000.0,0.0,1000000.0,0.0,0.0,0.0,0,1.0,0.0
2014-09-18,1000000.0,0.0,1000000.0,0.0,0.0,0.0,0,1.0,0.0
2014-09-19,1000000.0,0.0,1000000.0,0.0,0.0,0.0,0,1.0,0.0
2014-09-22,1000000.0,0.0,1000000.0,0.0,0.0,0.0,0,1.0,0.0
2014-09-23,1000000.0,0.0,1000000.0,0.0,0.0,0.0,0,1.0,0.0
2014-09-24,1000000.0,0.0,1000000.0,0.0,0.0,0.0,0,1.0,0.0
2014-09-25,1000000.0,0.0,1000000.0,0.0,0.0,0.0,0,1.0,0.0
2014-09-26,1000000.0,0.0,1000000.0,0.0,0.0,0.0,0,1.0,0.0
2014-09-29,1000000.0,0.0,1000000.0,0.0,0.0,0.0,0,1.0,0.0
2014-09-30,1000000.0,0.0,1000000.0,0.0,0.0,0.0,0,1.0,0.0
2014-10-01,1000000.0,0.0,1000000.0,0.0,0.0,0.0,0,1.0,0.0
2014-10-02,1000000.0,0.0,1000000.0,0.0,0.0,0.0,0,1.0,0.0
2014-10-03,1000000.0,0.0,1000000.0,0.0,0.0,0.0,0,1.0,0.0
2014-10-06,1000000.0,0.0,1000000.0,0.0,0.0,0.0,0,1.0,0.0
2014-10-07,1000000.0,0.0,1000000.0,0.0,0.0,0.0,0,1.0,0.0
2014-10-08,1000000.0,0.0,1000000.0,0.0,0.0,0.0,0,1.0,0.0
2014-10-09,1000000.0,0.0,1000000.0,0.0,0.0,0.0,0,1.0,0.0
2014-10-10,1000000.0,0.0,1000000.0,0.0,0.0,0.0,0,1.0,0.0
2014-10-13,1000000.0,0.0,1000000.0,0.0,0.0,0.0,0,1.0,0.0
2014-10-14,1000000.0,0.0,1000000.0,0.0,0.0,0.0,0,1.0,0.0
2014-10-15,1000000.0,0.0,1000000.0,0.0,0.0,0.0,0,1.0,0.0
2014-10-16,1000000.0,0.0,1000000.0,0.0,0.0,0.0,0,1.0,0.0
2014-10-17,1000000.0,0.0,1000000.0,0.0,0.0,0.0,0,1.0,0.0
2014-10-20,1000000.0,0.0,1000000.0,0.0,0.0,0.0,0,1.0,0.0
2014-10-21,1000000.0,0.0,1000000.0,0.0,0.0,0.0,0,1.0,0.0
2014-10-22,1000000.0,0.0,1000000.0,0.0,0.0,0.0,0,1.0,0.0
2014-10-23,1000000.0,0.0,1000000.0,0.0,0.0,0.0,0,1.0,0.0
2014-10-24,1000000.0,0.0,1000000.0,0.0,0.0,0.0,0,1.0,0.0
2014-10-27,1000000.0,0.0,1000000.0,0.0,0.0,0.0,0,1.0,0.0
2014-10-28,1000000.0,0.0,1000000.0,0.0,0.0,0.0,0,1.0,0.0
2014-10-29,1000000.0,0.0,1000000.0,0.0,0.0,0.0,0,1.0,0.0
2014-10-30,1000000.0,0.0,1000000.0,0.0,0.0,0.0,0,1.0,0.0
2014-10-31,1000000.0,0.0,1000000.0,0.0,0.0,0.0,0,1.0,0.0
2014-11-03,1000000.0,0.0,1000000.0,0.0,0.0,0.0,0,1.0,0.0
2014-11-04,1000000.0,0.0,1000000.0,0.0,0.0,0.0,0,1.0,0.0
2014-11-05,1000000.0,0.0,1000000.0,0.0,0.0,0.0,0,1.0,0.0
2014-11-06,1000000.0,0.0,1000000.0,0.0,0.0,0.0,0,1.0,0.0
2014-11-07,1000000.0,0.0,1000000.0,0.0,0.0,0.0,0,1.0,0.0
2014-11-10,1000000.0,0.0,1000000.0,0.0,0.0,0.0,0,1.0,0.0
2014-11-11,1000000.0,0.0,1000000.0,0.0,0.0,0.0,0,1.0,0.0
2014-11-12,1000000.0,0.0,1000000.0,0.0,0.0,0.0,0,1.0,0.0
2014-11-13,1000000.0,0.0,1000000.0,0.0,0.0,0.0,0,1.0,0.0
2014-11-14,1000000.0,0.0,1000000.0,0.0,0.0,0.0,0,1.0,0.0
2014-11-17,1000000.0,0.0,1000000.0,0.0,0.0,0.0,0,1.0,0.0
2014-11-18,1000000.0,0.0,1000000.0,0.0,0.0,0.0,0,1.0,0.0
2014-11-19,1000000.0,0.0,1000000.0,0.0,0.0,0.0,0,1.0,0.0
2014-11-20,1000000.0,0.0,1000000.0,0.0,0.0,0.0,0,1.0,0.0
2014-11-21,1000000.0,0.0,1000000.0,0.0,0.0,0.0,0,1.0,0.0
2014-11-24,1000000.0,0.0,1000000.0,0.0,0.0,0.0,0,1.0,0.0
2014-11-25,1000000.0,0.0,1000000.0,0.0,0.0,0.0,0,1.0,0.0
2014-11-26,1000000.0,0.0,1000000.0,0.0,0.0,0.0,0,1.0,0.0
2014-11-28,1000000.0,0.0,1000000.0,0.0,0.0,0.0,0,1.0,0.0
2014-12-01,1000000.0,0.0,1000000.0,0.0,0.0,0.0,0,1.0,0.0
2014-12-02,1000000.0,0.0,1000000.0,0.0,0.0,0.0,0,1.0,0.0
2014-12-03,1000000.0,0.0,1000000.0,0.0,0.0,0.0,0,1.0,0.0
2014-12-04,1000000.0,0.0,1000000.0,0.0,0.0,0.0,0,1.0,0.0
2014-12-05,1000000.0,0.0,1000000.0,0.0,0.0,0.0,0,1.0,0.0
2014-12-08,1000000.0,0.0,1000000.0,0.0,0.0,0.0,0,1.0,0.0
2014-12-09,1000000.0,0.0,1000000.0,0.0,0.0,0.0,0,1.0,0.0
2014-12-10,1000000.0,0.0,1000000.0,0.0,0.0,0.0,0,1.0,0.0
2014-12-11,1000000.0,0.0,1000000.0,0.0,0.0,0.0,0,1.0,0.0
2014-12-12,1000000.0,0.0,1000000.0,0.0,0.0,0.0,0,1.0,0.0
2014-12-15,1000000.0,0.0,1000000.0,0.0,0.0,0.0,0,1.0,0.0
2014-12-16,1000000.0,0.0,1000000.0,0.0,0.0,0.0,0,1.0,0.0
2014-12-17,1000000.0,0.0,1000000.0,0.0,0.0,0.0,0,1.0,0.0
2014-12-18,1000000.0,0.0,1000000.0,0.0,0.0,0.0,0,1.0,0.0
2014-12-19,999939.7579527731,-6.0242047226877204e-05,1001149.9940873206,50000.0,101210.23613454754,-1210.2361345475365,1,1.0,0.0
2014-12-22,999926.2320265421,-1.3526741109659568e-05,1001147.890997541,50224.146265012016,101669.95150102304,-1221.6589709990076,1,1.0,2.1030897796528762
2014-12-23,998562.9822272151,-0.001363350370920946,1001147.1867428492,48931.031318831076,100446.26715329621,-2584.2045156340682,1,1.0,0.7042546918002879
2014-12-24,998841.8046047058,0.0002792236268049919,1001146.4815377042,49215.518466384005,100735.71386576653,-2304.676932998518,1,1.0,0.7052051448934312
2014-12-26,998751.8426103061,-9.006630878372057e-05,1001145.0709916289,49293.10522012461,100979.43882157202,-2393.228381322806,1,1.0,1.410546075273991
2014-12-29,998586.2018488141,-0.0001658477656061308,998586.2018488141,0.0,0.0,0.0,0,1.0,2.122642037020428
2014-12-30,998586.2018488141,0.0,998586.2018488141,0.0,0.0,0.0,0,1.0,0.0
2014-12-31,998586.2018488141,0.0,998586.2018488141,0.0,0.0,0.0,0,1.0,0.0
2015-01-02,998586.2018488141,0.0,998586.2018488141,0.0,0.0,0.0,0,1.0,0.0
2015-01-05,998586.2018488141,0.0,998586.2018488141,0.0,0.0,0.0,0,1.0,0.0
2015-01-06,998586.2018488141,0.0,998586.2018488141,0.0,0.0,0.0,0,1.0,0.0
2015-01-07,998586.2018488141,0.0,998586.2018488141,0.0,0.0,0.0,0,1.0,0.0
2015-01-08,998586.2018488141,0.0,998586.2018488141,0.0,0.0,0.0,0,1.0,0.0
2015-01-09,998586.2018488141,0.0,998586.2018488141,0.0,0.0,0.0,0,1.0,0.0
2015-01-12,998586.2018488141,0.0,998586.2018488141,0.0,0.0,0.0,0,1.0,0.0
2015-01-13,998586.2018488141,0.0,998586.2018488141,0.0,0.0,0.0,0,1.0,0.0
2015-01-14,998586.2018488141,0.0,998586.2018488141,0.0,0.0,0.0,0,1.0,0.0
2015-01-15,998586.2018488141,0.0,998586.2018488141,0.0,0.0,0.0,0,1.0,0.0
2015-01-16,998586.2018488141,0.0,998586.2018488141,0.0,0.0,0.0,0,1.0,0.0
2015-01-20,998586.2018488141,0.0,998586.2018488141,0.0,0.0,0.0,0,1.0,0.0
2015-01-21,998586.2018488141,0.0,998586.2018488141,0.0,0.0,0.0,0,1.0,0.0
2015-01-22,998586.2018488141,0.0,998586.2018488141,0.0,0.0,0.0,0,1.0,0.0
2015-01-23,998586.2018488141,0.0,998586.2018488141,0.0,0.0,0.0,0,1.0,0.0
2015-01-26,998586.2018488141,0.0,998586.2018488141,0.0,0.0,0.0,0,1.0,0.0
2015-01-27,998586.2018488141,0.0,998586.2018488141,0.0,0.0,0.0,0,1.0,0.0
2015-01-28,998586.2018488141,0.0,998586.2018488141,0.0,0.0,0.0,0,1.0,0.0
2015-01-29,998586.2018488141,0.0,998586.2018488141,0.0,0.0,0.0,0,1.0,0.0
2015-01-30,998586.2018488141,0.0,998586.2018488141,0.0,0.0,0.0,0,1.0,0.0
2015-02-02,998586.2018488141,0.0,998586.2018488141,0.0,0.0,0.0,0,1.0,0.0
2015-02-03,998586.2018488141,0.0,998586.2018488141,0.0,0.0,0.0,0,1.0,0.0
2015-02-04,998586.2018488141,0.0,998586.2018488141,0.0,0.0,0.0,0,1.0,0.0
2015-02-05,998586.2018488141,0.0,998586.2018488141,0.0,0.0,0.0,0,1.0,0.0
2015-02-06,998586.2018488141,0.0,998586.2018488141,0.0,0.0,0.0,0,1.0,0.0
2015-02-09,998586.2018488141,0.0,998586.2018488141,0.0,0.0,0.0,0,1.0,0.0
2015-02-10,998586.2018488141,0.0,998586.2018488141,0.0,0.0,0.0,0,1.0,0.0
2015-02-11,998586.2018488141,0.0,998586.2018488141,0.0,0.0,0.0,0,1.0,0.0
2015-02-12,998586.2018488141,0.0,998586.2018488141,0.0,0.0,0.0,0,1.0,0.0
2015-02-13,998586.2018488141,0.0,998586.2018488141,0.0,0.0,0.0,0,1.0,0.0
2015-02-17,998586.2018488141,0.0,998586.2018488141,0.0,0.0,0.0,0,1.0,0.0
2015-02-18,998586.2018488141,0.0,998586.2018488141,0.0,0.0,0.0,0,1.0,0.0
2015-02-19,998586.2018488141,0.0,998586.2018488141,0.0,0.0,0.0,0,1.0,0.0
2015-02-20,998586.2018488141,0.0,998586.2018488141,0.0,0.0,0.0,0,1.0,0.0
2015-02-23,998586.2018488141,0.0,998586.2018488141,0.0,0.0,0.0,0,1.0,0.0
2015-02-24,998586.2018488141,0.0,998586.2018488141,0.0,0.0,0.0,0,1.0,0.0
2015-02-25,998586.2018488141,0.0,998586.2018488141,0.0,0.0,0.0,0,1.0,0.0
2015-02-26,998586.2018488141,0.0,998586.2018488141,0.0,0.0,0.0,0,1.0,0.0
2015-02-27,998586.2018488141,0.0,998586.2018488141,0.0,0.0,0.0,0,1.0,0.0
2015-03-02,998586.2018488141,0.0,998586.2018488141,0.0,0.0,0.0,0,1.0,0.0
2015-03-03,998586.2018488141,0.0,998586.2018488141,0.0,0.0,0.0,0,1.0,0.0
2015-03-04,998586.2018488141,0.0,998586.2018488141,0.0,0.0,0.0,0,1.0,0.0
2015-03-05,998586.2018488141,0.0,998586.2018488141,0.0,0.0,0.0,0,1.0,0.0
2015-03-06,998586.2018488141,0.0,998586.2018488141,0.0,0.0,0.0,0,1.0,0.0
2015-03-09,998586.2018488141,0.0,998586.2018488141,0.0,0.0,0.0,0,1.0,0.0
2015-03-10,998586.2018488141,0.0,998586.2018488141,0.0,0.0,0.0,0,1.0,0.0
2015-03-11,998586.2018488141,0.0,998586.2018488141,0.0,0.0,0.0,0,1.0,0.0
2015-03-12,998586.2018488141,0.0,998586.2018488141,0.0,0.0,0.0,0,1.0,0.0
2015-03-13,998586.2018488141,0.0,998586.2018488141,0.0,0.0,0.0,0,1.0,0.0
2015-03-16,998586.2018488141,0.0,998586.2018488141,0.0,0.0,0.0,0,1.0,0.0
2015-03-17,998586.2018488141,0.0,998586.2018488141,0.0,0.0,0.0,0,1.0,0.0
2015-03-18,998586.2018488141,0.0,998586.2018488141,0.0,0.0,0.0,0,1.0,0.0
2015-03-19,998586.2018488141,0.0,998586.2018488141,0.0,0.0,0.0,0,1.0,0.0
2015-03-20,998586.2018488141,0.0,998586.2018488141,0.0,0.0,0.0,0,1.0,0.0
2015-03-23,998586.2018488141,0.0,998586.2018488141,0.0,0.0,0.0,0,1.0,0.0
2015-03-24,998586.2018488141,0.0,998586.2018488141,0.0,0.0,0.0,0,1.0,0.0
2015-03-25,998586.2018488141,0.0,998586.2018488141,0.0,0.0,0.0,0,1.0,0.0
2015-03-26,998586.2018488141,0.0,998586.2018488141,0.0,0.0,0.0,0,1.0,0.0
2015-03-27,998586.2018488141,0.0,998586.2018488141,0.0,0.0,0.0,0,1.0,0.0
2015-03-30,998586.2018488141,0.0,998586.2018488141,0.0,0.0,0.0,0,1.0,0.0
2015-03-31,998586.2018488141,0.0,998586.2018488141,0.0,0.0,0.0,0,1.0,0.0
2015-04-01,998586.2018488141,0.0,998586.2018488141,0.0,0.0,0.0,0,1.0,0.0
2015-04-02,998586.2018488141,0.0,998586.2018488141,0.0,0.0,0.0,0,1.0,0.0
2015-04-06,998586.2018488141,0.0,998586.2018488141,0.0,0.0,0.0,0,1.0,0.0
2015-04-07,998586.2018488141,0.0,998586.2018488141,0.0,0.0,0.0,0,1.0,0.0
2015-04-08,998586.2018488141,0.0,998586.2018488141,0.0,0.0,0.0,0,1.0,0.0
2015-04-09,998586.2018488141,0.0,998586.2018488141,0.0,0.0,0.0,0,1.0,0.0
2015-04-10,998586.2018488141,0.0,998586.2018488141,0.0,0.0,0.0,0,1.0,0.0
2015-04-13,998586.2018488141,0.0,998586.2018488141,0.0,0.0,0.0,0,1.0,0.0
2015-04-14,998586.2018488141,0.0,998586.2018488141,0.0,0.0,0.0,0,1.0,0.0
2015-04-15,998586.2018488141,0.0,998586.2018488141,0.0,0.0,0.0,0,1.0,0.0
2015-04-16,998586.2018488141,0.0,998586.2018488141,0.0,0.0,0.0,0,1.0,0.0
2015-04-17,998586.2018488141,0.0,998586.2018488141,0.0,0.0,0.0,0,1.0,0.0
2015-04-20,998586.2018488141,0.0,998586.2018488141,0.0,0.0,0.0,0,1.0,0.0
2015-04-21,998586.2018488141,0.0,998586.2018488141,0.0,0.0,0.0,0,1.0,0.0
2015-04-22,998586.2018488141,0.0,998586.2018488141,0.0,0.0,0.0,0,1.0,0.0
2015-04-23,998586.2018488141,0.0,998586.2018488141,0.0,0.0,0.0,0,1.0,0.0
2015-04-24,998586.2018488141,0.0,998586.2018488141,0.0,0.0,0.0,0,1.0,0.0
2015-04-27,998586.2018488141,0.0,998586.2018488141,0.0,0.0,0.0,0,1.0,0.0
2015-04-28,998586.2018488141,0.0,998586.2018488141,0.0,0.0,0.0,0,1.0,0.0
2015-04-29,998586.2018488141,0.0,998586.2018488141,0.0,0.0,0.0,0,1.0,0.0
2015-04-30,998586.2018488141,0.0,998586.2018488141,0.0,0.0,0.0,0,1.0,0.0
2015-05-01,998586.2018488141,0.0,998586.2018488141,0.0,0.0,0.0,0,1.0,0.0
2015-05-04,998586.2018488141,0.0,998586.2018488141,0.0,0.0,0.0,0,1.0,0.0
2015-05-05,998586.2018488141,0.0,998586.2018488141,0.0,0.0,0.0,0,1.0,0.0
2015-05-06,998586.2018488141,0.0,998586.2018488141,0.0,0.0,0.0,0,1.0,0.0
2015-05-07,998586.2018488141,0.0,998586.2018488141,0.0,0.0,0.0,0,1.0,0.0
2015-05-08,998586.2018488141,0.0,998586.2018488141,0.0,0.0,0.0,0,1.0,0.0
2015-05-11,998586.2018488141,0.0,998586.2018488141,0.0,0.0,0.0,0,1.0,0.0
2015-05-12,998586.2018488141,0.0,998586.2018488141,0.0,0.0,0.0,0,1.0,0.0
2015-05-13,998586.2018488141,0.0,998586.2018488141,0.0,0.0,0.0,0,1.0,0.0
2015-05-14,998586.2018488141,0.0,998586.2018488141,0.0,0.0,0.0,0,1.0,0.0
2015-05-15,998586.2018488141,0.0,998586.2018488141,0.0,0.0,0.0,0,1.0,0.0
2015-05-18,998586.2018488141,0.0,998586.2018488141,0.0,0.0,0.0,0,1.0,0.0
2015-05-19,998586.2018488141,0.0,998586.2018488141,0.0,0.0,0.0,0,1.0,0.0
2015-05-20,998586.2018488141,0.0,998586.2018488141,0.0,0.0,0.0,0,1.0,0.0
2015-05-21,998586.2018488141,0.0,998586.2018488141,0.0,0.0,0.0,0,1.0,0.0
2015-05-22,998586.2018488141,0.0,998586.2018488141,0.0,0.0,0.0,0,1.0,0.0
2015-05-26,998586.2018488141,0.0,998586.2018488141,0.0,0.0,0.0,0,1.0,0.0
2015-05-27,998586.2018488141,0.0,998586.2018488141,0.0,0.0,0.0,0,1.0,0.0
2015-05-28,998586.2018488141,0.0,998586.2018488141,0.0,0.0,0.0,0,1.0,0.0
2015-05-29,998586.2018488141,0.0,998586.2018488141,0.0,0.0,0.0,0,1.0,0.0
2015-06-01,998586.2018488141,0.0,998586.2018488141,0.0,0.0,0.0,0,1.0,0.0
2015-06-02,998586.2018488141,0.0,998586.2018488141,0.0,0.0,0.0,0,1.0,0.0
2015-06-03,998586.2018488141,0.0,998586.2018488141,0.0,0.0,0.0,0,1.0,0.0
2015-06-04,998586.2018488141,0.0,998586.2018488141,0.0,0.0,0.0,0,1.0,0.0
2015-06-05,998586.2018488141,0.0,998586.2018488141,0.0,0.0,0.0,0,1.0,0.0
2015-06-08,998586.2018488141,0.0,998586.2018488141,0.0,0.0,0.0,0,1.0,0.0
2015-06-09,998586.2018488141,0.0,998586.2018488141,0.0,0.0,0.0,0,1.0,0.0
2015-06-10,998586.2018488141,0.0,998586.2018488141,0.0,0.0,0.0,0,1.0,0.0
2015-06-11,998586.2018488141,0.0,998586.2018488141,0.0,0.0,0.0,0,1.0,0.0
2015-06-12,998586.2018488141,0.0,998586.2018488141,0.0,0.0,0.0,0,1.0,0.0
2015-06-15,998586.2018488141,0.0,998586.2018488141,0.0,0.0,0.0,0,1.0,0.0
2015-06-16,998586.2018488141,0.0,998586.2018488141,0.0,0.0,0.0,0,1.0,0.0
2015-06-17,998586.2018488141,0.0,998586.2018488141,0.0,0.0,0.0,0,1.0,0.0
2015-06-18,998586.2018488141,0.0,998586.2018488141,0.0,0.0,0.0,0,1.0,0.0
2015-06-19,998586.2018488141,0.0,998586.2018488141,0.0,0.0,0.0,0,1.0,0.0
2015-06-22,998586.2018488141,0.0,998586.2018488141,0.0,0.0,0.0,0,1.0,0.0
2015-06-23,998586.2018488141,0.0,998586.2018488141,0.0,0.0,0.0,0,1.0,0.0
2015-06-24,998586.2018488141,0.0,998586.2018488141,0.0,0.0,0.0,0,1.0,0.0
2015-06-25,998586.2018488141,0.0,998586.2018488141,0.0,0.0,0.0,0,1.0,0.0
2015-06-26,998586.2018488141,0.0,998586.2018488141,0.0,0.0,0.0,0,1.0,0.0
2015-06-29,998586.2018488141,0.0,998586.2018488141,0.0,0.0,0.0,0,1.0,0.0
2015-06-30,998586.2018488141,0.0,998586.2018488141,0.0,0.0,0.0,0,1.0,0.0
2015-07-01,998586.2018488141,0.0,998586.2018488141,0.0,0.0,0.0,0,1.0,0.0
2015-07-02,998586.2018488141,0.0,998586.2018488141,0.0,0.0,0.0,0,1.0,0.0
2015-07-06,998586.2018488141,0.0,998586.2018488141,0.0,0.0,0.0,0,1.0,0.0
2015-07-07,998586.2018488141,0.0,998586.2018488141,0.0,0.0,0.0,0,1.0,0.0
2015-07-08,998586.2018488141,0.0,998586.2018488141,0.0,0.0,0.0,0,1.0,0.0
2015-07-09,998586.2018488141,0.0,998586.2018488141,0.0,0.0,0.0,0,1.0,0.0
2015-07-10,998586.2018488141,0.0,998586.2018488141,0.0,0.0,0.0,0,1.0,0.0
2015-07-13,998586.2018488141,0.0,998586.2018488141,0.0,0.0,0.0,0,1.0,0.0
2015-07-14,998586.2018488141,0.0,998586.2018488141,0.0,0.0,0.0,0,1.0,0.0
2015-07-15,998586.2018488141,0.0,998586.2018488141,0.0,0.0,0.0,0,1.0,0.0
2015-07-16,998586.2018488141,0.0,998586.2018488141,0.0,0.0,0.0,0,1.0,0.0
2015-07-17,998586.2018488141,0.0,998586.2018488141,0.0,0.0,0.0,0,1.0,0.0
2015-07-20,998586.2018488141,0.0,998586.2018488141,0.0,0.0,0.0,0,1.0,0.0
2015-07-21,998586.2018488141,0.0,998586.2018488141,0.0,0.0,0.0,0,1.0,0.0
2015-07-22,998586.2018488141,0.0,998586.2018488141,0.0,0.0,0.0,0,1.0,0.0
2015-07-23,998586.2018488141,0.0,998586.2018488141,0.0,0.0,0.0,0,1.0,0.0
2015-07-24,998586.2018488141,0.0,998586.2018488141,0.0,0.0,0.0,0,1.0,0.0
2015-07-27,998586.2018488141,0.0,998586.2018488141,0.0,0.0,0.0,0,1.0,0.0
2015-07-28,998586.2018488141,0.0,998586.2018488141,0.0,0.0,0.0,0,1.0,0.0
2015-07-29,998586.2018488141,0.0,998586.2018488141,0.0,0.0,0.0,0,1.0,0.0
2015-07-30,998586.2018488141,0.0,998586.2018488141,0.0,0.0,0.0,0,1.0,0.0
2015-07-31,998586.2018488141,0.0,998586.2018488141,0.0,0.0,0.0,0,1.0,0.0
2015-08-03,998586.2018488141,0.0,998586.2018488141,0.0,0.0,0.0,0,1.0,0.0
2015-08-04,998586.2018488141,0.0,998586.2018488141,0.0,0.0,0.0,0,1.0,0.0
2015-08-05,998586.2018488141,0.0,998586.2018488141,0.0,0.0,0.0,0,1.0,0.0
2015-08-06,998586.2018488141,0.0,998586.2018488141,0.0,0.0,0.0,0,1.0,0.0
2015-08-07,998586.2018488141,0.0,998586.2018488141,0.0,0.0,0.0,0,1.0,0.0
2015-08-10,998586.2018488141,0.0,998586.2018488141,0.0,0.0,0.0,0,1.0,0.0
2015-08-11,998586.2018488141,0.0,998586.2018488141,0.0,0.0,0.0,0,1.0,0.0
2015-08-12,998586.2018488141,0.0,998586.2018488141,0.0,0.0,0.0,0,1.0,0.0
2015-08-13,998586.2018488141,0.0,998586.2018488141,0.0,0.0,0.0,0,1.0,0.0
2015-08-14,998586.2018488141,0.0,998586.2018488141,0.0,0.0,0.0,0,1.0,0.0
2015-08-17,998586.2018488141,0.0,998586.2018488141,0.0,0.0,0.0,0,1.0,0.0
2015-08-18,998586.2018488141,0.0,998586.2018488141,0.0,0.0,0.0,0,1.0,0.0
2015-08-19,998586.2018488141,0.0,998586.2018488141,0.0,0.0,0.0,0,1.0,0.0
2015-08-20,998586.2018488141,0.0,998586.2018488141,0.0,0.0,0.0,0,1.0,0.0
2015-08-21,998586.2018488141,0.0,998586.2018488141,0.0,0.0,0.0,0,1.0,0.0
2015-08-24,998586.2018488141,0.0,998586.2018488141,0.0,0.0,0.0,0,1.0,0.0
2015-08-25,998586.2018488141,0.0,998586.2018488141,0.0,0.0,0.0,0,1.0,0.0
2015-08-26,998586.2018488141,0.0,998586.2018488141,0.0,0.0,0.0,0,1.0,0.0
2015-08-27,998586.2018488141,0.0,998586.2018488141,0.0,0.0,0.0,0,1.0,0.0
2015-08-28,998586.2018488141,0.0,998586.2018488141,0.0,0.0,0.0,0,1.0,0.0
2015-08-31,998586.2018488141,0.0,998586.2018488141,0.0,0.0,0.0,0,1.0,0.0
2015-09-01,998586.2018488141,0.0,998586.2018488141,0.0,0.0,0.0,0,1.0,0.0
2015-09-02,998586.2018488141,0.0,998586.2018488141,0.0,0.0,0.0,0,1.0,0.0
2015-09-03,998586.2018488141,0.0,998586.2018488141,0.0,0.0,0.0,0,1.0,0.0
2015-09-04,998586.2018488141,0.0,998586.2018488141,0.0,0.0,0.0,0,1.0,0.0
2015-09-08,998586.2018488141,0.0,998586.2018488141,0.0,0.0,0.0,0,1.0,0.0
2015-09-09,998586.2018488141,0.0,998586.2018488141,0.0,0.0,0.0,0,1.0,0.0
2015-09-10,998586.2018488141,0.0,998586.2018488141,0.0,0.0,0.0,0,1.0,0.0
2015-09-11,998586.2018488141,0.0,998586.2018488141,0.0,0.0,0.0,0,1.0,0.0
2015-09-14,998586.2018488141,0.0,998586.2018488141,0.0,0.0,0.0,0,1.0,0.0
2015-09-15,998586.2018488141,0.0,998586.2018488141,0.0,0.0,0.0,0,1.0,0.0
2015-09-16,998586.2018488141,0.0,998586.2018488141,0.0,0.0,0.0,0,1.0,0.0
2015-09-17,998586.2018488141,0.0,998586.2018488141,0.0,0.0,0.0,0,1.0,0.0
2015-09-18,998586.2018488141,0.0,998586.2018488141,0.0,0.0,0.0,0,1.0,0.0
2015-09-21,998586.2018488141,0.0,998586.2018488141,0.0,0.0,0.0,0,1.0,0.0
2015-09-22,998586.2018488141,0.0,998586.2018488141,0.0,0.0,0.0,0,1.0,0.0
2015-09-23,998586.2018488141,0.0,998586.2018488141,0.0,0.0,0.0,0,1.0,0.0
2015-09-24,998586.2018488141,0.0,998586.2018488141,0.0,0.0,0.0,0,1.0,0.0
2015-09-25,998586.2018488141,0.0,998586.2018488141,0.0,0.0,0.0,0,1.0,0.0
2015-09-28,998586.2018488141,0.0,998586.2018488141,0.0,0.0,0.0,0,1.0,0.0
2015-09-29,998586.2018488141,0.0,998586.2018488141,0.0,0.0,0.0,0,1.0,0.0
2015-09-30,998586.2018488141,0.0,998586.2018488141,0.0,0.0,0.0,0,1.0,0.0
2015-10-01,998586.2018488141,0.0,998586.2018488141,0.0,0.0,0.0,0,1.0,0.0
2015-10-02,998586.2018488141,0.0,998586.2018488141,0.0,0.0,0.0,0,1.0,0.0
2015-10-05,998586.2018488141,0.0,998586.2018488141,0.0,0.0,0.0,0,1.0,0.0
2015-10-06,998586.2018488141,0.0,998586.2018488141,0.0,0.0,0.0,0,1.0,0.0
2015-10-07,998586.2018488141,0.0,998586.2018488141,0.0,0.0,0.0,0,1.0,0.0
2015-10-08,998586.2018488141,0.0,998586.2018488141,0.0,0.0,0.0,0,1.0,0.0
2015-10-09,998586.2018488141,0.0,998586.2018488141,0.0,0.0,0.0,0,1.0,0.0
2015-10-12,998586.2018488141,0.0,998586.2018488141,0.0,0.0,0.0,0,1.0,0.0
2015-10-13,998586.2018488141,0.0,998586.2018488141,0.0,0.0,0.0,0,1.0,0.0
2015-10-14,998586.2018488141,0.0,998586.2018488141,0.0,0.0,0.0,0,1.0,0.0
2015-10-15,998586.2018488141,0.0,998586.2018488141,0.0,0.0,0.0,0,1.0,0.0
2015-10-16,998586.2018488141,0.0,998586.2018488141,0.0,0.0,0.0,0,1.0,0.0
2015-10-19,998586.2018488141,0.0,998586.2018488141,0.0,0.0,0.0,0,1.0,0.0
2015-10-20,998586.2018488141,0.0,998586.2018488141,0.0,0.0,0.0,0,1.0,0.0
2015-10-21,998586.2018488141,0.0,998586.2018488141,0.0,0.0,0.0,0,1.0,0.0
2015-10-22,998586.2018488141,0.0,998586.2018488141,0.0,0.0,0.0,0,1.0,0.0
2015-10-23,998586.2018488141,0.0,998586.2018488141,0.0,0.0,0.0,0,1.0,0.0
2015-10-26,998586.2018488141,0.0,998586.2018488141,0.0,0.0,0.0,0,1.0,0.0
2015-10-27,998586.2018488141,0.0,998586.2018488141,0.0,0.0,0.0,0,1.0,0.0
2015-10-28,998586.2018488141,0.0,998586.2018488141,0.0,0.0,0.0,0,1.0,0.0
2015-10-29,998586.2018488141,0.0,998586.2018488141,0.0,0.0,0.0,0,1.0,0.0
2015-10-30,998586.2018488141,0.0,998586.2018488141,0.0,0.0,0.0,0,1.0,0.0
2015-11-02,998586.2018488141,0.0,998586.2018488141,0.0,0.0,0.0,0,1.0,0.0
2015-11-03,998586.2018488141,0.0,998586.2018488141,0.0,0.0,0.0,0,1.0,0.0
2015-11-04,998586.2018488141,0.0,998586.2018488141,0.0,0.0,0.0,0,1.0,0.0
2015-11-05,998586.2018488141,0.0,998586.2018488141,0.0,0.0,0.0,0,1.0,0.0
2015-11-06,998586.2018488141,0.0,998586.2018488141,0.0,0.0,0.0,0,1.0,0.0
2015-11-09,998586.2018488141,0.0,998586.2018488141,0.0,0.0,0.0,0,1.0,0.0
2015-11-10,998586.2018488141,0.0,998586.2018488141,0.0,0.0,0.0,0,1.0,0.0
2015-11-11,998586.2018488141,0.0,998586.2018488141,0.0,0.0,0.0,0,1.0,0.0
2015-11-12,998586.2018488141,0.0,998586.2018488141,0.0,0.0,0.0,0,1.0,0.0
2015-11-13,998586.2018488141,0.0,998586.2018488141,0.0,0.0,0.0,0,1.0,0.0
2015-11-16,998586.2018488141,0.0,998586.2018488141,0.0,0.0,0.0,0,1.0,0.0
2015-11-17,998586.2018488141,0.0,998586.2018488141,0.0,0.0,0.0,0,1.0,0.0
2015-11-18,998586.2018488141,0.0,998586.2018488141,0.0,0.0,0.0,0,1.0,0.0
2015-11-19,998586.2018488141,0.0,998586.2018488141,0.0,0.0,0.0,0,1.0,0.0
2015-11-20,998586.2018488141,0.0,998586.2018488141,0.0,0.0,0.0,0,1.0,0.0
2015-11-23,998586.2018488141,0.0,998586.2018488141,0.0,0.0,0.0,0,1.0,0.0
2015-11-24,998586.2018488141,0.0,998586.2018488141,0.0,0.0,0.0,0,1.0,0.0
2015-11-25,998586.2018488141,0.0,998586.2018488141,0.0,0.0,0.0,0,1.0,0.0
2015-11-27,998586.2018488141,0.0,998586.2018488141,0.0,0.0,0.0,0,1.0,0.0
2015-11-30,998586.2018488141,0.0,998586.2018488141,0.0,0.0,0.0,0,1.0,0.0
2015-12-01,998586.2018488141,0.0,998586.2018488141,0.0,0.0,0.0,0,1.0,0.0
2015-12-02,998586.2018488141,0.0,998586.2018488141,0.0,0.0,0.0,0,1.0,0.0
2015-12-03,998586.2018488141,0.0,998586.2018488141,0.0,0.0,0.0,0,1.0,0.0
2015-12-04,998586.2018488141,0.0,998586.2018488141,0.0,0.0,0.0,0,1.0,0.0
2015-12-07,998586.2018488141,0.0,998586.2018488141,0.0,0.0,0.0,0,1.0,0.0
2015-12-08,998586.2018488141,0.0,998586.2018488141,0.0,0.0,0.0,0,1.0,0.0
2015-12-09,998586.2018488141,0.0,998586.2018488141,0.0,0.0,0.0,0,1.0,0.0
2015-12-10,998586.2018488141,0.0,998586.2018488141,0.0,0.0,0.0,0,1.0,0.0
2015-12-11,998586.2018488141,0.0,998586.2018488141,0.0,0.0,0.0,0,1.0,0.0
2015-12-14,998586.2018488141,0.0,998586.2018488141,0.0,0.0,0.0,0,1.0,0.0
2015-12-15,998586.2018488141,0.0,998586.2018488141,0.0,0.0,0.0,0,1.0,0.0
2015-12-16,998586.2018488141,0.0,998586.2018488141,0.0,0.0,0.0,0,1.0,0.0
2015-12-17,998586.2018488141,0.0,998586.2018488141,0.0,0.0,0.0,0,1.0,0.0
2015-12-18,998586.2018488141,0.0,998586.2018488141,0.0,0.0,0.0,0,1.0,0.0
2015-12-21,998586.2018488141,0.0,998586.2018488141,0.0,0.0,0.0,0,1.0,0.0
2015-12-22,998586.2018488141,0.0,998586.2018488141,0.0,0.0,0.0,0,1.0,0.0
2015-12-23,998586.2018488141,0.0,998586.2018488141,0.0,0.0,0.0,0,1.0,0.0
2015-12-24,998586.2018488141,0.0,998586.2018488141,0.0,0.0,0.0,0,1.0,0.0
2015-12-28,998586.2018488141,0.0,998586.2018488141,0.0,0.0,0.0,0,1.0,0.0
2015-12-29,998586.2018488141,0.0,998586.2018488141,0.0,0.0,0.0,0,1.0,0.0
2015-12-30,998586.2018488141,0.0,998586.2018488141,0.0,0.0,0.0,0,1.0,0.0
2015-12-31,998586.2018488141,0.0,998586.2018488141,0.0,0.0,0.0,0,1.0,0.0
2016-01-04,998586.2018488141,0.0,998586.2018488141,0.0,0.0,0.0,0,1.0,0.0
2016-01-05,998586.2018488141,0.0,998586.2018488141,0.0,0.0,0.0,0,1.0,0.0
2016-01-06,998586.2018488141,0.0,998586.2018488141,0.0,0.0,0.0,0,1.0,0.0
2016-01-07,998586.2018488141,0.0,998586.2018488141,0.0,0.0,0.0,0,1.0,0.0
2016-01-08,998586.2018488141,0.0,998586.2018488141,0.0,0.0,0.0,0,1.0,0.0
2016-01-11,998586.2018488141,0.0,998586.2018488141,0.0,0.0,0.0,0,1.0,0.0
2016-01-12,998586.2018488141,0.0,998586.2018488141,0.0,0.0,0.0,0,1.0,0.0
2016-01-13,998586.2018488141,0.0,998586.2018488141,0.0,0.0,0.0,0,1.0,0.0
2016-01-14,998586.2018488141,0.0,998586.2018488141,0.0,0.0,0.0,0,1.0,0.0
2016-01-15,998586.2018488141,0.0,998586.2018488141,0.0,0.0,0.0,0,1.0,0.0
2016-01-19,998586.2018488141,0.0,998586.2018488141,0.0,0.0,0.0,0,1.0,0.0
2016-01-20,998586.2018488141,0.0,998586.2018488141,0.0,0.0,0.0,0,1.0,0.0
2016-01-21,998586.2018488141,0.0,998586.2018488141,0.0,0.0,0.0,0,1.0,0.0
2016-01-22,998586.2018488141,0.0,998586.2018488141,0.0,0.0,0.0,0,1.0,0.0
2016-01-25,998586.2018488141,0.0,998586.2018488141,0.0,0.0,0.0,0,1.0,0.0
2016-01-26,998586.2018488141,0.0,998586.2018488141,0.0,0.0,0.0,0,1.0,0.0
2016-01-27,998586.2018488141,0.0,998586.2018488141,0.0,0.0,0.0,0,1.0,0.0
2016-01-28,998586.2018488141,0.0,998586.2018488141,0.0,0.0,0.0,0,1.0,0.0
2016-01-29,998586.2018488141,0.0,998586.2018488141,0.0,0.0,0.0,0,1.0,0.0
2016-02-01,998586.2018488141,0.0,998586.2018488141,0.0,0.0,0.0,0,1.0,0.0
2016-02-02,998586.2018488141,0.0,998586.2018488141,0.0,0.0,0.0,0,1.0,0.0
2016-02-03,998586.2018488141,0.0,998586.2018488141,0.0,0.0,0.0,0,1.0,0.0
2016-02-04,998586.2018488141,0.0,998586.2018488141,0.0,0.0,0.0,0,1.0,0.0
2016-02-05,998586.2018488141,0.0,998586.2018488141,0.0,0.0,0.0,0,1.0,0.0
2016-02-08,998586.2018488141,0.0,998586.2018488141,0.0,0.0,0.0,0,1.0,0.0
2016-02-09,998586.2018488141,0.0,998586.2018488141,0.0,0.0,0.0,0,1.0,0.0
2016-02-10,998586.2018488141,0.0,998586.2018488141,0.0,0.0,0.0,0,1.0,0.0
2016-02-11,998586.2018488141,0.0,998586.2018488141,0.0,0.0,0.0,0,1.0,0.0
2016-02-12,998586.2018488141,0.0,998586.2018488141,0.0,0.0,0.0,0,1.0,0.0
2016-02-16,998586.2018488141,0.0,998586.2018488141,0.0,0.0,0.0,0,1.0,0.0
2016-02-17,998586.2018488141,0.0,998586.2018488141,0.0,0.0,0.0,0,1.0,0.0
2016-02-18,998586.2018488141,0.0,998586.2018488141,0.0,0.0,0.0,0,1.0,0.0
2016-02-19,998586.2018488141,0.0,998586.2018488141,0.0,0.0,0.0,0,1.0,0.0
2016-02-22,998586.2018488141,0.0,998586.2018488141,0.0,0.0,0.0,0,1.0,0.0
2016-02-23,998586.2018488141,0.0,998586.2018488141,0.0,0.0,0.0,0,1.0,0.0
2016-02-24,998586.2018488141,0.0,998586.2018488141,0.0,0.0,0.0,0,1.0,0.0
2016-02-25,998586.2018488141,0.0,998586.2018488141,0.0,0.0,0.0,0,1.0,0.0
2016-02-26,998586.2018488141,0.0,998586.2018488141,0.0,0.0,0.0,0,1.0,0.0
2016-02-29,998586.2018488141,0.0,998586.2018488141,0.0,0.0,0.0,0,1.0,0.0
2016-03-01,998586.2018488141,0.0,998586.2018488141,0.0,0.0,0.0,0,1.0,0.0
2016-03-02,998586.2018488141,0.0,998586.2018488141,0.0,0.0,0.0,0,1.0,0.0
2016-03-03,998586.2018488141,0.0,998586.2018488141,0.0,0.0,0.0,0,1.0,0.0
2016-03-04,998586.2018488141,0.0,998586.2018488141,0.0,0.0,0.0,0,1.0,0.0
2016-03-07,998586.2018488141,0.0,998586.2018488141,0.0,0.0,0.0,0,1.0,0.0
2016-03-08,998586.2018488141,0.0,998586.2018488141,0.0,0.0,0.0,0,1.0,0.0
2016-03-09,998586.2018488141,0.0,998586.2018488141,0.0,0.0,0.0,0,1.0,0.0
2016-03-10,998586.2018488141,0.0,998586.2018488141,0.0,0.0,0.0,0,1.0,0.0
2016-03-11,998586.2018488141,0.0,998586.2018488141,0.0,0.0,0.0,0,1.0,0.0
2016-03-14,998586.2018488141,0.0,998586.2018488141,0.0,0.0,0.0,0,1.0,0.0
2016-03-15,998586.2018488141,0.0,998586.2018488141,0.0,0.0,0.0,0,1.0,0.0
2016-03-16,998586.2018488141,0.0,998586.2018488141,0.0,0.0,0.0,0,1.0,0.0
2016-03-17,998586.2018488141,0.0,998586.2018488141,0.0,0.0,0.0,0,1.0,0.0
2016-03-18,998586.2018488141,0.0,998586.2018488141,0.0,0.0,0.0,0,1.0,0.0
2016-03-21,998586.2018488141,0.0,998586.2018488141,0.0,0.0,0.0,0,1.0,0.0
2016-03-22,998586.2018488141,0.0,998586.2018488141,0.0,0.0,0.0,0,1.0,0.0
2016-03-23,998586.2018488141,0.0,998586.2018488141,0.0,0.0,0.0,0,1.0,0.0
2016-03-24,998586.2018488141,0.0,998586.2018488141,0.0,0.0,0.0,0,1.0,0.0
2016-03-28,998586.2018488141,0.0,998586.2018488141,0.0,0.0,0.0,0,1.0,0.0
2016-03-29,998586.2018488141,0.0,998586.2018488141,0.0,0.0,0.0,0,1.0,0.0
2016-03-30,998586.2018488141,0.0,998586.2018488141,0.0,0.0,0.0,0,1.0,0.0
2016-03-31,998586.2018488141,0.0,998586.2018488141,0.0,0.0,0.0,0,1.0,0.0
2016-04-01,998586.2018488141,0.0,998586.2018488141,0.0,0.0,0.0,0,1.0,0.0
2016-04-04,998586.2018488141,0.0,998586.2018488141,0.0,0.0,0.0,0,1.0,0.0
2016-04-05,998527.7678620813,-5.851671755996435e-05,991121.8409716708,49929.31009244071,92452.6932944709,7405.9268904105265,1,1.0,0.0
2016-04-06,1000562.2586035233,0.0020374904002899985,991121.2588582799,52428.957715698736,95416.9156861541,9440.999745243367,1,1.0,0.5821133908559916
2016-04-07,1000805.3980082433,0.00024300277431943407,991120.670385207,52158.29610138222,94631.86457972822,9684.727623036219,1,1.0,0.5884730728330647
2016-04-08,1000276.4873067831,-0.0005284850606449565,991120.0889537426,51744.34037462964,94332.28239621884,9156.398353040437,1,1.0,0.5814314644537439
2016-04-11,999403.3128925683,-0.0008729330593042484,991118.3399622838,50773.14014781364,93261.30736534286,8284.972930284413,1,1.0,1.7489914587921644
2016-04-12,999059.0554278658,-0.0003444630013343941,999059.0554278658,0.0,0.0,0.0,0,1.0,0.5816313103015637
2016-04-13,999059.0554278658,0.0,999059.0554278658,0.0,0.0,0.0,0,1.0,0.0
2016-04-14,999059.0554278658,0.0,999059.0554278658,0.0,0.0,0.0,0,1.0,0.0
2016-04-15,999059.0554278658,0.0,999059.0554278658,0.0,0.0,0.0,0,1.0,0.0
2016-04-18,999059.0554278658,0.0,999059.0554278658,0.0,0.0,0.0,0,1.0,0.0
2016-04-19,999059.0554278658,0.0,999059.0554278658,0.0,0.0,0.0,0,1.0,0.0
2016-04-20,999059.0554278658,0.0,999059.0554278658,0.0,0.0,0.0,0,1.0,0.0
2016-04-21,999059.0554278658,0.0,999059.0554278658,0.0,0.0,0.0,0,1.0,0.0
2016-04-22,999059.0554278658,0.0,999059.0554278658,0.0,0.0,0.0,0,1.0,0.0
2016-04-25,999059.0554278658,0.0,999059.0554278658,0.0,0.0,0.0,0,1.0,0.0
2016-04-26,999059.0554278658,0.0,999059.0554278658,0.0,0.0,0.0,0,1.0,0.0
2016-04-27,999059.0554278658,0.0,999059.0554278658,0.0,0.0,0.0,0,1.0,0.0
2016-04-28,999059.0554278658,0.0,999059.0554278658,0.0,0.0,0.0,0,1.0,0.0
2016-04-29,999059.0554278658,0.0,999059.0554278658,0.0,0.0,0.0,0,1.0,0.0
2016-05-02,999059.0554278658,0.0,999059.0554278658,0.0,0.0,0.0,0,1.0,0.0
2016-05-03,999059.0554278658,0.0,999059.0554278658,0.0,0.0,0.0,0,1.0,0.0
2016-05-04,999059.0554278658,0.0,999059.0554278658,0.0,0.0,0.0,0,1.0,0.0
2016-05-05,999059.0554278658,0.0,999059.0554278658,0.0,0.0,0.0,0,1.0,0.0
2016-05-06,999059.0554278658,0.0,999059.0554278658,0.0,0.0,0.0,0,1.0,0.0
2016-05-09,999059.0554278658,0.0,999059.0554278658,0.0,0.0,0.0,0,1.0,0.0
2016-05-10,999059.0554278658,0.0,999059.0554278658,0.0,0.0,0.0,0,1.0,0.0
2016-05-11,999059.0554278658,0.0,999059.0554278658,0.0,0.0,0.0,0,1.0,0.0
2016-05-12,999059.0554278658,0.0,999059.0554278658,0.0,0.0,0.0,0,1.0,0.0
2016-05-13,999059.0554278658,0.0,999059.0554278658,0.0,0.0,0.0,0,1.0,0.0
2016-05-16,999059.0554278658,0.0,999059.0554278658,0.0,0.0,0.0,0,1.0,0.0
2016-05-17,999059.0554278658,0.0,999059.0554278658,0.0,0.0,0.0,0,1.0,0.0
2016-05-18,999059.0554278658,0.0,999059.0554278658,0.0,0.0,0.0,0,1.0,0.0
2016-05-19,999059.0554278658,0.0,999059.0554278658,0.0,0.0,0.0,0,1.0,0.0
2016-05-20,999059.0554278658,0.0,999059.0554278658,0.0,0.0,0.0,0,1.0,0.0
2016-05-23,999059.0554278658,0.0,999059.0554278658,0.0,0.0,0.0,0,1.0,0.0
2016-05-24,999059.0554278658,0.0,999059.0554278658,0.0,0.0,0.0,0,1.0,0.0
2016-05-25,999059.0554278658,0.0,999059.0554278658,0.0,0.0,0.0,0,1.0,0.0
2016-05-26,999059.0554278658,0.0,999059.0554278658,0.0,0.0,0.0,0,1.0,0.0
2016-05-27,999059.0554278658,0.0,999059.0554278658,0.0,0.0,0.0,0,1.0,0.0
2016-05-31,999059.0554278658,0.0,999059.0554278658,0.0,0.0,0.0,0,1.0,0.0
2016-06-01,999059.0554278658,0.0,999059.0554278658,0.0,0.0,0.0,0,1.0,0.0
2016-06-02,999059.0554278658,0.0,999059.0554278658,0.0,0.0,0.0,0,1.0,0.0
2016-06-03,999059.0554278658,0.0,999059.0554278658,0.0,0.0,0.0,0,1.0,0.0
2016-06-06,999059.0554278658,0.0,999059.0554278658,0.0,0.0,0.0,0,1.0,0.0
2016-06-07,999059.0554278658,0.0,999059.0554278658,0.0,0.0,0.0,0,1.0,0.0
2016-06-08,999059.0554278658,0.0,999059.0554278658,0.0,0.0,0.0,0,1.0,0.0
2016-06-09,999059.0554278658,0.0,999059.0554278658,0.0,0.0,0.0,0,1.0,0.0
2016-06-10,999059.0554278658,0.0,999059.0554278658,0.0,0.0,0.0,0,1.0,0.0
2016-06-13,999059.0554278658,0.0,999059.0554278658,0.0,0.0,0.0,0,1.0,0.0
2016-06-14,999059.0554278658,0.0,999059.0554278658,0.0,0.0,0.0,0,1.0,0.0
2016-06-15,999059.0554278658,0.0,999059.0554278658,0.0,0.0,0.0,0,1.0,0.0
2016-06-16,999059.0554278658,0.0,999059.0554278658,0.0,0.0,0.0,0,1.0,0.0
2016-06-17,999059.0554278658,0.0,999059.0554278658,0.0,0.0,0.0,0,1.0,0.0
2016-06-20,999059.0554278658,0.0,999059.0554278658,0.0,0.0,0.0,0,1.0,0.0
2016-06-21,999059.0554278658,0.0,999059.0554278658,0.0,0.0,0.0,0,1.0,0.0
2016-06-22,999059.0554278658,0.0,999059.0554278658,0.0,0.0,0.0,0,1.0,0.0
2016-06-23,999059.0554278658,0.0,999059.0554278658,0.0,0.0,0.0,0,1.0,0.0
2016-06-24,999059.0554278658,0.0,999059.0554278658,0.0,0.0,0.0,0,1.0,0.0
2016-06-27,999059.0554278658,0.0,999059.0554278658,0.0,0.0,0.0,0,1.0,0.0
2016-06-28,999059.0554278658,0.0,999059.0554278658,0.0,0.0,0.0,0,1.0,0.0
2016-06-29,999059.0554278658,0.0,999059.0554278658,0.0,0.0,0.0,0,1.0,0.0
2016-06-30,999059.0554278658,0.0,999059.0554278658,0.0,0.0,0.0,0,1.0,0.0
2016-07-01,999059.0554278658,0.0,999059.0554278658,0.0,0.0,0.0,0,1.0,0.0
2016-07-05,999059.0554278658,0.0,999059.0554278658,0.0,0.0,0.0,0,1.0,0.0
2016-07-06,999059.0554278658,0.0,999059.0554278658,0.0,0.0,0.0,0,1.0,0.0
2016-07-07,999059.0554278658,0.0,999059.0554278658,0.0,0.0,0.0,0,1.0,0.0
2016-07-08,999059.0554278658,0.0,999059.0554278658,0.0,0.0,0.0,0,1.0,0.0
2016-07-11,999059.0554278658,0.0,999059.0554278658,0.0,0.0,0.0,0,1.0,0.0
2016-07-12,999059.0554278658,0.0,999059.0554278658,0.0,0.0,0.0,0,1.0,0.0
2016-07-13,999059.0554278658,0.0,999059.0554278658,0.0,0.0,0.0,0,1.0,0.0
2016-07-14,999059.0554278658,0.0,999059.0554278658,0.0,0.0,0.0,0,1.0,0.0
2016-07-15,999059.0554278658,0.0,999059.0554278658,0.0,0.0,0.0,0,1.0,0.0
2016-07-18,999059.0554278658,0.0,999059.0554278658,0.0,0.0,0.0,0,1.0,0.0
2016-07-19,999059.0554278658,0.0,999059.0554278658,0.0,0.0,0.0,0,1.0,0.0
2016-07-20,999059.0554278658,0.0,999059.0554278658,0.0,0.0,0.0,0,1.0,0.0
2016-07-21,999059.0554278658,0.0,999059.0554278658,0.0,0.0,0.0,0,1.0,0.0
2016-07-22,999059.0554278658,0.0,999059.0554278658,0.0,0.0,0.0,0,1.0,0.0
2016-07-25,999059.0554278658,0.0,999059.0554278658,0.0,0.0,0.0,0,1.0,0.0
2016-07-26,999059.0554278658,0.0,999059.0554278658,0.0,0.0,0.0,0,1.0,0.0
2016-07-27,999059.0554278658,0.0,999059.0554278658,0.0,0.0,0.0,0,1.0,0.0
2016-07-28,999059.0554278658,0.0,999059.0554278658,0.0,0.0,0.0,0,1.0,0.0
2016-07-29,999059.0554278658,0.0,999059.0554278658,0.0,0.0,0.0,0,1.0,0.0
2016-08-01,999059.0554278658,0.0,999059.0554278658,0.0,0.0,0.0,0,1.0,0.0
2016-08-02,999059.0554278658,0.0,999059.0554278658,0.0,0.0,0.0,0,1.0,0.0
2016-08-03,999059.0554278658,0.0,999059.0554278658,0.0,0.0,0.0,0,1.0,0.0
2016-08-04,999059.0554278658,0.0,999059.0554278658,0.0,0.0,0.0,0,1.0,0.0
2016-08-05,999059.0554278658,0.0,999059.0554278658,0.0,0.0,0.0,0,1.0,0.0
2016-08-08,999059.0554278658,0.0,999059.0554278658,0.0,0.0,0.0,0,1.0,0.0
2016-08-09,999059.0554278658,0.0,999059.0554278658,0.0,0.0,0.0,0,1.0,0.0
2016-08-10,999059.0554278658,0.0,999059.0554278658,0.0,0.0,0.0,0,1.0,0.0
2016-08-11,999059.0554278658,0.0,999059.0554278658,0.0,0.0,0.0,0,1.0,0.0
2016-08-12,999059.0554278658,0.0,999059.0554278658,0.0,0.0,0.0,0,1.0,0.0
2016-08-15,999059.0554278658,0.0,999059.0554278658,0.0,0.0,0.0,0,1.0,0.0
2016-08-16,999059.0554278658,0.0,999059.0554278658,0.0,0.0,0.0,0,1.0,0.0
2016-08-17,999059.0554278658,0.0,999059.0554278658,0.0,0.0,0.0,0,1.0,0.0
2016-08-18,999059.0554278658,0.0,999059.0554278658,0.0,0.0,0.0,0,1.0,0.0
2016-08-19,999059.0554278658,0.0,999059.0554278658,0.0,0.0,0.0,0,1.0,0.0
2016-08-22,999059.0554278658,0.0,999059.0554278658,0.0,0.0,0.0,0,1.0,0.0
2016-08-23,999059.0554278658,0.0,999059.0554278658,0.0,0.0,0.0,0,1.0,0.0
2016-08-24,999059.0554278658,0.0,999059.0554278658,0.0,0.0,0.0,0,1.0,0.0
2016-08-25,999059.0554278658,0.0,999059.0554278658,0.0,0.0,0.0,0,1.0,0.0
2016-08-26,999059.0554278658,0.0,999059.0554278658,0.0,0.0,0.0,0,1.0,0.0
2016-08-29,999059.0554278658,0.0,999059.0554278658,0.0,0.0,0.0,0,1.0,0.0
2016-08-30,999059.0554278658,0.0,999059.0554278658,0.0,0.0,0.0,0,1.0,0.0
2016-08-31,999059.0554278658,0.0,999059.0554278658,0.0,0.0,0.0,0,1.0,0.0
2016-09-01,999059.0554278658,0.0,999059.0554278658,0.0,0.0,0.0,0,1.0,0.0
2016-09-02,999059.0554278658,0.0,999059.0554278658,0.0,0.0,0.0,0,1.0,0.0
2016-09-06,999059.0554278658,0.0,999059.0554278658,0.0,0.0,0.0,0,1.0,0.0
2016-09-07,999059.0554278658,0.0,999059.0554278658,0.0,0.0,0.0,0,1.0,0.0
2016-09-08,999059.0554278658,0.0,999059.0554278658,0.0,0.0,0.0,0,1.0,0.0
2016-09-09,999059.0554278658,0.0,999059.0554278658,0.0,0.0,0.0,0,1.0,0.0
2016-09-12,999059.0554278658,0.0,999059.0554278658,0.0,0.0,0.0,0,1.0,0.0
2016-09-13,999059.0554278658,0.0,999059.0554278658,0.0,0.0,0.0,0,1.0,0.0
2016-09-14,999059.0554278658,0.0,999059.0554278658,0.0,0.0,0.0,0,1.0,0.0
2016-09-15,999059.0554278658,0.0,999059.0554278658,0.0,0.0,0.0,0,1.0,0.0
2016-09-16,999059.0554278658,0.0,999059.0554278658,0.0,0.0,0.0,0,1.0,0.0
2016-09-19,999059.0554278658,0.0,999059.0554278658,0.0,0.0,0.0,0,1.0,0.0
2016-09-20,999059.0554278658,0.0,999059.0554278658,0.0,0.0,0.0,0,1.0,0.0
2016-09-21,999059.0554278658,0.0,999059.0554278658,0.0,0.0,0.0,0,1.0,0.0
2016-09-22,999059.0554278658,0.0,999059.0554278658,0.0,0.0,0.0,0,1.0,0.0
2016-09-23,999059.0554278658,0.0,999059.0554278658,0.0,0.0,0.0,0,1.0,0.0
2016-09-26,999059.0554278658,0.0,999059.0554278658,0.0,0.0,0.0,0,1.0,0.0
2016-09-27,999059.0554278658,0.0,999059.0554278658,0.0,0.0,0.0,0,1.0,0.0
2016-09-28,999059.0554278658,0.0,999059.0554278658,0.0,0.0,0.0,0,1.0,0.0
2016-09-29,999059.0554278658,0.0,999059.0554278658,0.0,0.0,0.0,0,1.0,0.0
2016-09-30,999059.0554278658,0.0,999059.0554278658,0.0,0.0,0.0,0,1.0,0.0
2016-10-03,999059.0554278658,0.0,999059.0554278658,0.0,0.0,0.0,0,1.0,0.0
2016-10-04,999059.0554278658,0.0,999059.0554278658,0.0,0.0,0.0,0,1.0,0.0
2016-10-05,999059.0554278658,0.0,999059.0554278658,0.0,0.0,0.0,0,1.0,0.0
2016-10-06,999059.0554278658,0.0,999059.0554278658,0.0,0.0,0.0,0,1.0,0.0
2016-10-07,999059.0554278658,0.0,999059.0554278658,0.0,0.0,0.0,0,1.0,0.0
2016-10-10,999059.0554278658,0.0,999059.0554278658,0.0,0.0,0.0,0,1.0,0.0
2016-10-11,999059.0554278658,0.0,999059.0554278658,0.0,0.0,0.0,0,1.0,0.0
2016-10-12,999059.0554278658,0.0,999059.0554278658,0.0,0.0,0.0,0,1.0,0.0
2016-10-13,999059.0554278658,0.0,999059.0554278658,0.0,0.0,0.0,0,1.0,0.0
2016-10-14,999059.0554278658,0.0,999059.0554278658,0.0,0.0,0.0,0,1.0,0.0
2016-10-17,999059.0554278658,0.0,999059.0554278658,0.0,0.0,0.0,0,1.0,0.0
2016-10-18,999059.0554278658,0.0,999059.0554278658,0.0,0.0,0.0,0,1.0,0.0
2016-10-19,999059.0554278658,0.0,999059.0554278658,0.0,0.0,0.0,0,1.0,0.0
2016-10-20,999059.0554278658,0.0,999059.0554278658,0.0,0.0,0.0,0,1.0,0.0
2016-10-21,999059.0554278658,0.0,999059.0554278658,0.0,0.0,0.0,0,1.0,0.0
2016-10-24,999059.0554278658,0.0,999059.0554278658,0.0,0.0,0.0,0,1.0,0.0
2016-10-25,999059.0554278658,0.0,999059.0554278658,0.0,0.0,0.0,0,1.0,0.0
2016-10-26,999059.0554278658,0.0,999059.0554278658,0.0,0.0,0.0,0,1.0,0.0
2016-10-27,999059.0554278658,0.0,999059.0554278658,0.0,0.0,0.0,0,1.0,0.0
2016-10-28,999059.0554278658,0.0,999059.0554278658,0.0,0.0,0.0,0,1.0,0.0
2016-10-31,999059.0554278658,0.0,999059.0554278658,0.0,0.0,0.0,0,1.0,0.0
2016-11-01,999059.0554278658,0.0,999059.0554278658,0.0,0.0,0.0,0,1.0,0.0
2016-11-02,999059.0554278658,0.0,999059.0554278658,0.0,0.0,0.0,0,1.0,0.0
2016-11-03,999059.0554278658,0.0,999059.0554278658,0.0,0.0,0.0,0,1.0,0.0
2016-11-04,999059.0554278658,0.0,999059.0554278658,0.0,0.0,0.0,0,1.0,0.0
2016-11-07,999059.0554278658,0.0,999059.0554278658,0.0,0.0,0.0,0,1.0,0.0
2016-11-08,999059.0554278658,0.0,999059.0554278658,0.0,0.0,0.0,0,1.0,0.0
2016-11-09,999059.0554278658,0.0,999059.0554278658,0.0,0.0,0.0,0,1.0,0.0
2016-11-10,999059.0554278658,0.0,999059.0554278658,0.0,0.0,0.0,0,1.0,0.0
2016-11-11,999059.0554278658,0.0,999059.0554278658,0.0,0.0,0.0,0,1.0,0.0
2016-11-14,999059.0554278658,0.0,999059.0554278658,0.0,0.0,0.0,0,1.0,0.0
2016-11-15,999059.0554278658,0.0,999059.0554278658,0.0,0.0,0.0,0,1.0,0.0
2016-11-16,999059.0554278658,0.0,999059.0554278658,0.0,0.0,0.0,0,1.0,0.0
2016-11-17,999059.0554278658,0.0,999059.0554278658,0.0,0.0,0.0,0,1.0,0.0
2016-11-18,999059.0554278658,0.0,999059.0554278658,0.0,0.0,0.0,0,1.0,0.0
2016-11-21,999059.0554278658,0.0,999059.0554278658,0.0,0.0,0.0,0,1.0,0.0
2016-11-22,999059.0554278658,0.0,999059.0554278658,0.0,0.0,0.0,0,1.0,0.0
2016-11-23,999059.0554278658,0.0,999059.0554278658,0.0,0.0,0.0,0,1.0,0.0
2016-11-25,999059.0554278658,0.0,999059.0554278658,0.0,0.0,0.0,0,1.0,0.0
2016-11-28,999059.0554278658,0.0,999059.0554278658,0.0,0.0,0.0,0,1.0,0.0
2016-11-29,999059.0554278658,0.0,999059.0554278658,0.0,0.0,0.0,0,1.0,0.0
2016-11-30,999059.0554278658,0.0,999059.0554278658,0.0,0.0,0.0,0,1.0,0.0
2016-12-01,999059.0554278658,0.0,999059.0554278658,0.0,0.0,0.0,0,1.0,0.0
2016-12-02,999059.0554278658,0.0,999059.0554278658,0.0,0.0,0.0,0,1.0,0.0
2016-12-05,999059.0554278658,0.0,999059.0554278658,0.0,0.0,0.0,0,1.0,0.0
2016-12-06,999059.0554278658,0.0,999059.0554278658,0.0,0.0,0.0,0,1.0,0.0
2016-12-07,999059.0554278658,0.0,999059.0554278658,0.0,0.0,0.0,0,1.0,0.0
2016-12-08,999059.0554278658,0.0,999059.0554278658,0.0,0.0,0.0,0,1.0,0.0
2016-12-09,999059.0554278658,0.0,999059.0554278658,0.0,0.0,0.0,0,1.0,0.0
2016-12-12,999059.0554278658,0.0,999059.0554278658,0.0,0.0,0.0,0,1.0,0.0
2016-12-13,999059.0554278658,0.0,999059.0554278658,0.0,0.0,0.0,0,1.0,0.0
2016-12-14,999059.0554278658,0.0,999059.0554278658,0.0,0.0,0.0,0,1.0,0.0
2016-12-15,999059.0554278658,0.0,999059.0554278658,0.0,0.0,0.0,0,1.0,0.0
2016-12-16,999059.0554278658,0.0,999059.0554278658,0.0,0.0,0.0,0,1.0,0.0
2016-12-19,999059.0554278658,0.0,999059.0554278658,0.0,0.0,0.0,0,1.0,0.0
2016-12-20,999059.0554278658,0.0,999059.0554278658,0.0,0.0,0.0,0,1.0,0.0
2016-12-21,999059.0554278658,0.0,999059.0554278658,0.0,0.0,0.0,0,1.0,0.0
2016-12-22,999059.0554278658,0.0,999059.0554278658,0.0,0.0,0.0,0,1.0,0.0
2016-12-23,999059.0554278658,0.0,999059.0554278658,0.0,0.0,0.0,0,1.0,0.0
2016-12-27,999059.0554278658,0.0,999059.0554278658,0.0,0.0,0.0,0,1.0,0.0
2016-12-28,999059.0554278658,0.0,999059.0554278658,0.0,0.0,0.0,0,1.0,0.0
2016-12-29,999059.0554278658,0.0,999059.0554278658,0.0,0.0,0.0,0,1.0,0.0
2016-12-30,999059.0554278658,0.0,999059.0554278658,0.0,0.0,0.0,0,1.0,0.0
2017-01-03,999059.0554278658,0.0,999059.0554278658,0.0,0.0,0.0,0,1.0,0.0
2017-01-04,999059.0554278658,0.0,999059.0554278658,0.0,0.0,0.0,0,1.0,0.0
2017-01-05,999059.0554278658,0.0,999059.0554278658,0.0,0.0,0.0,0,1.0,0.0
2017-01-06,999059.0554278658,0.0,999059.0554278658,0.0,0.0,0.0,0,1.0,0.0
2017-01-09,999059.0554278658,0.0,999059.0554278658,0.0,0.0,0.0,0,1.0,0.0
2017-01-10,999059.0554278658,0.0,999059.0554278658,0.0,0.0,0.0,0,1.0,0.0
2017-01-11,999059.0554278658,0.0,999059.0554278658,0.0,0.0,0.0,0,1.0,0.0
2017-01-12,999059.0554278658,0.0,999059.0554278658,0.0,0.0,0.0,0,1.0,0.0
2017-01-13,999059.0554278658,0.0,999059.0554278658,0.0,0.0,0.0,0,1.0,0.0
2017-01-17,999059.0554278658,0.0,999059.0554278658,0.0,0.0,0.0,0,1.0,0.0
2017-01-18,999059.0554278658,0.0,999059.0554278658,0.0,0.0,0.0,0,1.0,0.0
2017-01-19,999059.0554278658,0.0,999059.0554278658,0.0,0.0,0.0,0,1.0,0.0
2017-01-20,999059.0554278658,0.0,999059.0554278658,0.0,0.0,0.0,0,1.0,0.0
2017-01-23,999059.0554278658,0.0,999059.0554278658,0.0,0.0,0.0,0,1.0,0.0
2017-01-24,999059.0554278658,0.0,999059.0554278658,0.0,0.0,0.0,0,1.0,0.0
2017-01-25,999059.0554278658,0.0,999059.0554278658,0.0,0.0,0.0,0,1.0,0.0
2017-01-26,999059.0554278658,0.0,999059.0554278658,0.0,0.0,0.0,0,1.0,0.0
2017-01-27,999059.0554278658,0.0,999059.0554278658,0.0,0.0,0.0,0,1.0,0.0
2017-01-30,999059.0554278658,0.0,999059.0554278658,0.0,0.0,0.0,0,1.0,0.0
2017-01-31,999059.0554278658,0.0,999059.0554278658,0.0,0.0,0.0,0,1.0,0.0
2017-02-01,999059.0554278658,0.0,999059.0554278658,0.0,0.0,0.0,0,1.0,0.0
2017-02-02,999059.0554278658,0.0,999059.0554278658,0.0,0.0,0.0,0,1.0,0.0
2017-02-03,999059.0554278658,0.0,999059.0554278658,0.0,0.0,0.0,0,1.0,0.0
2017-02-06,999059.0554278658,0.0,999059.0554278658,0.0,0.0,0.0,0,1.0,0.0
2017-02-07,999059.0554278658,0.0,999059.0554278658,0.0,0.0,0.0,0,1.0,0.0
2017-02-08,999059.0554278658,0.0,999059.0554278658,0.0,0.0,0.0,0,1.0,0.0
2017-02-09,999059.0554278658,0.0,999059.0554278658,0.0,0.0,0.0,0,1.0,0.0
2017-02-10,999059.0554278658,0.0,999059.0554278658,0.0,0.0,0.0,0,1.0,0.0
2017-02-13,999059.0554278658,0.0,999059.0554278658,0.0,0.0,0.0,0,1.0,0.0
2017-02-14,999059.0554278658,0.0,999059.0554278658,0.0,0.0,0.0,0,1.0,0.0
2017-02-15,999059.0554278658,0.0,999059.0554278658,0.0,0.0,0.0,0,1.0,0.0
2017-02-16,999059.0554278658,0.0,999059.0554278658,0.0,0.0,0.0,0,1.0,0.0
2017-02-17,999059.0554278658,0.0,999059.0554278658,0.0,0.0,0.0,0,1.0,0.0
2017-02-21,999059.0554278658,0.0,999059.0554278658,0.0,0.0,0.0,0,1.0,0.0
2017-02-22,999059.0554278658,0.0,999059.0554278658,0.0,0.0,0.0,0,1.0,0.0
2017-02-23,999059.0554278658,0.0,999059.0554278658,0.0,0.0,0.0,0,1.0,0.0
2017-02-24,999059.0554278658,0.0,999059.0554278658,0.0,0.0,0.0,0,1.0,0.0
2017-02-27,999059.0554278658,0.0,999059.0554278658,0.0,0.0,0.0,0,1.0,0.0
2017-02-28,999059.0554278658,0.0,999059.0554278658,0.0,0.0,0.0,0,1.0,0.0
2017-03-01,999059.0554278658,0.0,999059.0554278658,0.0,0.0,0.0,0,1.0,0.0
2017-03-02,999059.0554278658,0.0,999059.0554278658,0.0,0.0,0.0,0,1.0,0.0
2017-03-03,999059.0554278658,0.0,999059.0554278658,0.0,0.0,0.0,0,1.0,0.0
2017-03-06,999059.0554278658,0.0,999059.0554278658,0.0,0.0,0.0,0,1.0,0.0
2017-03-07,999059.0554278658,0.0,999059.0554278658,0.0,0.0,0.0,0,1.0,0.0
2017-03-08,999059.0554278658,0.0,999059.0554278658,0.0,0.0,0.0,0,1.0,0.0
2017-03-09,999059.0554278658,0.0,999059.0554278658,0.0,0.0,0.0,0,1.0,0.0
2017-03-10,999059.0554278658,0.0,999059.0554278658,0.0,0.0,0.0,0,1.0,0.0
2017-03-13,999059.0554278658,0.0,999059.0554278658,0.0,0.0,0.0,0,1.0,0.0
2017-03-14,999059.0554278658,0.0,999059.0554278658,0.0,0.0,0.0,0,1.0,0.0
2017-03-15,999059.0554278658,0.0,999059.0554278658,0.0,0.0,0.0,0,1.0,0.0
2017-03-16,999059.0554278658,0.0,999059.0554278658,0.0,0.0,0.0,0,1.0,0.0
2017-03-17,999059.0554278658,0.0,999059.0554278658,0.0,0.0,0.0,0,1.0,0.0
2017-03-20,999059.0554278658,0.0,999059.0554278658,0.0,0.0,0.0,0,1.0,0.0
2017-03-21,999059.0554278658,0.0,999059.0554278658,0.0,0.0,0.0,0,1.0,0.0
2017-03-22,999059.0554278658,0.0,999059.0554278658,0.0,0.0,0.0,0,1.0,0.0
2017-03-23,999059.0554278658,0.0,999059.0554278658,0.0,0.0,0.0,0,1.0,0.0
2017-03-24,999059.0554278658,0.0,999059.0554278658,0.0,0.0,0.0,0,1.0,0.0
2017-03-27,999059.0554278658,0.0,999059.0554278658,0.0,0.0,0.0,0,1.0,0.0
2017-03-28,999059.0554278658,0.0,999059.0554278658,0.0,0.0,0.0,0,1.0,0.0
2017-03-29,999059.0554278658,0.0,999059.0554278658,0.0,0.0,0.0,0,1.0,0.0
2017-03-30,999059.0554278658,0.0,999059.0554278658,0.0,0.0,0.0,0,1.0,0.0
2017-03-31,999059.0554278658,0.0,999059.0554278658,0.0,0.0,0.0,0,1.0,0.0
2017-04-03,999059.0554278658,0.0,999059.0554278658,0.0,0.0,0.0,0,1.0,0.0
2017-04-04,999059.0554278658,0.0,999059.0554278658,0.0,0.0,0.0,0,1.0,0.0
2017-04-05,999059.0554278658,0.0,999059.0554278658,0.0,0.0,0.0,0,1.0,0.0
2017-04-06,999059.0554278658,0.0,999059.0554278658,0.0,0.0,0.0,0,1.0,0.0
2017-04-07,999059.0554278658,0.0,999059.0554278658,0.0,0.0,0.0,0,1.0,0.0
2017-04-10,999059.0554278658,0.0,999059.0554278658,0.0,0.0,0.0,0,1.0,0.0
2017-04-11,999059.0554278658,0.0,999059.0554278658,0.0,0.0,0.0,0,1.0,0.0
2017-04-12,999059.0554278658,0.0,999059.0554278658,0.0,0.0,0.0,0,1.0,0.0
2017-04-13,999059.0554278658,0.0,999059.0554278658,0.0,0.0,0.0,0,1.0,0.0
2017-04-17,999059.0554278658,0.0,999059.0554278658,0.0,0.0,0.0,0,1.0,0.0
2017-04-18,999059.0554278658,0.0,999059.0554278658,0.0,0.0,0.0,0,1.0,0.0
2017-04-19,999059.0554278658,0.0,999059.0554278658,0.0,0.0,0.0,0,1.0,0.0
2017-04-20,999059.0554278658,0.0,999059.0554278658,0.0,0.0,0.0,0,1.0,0.0
2017-04-21,999059.0554278658,0.0,999059.0554278658,0.0,0.0,0.0,0,1.0,0.0
2017-04-24,999059.0554278658,0.0,999059.0554278658,0.0,0.0,0.0,0,1.0,0.0
2017-04-25,999059.0554278658,0.0,999059.0554278658,0.0,0.0,0.0,0,1.0,0.0
2017-04-26,999059.0554278658,0.0,999059.0554278658,0.0,0.0,0.0,0,1.0,0.0
2017-04-27,999059.0554278658,0.0,999059.0554278658,0.0,0.0,0.0,0,1.0,0.0
2017-04-28,999059.0554278658,0.0,999059.0554278658,0.0,0.0,0.0,0,1.0,0.0
2017-05-01,999059.0554278658,0.0,999059.0554278658,0.0,0.0,0.0,0,1.0,0.0
2017-05-02,999059.0554278658,0.0,999059.0554278658,0.0,0.0,0.0,0,1.0,0.0
2017-05-03,999059.0554278658,0.0,999059.0554278658,0.0,0.0,0.0,0,1.0,0.0
2017-05-04,999059.0554278658,0.0,999059.0554278658,0.0,0.0,0.0,0,1.0,0.0
2017-05-05,999059.0554278658,0.0,999059.0554278658,0.0,0.0,0.0,0,1.0,0.0
2017-05-08,999059.0554278658,0.0,999059.0554278658,0.0,0.0,0.0,0,1.0,0.0
2017-05-09,999059.0554278658,0.0,999059.0554278658,0.0,0.0,0.0,0,1.0,0.0
2017-05-10,999059.0554278658,0.0,999059.0554278658,0.0,0.0,0.0,0,1.0,0.0
2017-05-11,999059.0554278658,0.0,999059.0554278658,0.0,0.0,0.0,0,1.0,0.0
2017-05-12,999059.0554278658,0.0,999059.0554278658,0.0,0.0,0.0,0,1.0,0.0
2017-05-15,999059.0554278658,0.0,999059.0554278658,0.0,0.0,0.0,0,1.0,0.0
2017-05-16,999059.0554278658,0.0,999059.0554278658,0.0,0.0,0.0,0,1.0,0.0
2017-05-17,999059.0554278658,0.0,999059.0554278658,0.0,0.0,0.0,0,1.0,0.0
2017-05-18,999059.0554278658,0.0,999059.0554278658,0.0,0.0,0.0,0,1.0,0.0
2017-05-19,999059.0554278658,0.0,999059.0554278658,0.0,0.0,0.0,0,1.0,0.0
2017-05-22,999059.0554278658,0.0,999059.0554278658,0.0,0.0,0.0,0,1.0,0.0
2017-05-23,999059.0554278658,0.0,999059.0554278658,0.0,0.0,0.0,0,1.0,0.0
2017-05-24,999059.0554278658,0.0,999059.0554278658,0.0,0.0,0.0,0,1.0,0.0
2017-05-25,999059.0554278658,0.0,999059.0554278658,0.0,0.0,0.0,0,1.0,0.0
2017-05-26,999059.0554278658,0.0,999059.0554278658,0.0,0.0,0.0,0,1.0,0.0
2017-05-30,999059.0554278658,0.0,999059.0554278658,0.0,0.0,0.0,0,1.0,0.0
2017-05-31,999059.0554278658,0.0,999059.0554278658,0.0,0.0,0.0,0,1.0,0.0
2017-06-01,999059.0554278658,0.0,999059.0554278658,0.0,0.0,0.0,0,1.0,0.0
2017-06-02,999059.0554278658,0.0,999059.0554278658,0.0,0.0,0.0,0,1.0,0.0
2017-06-05,999059.0554278658,0.0,999059.0554278658,0.0,0.0,0.0,0,1.0,0.0
2017-06-06,999059.0554278658,0.0,999059.0554278658,0.0,0.0,0.0,0,1.0,0.0
2017-06-07,999059.0554278658,0.0,999059.0554278658,0.0,0.0,0.0,0,1.0,0.0
2017-06-08,999059.0554278658,0.0,999059.0554278658,0.0,0.0,0.0,0,1.0,0.0
2017-06-09,999059.0554278658,0.0,999059.0554278658,0.0,0.0,0.0,0,1.0,0.0
2017-06-12,999059.0554278658,0.0,999059.0554278658,0.0,0.0,0.0,0,1.0,0.0
2017-06-13,999059.0554278658,0.0,999059.0554278658,0.0,0.0,0.0,0,1.0,0.0
2017-06-14,999059.0554278658,0.0,999059.0554278658,0.0,0.0,0.0,0,1.0,0.0
2017-06-15,999059.0554278658,0.0,999059.0554278658,0.0,0.0,0.0,0,1.0,0.0
2017-06-16,999059.0554278658,0.0,999059.0554278658,0.0,0.0,0.0,0,1.0,0.0
2017-06-19,999059.0554278658,0.0,999059.0554278658,0.0,0.0,0.0,0,1.0,0.0
2017-06-20,999059.0554278658,0.0,999059.0554278658,0.0,0.0,0.0,0,1.0,0.0
2017-06-21,999059.0554278658,0.0,999059.0554278658,0.0,0.0,0.0,0,1.0,0.0
2017-06-22,999059.0554278658,0.0,999059.0554278658,0.0,0.0,0.0,0,1.0,0.0
2017-06-23,999059.0554278658,0.0,999059.0554278658,0.0,0.0,0.0,0,1.0,0.0
2017-06-26,999059.0554278658,0.0,999059.0554278658,0.0,0.0,0.0,0,1.0,0.0
2017-06-27,999059.0554278658,0.0,999059.0554278658,0.0,0.0,0.0,0,1.0,0.0
2017-06-28,999059.0554278658,0.0,999059.0554278658,0.0,0.0,0.0,0,1.0,0.0
2017-06-29,999059.0554278658,0.0,999059.0554278658,0.0,0.0,0.0,0,1.0,0.0
2017-06-30,999059.0554278658,0.0,999059.0554278658,0.0,0.0,0.0,0,1.0,0.0
2017-07-03,999059.0554278658,0.0,999059.0554278658,0.0,0.0,0.0,0,1.0,0.0
2017-07-05,999059.0554278658,0.0,999059.0554278658,0.0,0.0,0.0,0,1.0,0.0
2017-07-06,999059.0554278658,0.0,999059.0554278658,0.0,0.0,0.0,0,1.0,0.0
2017-07-07,999059.0554278658,0.0,999059.0554278658,0.0,0.0,0.0,0,1.0,0.0
2017-07-10,999059.0554278658,0.0,999059.0554278658,0.0,0.0,0.0,0,1.0,0.0
2017-07-11,999059.0554278658,0.0,999059.0554278658,0.0,0.0,0.0,0,1.0,0.0
2017-07-12,999059.0554278658,0.0,999059.0554278658,0.0,0.0,0.0,0,1.0,0.0
2017-07-13,999059.0554278658,0.0,999059.0554278658,0.0,0.0,0.0,0,1.0,0.0
2017-07-14,999059.0554278658,0.0,999059.0554278658,0.0,0.0,0.0,0,1.0,0.0
2017-07-17,999059.0554278658,0.0,999059.0554278658,0.0,0.0,0.0,0,1.0,0.0
2017-07-18,999059.0554278658,0.0,999059.0554278658,0.0,0.0,0.0,0,1.0,0.0
2017-07-19,999059.0554278658,0.0,999059.0554278658,0.0,0.0,0.0,0,1.0,0.0
2017-07-20,999059.0554278658,0.0,999059.0554278658,0.0,0.0,0.0,0,1.0,0.0
2017-07-21,999059.0554278658,0.0,999059.0554278658,0.0,0.0,0.0,0,1.0,0.0
2017-07-24,999059.0554278658,0.0,999059.0554278658,0.0,0.0,0.0,0,1.0,0.0
2017-07-25,999059.0554278658,0.0,999059.0554278658,0.0,0.0,0.0,0,1.0,0.0
2017-07-26,999059.0554278658,0.0,999059.0554278658,0.0,0.0,0.0,0,1.0,0.0
2017-07-27,999059.0554278658,0.0,999059.0554278658,0.0,0.0,0.0,0,1.0,0.0
2017-07-28,999059.0554278658,0.0,999059.0554278658,0.0,0.0,0.0,0,1.0,0.0
2017-07-31,999059.0554278658,0.0,999059.0554278658,0.0,0.0,0.0,0,1.0,0.0
2017-08-01,999059.0554278658,0.0,999059.0554278658,0.0,0.0,0.0,0,1.0,0.0
2017-08-02,999059.0554278658,0.0,999059.0554278658,0.0,0.0,0.0,0,1.0,0.0
2017-08-03,999059.0554278658,0.0,999059.0554278658,0.0,0.0,0.0,0,1.0,0.0
2017-08-04,999059.0554278658,0.0,999059.0554278658,0.0,0.0,0.0,0,1.0,0.0
2017-08-07,999059.0554278658,0.0,999059.0554278658,0.0,0.0,0.0,0,1.0,0.0
2017-08-08,999059.0554278658,0.0,999059.0554278658,0.0,0.0,0.0,0,1.0,0.0
2017-08-09,999059.0554278658,0.0,999059.0554278658,0.0,0.0,0.0,0,1.0,0.0
2017-08-10,999059.0554278658,0.0,999059.0554278658,0.0,0.0,0.0,0,1.0,0.0
2017-08-11,999059.0554278658,0.0,999059.0554278658,0.0,0.0,0.0,0,1.0,0.0
2017-08-14,999059.0554278658,0.0,999059.0554278658,0.0,0.0,0.0,0,1.0,0.0
2017-08-15,999059.0554278658,0.0,999059.0554278658,0.0,0.0,0.0,0,1.0,0.0
2017-08-16,999059.0554278658,0.0,999059.0554278658,0.0,0.0,0.0,0,1.0,0.0
2017-08-17,999059.0554278658,0.0,999059.0554278658,0.0,0.0,0.0,0,1.0,0.0
2017-08-18,999059.0554278658,0.0,999059.0554278658,0.0,0.0,0.0,0,1.0,0.0
2017-08-21,999059.0554278658,0.0,999059.0554278658,0.0,0.0,0.0,0,1.0,0.0
2017-08-22,999059.0554278658,0.0,999059.0554278658,0.0,0.0,0.0,0,1.0,0.0
2017-08-23,999059.0554278658,0.0,999059.0554278658,0.0,0.0,0.0,0,1.0,0.0
2017-08-24,999059.0554278658,0.0,999059.0554278658,0.0,0.0,0.0,0,1.0,0.0
2017-08-25,999059.0554278658,0.0,999059.0554278658,0.0,0.0,0.0,0,1.0,0.0
2017-08-28,999059.0554278658,0.0,999059.0554278658,0.0,0.0,0.0,0,1.0,0.0
2017-08-29,999059.0554278658,0.0,999059.0554278658,0.0,0.0,0.0,0,1.0,0.0
2017-08-30,999059.0554278658,0.0,999059.0554278658,0.0,0.0,0.0,0,1.0,0.0
2017-08-31,999059.0554278658,0.0,999059.0554278658,0.0,0.0,0.0,0,1.0,0.0
2017-09-01,999059.0554278658,0.0,999059.0554278658,0.0,0.0,0.0,0,1.0,0.0
2017-09-05,999059.0554278658,0.0,999059.0554278658,0.0,0.0,0.0,0,1.0,0.0
2017-09-06,999059.0554278658,0.0,999059.0554278658,0.0,0.0,0.0,0,1.0,0.0
2017-09-07,999059.0554278658,0.0,999059.0554278658,0.0,0.0,0.0,0,1.0,0.0
2017-09-08,999059.0554278658,0.0,999059.0554278658,0.0,0.0,0.0,0,1.0,0.0
2017-09-11,999059.0554278658,0.0,999059.0554278658,0.0,0.0,0.0,0,1.0,0.0
2017-09-12,999059.0554278658,0.0,999059.0554278658,0.0,0.0,0.0,0,1.0,0.0
2017-09-13,999059.0554278658,0.0,999059.0554278658,0.0,0.0,0.0,0,1.0,0.0
2017-09-14,999059.0554278658,0.0,999059.0554278658,0.0,0.0,0.0,0,1.0,0.0
2017-09-15,999059.0554278658,0.0,999059.0554278658,0.0,0.0,0.0,0,1.0,0.0
2017-09-18,999059.0554278658,0.0,999059.0554278658,0.0,0.0,0.0,0,1.0,0.0
2017-09-19,999059.0554278658,0.0,999059.0554278658,0.0,0.0,0.0,0,1.0,0.0
2017-09-20,999059.0554278658,0.0,999059.0554278658,0.0,0.0,0.0,0,1.0,0.0
2017-09-21,999059.0554278658,0.0,999059.0554278658,0.0,0.0,0.0,0,1.0,0.0
2017-09-22,999059.0554278658,0.0,999059.0554278658,0.0,0.0,0.0,0,1.0,0.0
2017-09-25,999059.0554278658,0.0,999059.0554278658,0.0,0.0,0.0,0,1.0,0.0
2017-09-26,999059.0554278658,0.0,999059.0554278658,0.0,0.0,0.0,0,1.0,0.0
2017-09-27,999059.0554278658,0.0,999059.0554278658,0.0,0.0,0.0,0,1.0,0.0
2017-09-28,999059.0554278658,0.0,999059.0554278658,0.0,0.0,0.0,0,1.0,0.0
2017-09-29,999059.0554278658,0.0,999059.0554278658,0.0,0.0,0.0,0,1.0,0.0
2017-10-02,999059.0554278658,0.0,999059.0554278658,0.0,0.0,0.0,0,1.0,0.0
2017-10-03,999059.0554278658,0.0,999059.0554278658,0.0,0.0,0.0,0,1.0,0.0
2017-10-04,999059.0554278658,0.0,999059.0554278658,0.0,0.0,0.0,0,1.0,0.0
2017-10-05,999059.0554278658,0.0,999059.0554278658,0.0,0.0,0.0,0,1.0,0.0
2017-10-06,999059.0554278658,0.0,999059.0554278658,0.0,0.0,0.0,0,1.0,0.0
2017-10-09,999059.0554278658,0.0,999059.0554278658,0.0,0.0,0.0,0,1.0,0.0
2017-10-10,999059.0554278658,0.0,999059.0554278658,0.0,0.0,0.0,0,1.0,0.0
2017-10-11,999059.0554278658,0.0,999059.0554278658,0.0,0.0,0.0,0,1.0,0.0
2017-10-12,999059.0554278658,0.0,999059.0554278658,0.0,0.0,0.0,0,1.0,0.0
2017-10-13,999059.0554278658,0.0,999059.0554278658,0.0,0.0,0.0,0,1.0,0.0
2017-10-16,999059.0554278658,0.0,999059.0554278658,0.0,0.0,0.0,0,1.0,0.0
2017-10-17,999059.0554278658,0.0,999059.0554278658,0.0,0.0,0.0,0,1.0,0.0
2017-10-18,999059.0554278658,0.0,999059.0554278658,0.0,0.0,0.0,0,1.0,0.0
2017-10-19,999059.0554278658,0.0,999059.0554278658,0.0,0.0,0.0,0,1.0,0.0
2017-10-20,999059.0554278658,0.0,999059.0554278658,0.0,0.0,0.0,0,1.0,0.0
2017-10-23,999059.0554278658,0.0,999059.0554278658,0.0,0.0,0.0,0,1.0,0.0
2017-10-24,999059.0554278658,0.0,999059.0554278658,0.0,0.0,0.0,0,1.0,0.0
2017-10-25,999059.0554278658,0.0,999059.0554278658,0.0,0.0,0.0,0,1.0,0.0
2017-10-26,999059.0554278658,0.0,999059.0554278658,0.0,0.0,0.0,0,1.0,0.0
2017-10-27,999059.0554278658,0.0,999059.0554278658,0.0,0.0,0.0,0,1.0,0.0
2017-10-30,999059.0554278658,0.0,999059.0554278658,0.0,0.0,0.0,0,1.0,0.0
2017-10-31,999059.0554278658,0.0,999059.0554278658,0.0,0.0,0.0,0,1.0,0.0
2017-11-01,999059.0554278658,0.0,999059.0554278658,0.0,0.0,0.0,0,1.0,0.0
2017-11-02,999059.0554278658,0.0,999059.0554278658,0.0,0.0,0.0,0,1.0,0.0
2017-11-03,999059.0554278658,0.0,999059.0554278658,0.0,0.0,0.0,0,1.0,0.0
2017-11-06,999059.0554278658,0.0,999059.0554278658,0.0,0.0,0.0,0,1.0,0.0
2017-11-07,999059.0554278658,0.0,999059.0554278658,0.0,0.0,0.0,0,1.0,0.0
2017-11-08,999059.0554278658,0.0,999059.0554278658,0.0,0.0,0.0,0,1.0,0.0
2017-11-09,999059.0554278658,0.0,999059.0554278658,0.0,0.0,0.0,0,1.0,0.0
2017-11-10,999059.0554278658,0.0,999059.0554278658,0.0,0.0,0.0,0,1.0,0.0
2017-11-13,999059.0554278658,0.0,999059.0554278658,0.0,0.0,0.0,0,1.0,0.0
2017-11-14,999059.0554278658,0.0,999059.0554278658,0.0,0.0,0.0,0,1.0,0.0
2017-11-15,999059.0554278658,0.0,999059.0554278658,0.0,0.0,0.0,0,1.0,0.0
2017-11-16,999059.0554278658,0.0,999059.0554278658,0.0,0.0,0.0,0,1.0,0.0
2017-11-17,999059.0554278658,0.0,999059.0554278658,0.0,0.0,0.0,0,1.0,0.0
2017-11-20,999059.0554278658,0.0,999059.0554278658,0.0,0.0,0.0,0,1.0,0.0
2017-11-21,999059.0554278658,0.0,999059.0554278658,0.0,0.0,0.0,0,1.0,0.0
2017-11-22,999059.0554278658,0.0,999059.0554278658,0.0,0.0,0.0,0,1.0,0.0
2017-11-24,999059.0554278658,0.0,999059.0554278658,0.0,0.0,0.0,0,1.0,0.0
2017-11-27,999059.0554278658,0.0,999059.0554278658,0.0,0.0,0.0,0,1.0,0.0
2017-11-28,999059.0554278658,0.0,999059.0554278658,0.0,0.0,0.0,0,1.0,0.0
2017-11-29,999059.0554278658,0.0,999059.0554278658,0.0,0.0,0.0,0,1.0,0.0
2017-11-30,999059.0554278658,0.0,999059.0554278658,0.0,0.0,0.0,0,1.0,0.0
2017-12-01,999059.0554278658,0.0,999059.0554278658,0.0,0.0,0.0,0,1.0,0.0
2017-12-04,999059.0554278658,0.0,999059.0554278658,0.0,0.0,0.0,0,1.0,0.0
2017-12-05,999059.0554278658,0.0,999059.0554278658,0.0,0.0,0.0,0,1.0,0.0
2017-12-06,999059.0554278658,0.0,999059.0554278658,0.0,0.0,0.0,0,1.0,0.0
2017-12-07,999059.0554278658,0.0,999059.0554278658,0.0,0.0,0.0,0,1.0,0.0
2017-12-08,999059.0554278658,0.0,999059.0554278658,0.0,0.0,0.0,0,1.0,0.0
2017-12-11,999059.0554278658,0.0,999059.0554278658,0.0,0.0,0.0,0,1.0,0.0
2017-12-12,999059.0554278658,0.0,999059.0554278658,0.0,0.0,0.0,0,1.0,0.0
2017-12-13,999059.0554278658,0.0,999059.0554278658,0.0,0.0,0.0,0,1.0,0.0
2017-12-14,999059.0554278658,0.0,999059.0554278658,0.0,0.0,0.0,0,1.0,0.0
2017-12-15,999059.0554278658,0.0,999059.0554278658,0.0,0.0,0.0,0,1.0,0.0
2017-12-18,999059.0554278658,0.0,999059.0554278658,0.0,0.0,0.0,0,1.0,0.0
2017-12-19,999059.0554278658,0.0,999059.0554278658,0.0,0.0,0.0,0,1.0,0.0
2017-12-20,999059.0554278658,0.0,999059.0554278658,0.0,0.0,0.0,0,1.0,0.0
2017-12-21,999059.0554278658,0.0,999059.0554278658,0.0,0.0,0.0,0,1.0,0.0
2017-12-22,999059.0554278658,0.0,999059.0554278658,0.0,0.0,0.0,0,1.0,0.0
2017-12-26,999059.0554278658,0.0,999059.0554278658,0.0,0.0,0.0,0,1.0,0.0
2017-12-27,999059.0554278658,0.0,999059.0554278658,0.0,0.0,0.0,0,1.0,0.0
2017-12-28,999059.0554278658,0.0,999059.0554278658,0.0,0.0,0.0,0,1.0,0.0
2017-12-29,999059.0554278658,0.0,999059.0554278658,0.0,0.0,0.0,0,1.0,0.0
2018-01-02,999059.0554278658,0.0,999059.0554278658,0.0,0.0,0.0,0,1.0,0.0
2018-01-03,999059.0554278658,0.0,999059.0554278658,0.0,0.0,0.0,0,1.0,0.0
2018-01-04,999059.0554278658,0.0,999059.0554278658,0.0,0.0,0.0,0,1.0,0.0
2018-01-05,999059.0554278658,0.0,999059.0554278658,0.0,0.0,0.0,0,1.0,0.0
2018-01-08,999059.0554278658,0.0,999059.0554278658,0.0,0.0,0.0,0,1.0,0.0
2018-01-09,999059.0554278658,0.0,999059.0554278658,0.0,0.0,0.0,0,1.0,0.0
2018-01-10,999059.0554278658,0.0,999059.0554278658,0.0,0.0,0.0,0,1.0,0.0
2018-01-11,999059.0554278658,0.0,999059.0554278658,0.0,0.0,0.0,0,1.0,0.0
2018-01-12,999059.0554278658,0.0,999059.0554278658,0.0,0.0,0.0,0,1.0,0.0
2018-01-16,999059.0554278658,0.0,999059.0554278658,0.0,0.0,0.0,0,1.0,0.0
2018-01-17,999059.0554278658,0.0,999059.0554278658,0.0,0.0,0.0,0,1.0,0.0
2018-01-18,999059.0554278658,0.0,999059.0554278658,0.0,0.0,0.0,0,1.0,0.0
2018-01-19,999059.0554278658,0.0,999059.0554278658,0.0,0.0,0.0,0,1.0,0.0
2018-01-22,999059.0554278658,0.0,999059.0554278658,0.0,0.0,0.0,0,1.0,0.0
2018-01-23,999059.0554278658,0.0,999059.0554278658,0.0,0.0,0.0,0,1.0,0.0
2018-01-24,999059.0554278658,0.0,999059.0554278658,0.0,0.0,0.0,0,1.0,0.0
2018-01-25,999059.0554278658,0.0,999059.0554278658,0.0,0.0,0.0,0,1.0,0.0
2018-01-26,999059.0554278658,0.0,999059.0554278658,0.0,0.0,0.0,0,1.0,0.0
2018-01-29,999059.0554278658,0.0,999059.0554278658,0.0,0.0,0.0,0,1.0,0.0
2018-01-30,999059.0554278658,0.0,999059.0554278658,0.0,0.0,0.0,0,1.0,0.0
2018-01-31,999059.0554278658,0.0,999059.0554278658,0.0,0.0,0.0,0,1.0,0.0
2018-02-01,999059.0554278658,0.0,999059.0554278658,0.0,0.0,0.0,0,1.0,0.0
2018-02-02,999059.0554278658,0.0,999059.0554278658,0.0,0.0,0.0,0,1.0,0.0
2018-02-05,999059.0554278658,0.0,999059.0554278658,0.0,0.0,0.0,0,1.0,0.0
2018-02-06,999059.0554278658,0.0,999059.0554278658,0.0,0.0,0.0,0,1.0,0.0
2018-02-07,999059.0554278658,0.0,999059.0554278658,0.0,0.0,0.0,0,1.0,0.0
2018-02-08,999059.0554278658,0.0,999059.0554278658,0.0,0.0,0.0,0,1.0,0.0
2018-02-09,999059.0554278658,0.0,999059.0554278658,0.0,0.0,0.0,0,1.0,0.0
2018-02-12,999059.0554278658,0.0,999059.0554278658,0.0,0.0,0.0,0,1.0,0.0
2018-02-13,999059.0554278658,0.0,999059.0554278658,0.0,0.0,0.0,0,1.0,0.0
2018-02-14,999059.0554278658,0.0,999059.0554278658,0.0,0.0,0.0,0,1.0,0.0
2018-02-15,999059.0554278658,0.0,999059.0554278658,0.0,0.0,0.0,0,1.0,0.0
2018-02-16,999059.0554278658,0.0,999059.0554278658,0.0,0.0,0.0,0,1.0,0.0
2018-02-20,999059.0554278658,0.0,999059.0554278658,0.0,0.0,0.0,0,1.0,0.0
2018-02-21,999059.0554278658,0.0,999059.0554278658,0.0,0.0,0.0,0,1.0,0.0
2018-02-22,999059.0554278658,0.0,999059.0554278658,0.0,0.0,0.0,0,1.0,0.0
2018-02-23,999059.0554278658,0.0,999059.0554278658,0.0,0.0,0.0,0,1.0,0.0
2018-02-26,999059.0554278658,0.0,999059.0554278658,0.0,0.0,0.0,0,1.0,0.0
2018-02-27,999059.0554278658,0.0,999059.0554278658,0.0,0.0,0.0,0,1.0,0.0
2018-02-28,999059.0554278658,0.0,999059.0554278658,0.0,0.0,0.0,0,1.0,0.0
2018-03-01,999059.0554278658,0.0,999059.0554278658,0.0,0.0,0.0,0,1.0,0.0
2018-03-02,999059.0554278658,0.0,999059.0554278658,0.0,0.0,0.0,0,1.0,0.0
2018-03-05,999059.0554278658,0.0,999059.0554278658,0.0,0.0,0.0,0,1.0,0.0
2018-03-06,999059.0554278658,0.0,999059.0554278658,0.0,0.0,0.0,0,1.0,0.0
2018-03-07,999059.0554278658,0.0,999059.0554278658,0.0,0.0,0.0,0,1.0,0.0
2018-03-08,999059.0554278658,0.0,999059.0554278658,0.0,0.0,0.0,0,1.0,0.0
2018-03-09,999059.0554278658,0.0,999059.0554278658,0.0,0.0,0.0,0,1.0,0.0
2018-03-12,999059.0554278658,0.0,999059.0554278658,0.0,0.0,0.0,0,1.0,0.0
2018-03-13,999059.0554278658,0.0,999059.0554278658,0.0,0.0,0.0,0,1.0,0.0
2018-03-14,999059.0554278658,0.0,999059.0554278658,0.0,0.0,0.0,0,1.0,0.0
2018-03-15,999059.0554278658,0.0,999059.0554278658,0.0,0.0,0.0,0,1.0,0.0
2018-03-16,999059.0554278658,0.0,999059.0554278658,0.0,0.0,0.0,0,1.0,0.0
2018-03-19,999059.0554278658,0.0,999059.0554278658,0.0,0.0,0.0,0,1.0,0.0
2018-03-20,999059.0554278658,0.0,999059.0554278658,0.0,0.0,0.0,0,1.0,0.0
2018-03-21,999059.0554278658,0.0,999059.0554278658,0.0,0.0,0.0,0,1.0,0.0
2018-03-22,999059.0554278658,0.0,999059.0554278658,0.0,0.0,0.0,0,1.0,0.0
2018-03-23,999059.0554278658,0.0,999059.0554278658,0.0,0.0,0.0,0,1.0,0.0
2018-03-26,999059.0554278658,0.0,999059.0554278658,0.0,0.0,0.0,0,1.0,0.0
2018-03-27,999059.0554278658,0.0,999059.0554278658,0.0,0.0,0.0,0,1.0,0.0
2018-03-28,999059.0554278658,0.0,999059.0554278658,0.0,0.0,0.0,0,1.0,0.0
2018-03-29,999059.0554278658,0.0,999059.0554278658,0.0,0.0,0.0,0,1.0,0.0
2018-04-02,999059.0554278658,0.0,999059.0554278658,0.0,0.0,0.0,0,1.0,0.0
2018-04-03,999059.0554278658,0.0,999059.0554278658,0.0,0.0,0.0,0,1.0,0.0
2018-04-04,999059.0554278658,0.0,999059.0554278658,0.0,0.0,0.0,0,1.0,0.0
2018-04-05,999059.0554278658,0.0,999059.0554278658,0.0,0.0,0.0,0,1.0,0.0
2018-04-06,999059.0554278658,0.0,999059.0554278658,0.0,0.0,0.0,0,1.0,0.0
2018-04-09,999059.0554278658,0.0,999059.0554278658,0.0,0.0,0.0,0,1.0,0.0
2018-04-10,999059.0554278658,0.0,999059.0554278658,0.0,0.0,0.0,0,1.0,0.0
2018-04-11,999059.0554278658,0.0,999059.0554278658,0.0,0.0,0.0,0,1.0,0.0
2018-04-12,999059.0554278658,0.0,999059.0554278658,0.0,0.0,0.0,0,1.0,0.0
2018-04-13,999059.0554278658,0.0,999059.0554278658,0.0,0.0,0.0,0,1.0,0.0
2018-04-16,999059.0554278658,0.0,999059.0554278658,0.0,0.0,0.0,0,1.0,0.0
2018-04-17,999059.0554278658,0.0,999059.0554278658,0.0,0.0,0.0,0,1.0,0.0
2018-04-18,999059.0554278658,0.0,999059.0554278658,0.0,0.0,0.0,0,1.0,0.0
2018-04-19,999059.0554278658,0.0,999059.0554278658,0.0,0.0,0.0,0,1.0,0.0
2018-04-20,999059.0554278658,0.0,999059.0554278658,0.0,0.0,0.0,0,1.0,0.0
2018-04-23,999059.0554278658,0.0,999059.0554278658,0.0,0.0,0.0,0,1.0,0.0
2018-04-24,999059.0554278658,0.0,999059.0554278658,0.0,0.0,0.0,0,1.0,0.0
2018-04-25,999059.0554278658,0.0,999059.0554278658,0.0,0.0,0.0,0,1.0,0.0
2018-04-26,999059.0554278658,0.0,999059.0554278658,0.0,0.0,0.0,0,1.0,0.0
2018-04-27,999059.0554278658,0.0,999059.0554278658,0.0,0.0,0.0,0,1.0,0.0
2018-04-30,999059.0554278658,0.0,999059.0554278658,0.0,0.0,0.0,0,1.0,0.0
2018-05-01,999059.0554278658,0.0,999059.0554278658,0.0,0.0,0.0,0,1.0,0.0
2018-05-02,999059.0554278658,0.0,999059.0554278658,0.0,0.0,0.0,0,1.0,0.0
2018-05-03,999059.0554278658,0.0,999059.0554278658,0.0,0.0,0.0,0,1.0,0.0
2018-05-04,999059.0554278658,0.0,999059.0554278658,0.0,0.0,0.0,0,1.0,0.0
2018-05-07,999059.0554278658,0.0,999059.0554278658,0.0,0.0,0.0,0,1.0,0.0
2018-05-08,999059.0554278658,0.0,999059.0554278658,0.0,0.0,0.0,0,1.0,0.0
2018-05-09,999059.0554278658,0.0,999059.0554278658,0.0,0.0,0.0,0,1.0,0.0
2018-05-10,999059.0554278658,0.0,999059.0554278658,0.0,0.0,0.0,0,1.0,0.0
2018-05-11,999059.0554278658,0.0,999059.0554278658,0.0,0.0,0.0,0,1.0,0.0
2018-05-14,999059.0554278658,0.0,999059.0554278658,0.0,0.0,0.0,0,1.0,0.0
2018-05-15,999059.0554278658,0.0,999059.0554278658,0.0,0.0,0.0,0,1.0,0.0
2018-05-16,999059.0554278658,0.0,999059.0554278658,0.0,0.0,0.0,0,1.0,0.0
2018-05-17,999059.0554278658,0.0,999059.0554278658,0.0,0.0,0.0,0,1.0,0.0
2018-05-18,999059.0554278658,0.0,999059.0554278658,0.0,0.0,0.0,0,1.0,0.0
2018-05-21,999059.0554278658,0.0,999059.0554278658,0.0,0.0,0.0,0,1.0,0.0
2018-05-22,999059.0554278658,0.0,999059.0554278658,0.0,0.0,0.0,0,1.0,0.0
2018-05-23,999059.0554278658,0.0,999059.0554278658,0.0,0.0,0.0,0,1.0,0.0
2018-05-24,999059.0554278658,0.0,999059.0554278658,0.0,0.0,0.0,0,1.0,0.0
2018-05-25,999059.0554278658,0.0,999059.0554278658,0.0,0.0,0.0,0,1.0,0.0
2018-05-29,999059.0554278658,0.0,999059.0554278658,0.0,0.0,0.0,0,1.0,0.0
2018-05-30,999059.0554278658,0.0,999059.0554278658,0.0,0.0,0.0,0,1.0,0.0
2018-05-31,999059.0554278658,0.0,999059.0554278658,0.0,0.0,0.0,0,1.0,0.0
2018-06-01,999059.0554278658,0.0,999059.0554278658,0.0,0.0,0.0,0,1.0,0.0
2018-06-04,999059.0554278658,0.0,999059.0554278658,0.0,0.0,0.0,0,1.0,0.0
2018-06-05,999059.0554278658,0.0,999059.0554278658,0.0,0.0,0.0,0,1.0,0.0
2018-06-06,999059.0554278658,0.0,999059.0554278658,0.0,0.0,0.0,0,1.0,0.0
2018-06-07,999059.0554278658,0.0,999059.0554278658,0.0,0.0,0.0,0,1.0,0.0
2018-06-08,999059.0554278658,0.0,999059.0554278658,0.0,0.0,0.0,0,1.0,0.0
2018-06-11,999059.0554278658,0.0,999059.0554278658,0.0,0.0,0.0,0,1.0,0.0
2018-06-12,999059.0554278658,0.0,999059.0554278658,0.0,0.0,0.0,0,1.0,0.0
2018-06-13,999059.0554278658,0.0,999059.0554278658,0.0,0.0,0.0,0,1.0,0.0
2018-06-14,999059.0554278658,0.0,999059.0554278658,0.0,0.0,0.0,0,1.0,0.0
2018-06-15,999059.0554278658,0.0,999059.0554278658,0.0,0.0,0.0,0,1.0,0.0
2018-06-18,999059.0554278658,0.0,999059.0554278658,0.0,0.0,0.0,0,1.0,0.0
2018-06-19,999059.0554278658,0.0,999059.0554278658,0.0,0.0,0.0,0,1.0,0.0
2018-06-20,999059.0554278658,0.0,999059.0554278658,0.0,0.0,0.0,0,1.0,0.0
2018-06-21,999059.0554278658,0.0,999059.0554278658,0.0,0.0,0.0,0,1.0,0.0
2018-06-22,999059.0554278658,0.0,999059.0554278658,0.0,0.0,0.0,0,1.0,0.0
2018-06-25,999059.0554278658,0.0,999059.0554278658,0.0,0.0,0.0,0,1.0,0.0
2018-06-26,999059.0554278658,0.0,999059.0554278658,0.0,0.0,0.0,0,1.0,0.0
2018-06-27,999059.0554278658,0.0,999059.0554278658,0.0,0.0,0.0,0,1.0,0.0
2018-06-28,999059.0554278658,0.0,999059.0554278658,0.0,0.0,0.0,0,1.0,0.0
2018-06-29,999059.0554278658,0.0,999059.0554278658,0.0,0.0,0.0,0,1.0,0.0
2018-07-02,999059.0554278658,0.0,999059.0554278658,0.0,0.0,0.0,0,1.0,0.0
2018-07-03,999059.0554278658,0.0,999059.0554278658,0.0,0.0,0.0,0,1.0,0.0
2018-07-05,999059.0554278658,0.0,999059.0554278658,0.0,0.0,0.0,0,1.0,0.0
2018-07-06,999059.0554278658,0.0,999059.0554278658,0.0,0.0,0.0,0,1.0,0.0
2018-07-09,999059.0554278658,0.0,999059.0554278658,0.0,0.0,0.0,0,1.0,0.0
2018-07-10,999059.0554278658,0.0,999059.0554278658,0.0,0.0,0.0,0,1.0,0.0
2018-07-11,999059.0554278658,0.0,999059.0554278658,0.0,0.0,0.0,0,1.0,0.0
2018-07-12,999059.0554278658,0.0,999059.0554278658,0.0,0.0,0.0,0,1.0,0.0
2018-07-13,999059.0554278658,0.0,999059.0554278658,0.0,0.0,0.0,0,1.0,0.0
2018-07-16,999059.0554278658,0.0,999059.0554278658,0.0,0.0,0.0,0,1.0,0.0
2018-07-17,999059.0554278658,0.0,999059.0554278658,0.0,0.0,0.0,0,1.0,0.0
2018-07-18,999059.0554278658,0.0,999059.0554278658,0.0,0.0,0.0,0,1.0,0.0
2018-07-19,999059.0554278658,0.0,999059.0554278658,0.0,0.0,0.0,0,1.0,0.0
2018-07-20,999059.0554278658,0.0,999059.0554278658,0.0,0.0,0.0,0,1.0,0.0
2018-07-23,999059.0554278658,0.0,999059.0554278658,0.0,0.0,0.0,0,1.0,0.0
2018-07-24,999059.0554278658,0.0,999059.0554278658,0.0,0.0,0.0,0,1.0,0.0
2018-07-25,999059.0554278658,0.0,999059.0554278658,0.0,0.0,0.0,0,1.0,0.0
2018-07-26,999059.0554278658,0.0,999059.0554278658,0.0,0.0,0.0,0,1.0,0.0
2018-07-27,999059.0554278658,0.0,999059.0554278658,0.0,0.0,0.0,0,1.0,0.0
2018-07-30,999059.0554278658,0.0,999059.0554278658,0.0,0.0,0.0,0,1.0,0.0
2018-07-31,999059.0554278658,0.0,999059.0554278658,0.0,0.0,0.0,0,1.0,0.0
2018-08-01,999059.0554278658,0.0,999059.0554278658,0.0,0.0,0.0,0,1.0,0.0
2018-08-02,999059.0554278658,0.0,999059.0554278658,0.0,0.0,0.0,0,1.0,0.0
2018-08-03,999059.0554278658,0.0,999059.0554278658,0.0,0.0,0.0,0,1.0,0.0
2018-08-06,999059.0554278658,0.0,999059.0554278658,0.0,0.0,0.0,0,1.0,0.0
2018-08-07,999059.0554278658,0.0,999059.0554278658,0.0,0.0,0.0,0,1.0,0.0
2018-08-08,999059.0554278658,0.0,999059.0554278658,0.0,0.0,0.0,0,1.0,0.0
2018-08-09,999059.0554278658,0.0,999059.0554278658,0.0,0.0,0.0,0,1.0,0.0
2018-08-10,999059.0554278658,0.0,999059.0554278658,0.0,0.0,0.0,0,1.0,0.0
2018-08-13,999059.0554278658,0.0,999059.0554278658,0.0,0.0,0.0,0,1.0,0.0
2018-08-14,999059.0554278658,0.0,999059.0554278658,0.0,0.0,0.0,0,1.0,0.0
2018-08-15,999059.0554278658,0.0,999059.0554278658,0.0,0.0,0.0,0,1.0,0.0
2018-08-16,999059.0554278658,0.0,999059.0554278658,0.0,0.0,0.0,0,1.0,0.0
2018-08-17,999059.0554278658,0.0,999059.0554278658,0.0,0.0,0.0,0,1.0,0.0
2018-08-20,999059.0554278658,0.0,999059.0554278658,0.0,0.0,0.0,0,1.0,0.0
2018-08-21,999059.0554278658,0.0,999059.0554278658,0.0,0.0,0.0,0,1.0,0.0
2018-08-22,999059.0554278658,0.0,999059.0554278658,0.0,0.0,0.0,0,1.0,0.0
2018-08-23,999059.0554278658,0.0,999059.0554278658,0.0,0.0,0.0,0,1.0,0.0
2018-08-24,999059.0554278658,0.0,999059.0554278658,0.0,0.0,0.0,0,1.0,0.0
2018-08-27,999059.0554278658,0.0,999059.0554278658,0.0,0.0,0.0,0,1.0,0.0
2018-08-28,999059.0554278658,0.0,999059.0554278658,0.0,0.0,0.0,0,1.0,0.0
2018-08-29,999059.0554278658,0.0,999059.0554278658,0.0,0.0,0.0,0,1.0,0.0
2018-08-30,999059.0554278658,0.0,999059.0554278658,0.0,0.0,0.0,0,1.0,0.0
2018-08-31,999059.0554278658,0.0,999059.0554278658,0.0,0.0,0.0,0,1.0,0.0
2018-09-04,999059.0554278658,0.0,999059.0554278658,0.0,0.0,0.0,0,1.0,0.0
2018-09-05,999059.0554278658,0.0,999059.0554278658,0.0,0.0,0.0,0,1.0,0.0
2018-09-06,999059.0554278658,0.0,999059.0554278658,0.0,0.0,0.0,0,1.0,0.0
2018-09-07,999059.0554278658,0.0,999059.0554278658,0.0,0.0,0.0,0,1.0,0.0
2018-09-10,999059.0554278658,0.0,999059.0554278658,0.0,0.0,0.0,0,1.0,0.0
2018-09-11,999059.0554278658,0.0,999059.0554278658,0.0,0.0,0.0,0,1.0,0.0
2018-09-12,999059.0554278658,0.0,999059.0554278658,0.0,0.0,0.0,0,1.0,0.0
2018-09-13,999059.0554278658,0.0,999059.0554278658,0.0,0.0,0.0,0,1.0,0.0
2018-09-14,999059.0554278658,0.0,999059.0554278658,0.0,0.0,0.0,0,1.0,0.0
2018-09-17,999059.0554278658,0.0,999059.0554278658,0.0,0.0,0.0,0,1.0,0.0
2018-09-18,999059.0554278658,0.0,999059.0554278658,0.0,0.0,0.0,0,1.0,0.0
2018-09-19,999059.0554278658,0.0,999059.0554278658,0.0,0.0,0.0,0,1.0,0.0
2018-09-20,999059.0554278658,0.0,999059.0554278658,0.0,0.0,0.0,0,1.0,0.0
2018-09-21,999059.0554278658,0.0,999059.0554278658,0.0,0.0,0.0,0,1.0,0.0
2018-09-24,999059.0554278658,0.0,999059.0554278658,0.0,0.0,0.0,0,1.0,0.0
2018-09-25,999059.0554278658,0.0,999059.0554278658,0.0,0.0,0.0,0,1.0,0.0
2018-09-26,999059.0554278658,0.0,999059.0554278658,0.0,0.0,0.0,0,1.0,0.0
2018-09-27,999059.0554278658,0.0,999059.0554278658,0.0,0.0,0.0,0,1.0,0.0
2018-09-28,999059.0554278658,0.0,999059.0554278658,0.0,0.0,0.0,0,1.0,0.0
2018-10-01,999059.0554278658,0.0,999059.0554278658,0.0,0.0,0.0,0,1.0,0.0
2018-10-02,999059.0554278658,0.0,999059.0554278658,0.0,0.0,0.0,0,1.0,0.0
2018-10-03,999059.0554278658,0.0,999059.0554278658,0.0,0.0,0.0,0,1.0,0.0
2018-10-04,999059.0554278658,0.0,999059.0554278658,0.0,0.0,0.0,0,1.0,0.0
2018-10-05,999059.0554278658,0.0,999059.0554278658,0.0,0.0,0.0,0,1.0,0.0
2018-10-08,999059.0554278658,0.0,999059.0554278658,0.0,0.0,0.0,0,1.0,0.0
2018-10-09,999059.0554278658,0.0,999059.0554278658,0.0,0.0,0.0,0,1.0,0.0
2018-10-10,999059.0554278658,0.0,999059.0554278658,0.0,0.0,0.0,0,1.0,0.0
2018-10-11,999059.0554278658,0.0,999059.0554278658,0.0,0.0,0.0,0,1.0,0.0
2018-10-12,999059.0554278658,0.0,999059.0554278658,0.0,0.0,0.0,0,1.0,0.0
2018-10-15,999059.0554278658,0.0,999059.0554278658,0.0,0.0,0.0,0,1.0,0.0
2018-10-16,999059.0554278658,0.0,999059.0554278658,0.0,0.0,0.0,0,1.0,0.0
2018-10-17,999059.0554278658,0.0,999059.0554278658,0.0,0.0,0.0,0,1.0,0.0
2018-10-18,999059.0554278658,0.0,999059.0554278658,0.0,0.0,0.0,0,1.0,0.0
2018-10-19,999059.0554278658,0.0,999059.0554278658,0.0,0.0,0.0,0,1.0,0.0
2018-10-22,999059.0554278658,0.0,999059.0554278658,0.0,0.0,0.0,0,1.0,0.0
2018-10-23,999059.0554278658,0.0,999059.0554278658,0.0,0.0,0.0,0,1.0,0.0
2018-10-24,999059.0554278658,0.0,999059.0554278658,0.0,0.0,0.0,0,1.0,0.0
2018-10-25,999059.0554278658,0.0,999059.0554278658,0.0,0.0,0.0,0,1.0,0.0
2018-10-26,999059.0554278658,0.0,999059.0554278658,0.0,0.0,0.0,0,1.0,0.0
2018-10-29,999059.0554278658,0.0,999059.0554278658,0.0,0.0,0.0,0,1.0,0.0
2018-10-30,999059.0554278658,0.0,999059.0554278658,0.0,0.0,0.0,0,1.0,0.0
2018-10-31,999059.0554278658,0.0,999059.0554278658,0.0,0.0,0.0,0,1.0,0.0
2018-11-01,999059.0554278658,0.0,999059.0554278658,0.0,0.0,0.0,0,1.0,0.0
2018-11-02,999059.0554278658,0.0,999059.0554278658,0.0,0.0,0.0,0,1.0,0.0
2018-11-05,999059.0554278658,0.0,999059.0554278658,0.0,0.0,0.0,0,1.0,0.0
2018-11-06,999059.0554278658,0.0,999059.0554278658,0.0,0.0,0.0,0,1.0,0.0
2018-11-07,999059.0554278658,0.0,999059.0554278658,0.0,0.0,0.0,0,1.0,0.0
2018-11-08,999059.0554278658,0.0,999059.0554278658,0.0,0.0,0.0,0,1.0,0.0
2018-11-09,999059.0554278658,0.0,999059.0554278658,0.0,0.0,0.0,0,1.0,0.0
2018-11-12,999059.0554278658,0.0,999059.0554278658,0.0,0.0,0.0,0,1.0,0.0
2018-11-13,999059.0554278658,0.0,999059.0554278658,0.0,0.0,0.0,0,1.0,0.0
2018-11-14,999059.0554278658,0.0,999059.0554278658,0.0,0.0,0.0,0,1.0,0.0
2018-11-15,999059.0554278658,0.0,999059.0554278658,0.0,0.0,0.0,0,1.0,0.0
2018-11-16,999059.0554278658,0.0,999059.0554278658,0.0,0.0,0.0,0,1.0,0.0
2018-11-19,999059.0554278658,0.0,999059.0554278658,0.0,0.0,0.0,0,1.0,0.0
2018-11-20,999059.0554278658,0.0,999059.0554278658,0.0,0.0,0.0,0,1.0,0.0
2018-11-21,999059.0554278658,0.0,999059.0554278658,0.0,0.0,0.0,0,1.0,0.0
2018-11-23,999059.0554278658,0.0,999059.0554278658,0.0,0.0,0.0,0,1.0,0.0
2018-11-26,999059.0554278658,0.0,999059.0554278658,0.0,0.0,0.0,0,1.0,0.0
2018-11-27,999059.0554278658,0.0,999059.0554278658,0.0,0.0,0.0,0,1.0,0.0
2018-11-28,999059.0554278658,0.0,999059.0554278658,0.0,0.0,0.0,0,1.0,0.0
2018-11-29,999059.0554278658,0.0,999059.0554278658,0.0,0.0,0.0,0,1.0,0.0
2018-11-30,999059.0554278658,0.0,999059.0554278658,0.0,0.0,0.0,0,1.0,0.0
2018-12-03,999059.0554278658,0.0,999059.0554278658,0.0,0.0,0.0,0,1.0,0.0
2018-12-04,999059.0554278658,0.0,999059.0554278658,0.0,0.0,0.0,0,1.0,0.0
2018-12-06,999059.0554278658,0.0,999059.0554278658,0.0,0.0,0.0,0,1.0,0.0
2018-12-07,999059.0554278658,0.0,999059.0554278658,0.0,0.0,0.0,0,1.0,0.0
2018-12-10,999059.0554278658,0.0,999059.0554278658,0.0,0.0,0.0,0,1.0,0.0
2018-12-11,999059.0554278658,0.0,999059.0554278658,0.0,0.0,0.0,0,1.0,0.0
2018-12-12,999059.0554278658,0.0,999059.0554278658,0.0,0.0,0.0,0,1.0,0.0
2018-12-13,999059.0554278658,0.0,999059.0554278658,0.0,0.0,0.0,0,1.0,0.0
2018-12-14,999059.0554278658,0.0,999059.0554278658,0.0,0.0,0.0,0,1.0,0.0
2018-12-17,999059.0554278658,0.0,999059.0554278658,0.0,0.0,0.0,0,1.0,0.0
2018-12-18,999059.0554278658,0.0,999059.0554278658,0.0,0.0,0.0,0,1.0,0.0
2018-12-19,999059.0554278658,0.0,999059.0554278658,0.0,0.0,0.0,0,1.0,0.0
2018-12-20,999059.0554278658,0.0,999059.0554278658,0.0,0.0,0.0,0,1.0,0.0
2018-12-21,999059.0554278658,0.0,999059.0554278658,0.0,0.0,0.0,0,1.0,0.0
2018-12-24,999059.0554278658,0.0,999059.0554278658,0.0,0.0,0.0,0,1.0,0.0
2018-12-26,999059.0554278658,0.0,999059.0554278658,0.0,0.0,0.0,0,1.0,0.0
2018-12-27,999059.0554278658,0.0,999059.0554278658,0.0,0.0,0.0,0,1.0,0.0
2018-12-28,999059.0554278658,0.0,999059.0554278658,0.0,0.0,0.0,0,1.0,0.0
2018-12-31,999059.0554278658,0.0,999059.0554278658,0.0,0.0,0.0,0,1.0,0.0
2019-01-02,999059.0554278658,0.0,999059.0554278658,0.0,0.0,0.0,0,1.0,0.0
2019-01-03,999059.0554278658,0.0,999059.0554278658,0.0,0.0,0.0,0,1.0,0.0
2019-01-04,999059.0554278658,0.0,999059.0554278658,0.0,0.0,0.0,0,1.0,0.0
2019-01-07,999059.0554278658,0.0,999059.0554278658,0.0,0.0,0.0,0,1.0,0.0
2019-01-08,999059.0554278658,0.0,999059.0554278658,0.0,0.0,0.0,0,1.0,0.0
2019-01-09,999059.0554278658,0.0,999059.0554278658,0.0,0.0,0.0,0,1.0,0.0
2019-01-10,999059.0554278658,0.0,999059.0554278658,0.0,0.0,0.0,0,1.0,0.0
2019-01-11,999059.0554278658,0.0,999059.0554278658,0.0,0.0,0.0,0,1.0,0.0
2019-01-14,999059.0554278658,0.0,999059.0554278658,0.0,0.0,0.0,0,1.0,0.0
2019-01-15,999059.0554278658,0.0,999059.0554278658,0.0,0.0,0.0,0,1.0,0.0
2019-01-16,999059.0554278658,0.0,999059.0554278658,0.0,0.0,0.0,0,1.0,0.0
2019-01-17,999059.0554278658,0.0,999059.0554278658,0.0,0.0,0.0,0,1.0,0.0
2019-01-18,999059.0554278658,0.0,999059.0554278658,0.0,0.0,0.0,0,1.0,0.0
2019-01-22,999059.0554278658,0.0,999059.0554278658,0.0,0.0,0.0,0,1.0,0.0
2019-01-23,999059.0554278658,0.0,999059.0554278658,0.0,0.0,0.0,0,1.0,0.0
2019-01-24,999059.0554278658,0.0,999059.0554278658,0.0,0.0,0.0,0,1.0,0.0
2019-01-25,999059.0554278658,0.0,999059.0554278658,0.0,0.0,0.0,0,1.0,0.0
2019-01-28,999059.0554278658,0.0,999059.0554278658,0.0,0.0,0.0,0,1.0,0.0
2019-01-29,999059.0554278658,0.0,999059.0554278658,0.0,0.0,0.0,0,1.0,0.0
2019-01-30,999059.0554278658,0.0,999059.0554278658,0.0,0.0,0.0,0,1.0,0.0
2019-01-31,999059.0554278658,0.0,999059.0554278658,0.0,0.0,0.0,0,1.0,0.0
2019-02-01,999059.0554278658,0.0,999059.0554278658,0.0,0.0,0.0,0,1.0,0.0
2019-02-04,999059.0554278658,0.0,999059.0554278658,0.0,0.0,0.0,0,1.0,0.0
2019-02-05,999059.0554278658,0.0,999059.0554278658,0.0,0.0,0.0,0,1.0,0.0
2019-02-06,999059.0554278658,0.0,999059.0554278658,0.0,0.0,0.0,0,1.0,0.0
2019-02-07,999059.0554278658,0.0,999059.0554278658,0.0,0.0,0.0,0,1.0,0.0
2019-02-08,999059.0554278658,0.0,999059.0554278658,0.0,0.0,0.0,0,1.0,0.0
2019-02-11,999059.0554278658,0.0,999059.0554278658,0.0,0.0,0.0,0,1.0,0.0
2019-02-12,999059.0554278658,0.0,999059.0554278658,0.0,0.0,0.0,0,1.0,0.0
2019-02-13,999059.0554278658,0.0,999059.0554278658,0.0,0.0,0.0,0,1.0,0.0
2019-02-14,999059.0554278658,0.0,999059.0554278658,0.0,0.0,0.0,0,1.0,0.0
2019-02-15,999059.0554278658,0.0,999059.0554278658,0.0,0.0,0.0,0,1.0,0.0
2019-02-19,999059.0554278658,0.0,999059.0554278658,0.0,0.0,0.0,0,1.0,0.0
2019-02-20,999059.0554278658,0.0,999059.0554278658,0.0,0.0,0.0,0,1.0,0.0
2019-02-21,999059.0554278658,0.0,999059.0554278658,0.0,0.0,0.0,0,1.0,0.0
2019-02-22,999059.0554278658,0.0,999059.0554278658,0.0,0.0,0.0,0,1.0,0.0
2019-02-25,999059.0554278658,0.0,999059.0554278658,0.0,0.0,0.0,0,1.0,0.0
2019-02-26,999059.0554278658,0.0,999059.0554278658,0.0,0.0,0.0,0,1.0,0.0
2019-02-27,999059.0554278658,0.0,999059.0554278658,0.0,0.0,0.0,0,1.0,0.0
2019-02-28,999059.0554278658,0.0,999059.0554278658,0.0,0.0,0.0,0,1.0,0.0
2019-03-01,999059.0554278658,0.0,999059.0554278658,0.0,0.0,0.0,0,1.0,0.0
2019-03-04,999059.0554278658,0.0,999059.0554278658,0.0,0.0,0.0,0,1.0,0.0
2019-03-05,999059.0554278658,0.0,999059.0554278658,0.0,0.0,0.0,0,1.0,0.0
2019-03-06,999059.0554278658,0.0,999059.0554278658,0.0,0.0,0.0,0,1.0,0.0
2019-03-07,999059.0554278658,0.0,999059.0554278658,0.0,0.0,0.0,0,1.0,0.0
2019-03-08,999059.0554278658,0.0,999059.0554278658,0.0,0.0,0.0,0,1.0,0.0
2019-03-11,999059.0554278658,0.0,999059.0554278658,0.0,0.0,0.0,0,1.0,0.0
2019-03-12,999059.0554278658,0.0,999059.0554278658,0.0,0.0,0.0,0,1.0,0.0
2019-03-13,999059.0554278658,0.0,999059.0554278658,0.0,0.0,0.0,0,1.0,0.0
2019-03-14,999059.0554278658,0.0,999059.0554278658,0.0,0.0,0.0,0,1.0,0.0
2019-03-15,999059.0554278658,0.0,999059.0554278658,0.0,0.0,0.0,0,1.0,0.0
2019-03-18,999059.0554278658,0.0,999059.0554278658,0.0,0.0,0.0,0,1.0,0.0
2019-03-19,999059.0554278658,0.0,999059.0554278658,0.0,0.0,0.0,0,1.0,0.0
2019-03-20,999059.0554278658,0.0,999059.0554278658,0.0,0.0,0.0,0,1.0,0.0
2019-03-21,999059.0554278658,0.0,999059.0554278658,0.0,0.0,0.0,0,1.0,0.0
2019-03-22,999059.0554278658,0.0,999059.0554278658,0.0,0.0,0.0,0,1.0,0.0
2019-03-25,999059.0554278658,0.0,999059.0554278658,0.0,0.0,0.0,0,1.0,0.0
2019-03-26,999059.0554278658,0.0,999059.0554278658,0.0,0.0,0.0,0,1.0,0.0
2019-03-27,999059.0554278658,0.0,999059.0554278658,0.0,0.0,0.0,0,1.0,0.0
2019-03-28,999059.0554278658,0.0,999059.0554278658,0.0,0.0,0.0,0,1.0,0.0
2019-03-29,999059.0554278658,0.0,999059.0554278658,0.0,0.0,0.0,0,1.0,0.0
2019-04-01,999059.0554278658,0.0,999059.0554278658,0.0,0.0,0.0,0,1.0,0.0
2019-04-02,999059.0554278658,0.0,999059.0554278658,0.0,0.0,0.0,0,1.0,0.0
2019-04-03,999059.0554278658,0.0,999059.0554278658,0.0,0.0,0.0,0,1.0,0.0
2019-04-04,999059.0554278658,0.0,999059.0554278658,0.0,0.0,0.0,0,1.0,0.0
2019-04-05,999059.0554278658,0.0,999059.0554278658,0.0,0.0,0.0,0,1.0,0.0
2019-04-08,999059.0554278658,0.0,999059.0554278658,0.0,0.0,0.0,0,1.0,0.0
2019-04-09,999059.0554278658,0.0,999059.0554278658,0.0,0.0,0.0,0,1.0,0.0
2019-04-10,999059.0554278658,0.0,999059.0554278658,0.0,0.0,0.0,0,1.0,0.0
2019-04-11,999059.0554278658,0.0,999059.0554278658,0.0,0.0,0.0,0,1.0,0.0
2019-04-12,999059.0554278658,0.0,999059.0554278658,0.0,0.0,0.0,0,1.0,0.0
2019-04-15,999059.0554278658,0.0,999059.0554278658,0.0,0.0,0.0,0,1.0,0.0
2019-04-16,999059.0554278658,0.0,999059.0554278658,0.0,0.0,0.0,0,1.0,0.0
2019-04-17,999059.0554278658,0.0,999059.0554278658,0.0,0.0,0.0,0,1.0,0.0
2019-04-18,999059.0554278658,0.0,999059.0554278658,0.0,0.0,0.0,0,1.0,0.0
2019-04-22,999059.0554278658,0.0,999059.0554278658,0.0,0.0,0.0,0,1.0,0.0
2019-04-23,999059.0554278658,0.0,999059.0554278658,0.0,0.0,0.0,0,1.0,0.0
2019-04-24,999059.0554278658,0.0,999059.0554278658,0.0,0.0,0.0,0,1.0,0.0
2019-04-25,999059.0554278658,0.0,999059.0554278658,0.0,0.0,0.0,0,1.0,0.0
2019-04-26,999059.0554278658,0.0,999059.0554278658,0.0,0.0,0.0,0,1.0,0.0
2019-04-29,999059.0554278658,0.0,999059.0554278658,0.0,0.0,0.0,0,1.0,0.0
2019-04-30,999059.0554278658,0.0,999059.0554278658,0.0,0.0,0.0,0,1.0,0.0
2019-05-01,999059.0554278658,0.0,999059.0554278658,0.0,0.0,0.0,0,1.0,0.0
2019-05-02,999059.0554278658,0.0,999059.0554278658,0.0,0.0,0.0,0,1.0,0.0
2019-05-03,999059.0554278658,0.0,999059.0554278658,0.0,0.0,0.0,0,1.0,0.0
2019-05-06,999059.0554278658,0.0,999059.0554278658,0.0,0.0,0.0,0,1.0,0.0
2019-05-07,999059.0554278658,0.0,999059.0554278658,0.0,0.0,0.0,0,1.0,0.0
2019-05-08,999059.0554278658,0.0,999059.0554278658,0.0,0.0,0.0,0,1.0,0.0
2019-05-09,999059.0554278658,0.0,999059.0554278658,0.0,0.0,0.0,0,1.0,0.0
2019-05-10,999059.0554278658,0.0,999059.0554278658,0.0,0.0,0.0,0,1.0,0.0
2019-05-13,999059.0554278658,0.0,999059.0554278658,0.0,0.0,0.0,0,1.0,0.0
2019-05-14,999059.0554278658,0.0,999059.0554278658,0.0,0.0,0.0,0,1.0,0.0
2019-05-15,999059.0554278658,0.0,999059.0554278658,0.0,0.0,0.0,0,1.0,0.0
2019-05-16,999059.0554278658,0.0,999059.0554278658,0.0,0.0,0.0,0,1.0,0.0
2019-05-17,999059.0554278658,0.0,999059.0554278658,0.0,0.0,0.0,0,1.0,0.0
2019-05-20,999059.0554278658,0.0,999059.0554278658,0.0,0.0,0.0,0,1.0,0.0
2019-05-21,999059.0554278658,0.0,999059.0554278658,0.0,0.0,0.0,0,1.0,0.0
2019-05-22,999059.0554278658,0.0,999059.0554278658,0.0,0.0,0.0,0,1.0,0.0
2019-05-23,999059.0554278658,0.0,999059.0554278658,0.0,0.0,0.0,0,1.0,0.0
2019-05-24,999059.0554278658,0.0,999059.0554278658,0.0,0.0,0.0,0,1.0,0.0
2019-05-28,999059.0554278658,0.0,999059.0554278658,0.0,0.0,0.0,0,1.0,0.0
2019-05-29,999059.0554278658,0.0,999059.0554278658,0.0,0.0,0.0,0,1.0,0.0
2019-05-30,999059.0554278658,0.0,999059.0554278658,0.0,0.0,0.0,0,1.0,0.0
2019-05-31,999059.0554278658,0.0,999059.0554278658,0.0,0.0,0.0,0,1.0,0.0
2019-06-03,999059.0554278658,0.0,999059.0554278658,0.0,0.0,0.0,0,1.0,0.0
2019-06-04,999059.0554278658,0.0,999059.0554278658,0.0,0.0,0.0,0,1.0,0.0
2019-06-05,999059.0554278658,0.0,999059.0554278658,0.0,0.0,0.0,0,1.0,0.0
2019-06-06,999059.0554278658,0.0,999059.0554278658,0.0,0.0,0.0,0,1.0,0.0
2019-06-07,999059.0554278658,0.0,999059.0554278658,0.0,0.0,0.0,0,1.0,0.0
2019-06-10,999059.0554278658,0.0,999059.0554278658,0.0,0.0,0.0,0,1.0,0.0
2019-06-11,999059.0554278658,0.0,999059.0554278658,0.0,0.0,0.0,0,1.0,0.0
2019-06-12,999059.0554278658,0.0,999059.0554278658,0.0,0.0,0.0,0,1.0,0.0
2019-06-13,999059.0554278658,0.0,999059.0554278658,0.0,0.0,0.0,0,1.0,0.0
2019-06-14,999059.0554278658,0.0,999059.0554278658,0.0,0.0,0.0,0,1.0,0.0
2019-06-17,999059.0554278658,0.0,999059.0554278658,0.0,0.0,0.0,0,1.0,0.0
2019-06-18,999059.0554278658,0.0,999059.0554278658,0.0,0.0,0.0,0,1.0,0.0
2019-06-19,999059.0554278658,0.0,999059.0554278658,0.0,0.0,0.0,0,1.0,0.0
2019-06-20,999059.0554278658,0.0,999059.0554278658,0.0,0.0,0.0,0,1.0,0.0
2019-06-21,999059.0554278658,0.0,999059.0554278658,0.0,0.0,0.0,0,1.0,0.0
2019-06-24,999059.0554278658,0.0,999059.0554278658,0.0,0.0,0.0,0,1.0,0.0
2019-06-25,999059.0554278658,0.0,999059.0554278658,0.0,0.0,0.0,0,1.0,0.0
2019-06-26,999059.0554278658,0.0,999059.0554278658,0.0,0.0,0.0,0,1.0,0.0
2019-06-27,999059.0554278658,0.0,999059.0554278658,0.0,0.0,0.0,0,1.0,0.0
2019-06-28,999059.0554278658,0.0,999059.0554278658,0.0,0.0,0.0,0,1.0,0.0
2019-07-01,999059.0554278658,0.0,999059.0554278658,0.0,0.0,0.0,0,1.0,0.0
2019-07-02,999059.0554278658,0.0,999059.0554278658,0.0,0.0,0.0,0,1.0,0.0
2019-07-03,999059.0554278658,0.0,999059.0554278658,0.0,0.0,0.0,0,1.0,0.0
2019-07-05,999059.0554278658,0.0,999059.0554278658,0.0,0.0,0.0,0,1.0,0.0
2019-07-08,999059.0554278658,0.0,999059.0554278658,0.0,0.0,0.0,0,1.0,0.0
2019-07-09,999059.0554278658,0.0,999059.0554278658,0.0,0.0,0.0,0,1.0,0.0
2019-07-10,999059.0554278658,0.0,999059.0554278658,0.0,0.0,0.0,0,1.0,0.0
2019-07-11,999059.0554278658,0.0,999059.0554278658,0.0,0.0,0.0,0,1.0,0.0
2019-07-12,999059.0554278658,0.0,999059.0554278658,0.0,0.0,0.0,0,1.0,0.0
2019-07-15,999059.0554278658,0.0,999059.0554278658,0.0,0.0,0.0,0,1.0,0.0
2019-07-16,999059.0554278658,0.0,999059.0554278658,0.0,0.0,0.0,0,1.0,0.0
2019-07-17,999059.0554278658,0.0,999059.0554278658,0.0,0.0,0.0,0,1.0,0.0
2019-07-18,999059.0554278658,0.0,999059.0554278658,0.0,0.0,0.0,0,1.0,0.0
2019-07-19,999059.0554278658,0.0,999059.0554278658,0.0,0.0,0.0,0,1.0,0.0
2019-07-22,999059.0554278658,0.0,999059.0554278658,0.0,0.0,0.0,0,1.0,0.0
2019-07-23,999059.0554278658,0.0,999059.0554278658,0.0,0.0,0.0,0,1.0,0.0
2019-07-24,999059.0554278658,0.0,999059.0554278658,0.0,0.0,0.0,0,1.0,0.0
2019-07-25,999059.0554278658,0.0,999059.0554278658,0.0,0.0,0.0,0,1.0,0.0
2019-07-26,999059.0554278658,0.0,999059.0554278658,0.0,0.0,0.0,0,1.0,0.0
2019-07-29,999059.0554278658,0.0,999059.0554278658,0.0,0.0,0.0,0,1.0,0.0
2019-07-30,999059.0554278658,0.0,999059.0554278658,0.0,0.0,0.0,0,1.0,0.0
2019-07-31,999059.0554278658,0.0,999059.0554278658,0.0,0.0,0.0,0,1.0,0.0
2019-08-01,999059.0554278658,0.0,999059.0554278658,0.0,0.0,0.0,0,1.0,0.0
2019-08-02,999059.0554278658,0.0,999059.0554278658,0.0,0.0,0.0,0,1.0,0.0
2019-08-05,999059.0554278658,0.0,999059.0554278658,0.0,0.0,0.0,0,1.0,0.0
2019-08-06,999059.0554278658,0.0,999059.0554278658,0.0,0.0,0.0,0,1.0,0.0
2019-08-07,999059.0554278658,0.0,999059.0554278658,0.0,0.0,0.0,0,1.0,0.0
2019-08-08,999059.0554278658,0.0,999059.0554278658,0.0,0.0,0.0,0,1.0,0.0
2019-08-09,999059.0554278658,0.0,999059.0554278658,0.0,0.0,0.0,0,1.0,0.0
2019-08-12,999059.0554278658,0.0,999059.0554278658,0.0,0.0,0.0,0,1.0,0.0
2019-08-13,999059.0554278658,0.0,999059.0554278658,0.0,0.0,0.0,0,1.0,0.0
2019-08-14,999059.0554278658,0.0,999059.0554278658,0.0,0.0,0.0,0,1.0,0.0
2019-08-15,999059.0554278658,0.0,999059.0554278658,0.0,0.0,0.0,0,1.0,0.0
2019-08-16,999059.0554278658,0.0,999059.0554278658,0.0,0.0,0.0,0,1.0,0.0
2019-08-19,999059.0554278658,0.0,999059.0554278658,0.0,0.0,0.0,0,1.0,0.0
2019-08-20,999059.0554278658,0.0,999059.0554278658,0.0,0.0,0.0,0,1.0,0.0
2019-08-21,999059.0554278658,0.0,999059.0554278658,0.0,0.0,0.0,0,1.0,0.0
2019-08-22,999059.0554278658,0.0,999059.0554278658,0.0,0.0,0.0,0,1.0,0.0
2019-08-23,999059.0554278658,0.0,999059.0554278658,0.0,0.0,0.0,0,1.0,0.0
2019-08-26,999059.0554278658,0.0,999059.0554278658,0.0,0.0,0.0,0,1.0,0.0
2019-08-27,999059.0554278658,0.0,999059.0554278658,0.0,0.0,0.0,0,1.0,0.0
2019-08-28,999059.0554278658,0.0,999059.0554278658,0.0,0.0,0.0,0,1.0,0.0
2019-08-29,999059.0554278658,0.0,999059.0554278658,0.0,0.0,0.0,0,1.0,0.0
2019-08-30,999059.0554278658,0.0,999059.0554278658,0.0,0.0,0.0,0,1.0,0.0
2019-09-03,999059.0554278658,0.0,999059.0554278658,0.0,0.0,0.0,0,1.0,0.0
2019-09-04,999059.0554278658,0.0,999059.0554278658,0.0,0.0,0.0,0,1.0,0.0
2019-09-05,999059.0554278658,0.0,999059.0554278658,0.0,0.0,0.0,0,1.0,0.0
2019-09-06,999059.0554278658,0.0,999059.0554278658,0.0,0.0,0.0,0,1.0,0.0
2019-09-09,999059.0554278658,0.0,999059.0554278658,0.0,0.0,0.0,0,1.0,0.0
2019-09-10,999059.0554278658,0.0,999059.0554278658,0.0,0.0,0.0,0,1.0,0.0
2019-09-11,999059.0554278658,0.0,999059.0554278658,0.0,0.0,0.0,0,1.0,0.0
2019-09-12,999059.0554278658,0.0,999059.0554278658,0.0,0.0,0.0,0,1.0,0.0
2019-09-13,999059.0554278658,0.0,999059.0554278658,0.0,0.0,0.0,0,1.0,0.0
2019-09-16,999059.0554278658,0.0,999059.0554278658,0.0,0.0,0.0,0,1.0,0.0
2019-09-17,999059.0554278658,0.0,999059.0554278658,0.0,0.0,0.0,0,1.0,0.0
2019-09-18,999059.0554278658,0.0,999059.0554278658,0.0,0.0,0.0,0,1.0,0.0
2019-09-19,999059.0554278658,0.0,999059.0554278658,0.0,0.0,0.0,0,1.0,0.0
2019-09-20,999059.0554278658,0.0,999059.0554278658,0.0,0.0,0.0,0,1.0,0.0
2019-09-23,999059.0554278658,0.0,999059.0554278658,0.0,0.0,0.0,0,1.0,0.0
2019-09-24,999059.0554278658,0.0,999059.0554278658,0.0,0.0,0.0,0,1.0,0.0
2019-09-25,999059.0554278658,0.0,999059.0554278658,0.0,0.0,0.0,0,1.0,0.0
2019-09-26,999059.0554278658,0.0,999059.0554278658,0.0,0.0,0.0,0,1.0,0.0
2019-09-27,999059.0554278658,0.0,999059.0554278658,0.0,0.0,0.0,0,1.0,0.0
2019-09-30,999059.0554278658,0.0,999059.0554278658,0.0,0.0,0.0,0,1.0,0.0
2019-10-01,999059.0554278658,0.0,999059.0554278658,0.0,0.0,0.0,0,1.0,0.0
2019-10-02,999059.0554278658,0.0,999059.0554278658,0.0,0.0,0.0,0,1.0,0.0
2019-10-03,999059.0554278658,0.0,999059.0554278658,0.0,0.0,0.0,0,1.0,0.0
2019-10-04,999059.0554278658,0.0,999059.0554278658,0.0,0.0,0.0,0,1.0,0.0
2019-10-07,999059.0554278658,0.0,999059.0554278658,0.0,0.0,0.0,0,1.0,0.0
2019-10-08,999059.0554278658,0.0,999059.0554278658,0.0,0.0,0.0,0,1.0,0.0
2019-10-09,999059.0554278658,0.0,999059.0554278658,0.0,0.0,0.0,0,1.0,0.0
2019-10-10,999059.0554278658,0.0,999059.0554278658,0.0,0.0,0.0,0,1.0,0.0
2019-10-11,999059.0554278658,0.0,999059.0554278658,0.0,0.0,0.0,0,1.0,0.0
2019-10-14,999059.0554278658,0.0,999059.0554278658,0.0,0.0,0.0,0,1.0,0.0
2019-10-15,999059.0554278658,0.0,999059.0554278658,0.0,0.0,0.0,0,1.0,0.0
2019-10-16,999059.0554278658,0.0,999059.0554278658,0.0,0.0,0.0,0,1.0,0.0
2019-10-17,999059.0554278658,0.0,999059.0554278658,0.0,0.0,0.0,0,1.0,0.0
2019-10-18,999059.0554278658,0.0,999059.0554278658,0.0,0.0,0.0,0,1.0,0.0
2019-10-21,999059.0554278658,0.0,999059.0554278658,0.0,0.0,0.0,0,1.0,0.0
2019-10-22,999059.0554278658,0.0,999059.0554278658,0.0,0.0,0.0,0,1.0,0.0
2019-10-23,999059.0554278658,0.0,999059.0554278658,0.0,0.0,0.0,0,1.0,0.0
2019-10-24,999059.0554278658,0.0,999059.0554278658,0.0,0.0,0.0,0,1.0,0.0
2019-10-25,999059.0554278658,0.0,999059.0554278658,0.0,0.0,0.0,0,1.0,0.0
2019-10-28,999059.0554278658,0.0,999059.0554278658,0.0,0.0,0.0,0,1.0,0.0
2019-10-29,999059.0554278658,0.0,999059.0554278658,0.0,0.0,0.0,0,1.0,0.0
2019-10-30,999059.0554278658,0.0,999059.0554278658,0.0,0.0,0.0,0,1.0,0.0
2019-10-31,999059.0554278658,0.0,999059.0554278658,0.0,0.0,0.0,0,1.0,0.0
2019-11-01,999059.0554278658,0.0,999059.0554278658,0.0,0.0,0.0,0,1.0,0.0
2019-11-04,999059.0554278658,0.0,999059.0554278658,0.0,0.0,0.0,0,1.0,0.0
2019-11-05,999059.0554278658,0.0,999059.0554278658,0.0,0.0,0.0,0,1.0,0.0
2019-11-06,999059.0554278658,0.0,999059.0554278658,0.0,0.0,0.0,0,1.0,0.0
2019-11-07,999059.0554278658,0.0,999059.0554278658,0.0,0.0,0.0,0,1.0,0.0
2019-11-08,999059.0554278658,0.0,999059.0554278658,0.0,0.0,0.0,0,1.0,0.0
2019-11-11,999059.0554278658,0.0,999059.0554278658,0.0,0.0,0.0,0,1.0,0.0
2019-11-12,999059.0554278658,0.0,999059.0554278658,0.0,0.0,0.0,0,1.0,0.0
2019-11-13,999059.0554278658,0.0,999059.0554278658,0.0,0.0,0.0,0,1.0,0.0
2019-11-14,999059.0554278658,0.0,999059.0554278658,0.0,0.0,0.0,0,1.0,0.0
2019-11-15,999059.0554278658,0.0,999059.0554278658,0.0,0.0,0.0,0,1.0,0.0
2019-11-18,999059.0554278658,0.0,999059.0554278658,0.0,0.0,0.0,0,1.0,0.0
2019-11-19,999059.0554278658,0.0,999059.0554278658,0.0,0.0,0.0,0,1.0,0.0
2019-11-20,999059.0554278658,0.0,999059.0554278658,0.0,0.0,0.0,0,1.0,0.0
2019-11-21,999059.0554278658,0.0,999059.0554278658,0.0,0.0,0.0,0,1.0,0.0
2019-11-22,999059.0554278658,0.0,999059.0554278658,0.0,0.0,0.0,0,1.0,0.0
2019-11-25,999059.0554278658,0.0,999059.0554278658,0.0,0.0,0.0,0,1.0,0.0
2019-11-26,999059.0554278658,0.0,999059.0554278658,0.0,0.0,0.0,0,1.0,0.0
2019-11-27,999059.0554278658,0.0,999059.0554278658,0.0,0.0,0.0,0,1.0,0.0
2019-11-29,999059.0554278658,0.0,999059.0554278658,0.0,0.0,0.0,0,1.0,0.0
2019-12-02,999059.0554278658,0.0,999059.0554278658,0.0,0.0,0.0,0,1.0,0.0
2019-12-03,999059.0554278658,0.0,999059.0554278658,0.0,0.0,0.0,0,1.0,0.0
2019-12-04,999059.0554278658,0.0,999059.0554278658,0.0,0.0,0.0,0,1.0,0.0
2019-12-05,999059.0554278658,0.0,999059.0554278658,0.0,0.0,0.0,0,1.0,0.0
2019-12-06,999059.0554278658,0.0,999059.0554278658,0.0,0.0,0.0,0,1.0,0.0
2019-12-09,999059.0554278658,0.0,999059.0554278658,0.0,0.0,0.0,0,1.0,0.0
2019-12-10,999059.0554278658,0.0,999059.0554278658,0.0,0.0,0.0,0,1.0,0.0
2019-12-11,999059.0554278658,0.0,999059.0554278658,0.0,0.0,0.0,0,1.0,0.0
2019-12-12,999059.0554278658,0.0,999059.0554278658,0.0,0.0,0.0,0,1.0,0.0
2019-12-13,999059.0554278658,0.0,999059.0554278658,0.0,0.0,0.0,0,1.0,0.0
2019-12-16,999059.0554278658,0.0,999059.0554278658,0.0,0.0,0.0,0,1.0,0.0
2019-12-17,999059.0554278658,0.0,999059.0554278658,0.0,0.0,0.0,0,1.0,0.0
2019-12-18,999059.0554278658,0.0,999059.0554278658,0.0,0.0,0.0,0,1.0,0.0
2019-12-19,999059.0554278658,0.0,999059.0554278658,0.0,0.0,0.0,0,1.0,0.0
2019-12-20,999059.0554278658,0.0,999059.0554278658,0.0,0.0,0.0,0,1.0,0.0
2019-12-23,999059.0554278658,0.0,999059.0554278658,0.0,0.0,0.0,0,1.0,0.0
2019-12-24,999059.0554278658,0.0,999059.0554278658,0.0,0.0,0.0,0,1.0,0.0
2019-12-26,999059.0554278658,0.0,999059.0554278658,0.0,0.0,0.0,0,1.0,0.0
2019-12-27,999059.0554278658,0.0,999059.0554278658,0.0,0.0,0.0,0,1.0,0.0
2019-12-30,999059.0554278658,0.0,999059.0554278658,0.0,0.0,0.0,0,1.0,0.0
2019-12-31,999059.0554278658,0.0,999059.0554278658,0.0,0.0,0.0,0,1.0,0.0
2020-01-02,999059.0554278658,0.0,999059.0554278658,0.0,0.0,0.0,0,1.0,0.0
2020-01-03,999059.0554278658,0.0,999059.0554278658,0.0,0.0,0.0,0,1.0,0.0
2020-01-06,999059.0554278658,0.0,999059.0554278658,0.0,0.0,0.0,0,1.0,0.0
2020-01-07,999059.0554278658,0.0,999059.0554278658,0.0,0.0,0.0,0,1.0,0.0
2020-01-08,999059.0554278658,0.0,999059.0554278658,0.0,0.0,0.0,0,1.0,0.0
2020-01-09,999059.0554278658,0.0,999059.0554278658,0.0,0.0,0.0,0,1.0,0.0
2020-01-10,999059.0554278658,0.0,999059.0554278658,0.0,0.0,0.0,0,1.0,0.0
2020-01-13,999059.0554278658,0.0,999059.0554278658,0.0,0.0,0.0,0,1.0,0.0
2020-01-14,999059.0554278658,0.0,999059.0554278658,0.0,0.0,0.0,0,1.0,0.0
2020-01-15,999059.0554278658,0.0,999059.0554278658,0.0,0.0,0.0,0,1.0,0.0
2020-01-16,999059.0554278658,0.0,999059.0554278658,0.0,0.0,0.0,0,1.0,0.0
2020-01-17,999059.0554278658,0.0,999059.0554278658,0.0,0.0,0.0,0,1.0,0.0
2020-01-21,999059.0554278658,0.0,999059.0554278658,0.0,0.0,0.0,0,1.0,0.0
2020-01-22,999059.0554278658,0.0,999059.0554278658,0.0,0.0,0.0,0,1.0,0.0
2020-01-23,999059.0554278658,0.0,999059.0554278658,0.0,0.0,0.0,0,1.0,0.0
2020-01-24,999059.0554278658,0.0,999059.0554278658,0.0,0.0,0.0,0,1.0,0.0
2020-01-27,999059.0554278658,0.0,999059.0554278658,0.0,0.0,0.0,0,1.0,0.0
2020-01-28,999059.0554278658,0.0,999059.0554278658,0.0,0.0,0.0,0,1.0,0.0
2020-01-29,999059.0554278658,0.0,999059.0554278658,0.0,0.0,0.0,0,1.0,0.0
2020-01-30,999059.0554278658,0.0,999059.0554278658,0.0,0.0,0.0,0,1.0,0.0
2020-01-31,999059.0554278658,0.0,999059.0554278658,0.0,0.0,0.0,0,1.0,0.0
2020-02-03,999059.0554278658,0.0,999059.0554278658,0.0,0.0,0.0,0,1.0,0.0
2020-02-04,999059.0554278658,0.0,999059.0554278658,0.0,0.0,0.0,0,1.0,0.0
2020-02-05,999059.0554278658,0.0,999059.0554278658,0.0,0.0,0.0,0,1.0,0.0
2020-02-06,999059.0554278658,0.0,999059.0554278658,0.0,0.0,0.0,0,1.0,0.0
2020-02-07,999059.0554278658,0.0,999059.0554278658,0.0,0.0,0.0,0,1.0,0.0
2020-02-10,999059.0554278658,0.0,999059.0554278658,0.0,0.0,0.0,0,1.0,0.0
2020-02-11,999059.0554278658,0.0,999059.0554278658,0.0,0.0,0.0,0,1.0,0.0
2020-02-12,999059.0554278658,0.0,999059.0554278658,0.0,0.0,0.0,0,1.0,0.0
2020-02-13,999059.0554278658,0.0,999059.0554278658,0.0,0.0,0.0,0,1.0,0.0
2020-02-14,999059.0554278658,0.0,999059.0554278658,0.0,0.0,0.0,0,1.0,0.0
2020-02-18,999059.0554278658,0.0,999059.0554278658,0.0,0.0,0.0,0,1.0,0.0
2020-02-19,999059.0554278658,0.0,999059.0554278658,0.0,0.0,0.0,0,1.0,0.0
2020-02-20,999059.0554278658,0.0,999059.0554278658,0.0,0.0,0.0,0,1.0,0.0
2020-02-21,999059.0554278658,0.0,999059.0554278658,0.0,0.0,0.0,0,1.0,0.0
2020-02-24,999059.0554278658,0.0,999059.0554278658,0.0,0.0,0.0,0,1.0,0.0
2020-02-25,999059.0554278658,0.0,999059.0554278658,0.0,0.0,0.0,0,1.0,0.0
2020-02-26,999059.0554278658,0.0,999059.0554278658,0.0,0.0,0.0,0,1.0,0.0
2020-02-27,999059.0554278658,0.0,999059.0554278658,0.0,0.0,0.0,0,1.0,0.0
2020-02-28,999059.0554278658,0.0,999059.0554278658,0.0,0.0,0.0,0,1.0,0.0
2020-03-02,999059.0554278658,0.0,999059.0554278658,0.0,0.0,0.0,0,1.0,0.0
2020-03-03,999059.0554278658,0.0,999059.0554278658,0.0,0.0,0.0,0,1.0,0.0
2020-03-04,999059.0554278658,0.0,999059.0554278658,0.0,0.0,0.0,0,1.0,0.0
2020-03-05,999059.0554278658,0.0,999059.0554278658,0.0,0.0,0.0,0,1.0,0.0
2020-03-06,999059.0554278658,0.0,999059.0554278658,0.0,0.0,0.0,0,1.0,0.0
2020-03-09,999059.0554278658,0.0,999059.0554278658,0.0,0.0,0.0,0,1.0,0.0
2020-03-10,999059.0554278658,0.0,999059.0554278658,0.0,0.0,0.0,0,1.0,0.0
2020-03-11,999059.0554278658,0.0,999059.0554278658,0.0,0.0,0.0,0,1.0,0.0
2020-03-12,999059.0554278658,0.0,999059.0554278658,0.0,0.0,0.0,0,1.0,0.0
2020-03-13,999059.0554278658,0.0,999059.0554278658,0.0,0.0,0.0,0,1.0,0.0
2020-03-16,999059.0554278658,0.0,999059.0554278658,0.0,0.0,0.0,0,1.0,0.0
2020-03-17,999059.0554278658,0.0,999059.0554278658,0.0,0.0,0.0,0,1.0,0.0
2020-03-18,999059.0554278658,0.0,999059.0554278658,0.0,0.0,0.0,0,1.0,0.0
2020-03-19,999059.0554278658,0.0,999059.0554278658,0.0,0.0,0.0,0,1.0,0.0
2020-03-20,999059.0554278658,0.0,999059.0554278658,0.0,0.0,0.0,0,1.0,0.0
2020-03-23,999059.0554278658,0.0,999059.0554278658,0.0,0.0,0.0,0,1.0,0.0
2020-03-24,999059.0554278658,0.0,999059.0554278658,0.0,0.0,0.0,0,1.0,0.0
2020-03-25,999059.0554278658,0.0,999059.0554278658,0.0,0.0,0.0,0,1.0,0.0
2020-03-26,999059.0554278658,0.0,999059.0554278658,0.0,0.0,0.0,0,1.0,0.0
2020-03-27,999059.0554278658,0.0,999059.0554278658,0.0,0.0,0.0,0,1.0,0.0
2020-03-30,999059.0554278658,0.0,999059.0554278658,0.0,0.0,0.0,0,1.0,0.0
2020-03-31,999059.0554278658,0.0,999059.0554278658,0.0,0.0,0.0,0,1.0,0.0
2020-04-01,999059.0554278658,0.0,999059.0554278658,0.0,0.0,0.0,0,1.0,0.0
2020-04-02,999059.0554278658,0.0,999059.0554278658,0.0,0.0,0.0,0,1.0,0.0
2020-04-03,999059.0554278658,0.0,999059.0554278658,0.0,0.0,0.0,0,1.0,0.0
2020-04-06,999059.0554278658,0.0,999059.0554278658,0.0,0.0,0.0,0,1.0,0.0
2020-04-07,999059.0554278658,0.0,999059.0554278658,0.0,0.0,0.0,0,1.0,0.0
2020-04-08,999059.0554278658,0.0,999059.0554278658,0.0,0.0,0.0,0,1.0,0.0
2020-04-09,999059.0554278658,0.0,999059.0554278658,0.0,0.0,0.0,0,1.0,0.0
2020-04-13,999059.0554278658,0.0,999059.0554278658,0.0,0.0,0.0,0,1.0,0.0
2020-04-14,999059.0554278658,0.0,999059.0554278658,0.0,0.0,0.0,0,1.0,0.0
2020-04-15,999059.0554278658,0.0,999059.0554278658,0.0,0.0,0.0,0,1.0,0.0
2020-04-16,999059.0554278658,0.0,999059.0554278658,0.0,0.0,0.0,0,1.0,0.0
2020-04-17,999059.0554278658,0.0,999059.0554278658,0.0,0.0,0.0,0,1.0,0.0
2020-04-20,999059.0554278658,0.0,999059.0554278658,0.0,0.0,0.0,0,1.0,0.0
2020-04-21,999059.0554278658,0.0,999059.0554278658,0.0,0.0,0.0,0,1.0,0.0
2020-04-22,999059.0554278658,0.0,999059.0554278658,0.0,0.0,0.0,0,1.0,0.0
2020-04-23,999059.0554278658,0.0,999059.0554278658,0.0,0.0,0.0,0,1.0,0.0
2020-04-24,999059.0554278658,0.0,999059.0554278658,0.0,0.0,0.0,0,1.0,0.0
2020-04-27,999059.0554278658,0.0,999059.0554278658,0.0,0.0,0.0,0,1.0,0.0
2020-04-28,999059.0554278658,0.0,999059.0554278658,0.0,0.0,0.0,0,1.0,0.0
2020-04-29,999059.0554278658,0.0,999059.0554278658,0.0,0.0,0.0,0,1.0,0.0
2020-04-30,999059.0554278658,0.0,999059.0554278658,0.0,0.0,0.0,0,1.0,0.0
2020-05-01,999059.0554278658,0.0,999059.0554278658,0.0,0.0,0.0,0,1.0,0.0
2020-05-04,999059.0554278658,0.0,999059.0554278658,0.0,0.0,0.0,0,1.0,0.0
2020-05-05,999059.0554278658,0.0,999059.0554278658,0.0,0.0,0.0,0,1.0,0.0
2020-05-06,999059.0554278658,0.0,999059.0554278658,0.0,0.0,0.0,0,1.0,0.0
2020-05-07,999059.0554278658,0.0,999059.0554278658,0.0,0.0,0.0,0,1.0,0.0
2020-05-08,999059.0554278658,0.0,999059.0554278658,0.0,0.0,0.0,0,1.0,0.0
2020-05-11,999059.0554278658,0.0,999059.0554278658,0.0,0.0,0.0,0,1.0,0.0
2020-05-12,999059.0554278658,0.0,999059.0554278658,0.0,0.0,0.0,0,1.0,0.0
2020-05-13,999059.0554278658,0.0,999059.0554278658,0.0,0.0,0.0,0,1.0,0.0
2020-05-14,999059.0554278658,0.0,999059.0554278658,0.0,0.0,0.0,0,1.0,0.0
2020-05-15,999059.0554278658,0.0,999059.0554278658,0.0,0.0,0.0,0,1.0,0.0
2020-05-18,999059.0554278658,0.0,999059.0554278658,0.0,0.0,0.0,0,1.0,0.0
2020-05-19,999059.0554278658,0.0,999059.0554278658,0.0,0.0,0.0,0,1.0,0.0
2020-05-20,999059.0554278658,0.0,999059.0554278658,0.0,0.0,0.0,0,1.0,0.0
2020-05-21,999059.0554278658,0.0,999059.0554278658,0.0,0.0,0.0,0,1.0,0.0
2020-05-22,999059.0554278658,0.0,999059.0554278658,0.0,0.0,0.0,0,1.0,0.0
2020-05-26,999059.0554278658,0.0,999059.0554278658,0.0,0.0,0.0,0,1.0,0.0
2020-05-27,999059.0554278658,0.0,999059.0554278658,0.0,0.0,0.0,0,1.0,0.0
2020-05-28,999059.0554278658,0.0,999059.0554278658,0.0,0.0,0.0,0,1.0,0.0
2020-05-29,999059.0554278658,0.0,999059.0554278658,0.0,0.0,0.0,0,1.0,0.0
2020-06-01,999059.0554278658,0.0,999059.0554278658,0.0,0.0,0.0,0,1.0,0.0
2020-06-02,999059.0554278658,0.0,999059.0554278658,0.0,0.0,0.0,0,1.0,0.0
2020-06-03,999059.0554278658,0.0,999059.0554278658,0.0,0.0,0.0,0,1.0,0.0
2020-06-04,999059.0554278658,0.0,999059.0554278658,0.0,0.0,0.0,0,1.0,0.0
2020-06-05,999059.0554278658,0.0,999059.0554278658,0.0,0.0,0.0,0,1.0,0.0
2020-06-08,999059.0554278658,0.0,999059.0554278658,0.0,0.0,0.0,0,1.0,0.0
2020-06-09,999059.0554278658,0.0,999059.0554278658,0.0,0.0,0.0,0,1.0,0.0
2020-06-10,999059.0554278658,0.0,999059.0554278658,0.0,0.0,0.0,0,1.0,0.0
2020-06-11,999059.0554278658,0.0,999059.0554278658,0.0,0.0,0.0,0,1.0,0.0
2020-06-12,999059.0554278658,0.0,999059.0554278658,0.0,0.0,0.0,0,1.0,0.0
2020-06-15,999059.0554278658,0.0,999059.0554278658,0.0,0.0,0.0,0,1.0,0.0
2020-06-16,999059.0554278658,0.0,999059.0554278658,0.0,0.0,0.0,0,1.0,0.0
2020-06-17,999059.0554278658,0.0,999059.0554278658,0.0,0.0,0.0,0,1.0,0.0
2020-06-18,999059.0554278658,0.0,999059.0554278658,0.0,0.0,0.0,0,1.0,0.0
2020-06-19,999059.0554278658,0.0,999059.0554278658,0.0,0.0,0.0,0,1.0,0.0
2020-06-22,999059.0554278658,0.0,999059.0554278658,0.0,0.0,0.0,0,1.0,0.0
2020-06-23,999059.0554278658,0.0,999059.0554278658,0.0,0.0,0.0,0,1.0,0.0
2020-06-24,999059.0554278658,0.0,999059.0554278658,0.0,0.0,0.0,0,1.0,0.0
2020-06-25,999059.0554278658,0.0,999059.0554278658,0.0,0.0,0.0,0,1.0,0.0
2020-06-26,999059.0554278658,0.0,999059.0554278658,0.0,0.0,0.0,0,1.0,0.0
2020-06-29,999059.0554278658,0.0,999059.0554278658,0.0,0.0,0.0,0,1.0,0.0
2020-06-30,999059.0554278658,0.0,999059.0554278658,0.0,0.0,0.0,0,1.0,0.0
2020-07-01,999059.0554278658,0.0,999059.0554278658,0.0,0.0,0.0,0,1.0,0.0
2020-07-02,999059.0554278658,0.0,999059.0554278658,0.0,0.0,0.0,0,1.0,0.0
2020-07-06,999059.0554278658,0.0,999059.0554278658,0.0,0.0,0.0,0,1.0,0.0
2020-07-07,999059.0554278658,0.0,999059.0554278658,0.0,0.0,0.0,0,1.0,0.0
2020-07-08,999059.0554278658,0.0,999059.0554278658,0.0,0.0,0.0,0,1.0,0.0
2020-07-09,999059.0554278658,0.0,999059.0554278658,0.0,0.0,0.0,0,1.0,0.0
2020-07-10,999059.0554278658,0.0,999059.0554278658,0.0,0.0,0.0,0,1.0,0.0
2020-07-13,999059.0554278658,0.0,999059.0554278658,0.0,0.0,0.0,0,1.0,0.0
2020-07-14,999059.0554278658,0.0,999059.0554278658,0.0,0.0,0.0,0,1.0,0.0
2020-07-15,999059.0554278658,0.0,999059.0554278658,0.0,0.0,0.0,0,1.0,0.0
2020-07-16,999059.0554278658,0.0,999059.0554278658,0.0,0.0,0.0,0,1.0,0.0
2020-07-17,999059.0554278658,0.0,999059.0554278658,0.0,0.0,0.0,0,1.0,0.0
2020-07-20,999059.0554278658,0.0,999059.0554278658,0.0,0.0,0.0,0,1.0,0.0
2020-07-21,999059.0554278658,0.0,999059.0554278658,0.0,0.0,0.0,0,1.0,0.0
2020-07-22,999059.0554278658,0.0,999059.0554278658,0.0,0.0,0.0,0,1.0,0.0
2020-07-23,999059.0554278658,0.0,999059.0554278658,0.0,0.0,0.0,0,1.0,0.0
2020-07-24,999059.0554278658,0.0,999059.0554278658,0.0,0.0,0.0,0,1.0,0.0
2020-07-27,999059.0554278658,0.0,999059.0554278658,0.0,0.0,0.0,0,1.0,0.0
2020-07-28,999059.0554278658,0.0,999059.0554278658,0.0,0.0,0.0,0,1.0,0.0
2020-07-29,999059.0554278658,0.0,999059.0554278658,0.0,0.0,0.0,0,1.0,0.0
2020-07-30,999059.0554278658,0.0,999059.0554278658,0.0,0.0,0.0,0,1.0,0.0
2020-07-31,999059.0554278658,0.0,999059.0554278658,0.0,0.0,0.0,0,1.0,0.0
2020-08-03,999059.0554278658,0.0,999059.0554278658,0.0,0.0,0.0,0,1.0,0.0
2020-08-04,999059.0554278658,0.0,999059.0554278658,0.0,0.0,0.0,0,1.0,0.0
2020-08-05,999059.0554278658,0.0,999059.0554278658,0.0,0.0,0.0,0,1.0,0.0
2020-08-06,999059.0554278658,0.0,999059.0554278658,0.0,0.0,0.0,0,1.0,0.0
2020-08-07,999059.0554278658,0.0,999059.0554278658,0.0,0.0,0.0,0,1.0,0.0
2020-08-10,999059.0554278658,0.0,999059.0554278658,0.0,0.0,0.0,0,1.0,0.0
2020-08-11,999059.0554278658,0.0,999059.0554278658,0.0,0.0,0.0,0,1.0,0.0
2020-08-12,999059.0554278658,0.0,999059.0554278658,0.0,0.0,0.0,0,1.0,0.0
2020-08-13,999059.0554278658,0.0,999059.0554278658,0.0,0.0,0.0,0,1.0,0.0
2020-08-14,999059.0554278658,0.0,999059.0554278658,0.0,0.0,0.0,0,1.0,0.0
2020-08-17,999059.0554278658,0.0,999059.0554278658,0.0,0.0,0.0,0,1.0,0.0
2020-08-18,999059.0554278658,0.0,999059.0554278658,0.0,0.0,0.0,0,1.0,0.0
2020-08-19,999059.0554278658,0.0,999059.0554278658,0.0,0.0,0.0,0,1.0,0.0
2020-08-20,999059.0554278658,0.0,999059.0554278658,0.0,0.0,0.0,0,1.0,0.0
2020-08-21,999059.0554278658,0.0,999059.0554278658,0.0,0.0,0.0,0,1.0,0.0
2020-08-24,999059.0554278658,0.0,999059.0554278658,0.0,0.0,0.0,0,1.0,0.0
2020-08-25,999059.0554278658,0.0,999059.0554278658,0.0,0.0,0.0,0,1.0,0.0
2020-08-26,999059.0554278658,0.0,999059.0554278658,0.0,0.0,0.0,0,1.0,0.0
2020-08-27,999059.0554278658,0.0,999059.0554278658,0.0,0.0,0.0,0,1.0,0.0
2020-08-28,999059.0554278658,0.0,999059.0554278658,0.0,0.0,0.0,0,1.0,0.0
2020-08-31,999059.0554278658,0.0,999059.0554278658,0.0,0.0,0.0,0,1.0,0.0
2020-09-01,999059.0554278658,0.0,999059.0554278658,0.0,0.0,0.0,0,1.0,0.0
2020-09-02,999059.0554278658,0.0,999059.0554278658,0.0,0.0,0.0,0,1.0,0.0
2020-09-03,999059.0554278658,0.0,999059.0554278658,0.0,0.0,0.0,0,1.0,0.0
2020-09-04,999059.0554278658,0.0,999059.0554278658,0.0,0.0,0.0,0,1.0,0.0
2020-09-08,999059.0554278658,0.0,999059.0554278658,0.0,0.0,0.0,0,1.0,0.0
2020-09-09,999059.0554278658,0.0,999059.0554278658,0.0,0.0,0.0,0,1.0,0.0
2020-09-10,999059.0554278658,0.0,999059.0554278658,0.0,0.0,0.0,0,1.0,0.0
2020-09-11,999059.0554278658,0.0,999059.0554278658,0.0,0.0,0.0,0,1.0,0.0
2020-09-14,999059.0554278658,0.0,999059.0554278658,0.0,0.0,0.0,0,1.0,0.0
2020-09-15,999059.0554278658,0.0,999059.0554278658,0.0,0.0,0.0,0,1.0,0.0
2020-09-16,999059.0554278658,0.0,999059.0554278658,0.0,0.0,0.0,0,1.0,0.0
2020-09-17,999059.0554278658,0.0,999059.0554278658,0.0,0.0,0.0,0,1.0,0.0
2020-09-18,999059.0554278658,0.0,999059.0554278658,0.0,0.0,0.0,0,1.0,0.0
2020-09-21,999059.0554278658,0.0,999059.0554278658,0.0,0.0,0.0,0,1.0,0.0
2020-09-22,999059.0554278658,0.0,999059.0554278658,0.0,0.0,0.0,0,1.0,0.0
2020-09-23,999059.0554278658,0.0,999059.0554278658,0.0,0.0,0.0,0,1.0,0.0
2020-09-24,999059.0554278658,0.0,999059.0554278658,0.0,0.0,0.0,0,1.0,0.0
2020-09-25,999059.0554278658,0.0,999059.0554278658,0.0,0.0,0.0,0,1.0,0.0
2020-09-28,999059.0554278658,0.0,999059.0554278658,0.0,0.0,0.0,0,1.0,0.0
2020-09-29,999059.0554278658,0.0,999059.0554278658,0.0,0.0,0.0,0,1.0,0.0
2020-09-30,999059.0554278658,0.0,999059.0554278658,0.0,0.0,0.0,0,1.0,0.0
2020-10-01,999059.0554278658,0.0,999059.0554278658,0.0,0.0,0.0,0,1.0,0.0
2020-10-02,999059.0554278658,0.0,999059.0554278658,0.0,0.0,0.0,0,1.0,0.0
2020-10-05,999059.0554278658,0.0,999059.0554278658,0.0,0.0,0.0,0,1.0,0.0
2020-10-06,999059.0554278658,0.0,999059.0554278658,0.0,0.0,0.0,0,1.0,0.0
2020-10-07,999059.0554278658,0.0,999059.0554278658,0.0,0.0,0.0,0,1.0,0.0
2020-10-08,999059.0554278658,0.0,999059.0554278658,0.0,0.0,0.0,0,1.0,0.0
2020-10-09,999059.0554278658,0.0,999059.0554278658,0.0,0.0,0.0,0,1.0,0.0
2020-10-12,999059.0554278658,0.0,999059.0554278658,0.0,0.0,0.0,0,1.0,0.0
2020-10-13,999059.0554278658,0.0,999059.0554278658,0.0,0.0,0.0,0,1.0,0.0
2020-10-14,999059.0554278658,0.0,999059.0554278658,0.0,0.0,0.0,0,1.0,0.0
2020-10-15,999059.0554278658,0.0,999059.0554278658,0.0,0.0,0.0,0,1.0,0.0
2020-10-16,999059.0554278658,0.0,999059.0554278658,0.0,0.0,0.0,0,1.0,0.0
2020-10-19,999059.0554278658,0.0,999059.0554278658,0.0,0.0,0.0,0,1.0,0.0
2020-10-20,999059.0554278658,0.0,999059.0554278658,0.0,0.0,0.0,0,1.0,0.0
2020-10-21,999059.0554278658,0.0,999059.0554278658,0.0,0.0,0.0,0,1.0,0.0
2020-10-22,999059.0554278658,0.0,999059.0554278658,0.0,0.0,0.0,0,1.0,0.0
2020-10-23,999059.0554278658,0.0,999059.0554278658,0.0,0.0,0.0,0,1.0,0.0
2020-10-26,999059.0554278658,0.0,999059.0554278658,0.0,0.0,0.0,0,1.0,0.0
2020-10-27,999059.0554278658,0.0,999059.0554278658,0.0,0.0,0.0,0,1.0,0.0
2020-10-28,999059.0554278658,0.0,999059.0554278658,0.0,0.0,0.0,0,1.0,0.0
2020-10-29,999059.0554278658,0.0,999059.0554278658,0.0,0.0,0.0,0,1.0,0.0
2020-10-30,999059.0554278658,0.0,999059.0554278658,0.0,0.0,0.0,0,1.0,0.0
2020-11-02,999059.0554278658,0.0,999059.0554278658,0.0,0.0,0.0,0,1.0,0.0
2020-11-03,999059.0554278658,0.0,999059.0554278658,0.0,0.0,0.0,0,1.0,0.0
2020-11-04,999059.0554278658,0.0,999059.0554278658,0.0,0.0,0.0,0,1.0,0.0
2020-11-05,999059.0554278658,0.0,999059.0554278658,0.0,0.0,0.0,0,1.0,0.0
2020-11-06,999059.0554278658,0.0,999059.0554278658,0.0,0.0,0.0,0,1.0,0.0
2020-11-09,999059.0554278658,0.0,999059.0554278658,0.0,0.0,0.0,0,1.0,0.0
2020-11-10,999059.0554278658,0.0,999059.0554278658,0.0,0.0,0.0,0,1.0,0.0
2020-11-11,999059.0554278658,0.0,999059.0554278658,0.0,0.0,0.0,0,1.0,0.0
2020-11-12,999059.0554278658,0.0,999059.0554278658,0.0,0.0,0.0,0,1.0,0.0
2020-11-13,999059.0554278658,0.0,999059.0554278658,0.0,0.0,0.0,0,1.0,0.0
2020-11-16,999059.0554278658,0.0,999059.0554278658,0.0,0.0,0.0,0,1.0,0.0
2020-11-17,999059.0554278658,0.0,999059.0554278658,0.0,0.0,0.0,0,1.0,0.0
2020-11-18,999059.0554278658,0.0,999059.0554278658,0.0,0.0,0.0,0,1.0,0.0
2020-11-19,999059.0554278658,0.0,999059.0554278658,0.0,0.0,0.0,0,1.0,0.0
2020-11-20,999059.0554278658,0.0,999059.0554278658,0.0,0.0,0.0,0,1.0,0.0
2020-11-23,999059.0554278658,0.0,999059.0554278658,0.0,0.0,0.0,0,1.0,0.0
2020-11-24,999059.0554278658,0.0,999059.0554278658,0.0,0.0,0.0,0,1.0,0.0
2020-11-25,999059.0554278658,0.0,999059.0554278658,0.0,0.0,0.0,0,1.0,0.0
2020-11-27,999059.0554278658,0.0,999059.0554278658,0.0,0.0,0.0,0,1.0,0.0
2020-11-30,999059.0554278658,0.0,999059.0554278658,0.0,0.0,0.0,0,1.0,0.0
2020-12-01,999059.0554278658,0.0,999059.0554278658,0.0,0.0,0.0,0,1.0,0.0
2020-12-02,999059.0554278658,0.0,999059.0554278658,0.0,0.0,0.0,0,1.0,0.0
2020-12-03,999059.0554278658,0.0,999059.0554278658,0.0,0.0,0.0,0,1.0,0.0
2020-12-04,999059.0554278658,0.0,999059.0554278658,0.0,0.0,0.0,0,1.0,0.0
2020-12-07,999059.0554278658,0.0,999059.0554278658,0.0,0.0,0.0,0,1.0,0.0
2020-12-08,999059.0554278658,0.0,999059.0554278658,0.0,0.0,0.0,0,1.0,0.0
2020-12-09,999059.0554278658,0.0,999059.0554278658,0.0,0.0,0.0,0,1.0,0.0
2020-12-10,999059.0554278658,0.0,999059.0554278658,0.0,0.0,0.0,0,1.0,0.0
2020-12-11,999059.0554278658,0.0,999059.0554278658,0.0,0.0,0.0,0,1.0,0.0
2020-12-14,999059.0554278658,0.0,999059.0554278658,0.0,0.0,0.0,0,1.0,0.0
2020-12-15,999059.0554278658,0.0,999059.0554278658,0.0,0.0,0.0,0,1.0,0.0
2020-12-16,999059.0554278658,0.0,999059.0554278658,0.0,0.0,0.0,0,1.0,0.0
2020-12-17,999059.0554278658,0.0,999059.0554278658,0.0,0.0,0.0,0,1.0,0.0
2020-12-18,999059.0554278658,0.0,999059.0554278658,0.0,0.0,0.0,0,1.0,0.0
2020-12-21,999059.0554278658,0.0,999059.0554278658,0.0,0.0,0.0,0,1.0,0.0
2020-12-22,999059.0554278658,0.0,999059.0554278658,0.0,0.0,0.0,0,1.0,0.0
2020-12-23,999059.0554278658,0.0,999059.0554278658,0.0,0.0,0.0,0,1.0,0.0
2020-12-24,999059.0554278658,0.0,999059.0554278658,0.0,0.0,0.0,0,1.0,0.0
2020-12-28,999059.0554278658,0.0,999059.0554278658,0.0,0.0,0.0,0,1.0,0.0
2020-12-29,999059.0554278658,0.0,999059.0554278658,0.0,0.0,0.0,0,1.0,0.0
2020-12-30,999059.0554278658,0.0,999059.0554278658,0.0,0.0,0.0,0,1.0,0.0
2020-12-31,999059.0554278658,0.0,999059.0554278658,0.0,0.0,0.0,0,1.0,0.0
2021-01-04,999059.0554278658,0.0,999059.0554278658,0.0,0.0,0.0,0,1.0,0.0
2021-01-05,999059.0554278658,0.0,999059.0554278658,0.0,0.0,0.0,0,1.0,0.0
2021-01-06,999059.0554278658,0.0,999059.0554278658,0.0,0.0,0.0,0,1.0,0.0
2021-01-07,999059.0554278658,0.0,999059.0554278658,0.0,0.0,0.0,0,1.0,0.0
2021-01-08,999059.0554278658,0.0,999059.0554278658,0.0,0.0,0.0,0,1.0,0.0
2021-01-11,999059.0554278658,0.0,999059.0554278658,0.0,0.0,0.0,0,1.0,0.0
2021-01-12,999059.0554278658,0.0,999059.0554278658,0.0,0.0,0.0,0,1.0,0.0
2021-01-13,999059.0554278658,0.0,999059.0554278658,0.0,0.0,0.0,0,1.0,0.0
2021-01-14,999059.0554278658,0.0,999059.0554278658,0.0,0.0,0.0,0,1.0,0.0
2021-01-15,999059.0554278658,0.0,999059.0554278658,0.0,0.0,0.0,0,1.0,0.0
2021-01-19,999059.0554278658,0.0,999059.0554278658,0.0,0.0,0.0,0,1.0,0.0
2021-01-20,999059.0554278658,0.0,999059.0554278658,0.0,0.0,0.0,0,1.0,0.0
2021-01-21,999059.0554278658,0.0,999059.0554278658,0.0,0.0,0.0,0,1.0,0.0
2021-01-22,999059.0554278658,0.0,999059.0554278658,0.0,0.0,0.0,0,1.0,0.0
2021-01-25,999059.0554278658,0.0,999059.0554278658,0.0,0.0,0.0,0,1.0,0.0
2021-01-26,999059.0554278658,0.0,999059.0554278658,0.0,0.0,0.0,0,1.0,0.0
2021-01-27,999059.0554278658,0.0,999059.0554278658,0.0,0.0,0.0,0,1.0,0.0
2021-01-28,999059.0554278658,0.0,999059.0554278658,0.0,0.0,0.0,0,1.0,0.0
2021-01-29,999059.0554278658,0.0,999059.0554278658,0.0,0.0,0.0,0,1.0,0.0
2021-02-01,999059.0554278658,0.0,999059.0554278658,0.0,0.0,0.0,0,1.0,0.0
2021-02-02,999059.0554278658,0.0,999059.0554278658,0.0,0.0,0.0,0,1.0,0.0
2021-02-03,999059.0554278658,0.0,999059.0554278658,0.0,0.0,0.0,0,1.0,0.0
2021-02-04,999059.0554278658,0.0,999059.0554278658,0.0,0.0,0.0,0,1.0,0.0
2021-02-05,999059.0554278658,0.0,999059.0554278658,0.0,0.0,0.0,0,1.0,0.0
2021-02-08,999059.0554278658,0.0,999059.0554278658,0.0,0.0,0.0,0,1.0,0.0
2021-02-09,999059.0554278658,0.0,999059.0554278658,0.0,0.0,0.0,0,1.0,0.0
2021-02-10,999059.0554278658,0.0,999059.0554278658,0.0,0.0,0.0,0,1.0,0.0
2021-02-11,999059.0554278658,0.0,999059.0554278658,0.0,0.0,0.0,0,1.0,0.0
2021-02-12,999059.0554278658,0.0,999059.0554278658,0.0,0.0,0.0,0,1.0,0.0
2021-02-16,999059.0554278658,0.0,999059.0554278658,0.0,0.0,0.0,0,1.0,0.0
2021-02-17,999059.0554278658,0.0,999059.0554278658,0.0,0.0,0.0,0,1.0,0.0
2021-02-18,999059.0554278658,0.0,999059.0554278658,0.0,0.0,0.0,0,1.0,0.0
2021-02-19,999059.0554278658,0.0,999059.0554278658,0.0,0.0,0.0,0,1.0,0.0
2021-02-22,999059.0554278658,0.0,999059.0554278658,0.0,0.0,0.0,0,1.0,0.0
2021-02-23,999059.0554278658,0.0,999059.0554278658,0.0,0.0,0.0,0,1.0,0.0
2021-02-24,999059.0554278658,0.0,999059.0554278658,0.0,0.0,0.0,0,1.0,0.0
2021-02-25,999059.0554278658,0.0,999059.0554278658,0.0,0.0,0.0,0,1.0,0.0
2021-02-26,999059.0554278658,0.0,999059.0554278658,0.0,0.0,0.0,0,1.0,0.0
2021-03-01,999059.0554278658,0.0,999059.0554278658,0.0,0.0,0.0,0,1.0,0.0
2021-03-02,999059.0554278658,0.0,999059.0554278658,0.0,0.0,0.0,0,1.0,0.0
2021-03-03,999059.0554278658,0.0,999059.0554278658,0.0,0.0,0.0,0,1.0,0.0
2021-03-04,999059.0554278658,0.0,999059.0554278658,0.0,0.0,0.0,0,1.0,0.0
2021-03-05,999059.0554278658,0.0,999059.0554278658,0.0,0.0,0.0,0,1.0,0.0
2021-03-08,999059.0554278658,0.0,999059.0554278658,0.0,0.0,0.0,0,1.0,0.0
2021-03-09,999059.0554278658,0.0,999059.0554278658,0.0,0.0,0.0,0,1.0,0.0
2021-03-10,999059.0554278658,0.0,999059.0554278658,0.0,0.0,0.0,0,1.0,0.0
2021-03-11,999059.0554278658,0.0,999059.0554278658,0.0,0.0,0.0,0,1.0,0.0
2021-03-12,999059.0554278658,0.0,999059.0554278658,0.0,0.0,0.0,0,1.0,0.0
2021-03-15,999059.0554278658,0.0,999059.0554278658,0.0,0.0,0.0,0,1.0,0.0
2021-03-16,999059.0554278658,0.0,999059.0554278658,0.0,0.0,0.0,0,1.0,0.0
2021-03-17,999059.0554278658,0.0,999059.0554278658,0.0,0.0,0.0,0,1.0,0.0
2021-03-18,999059.0554278658,0.0,999059.0554278658,0.0,0.0,0.0,0,1.0,0.0
2021-03-19,999059.0554278658,0.0,999059.0554278658,0.0,0.0,0.0,0,1.0,0.0
2021-03-22,999059.0554278658,0.0,999059.0554278658,0.0,0.0,0.0,0,1.0,0.0
2021-03-23,999059.0554278658,0.0,999059.0554278658,0.0,0.0,0.0,0,1.0,0.0
2021-03-24,999059.0554278658,0.0,999059.0554278658,0.0,0.0,0.0,0,1.0,0.0
2021-03-25,999059.0554278658,0.0,999059.0554278658,0.0,0.0,0.0,0,1.0,0.0
2021-03-26,999059.0554278658,0.0,999059.0554278658,0.0,0.0,0.0,0,1.0,0.0
2021-03-29,999059.0554278658,0.0,999059.0554278658,0.0,0.0,0.0,0,1.0,0.0
2021-03-30,999059.0554278658,0.0,999059.0554278658,0.0,0.0,0.0,0,1.0,0.0
2021-03-31,999059.0554278658,0.0,999059.0554278658,0.0,0.0,0.0,0,1.0,0.0
2021-04-01,999059.0554278658,0.0,999059.0554278658,0.0,0.0,0.0,0,1.0,0.0
2021-04-05,999059.0554278658,0.0,999059.0554278658,0.0,0.0,0.0,0,1.0,0.0
2021-04-06,999059.0554278658,0.0,999059.0554278658,0.0,0.0,0.0,0,1.0,0.0
2021-04-07,999059.0554278658,0.0,999059.0554278658,0.0,0.0,0.0,0,1.0,0.0
2021-04-08,999059.0554278658,0.0,999059.0554278658,0.0,0.0,0.0,0,1.0,0.0
2021-04-09,999059.0554278658,0.0,999059.0554278658,0.0,0.0,0.0,0,1.0,0.0
2021-04-12,999059.0554278658,0.0,999059.0554278658,0.0,0.0,0.0,0,1.0,0.0
2021-04-13,999059.0554278658,0.0,999059.0554278658,0.0,0.0,0.0,0,1.0,0.0
2021-04-14,999059.0554278658,0.0,999059.0554278658,0.0,0.0,0.0,0,1.0,0.0
2021-04-15,999059.0554278658,0.0,999059.0554278658,0.0,0.0,0.0,0,1.0,0.0
2021-04-16,999059.0554278658,0.0,999059.0554278658,0.0,0.0,0.0,0,1.0,0.0
2021-04-19,999059.0554278658,0.0,999059.0554278658,0.0,0.0,0.0,0,1.0,0.0
2021-04-20,999059.0554278658,0.0,999059.0554278658,0.0,0.0,0.0,0,1.0,0.0
2021-04-21,999059.0554278658,0.0,999059.0554278658,0.0,0.0,0.0,0,1.0,0.0
2021-04-22,999059.0554278658,0.0,999059.0554278658,0.0,0.0,0.0,0,1.0,0.0
2021-04-23,999059.0554278658,0.0,999059.0554278658,0.0,0.0,0.0,0,1.0,0.0
2021-04-26,999059.0554278658,0.0,999059.0554278658,0.0,0.0,0.0,0,1.0,0.0
2021-04-27,999059.0554278658,0.0,999059.0554278658,0.0,0.0,0.0,0,1.0,0.0
2021-04-28,999059.0554278658,0.0,999059.0554278658,0.0,0.0,0.0,0,1.0,0.0
2021-04-29,999059.0554278658,0.0,999059.0554278658,0.0,0.0,0.0,0,1.0,0.0
2021-04-30,999059.0554278658,0.0,999059.0554278658,0.0,0.0,0.0,0,1.0,0.0
2021-05-03,999059.0554278658,0.0,999059.0554278658,0.0,0.0,0.0,0,1.0,0.0
2021-05-04,999059.0554278658,0.0,999059.0554278658,0.0,0.0,0.0,0,1.0,0.0
2021-05-05,999059.0554278658,0.0,999059.0554278658,0.0,0.0,0.0,0,1.0,0.0
2021-05-06,999059.0554278658,0.0,999059.0554278658,0.0,0.0,0.0,0,1.0,0.0
2021-05-07,999059.0554278658,0.0,999059.0554278658,0.0,0.0,0.0,0,1.0,0.0
2021-05-10,999000.5142612527,-5.859630248583603e-05,991988.6306981118,49952.95277139329,92894.02197964567,7011.8835631409165,1,1.0,0.0
2021-05-11,999383.1637521054,0.00038303232620018335,991988.0428669112,49952.95277139329,92510.78465759233,7395.120885194243,1,1.0,0.587831200660539
2021-05-12,1000353.3815323764,0.0009708166151491948,991987.4602819436,50050.42417842499,91734.92710641713,8365.921250432846,1,1.0,0.5825849676413286
2021-05-13,1000614.2850839726,0.0002608113856690242,991986.8896521978,50781.441140392766,92935.48684901079,8627.395431774741,1,1.0,0.5706297457630684
2021-05-14,1000697.4341044927,8.309797467376256e-05,991986.3125947617,51512.458102360564,94313.79469499024,8711.121509730881,1,1.0,0.5770574361207121
2021-05-17,1001669.5684991346,0.0009714568674914492,1001669.5684991346,0.0,0.0,0.0,0,1.0,1.7577550962065578
2021-05-18,1001669.5684991346,0.0,1001669.5684991346,0.0,0.0,0.0,0,1.0,0.0
2021-05-19,1001669.5684991346,0.0,1001669.5684991346,0.0,0.0,0.0,0,1.0,0.0
2021-05-20,1001669.5684991346,0.0,1001669.5684991346,0.0,0.0,0.0,0,1.0,0.0
2021-05-21,1001669.5684991346,0.0,1001669.5684991346,0.0,0.0,0.0,0,1.0,0.0
2021-05-24,1001669.5684991346,0.0,1001669.5684991346,0.0,0.0,0.0,0,1.0,0.0
2021-05-25,1001669.5684991346,0.0,1001669.5684991346,0.0,0.0,0.0,0,1.0,0.0
2021-05-26,1001669.5684991346,0.0,1001669.5684991346,0.0,0.0,0.0,0,1.0,0.0
2021-05-27,1001669.5684991346,0.0,1001669.5684991346,0.0,0.0,0.0,0,1.0,0.0
2021-05-28,1001669.5684991346,0.0,1001669.5684991346,0.0,0.0,0.0,0,1.0,0.0
2021-06-01,1001669.5684991346,0.0,1001669.5684991346,0.0,0.0,0.0,0,1.0,0.0
2021-06-02,1001669.5684991346,0.0,1001669.5684991346,0.0,0.0,0.0,0,1.0,0.0
2021-06-03,1001669.5684991346,0.0,1001669.5684991346,0.0,0.0,0.0,0,1.0,0.0
2021-06-04,1001669.5684991346,0.0,1001669.5684991346,0.0,0.0,0.0,0,1.0,0.0
2021-06-07,1001669.5684991346,0.0,1001669.5684991346,0.0,0.0,0.0,0,1.0,0.0
2021-06-08,1001669.5684991346,0.0,1001669.5684991346,0.0,0.0,0.0,0,1.0,0.0
2021-06-09,1001669.5684991346,0.0,1001669.5684991346,0.0,0.0,0.0,0,1.0,0.0
2021-06-10,1001669.5684991346,0.0,1001669.5684991346,0.0,0.0,0.0,0,1.0,0.0
2021-06-11,1001669.5684991346,0.0,1001669.5684991346,0.0,0.0,0.0,0,1.0,0.0
2021-06-14,1001669.5684991346,0.0,1001669.5684991346,0.0,0.0,0.0,0,1.0,0.0
2021-06-15,1001669.5684991346,0.0,1001669.5684991346,0.0,0.0,0.0,0,1.0,0.0
2021-06-16,1001669.5684991346,0.0,1001669.5684991346,0.0,0.0,0.0,0,1.0,0.0
2021-06-17,1001669.5684991346,0.0,1001669.5684991346,0.0,0.0,0.0,0,1.0,0.0
2021-06-18,1001669.5684991346,0.0,1001669.5684991346,0.0,0.0,0.0,0,1.0,0.0
2021-06-21,1001669.5684991346,0.0,1001669.5684991346,0.0,0.0,0.0,0,1.0,0.0
2021-06-22,1001669.5684991346,0.0,1001669.5684991346,0.0,0.0,0.0,0,1.0,0.0
2021-06-23,1001669.5684991346,0.0,1001669.5684991346,0.0,0.0,0.0,0,1.0,0.0
2021-06-24,1001669.5684991346,0.0,1001669.5684991346,0.0,0.0,0.0,0,1.0,0.0
2021-06-25,1001669.5684991346,0.0,1001669.5684991346,0.0,0.0,0.0,0,1.0,0.0
2021-06-28,1001669.5684991346,0.0,1001669.5684991346,0.0,0.0,0.0,0,1.0,0.0
2021-06-29,1001669.5684991346,0.0,1001669.5684991346,0.0,0.0,0.0,0,1.0,0.0
2021-06-30,1001669.5684991346,0.0,1001669.5684991346,0.0,0.0,0.0,0,1.0,0.0
2021-07-01,1001669.5684991346,0.0,1001669.5684991346,0.0,0.0,0.0,0,1.0,0.0
2021-07-02,1001669.5684991346,0.0,1001669.5684991346,0.0,0.0,0.0,0,1.0,0.0
2021-07-06,1001669.5684991346,0.0,1001669.5684991346,0.0,0.0,0.0,0,1.0,0.0
2021-07-07,1001669.5684991346,0.0,1001669.5684991346,0.0,0.0,0.0,0,1.0,0.0
2021-07-08,1001669.5684991346,0.0,1001669.5684991346,0.0,0.0,0.0,0,1.0,0.0
2021-07-09,1001669.5684991346,0.0,1001669.5684991346,0.0,0.0,0.0,0,1.0,0.0
2021-07-12,1001669.5684991346,0.0,1001669.5684991346,0.0,0.0,0.0,0,1.0,0.0
2021-07-13,1001669.5684991346,0.0,1001669.5684991346,0.0,0.0,0.0,0,1.0,0.0
2021-07-14,1001669.5684991346,0.0,1001669.5684991346,0.0,0.0,0.0,0,1.0,0.0
2021-07-15,1001669.5684991346,0.0,1001669.5684991346,0.0,0.0,0.0,0,1.0,0.0
2021-07-16,1001669.5684991346,0.0,1001669.5684991346,0.0,0.0,0.0,0,1.0,0.0
2021-07-19,1001669.5684991346,0.0,1001669.5684991346,0.0,0.0,0.0,0,1.0,0.0
2021-07-20,1001669.5684991346,0.0,1001669.5684991346,0.0,0.0,0.0,0,1.0,0.0
2021-07-21,1001669.5684991346,0.0,1001669.5684991346,0.0,0.0,0.0,0,1.0,0.0
2021-07-22,1001669.5684991346,0.0,1001669.5684991346,0.0,0.0,0.0,0,1.0,0.0
2021-07-23,1001669.5684991346,0.0,1001669.5684991346,0.0,0.0,0.0,0,1.0,0.0
2021-07-26,1001669.5684991346,0.0,1001669.5684991346,0.0,0.0,0.0,0,1.0,0.0
2021-07-27,1001669.5684991346,0.0,1001669.5684991346,0.0,0.0,0.0,0,1.0,0.0
2021-07-28,1001669.5684991346,0.0,1001669.5684991346,0.0,0.0,0.0,0,1.0,0.0
2021-07-29,1001669.5684991346,0.0,1001669.5684991346,0.0,0.0,0.0,0,1.0,0.0
2021-07-30,1001669.5684991346,0.0,1001669.5684991346,0.0,0.0,0.0,0,1.0,0.0
2021-08-02,1001669.5684991346,0.0,1001669.5684991346,0.0,0.0,0.0,0,1.0,0.0
2021-08-03,1001669.5684991346,0.0,1001669.5684991346,0.0,0.0,0.0,0,1.0,0.0
2021-08-04,1001669.5684991346,0.0,1001669.5684991346,0.0,0.0,0.0,0,1.0,0.0
2021-08-05,1001669.5684991346,0.0,1001669.5684991346,0.0,0.0,0.0,0,1.0,0.0
2021-08-06,1001669.5684991346,0.0,1001669.5684991346,0.0,0.0,0.0,0,1.0,0.0
2021-08-09,1001669.5684991346,0.0,1001669.5684991346,0.0,0.0,0.0,0,1.0,0.0
2021-08-10,1001669.5684991346,0.0,1001669.5684991346,0.0,0.0,0.0,0,1.0,0.0
2021-08-11,1001669.5684991346,0.0,1001669.5684991346,0.0,0.0,0.0,0,1.0,0.0
2021-08-12,1001669.5684991346,0.0,1001669.5684991346,0.0,0.0,0.0,0,1.0,0.0
2021-08-13,1001669.5684991346,0.0,1001669.5684991346,0.0,0.0,0.0,0,1.0,0.0
2021-08-16,1001669.5684991346,0.0,1001669.5684991346,0.0,0.0,0.0,0,1.0,0.0
2021-08-17,1001669.5684991346,0.0,1001669.5684991346,0.0,0.0,0.0,0,1.0,0.0
2021-08-18,1001669.5684991346,0.0,1001669.5684991346,0.0,0.0,0.0,0,1.0,0.0
2021-08-19,1001669.5684991346,0.0,1001669.5684991346,0.0,0.0,0.0,0,1.0,0.0
2021-08-20,1001669.5684991346,0.0,1001669.5684991346,0.0,0.0,0.0,0,1.0,0.0
2021-08-23,1001669.5684991346,0.0,1001669.5684991346,0.0,0.0,0.0,0,1.0,0.0
2021-08-24,1001669.5684991346,0.0,1001669.5684991346,0.0,0.0,0.0,0,1.0,0.0
2021-08-25,1001669.5684991346,0.0,1001669.5684991346,0.0,0.0,0.0,0,1.0,0.0
2021-08-26,1001669.5684991346,0.0,1001669.5684991346,0.0,0.0,0.0,0,1.0,0.0
2021-08-27,1001669.5684991346,0.0,1001669.5684991346,0.0,0.0,0.0,0,1.0,0.0
2021-08-30,1001669.5684991346,0.0,1001669.5684991346,0.0,0.0,0.0,0,1.0,0.0
2021-08-31,1001669.5684991346,0.0,1001669.5684991346,0.0,0.0,0.0,0,1.0,0.0
2021-09-01,1001669.5684991346,0.0,1001669.5684991346,0.0,0.0,0.0,0,1.0,0.0
2021-09-02,1001669.5684991346,0.0,1001669.5684991346,0.0,0.0,0.0,0,1.0,0.0
2021-09-03,1001669.5684991346,0.0,1001669.5684991346,0.0,0.0,0.0,0,1.0,0.0
2021-09-07,1001669.5684991346,0.0,1001669.5684991346,0.0,0.0,0.0,0,1.0,0.0
2021-09-08,1001669.5684991346,0.0,1001669.5684991346,0.0,0.0,0.0,0,1.0,0.0
2021-09-09,1001669.5684991346,0.0,1001669.5684991346,0.0,0.0,0.0,0,1.0,0.0
2021-09-10,1001669.5684991346,0.0,1001669.5684991346,0.0,0.0,0.0,0,1.0,0.0
2021-09-13,1001669.5684991346,0.0,1001669.5684991346,0.0,0.0,0.0,0,1.0,0.0
2021-09-14,1001669.5684991346,0.0,1001669.5684991346,0.0,0.0,0.0,0,1.0,0.0
2021-09-15,1001669.5684991346,0.0,1001669.5684991346,0.0,0.0,0.0,0,1.0,0.0
2021-09-16,1001669.5684991346,0.0,1001669.5684991346,0.0,0.0,0.0,0,1.0,0.0
2021-09-17,1001669.5684991346,0.0,1001669.5684991346,0.0,0.0,0.0,0,1.0,0.0
2021-09-20,1001669.5684991346,0.0,1001669.5684991346,0.0,0.0,0.0,0,1.0,0.0
2021-09-21,1001669.5684991346,0.0,1001669.5684991346,0.0,0.0,0.0,0,1.0,0.0
2021-09-22,1001669.5684991346,0.0,1001669.5684991346,0.0,0.0,0.0,0,1.0,0.0
2021-09-23,1001669.5684991346,0.0,1001669.5684991346,0.0,0.0,0.0,0,1.0,0.0
2021-09-24,1001669.5684991346,0.0,1001669.5684991346,0.0,0.0,0.0,0,1.0,0.0
2021-09-27,1001669.5684991346,0.0,1001669.5684991346,0.0,0.0,0.0,0,1.0,0.0
2021-09-28,1001669.5684991346,0.0,1001669.5684991346,0.0,0.0,0.0,0,1.0,0.0
2021-09-29,1001669.5684991346,0.0,1001669.5684991346,0.0,0.0,0.0,0,1.0,0.0
2021-09-30,1001669.5684991346,0.0,1001669.5684991346,0.0,0.0,0.0,0,1.0,0.0
2021-10-01,1001669.5684991346,0.0,1001669.5684991346,0.0,0.0,0.0,0,1.0,0.0
2021-10-04,1001669.5684991346,0.0,1001669.5684991346,0.0,0.0,0.0,0,1.0,0.0
2021-10-05,1001669.5684991346,0.0,1001669.5684991346,0.0,0.0,0.0,0,1.0,0.0
2021-10-06,1001669.5684991346,0.0,1001669.5684991346,0.0,0.0,0.0,0,1.0,0.0
2021-10-07,1001669.5684991346,0.0,1001669.5684991346,0.0,0.0,0.0,0,1.0,0.0
2021-10-08,1001669.5684991346,0.0,1001669.5684991346,0.0,0.0,0.0,0,1.0,0.0
2021-10-11,1001669.5684991346,0.0,1001669.5684991346,0.0,0.0,0.0,0,1.0,0.0
2021-10-12,1001669.5684991346,0.0,1001669.5684991346,0.0,0.0,0.0,0,1.0,0.0
2021-10-13,1001669.5684991346,0.0,1001669.5684991346,0.0,0.0,0.0,0,1.0,0.0
2021-10-14,1001669.5684991346,0.0,1001669.5684991346,0.0,0.0,0.0,0,1.0,0.0
2021-10-15,1001669.5684991346,0.0,1001669.5684991346,0.0,0.0,0.0,0,1.0,0.0
2021-10-18,1001669.5684991346,0.0,1001669.5684991346,0.0,0.0,0.0,0,1.0,0.0
2021-10-19,1001669.5684991346,0.0,1001669.5684991346,0.0,0.0,0.0,0,1.0,0.0
2021-10-20,1001669.5684991346,0.0,1001669.5684991346,0.0,0.0,0.0,0,1.0,0.0
2021-10-21,1001669.5684991346,0.0,1001669.5684991346,0.0,0.0,0.0,0,1.0,0.0
2021-10-22,1001669.5684991346,0.0,1001669.5684991346,0.0,0.0,0.0,0,1.0,0.0
2021-10-25,1001669.5684991346,0.0,1001669.5684991346,0.0,0.0,0.0,0,1.0,0.0
2021-10-26,1001669.5684991346,0.0,1001669.5684991346,0.0,0.0,0.0,0,1.0,0.0
2021-10-27,1001669.5684991346,0.0,1001669.5684991346,0.0,0.0,0.0,0,1.0,0.0
2021-10-28,1001669.5684991346,0.0,1001669.5684991346,0.0,0.0,0.0,0,1.0,0.0
2021-10-29,1001669.5684991346,0.0,1001669.5684991346,0.0,0.0,0.0,0,1.0,0.0
2021-11-01,1001669.5684991346,0.0,1001669.5684991346,0.0,0.0,0.0,0,1.0,0.0
2021-11-02,1001669.5684991346,0.0,1001669.5684991346,0.0,0.0,0.0,0,1.0,0.0
2021-11-03,1001669.5684991346,0.0,1001669.5684991346,0.0,0.0,0.0,0,1.0,0.0
2021-11-04,1001669.5684991346,0.0,1001669.5684991346,0.0,0.0,0.0,0,1.0,0.0
2021-11-05,1001669.5684991346,0.0,1001669.5684991346,0.0,0.0,0.0,0,1.0,0.0
2021-11-08,1001614.9255421568,-5.455187887926094e-05,974328.8398809583,50083.47842495673,72880.87118871494,27286.08566119853,2,1.0,0.0
2021-11-09,1001194.9977264449,-0.0004192507569559245,974328.5278016597,49588.50822654461,72310.54652830402,26866.469924785197,2,1.0,0.31207929861407535
2021-11-10,1001668.1801088442,0.000472617605435266,974328.2167539074,49879.20634747387,72418.4493400109,27339.963354936834,2,1.0,0.31104775224858877
2021-11-11,1001981.8989484056,0.0003131963716040964,974327.9082084865,50200.52608800915,72747.06143609917,27653.990739919136,2,1.0,0.30854542084239606
2021-11-12,1002043.1766505166,6.115649611548868e-05,974327.5995632388,50432.26762351369,73148.95815974957,27715.57708727781,2,1.0,0.30864524774935004
2021-11-15,1002079.2752858853,3.6025029868991254e-05,1002079.2752858853,0.0,0.0,0.0,0,1.0,0.9329236359850464
2021-11-16,1002079.2752858853,0.0,1002079.2752858853,0.0,0.0,0.0,0,1.0,0.0
2021-11-17,1002079.2752858853,0.0,1002079.2752858853,0.0,0.0,0.0,0,1.0,0.0
2021-11-18,1002079.2752858853,0.0,1002079.2752858853,0.0,0.0,0.0,0,1.0,0.0
2021-11-19,1002079.2752858853,0.0,1002079.2752858853,0.0,0.0,0.0,0,1.0,0.0
2021-11-22,1002079.2752858853,0.0,1002079.2752858853,0.0,0.0,0.0,0,1.0,0.0
2021-11-23,1002079.2752858853,0.0,1002079.2752858853,0.0,0.0,0.0,0,1.0,0.0
2021-11-24,1002079.2752858853,0.0,1002079.2752858853,0.0,0.0,0.0,0,1.0,0.0
2021-11-26,1002079.2752858853,0.0,1002079.2752858853,0.0,0.0,0.0,0,1.0,0.0
2021-11-29,1002079.2752858853,0.0,1002079.2752858853,0.0,0.0,0.0,0,1.0,0.0
2021-11-30,1002079.2752858853,0.0,1002079.2752858853,0.0,0.0,0.0,0,1.0,0.0
2021-12-01,1002079.2752858853,0.0,1002079.2752858853,0.0,0.0,0.0,0,1.0,0.0
2021-12-02,1002079.2752858853,0.0,1002079.2752858853,0.0,0.0,0.0,0,1.0,0.0
2021-12-03,1002079.2752858853,0.0,1002079.2752858853,0.0,0.0,0.0,0,1.0,0.0
2021-12-06,1002079.2752858853,0.0,1002079.2752858853,0.0,0.0,0.0,0,1.0,0.0
2021-12-07,1002079.2752858853,0.0,1002079.2752858853,0.0,0.0,0.0,0,1.0,0.0
2021-12-08,1002079.2752858853,0.0,1002079.2752858853,0.0,0.0,0.0,0,1.0,0.0
2021-12-09,1002079.2752858853,0.0,1002079.2752858853,0.0,0.0,0.0,0,1.0,0.0
2021-12-10,1002079.2752858853,0.0,1002079.2752858853,0.0,0.0,0.0,0,1.0,0.0
2021-12-13,1002079.2752858853,0.0,1002079.2752858853,0.0,0.0,0.0,0,1.0,0.0
2021-12-14,1002079.2752858853,0.0,1002079.2752858853,0.0,0.0,0.0,0,1.0,0.0
2021-12-15,1002079.2752858853,0.0,1002079.2752858853,0.0,0.0,0.0,0,1.0,0.0
2021-12-16,1002079.2752858853,0.0,1002079.2752858853,0.0,0.0,0.0,0,1.0,0.0
2021-12-17,1002079.2752858853,0.0,1002079.2752858853,0.0,0.0,0.0,0,1.0,0.0
2021-12-20,1002079.2752858853,0.0,1002079.2752858853,0.0,0.0,0.0,0,1.0,0.0
2021-12-21,1002079.2752858853,0.0,1002079.2752858853,0.0,0.0,0.0,0,1.0,0.0
2021-12-22,1002079.2752858853,0.0,1002079.2752858853,0.0,0.0,0.0,0,1.0,0.0
2021-12-23,1002079.2752858853,0.0,1002079.2752858853,0.0,0.0,0.0,0,1.0,0.0
2021-12-27,1002079.2752858853,0.0,1002079.2752858853,0.0,0.0,0.0,0,1.0,0.0
2021-12-28,1002079.2752858853,0.0,1002079.2752858853,0.0,0.0,0.0,0,1.0,0.0
2021-12-29,1002079.2752858853,0.0,1002079.2752858853,0.0,0.0,0.0,0,1.0,0.0
2021-12-30,1002079.2752858853,0.0,1002079.2752858853,0.0,0.0,0.0,0,1.0,0.0
2021-12-31,1002079.2752858853,0.0,1002079.2752858853,0.0,0.0,0.0,0,1.0,0.0
2022-01-03,1002079.2752858853,0.0,1002079.2752858853,0.0,0.0,0.0,0,1.0,0.0
2022-01-04,1002079.2752858853,0.0,1002079.2752858853,0.0,0.0,0.0,0,1.0,0.0
2022-01-05,1002079.2752858853,0.0,1002079.2752858853,0.0,0.0,0.0,0,1.0,0.0
2022-01-06,1002079.2752858853,0.0,1002079.2752858853,0.0,0.0,0.0,0,1.0,0.0
2022-01-07,1002079.2752858853,0.0,1002079.2752858853,0.0,0.0,0.0,0,1.0,0.0
2022-01-10,1002079.2752858853,0.0,1002079.2752858853,0.0,0.0,0.0,0,1.0,0.0
2022-01-11,1002079.2752858853,0.0,1002079.2752858853,0.0,0.0,0.0,0,1.0,0.0
2022-01-12,1002079.2752858853,0.0,1002079.2752858853,0.0,0.0,0.0,0,1.0,0.0
2022-01-13,1002079.2752858853,0.0,1002079.2752858853,0.0,0.0,0.0,0,1.0,0.0
2022-01-14,1002079.2752858853,0.0,1002079.2752858853,0.0,0.0,0.0,0,1.0,0.0
2022-01-18,1002079.2752858853,0.0,1002079.2752858853,0.0,0.0,0.0,0,1.0,0.0
2022-01-19,1002079.2752858853,0.0,1002079.2752858853,0.0,0.0,0.0,0,1.0,0.0
2022-01-20,1002079.2752858853,0.0,1002079.2752858853,0.0,0.0,0.0,0,1.0,0.0
2022-01-21,1002079.2752858853,0.0,1002079.2752858853,0.0,0.0,0.0,0,1.0,0.0
2022-01-24,1002079.2752858853,0.0,1002079.2752858853,0.0,0.0,0.0,0,1.0,0.0
2022-01-25,1002079.2752858853,0.0,1002079.2752858853,0.0,0.0,0.0,0,1.0,0.0
2022-01-26,1002079.2752858853,0.0,1002079.2752858853,0.0,0.0,0.0,0,1.0,0.0
2022-01-27,1002079.2752858853,0.0,1002079.2752858853,0.0,0.0,0.0,0,1.0,0.0
2022-01-28,1002079.2752858853,0.0,1002079.2752858853,0.0,0.0,0.0,0,1.0,0.0
2022-01-31,1002079.2752858853,0.0,1002079.2752858853,0.0,0.0,0.0,0,1.0,0.0
2022-02-01,1002079.2752858853,0.0,1002079.2752858853,0.0,0.0,0.0,0,1.0,0.0
2022-02-02,1002079.2752858853,0.0,1002079.2752858853,0.0,0.0,0.0,0,1.0,0.0
2022-02-03,1002079.2752858853,0.0,1002079.2752858853,0.0,0.0,0.0,0,1.0,0.0
2022-02-04,1002079.2752858853,0.0,1002079.2752858853,0.0,0.0,0.0,0,1.0,0.0
2022-02-07,1002079.2752858853,0.0,1002079.2752858853,0.0,0.0,0.0,0,1.0,0.0
2022-02-08,1002079.2752858853,0.0,1002079.2752858853,0.0,0.0,0.0,0,1.0,0.0
2022-02-09,1002079.2752858853,0.0,1002079.2752858853,0.0,0.0,0.0,0,1.0,0.0
2022-02-10,1002079.2752858853,0.0,1002079.2752858853,0.0,0.0,0.0,0,1.0,0.0
2022-02-11,1002079.2752858853,0.0,1002079.2752858853,0.0,0.0,0.0,0,1.0,0.0
2022-02-14,1002079.2752858853,0.0,1002079.2752858853,0.0,0.0,0.0,0,1.0,0.0
2022-02-15,1002079.2752858853,0.0,1002079.2752858853,0.0,0.0,0.0,0,1.0,0.0
2022-02-16,1002079.2752858853,0.0,1002079.2752858853,0.0,0.0,0.0,0,1.0,0.0
2022-02-17,1002079.2752858853,0.0,1002079.2752858853,0.0,0.0,0.0,0,1.0,0.0
2022-02-18,1002079.2752858853,0.0,1002079.2752858853,0.0,0.0,0.0,0,1.0,0.0
2022-02-22,1002079.2752858853,0.0,1002079.2752858853,0.0,0.0,0.0,0,1.0,0.0
2022-02-23,1002079.2752858853,0.0,1002079.2752858853,0.0,0.0,0.0,0,1.0,0.0
2022-02-24,1002079.2752858853,0.0,1002079.2752858853,0.0,0.0,0.0,0,1.0,0.0
2022-02-25,1002079.2752858853,0.0,1002079.2752858853,0.0,0.0,0.0,0,1.0,0.0
2022-02-28,1002079.2752858853,0.0,1002079.2752858853,0.0,0.0,0.0,0,1.0,0.0
2022-03-01,1002079.2752858853,0.0,1002079.2752858853,0.0,0.0,0.0,0,1.0,0.0
2022-03-02,1002079.2752858853,0.0,1002079.2752858853,0.0,0.0,0.0,0,1.0,0.0
2022-03-03,1002079.2752858853,0.0,1002079.2752858853,0.0,0.0,0.0,0,1.0,0.0
2022-03-04,1002079.2752858853,0.0,1002079.2752858853,0.0,0.0,0.0,0,1.0,0.0
2022-03-07,1002079.2752858853,0.0,1002079.2752858853,0.0,0.0,0.0,0,1.0,0.0
2022-03-08,1002079.2752858853,0.0,1002079.2752858853,0.0,0.0,0.0,0,1.0,0.0
2022-03-09,1002079.2752858853,0.0,1002079.2752858853,0.0,0.0,0.0,0,1.0,0.0
2022-03-10,1002079.2752858853,0.0,1002079.2752858853,0.0,0.0,0.0,0,1.0,0.0
2022-03-11,1002079.2752858853,0.0,1002079.2752858853,0.0,0.0,0.0,0,1.0,0.0
2022-03-14,1002079.2752858853,0.0,1002079.2752858853,0.0,0.0,0.0,0,1.0,0.0
2022-03-15,1002079.2752858853,0.0,1002079.2752858853,0.0,0.0,0.0,0,1.0,0.0
2022-03-16,1002079.2752858853,0.0,1002079.2752858853,0.0,0.0,0.0,0,1.0,0.0
2022-03-17,1002079.2752858853,0.0,1002079.2752858853,0.0,0.0,0.0,0,1.0,0.0
2022-03-18,1002079.2752858853,0.0,1002079.2752858853,0.0,0.0,0.0,0,1.0,0.0
2022-03-21,1002079.2752858853,0.0,1002079.2752858853,0.0,0.0,0.0,0,1.0,0.0
2022-03-22,1002079.2752858853,0.0,1002079.2752858853,0.0,0.0,0.0,0,1.0,0.0
2022-03-23,1002079.2752858853,0.0,1002079.2752858853,0.0,0.0,0.0,0,1.0,0.0
2022-03-24,1002079.2752858853,0.0,1002079.2752858853,0.0,0.0,0.0,0,1.0,0.0
2022-03-25,1002079.2752858853,0.0,1002079.2752858853,0.0,0.0,0.0,0,1.0,0.0
2022-03-28,1002079.2752858853,0.0,1002079.2752858853,0.0,0.0,0.0,0,1.0,0.0
2022-03-29,1002079.2752858853,0.0,1002079.2752858853,0.0,0.0,0.0,0,1.0,0.0
2022-03-30,1002079.2752858853,0.0,1002079.2752858853,0.0,0.0,0.0,0,1.0,0.0
2022-03-31,1002079.2752858853,0.0,1002079.2752858853,0.0,0.0,0.0,0,1.0,0.0
2022-04-01,1002079.2752858853,0.0,1002079.2752858853,0.0,0.0,0.0,0,1.0,0.0
2022-04-04,1002079.2752858853,0.0,1002079.2752858853,0.0,0.0,0.0,0,1.0,0.0
2022-04-05,1002079.2752858853,0.0,1002079.2752858853,0.0,0.0,0.0,0,1.0,0.0
2022-04-06,1002079.2752858853,0.0,1002079.2752858853,0.0,0.0,0.0,0,1.0,0.0
2022-04-07,1002079.2752858853,0.0,1002079.2752858853,0.0,0.0,0.0,0,1.0,0.0
2022-04-08,1002079.2752858853,0.0,1002079.2752858853,0.0,0.0,0.0,0,1.0,0.0
2022-04-11,1002079.2752858853,0.0,1002079.2752858853,0.0,0.0,0.0,0,1.0,0.0
2022-04-12,1002079.2752858853,0.0,1002079.2752858853,0.0,0.0,0.0,0,1.0,0.0
2022-04-13,1002079.2752858853,0.0,1002079.2752858853,0.0,0.0,0.0,0,1.0,0.0
2022-04-14,1002079.2752858853,0.0,1002079.2752858853,0.0,0.0,0.0,0,1.0,0.0
2022-04-18,1002079.2752858853,0.0,1002079.2752858853,0.0,0.0,0.0,0,1.0,0.0
2022-04-19,1002079.2752858853,0.0,1002079.2752858853,0.0,0.0,0.0,0,1.0,0.0
2022-04-20,1002079.2752858853,0.0,1002079.2752858853,0.0,0.0,0.0,0,1.0,0.0
2022-04-21,1002079.2752858853,0.0,1002079.2752858853,0.0,0.0,0.0,0,1.0,0.0
2022-04-22,1002079.2752858853,0.0,1002079.2752858853,0.0,0.0,0.0,0,1.0,0.0
2022-04-25,1002079.2752858853,0.0,1002079.2752858853,0.0,0.0,0.0,0,1.0,0.0
2022-04-26,1002079.2752858853,0.0,1002079.2752858853,0.0,0.0,0.0,0,1.0,0.0
2022-04-27,1002079.2752858853,0.0,1002079.2752858853,0.0,0.0,0.0,0,1.0,0.0
2022-04-28,1002079.2752858853,0.0,1002079.2752858853,0.0,0.0,0.0,0,1.0,0.0
2022-04-29,1002079.2752858853,0.0,1002079.2752858853,0.0,0.0,0.0,0,1.0,0.0
2022-05-02,1002079.2752858853,0.0,1002079.2752858853,0.0,0.0,0.0,0,1.0,0.0
2022-05-03,1002079.2752858853,0.0,1002079.2752858853,0.0,0.0,0.0,0,1.0,0.0
2022-05-04,1002079.2752858853,0.0,1002079.2752858853,0.0,0.0,0.0,0,1.0,0.0
2022-05-05,1002079.2752858853,0.0,1002079.2752858853,0.0,0.0,0.0,0,1.0,0.0
2022-05-06,1002079.2752858853,0.0,1002079.2752858853,0.0,0.0,0.0,0,1.0,0.0
2022-05-09,1002079.2752858853,0.0,1002079.2752858853,0.0,0.0,0.0,0,1.0,0.0
2022-05-10,1002079.2752858853,0.0,1002079.2752858853,0.0,0.0,0.0,0,1.0,0.0
2022-05-11,1002079.2752858853,0.0,1002079.2752858853,0.0,0.0,0.0,0,1.0,0.0
2022-05-12,1002079.2752858853,0.0,1002079.2752858853,0.0,0.0,0.0,0,1.0,0.0
2022-05-13,1002079.2752858853,0.0,1002079.2752858853,0.0,0.0,0.0,0,1.0,0.0
2022-05-16,1002079.2752858853,0.0,1002079.2752858853,0.0,0.0,0.0,0,1.0,0.0
2022-05-17,1002079.2752858853,0.0,1002079.2752858853,0.0,0.0,0.0,0,1.0,0.0
2022-05-18,1002079.2752858853,0.0,1002079.2752858853,0.0,0.0,0.0,0,1.0,0.0
2022-05-19,1002079.2752858853,0.0,1002079.2752858853,0.0,0.0,0.0,0,1.0,0.0
2022-05-20,1002079.2752858853,0.0,1002079.2752858853,0.0,0.0,0.0,0,1.0,0.0
2022-05-23,1002079.2752858853,0.0,1002079.2752858853,0.0,0.0,0.0,0,1.0,0.0
2022-05-24,1002079.2752858853,0.0,1002079.2752858853,0.0,0.0,0.0,0,1.0,0.0
2022-05-25,1002079.2752858853,0.0,1002079.2752858853,0.0,0.0,0.0,0,1.0,0.0
2022-05-26,1002079.2752858853,0.0,1002079.2752858853,0.0,0.0,0.0,0,1.0,0.0
2022-05-27,1002079.2752858853,0.0,1002079.2752858853,0.0,0.0,0.0,0,1.0,0.0
2022-05-31,1002079.2752858853,0.0,1002079.2752858853,0.0,0.0,0.0,0,1.0,0.0
2022-06-01,1002079.2752858853,0.0,1002079.2752858853,0.0,0.0,0.0,0,1.0,0.0
2022-06-02,1002079.2752858853,0.0,1002079.2752858853,0.0,0.0,0.0,0,1.0,0.0
2022-06-03,1002079.2752858853,0.0,1002079.2752858853,0.0,0.0,0.0,0,1.0,0.0
2022-06-06,1002079.2752858853,0.0,1002079.2752858853,0.0,0.0,0.0,0,1.0,0.0
2022-06-07,1002079.2752858853,0.0,1002079.2752858853,0.0,0.0,0.0,0,1.0,0.0
2022-06-08,1002079.2752858853,0.0,1002079.2752858853,0.0,0.0,0.0,0,1.0,0.0
2022-06-09,1002079.2752858853,0.0,1002079.2752858853,0.0,0.0,0.0,0,1.0,0.0
2022-06-10,1002079.2752858853,0.0,1002079.2752858853,0.0,0.0,0.0,0,1.0,0.0
2022-06-13,1002079.2752858853,0.0,1002079.2752858853,0.0,0.0,0.0,0,1.0,0.0
2022-06-14,1002079.2752858853,0.0,1002079.2752858853,0.0,0.0,0.0,0,1.0,0.0
2022-06-15,1002079.2752858853,0.0,1002079.2752858853,0.0,0.0,0.0,0,1.0,0.0
2022-06-16,1002079.2752858853,0.0,1002079.2752858853,0.0,0.0,0.0,0,1.0,0.0
2022-06-17,1002079.2752858853,0.0,1002079.2752858853,0.0,0.0,0.0,0,1.0,0.0
2022-06-21,1002079.2752858853,0.0,1002079.2752858853,0.0,0.0,0.0,0,1.0,0.0
2022-06-22,1002079.2752858853,0.0,1002079.2752858853,0.0,0.0,0.0,0,1.0,0.0
2022-06-23,1002079.2752858853,0.0,1002079.2752858853,0.0,0.0,0.0,0,1.0,0.0
2022-06-24,1002079.2752858853,0.0,1002079.2752858853,0.0,0.0,0.0,0,1.0,0.0
2022-06-27,1002079.2752858853,0.0,1002079.2752858853,0.0,0.0,0.0,0,1.0,0.0
2022-06-28,1002079.2752858853,0.0,1002079.2752858853,0.0,0.0,0.0,0,1.0,0.0
2022-06-29,1002079.2752858853,0.0,1002079.2752858853,0.0,0.0,0.0,0,1.0,0.0
2022-06-30,1002079.2752858853,0.0,1002079.2752858853,0.0,0.0,0.0,0,1.0,0.0
2022-07-01,1002079.2752858853,0.0,1002079.2752858853,0.0,0.0,0.0,0,1.0,0.0
2022-07-05,1002079.2752858853,0.0,1002079.2752858853,0.0,0.0,0.0,0,1.0,0.0
2022-07-06,1002079.2752858853,0.0,1002079.2752858853,0.0,0.0,0.0,0,1.0,0.0
2022-07-07,1002079.2752858853,0.0,1002079.2752858853,0.0,0.0,0.0,0,1.0,0.0
2022-07-08,1002079.2752858853,0.0,1002079.2752858853,0.0,0.0,0.0,0,1.0,0.0
2022-07-11,1002079.2752858853,0.0,1002079.2752858853,0.0,0.0,0.0,0,1.0,0.0
2022-07-12,1002079.2752858853,0.0,1002079.2752858853,0.0,0.0,0.0,0,1.0,0.0
2022-07-13,1002079.2752858853,0.0,1002079.2752858853,0.0,0.0,0.0,0,1.0,0.0
2022-07-14,1002079.2752858853,0.0,1002079.2752858853,0.0,0.0,0.0,0,1.0,0.0
2022-07-15,1002079.2752858853,0.0,1002079.2752858853,0.0,0.0,0.0,0,1.0,0.0
2022-07-18,1002079.2752858853,0.0,1002079.2752858853,0.0,0.0,0.0,0,1.0,0.0
2022-07-19,1002079.2752858853,0.0,1002079.2752858853,0.0,0.0,0.0,0,1.0,0.0
2022-07-20,1002079.2752858853,0.0,1002079.2752858853,0.0,0.0,0.0,0,1.0,0.0
2022-07-21,1002079.2752858853,0.0,1002079.2752858853,0.0,0.0,0.0,0,1.0,0.0
2022-07-22,1002079.2752858853,0.0,1002079.2752858853,0.0,0.0,0.0,0,1.0,0.0
2022-07-25,1002079.2752858853,0.0,1002079.2752858853,0.0,0.0,0.0,0,1.0,0.0
2022-07-26,1002079.2752858853,0.0,1002079.2752858853,0.0,0.0,0.0,0,1.0,0.0
2022-07-27,1002079.2752858853,0.0,1002079.2752858853,0.0,0.0,0.0,0,1.0,0.0
2022-07-28,1002079.2752858853,0.0,1002079.2752858853,0.0,0.0,0.0,0,1.0,0.0
2022-07-29,1002079.2752858853,0.0,1002079.2752858853,0.0,0.0,0.0,0,1.0,0.0
2022-08-01,1002079.2752858853,0.0,1002079.2752858853,0.0,0.0,0.0,0,1.0,0.0
2022-08-02,1002079.2752858853,0.0,1002079.2752858853,0.0,0.0,0.0,0,1.0,0.0
2022-08-03,1002079.2752858853,0.0,1002079.2752858853,0.0,0.0,0.0,0,1.0,0.0
2022-08-04,1002079.2752858853,0.0,1002079.2752858853,0.0,0.0,0.0,0,1.0,0.0
2022-08-05,1002079.2752858853,0.0,1002079.2752858853,0.0,0.0,0.0,0,1.0,0.0
2022-08-08,1002079.2752858853,0.0,1002079.2752858853,0.0,0.0,0.0,0,1.0,0.0
2022-08-09,1002079.2752858853,0.0,1002079.2752858853,0.0,0.0,0.0,0,1.0,0.0
2022-08-10,1002079.2752858853,0.0,1002079.2752858853,0.0,0.0,0.0,0,1.0,0.0
2022-08-11,1002079.2752858853,0.0,1002079.2752858853,0.0,0.0,0.0,0,1.0,0.0
2022-08-12,1002079.2752858853,0.0,1002079.2752858853,0.0,0.0,0.0,0,1.0,0.0
2022-08-15,1002079.2752858853,0.0,1002079.2752858853,0.0,0.0,0.0,0,1.0,0.0
2022-08-16,1002079.2752858853,0.0,1002079.2752858853,0.0,0.0,0.0,0,1.0,0.0
2022-08-17,1002079.2752858853,0.0,1002079.2752858853,0.0,0.0,0.0,0,1.0,0.0
2022-08-18,1002079.2752858853,0.0,1002079.2752858853,0.0,0.0,0.0,0,1.0,0.0
2022-08-19,1002079.2752858853,0.0,1002079.2752858853,0.0,0.0,0.0,0,1.0,0.0
2022-08-22,1002079.2752858853,0.0,1002079.2752858853,0.0,0.0,0.0,0,1.0,0.0
2022-08-23,1002079.2752858853,0.0,1002079.2752858853,0.0,0.0,0.0,0,1.0,0.0
2022-08-24,1002079.2752858853,0.0,1002079.2752858853,0.0,0.0,0.0,0,1.0,0.0
2022-08-25,1002079.2752858853,0.0,1002079.2752858853,0.0,0.0,0.0,0,1.0,0.0
2022-08-26,1002079.2752858853,0.0,1002079.2752858853,0.0,0.0,0.0,0,1.0,0.0
2022-08-29,1002079.2752858853,0.0,1002079.2752858853,0.0,0.0,0.0,0,1.0,0.0
2022-08-30,1002079.2752858853,0.0,1002079.2752858853,0.0,0.0,0.0,0,1.0,0.0
2022-08-31,1002079.2752858853,0.0,1002079.2752858853,0.0,0.0,0.0,0,1.0,0.0
2022-09-01,1002079.2752858853,0.0,1002079.2752858853,0.0,0.0,0.0,0,1.0,0.0
2022-09-02,1002079.2752858853,0.0,1002079.2752858853,0.0,0.0,0.0,0,1.0,0.0
2022-09-06,1002079.2752858853,0.0,1002079.2752858853,0.0,0.0,0.0,0,1.0,0.0
2022-09-07,1002079.2752858853,0.0,1002079.2752858853,0.0,0.0,0.0,0,1.0,0.0
2022-09-08,1002079.2752858853,0.0,1002079.2752858853,0.0,0.0,0.0,0,1.0,0.0
2022-09-09,1002079.2752858853,0.0,1002079.2752858853,0.0,0.0,0.0,0,1.0,0.0
2022-09-12,1002079.2752858853,0.0,1002079.2752858853,0.0,0.0,0.0,0,1.0,0.0
2022-09-13,1002079.2752858853,0.0,1002079.2752858853,0.0,0.0,0.0,0,1.0,0.0
2022-09-14,1002079.2752858853,0.0,1002079.2752858853,0.0,0.0,0.0,0,1.0,0.0
2022-09-15,1002079.2752858853,0.0,1002079.2752858853,0.0,0.0,0.0,0,1.0,0.0
2022-09-16,1002079.2752858853,0.0,1002079.2752858853,0.0,0.0,0.0,0,1.0,0.0
2022-09-19,1002079.2752858853,0.0,1002079.2752858853,0.0,0.0,0.0,0,1.0,0.0
2022-09-20,1002079.2752858853,0.0,1002079.2752858853,0.0,0.0,0.0,0,1.0,0.0
2022-09-21,1002079.2752858853,0.0,1002079.2752858853,0.0,0.0,0.0,0,1.0,0.0
2022-09-22,1002079.2752858853,0.0,1002079.2752858853,0.0,0.0,0.0,0,1.0,0.0
2022-09-23,1002079.2752858853,0.0,1002079.2752858853,0.0,0.0,0.0,0,1.0,0.0
2022-09-26,1002079.2752858853,0.0,1002079.2752858853,0.0,0.0,0.0,0,1.0,0.0
2022-09-27,1002079.2752858853,0.0,1002079.2752858853,0.0,0.0,0.0,0,1.0,0.0
2022-09-28,1002079.2752858853,0.0,1002079.2752858853,0.0,0.0,0.0,0,1.0,0.0
2022-09-29,1002079.2752858853,0.0,1002079.2752858853,0.0,0.0,0.0,0,1.0,0.0
2022-09-30,1002079.2752858853,0.0,1002079.2752858853,0.0,0.0,0.0,0,1.0,0.0
2022-10-03,1002079.2752858853,0.0,1002079.2752858853,0.0,0.0,0.0,0,1.0,0.0
2022-10-04,1002079.2752858853,0.0,1002079.2752858853,0.0,0.0,0.0,0,1.0,0.0
2022-10-05,1002079.2752858853,0.0,1002079.2752858853,0.0,0.0,0.0,0,1.0,0.0
2022-10-06,1002079.2752858853,0.0,1002079.2752858853,0.0,0.0,0.0,0,1.0,0.0
2022-10-07,1002079.2752858853,0.0,1002079.2752858853,0.0,0.0,0.0,0,1.0,0.0
2022-10-10,1002079.2752858853,0.0,1002079.2752858853,0.0,0.0,0.0,0,1.0,0.0
2022-10-11,1002079.2752858853,0.0,1002079.2752858853,0.0,0.0,0.0,0,1.0,0.0
2022-10-12,1002079.2752858853,0.0,1002079.2752858853,0.0,0.0,0.0,0,1.0,0.0
2022-10-13,1002079.2752858853,0.0,1002079.2752858853,0.0,0.0,0.0,0,1.0,0.0
2022-10-14,1002079.2752858853,0.0,1002079.2752858853,0.0,0.0,0.0,0,1.0,0.0
2022-10-17,1002079.2752858853,0.0,1002079.2752858853,0.0,0.0,0.0,0,1.0,0.0
2022-10-18,1002079.2752858853,0.0,1002079.2752858853,0.0,0.0,0.0,0,1.0,0.0
2022-10-19,1002079.2752858853,0.0,1002079.2752858853,0.0,0.0,0.0,0,1.0,0.0
2022-10-20,1002079.2752858853,0.0,1002079.2752858853,0.0,0.0,0.0,0,1.0,0.0
2022-10-21,1002079.2752858853,0.0,1002079.2752858853,0.0,0.0,0.0,0,1.0,0.0
2022-10-24,1002079.2752858853,0.0,1002079.2752858853,0.0,0.0,0.0,0,1.0,0.0
2022-10-25,1002079.2752858853,0.0,1002079.2752858853,0.0,0.0,0.0,0,1.0,0.0
2022-10-26,1002079.2752858853,0.0,1002079.2752858853,0.0,0.0,0.0,0,1.0,0.0
2022-10-27,1002079.2752858853,0.0,1002079.2752858853,0.0,0.0,0.0,0,1.0,0.0
2022-10-28,1002079.2752858853,0.0,1002079.2752858853,0.0,0.0,0.0,0,1.0,0.0
2022-10-31,1002079.2752858853,0.0,1002079.2752858853,0.0,0.0,0.0,0,1.0,0.0
2022-11-01,1002079.2752858853,0.0,1002079.2752858853,0.0,0.0,0.0,0,1.0,0.0
2022-11-02,1002079.2752858853,0.0,1002079.2752858853,0.0,0.0,0.0,0,1.0,0.0
2022-11-03,1002079.2752858853,0.0,1002079.2752858853,0.0,0.0,0.0,0,1.0,0.0
2022-11-04,1002079.2752858853,0.0,1002079.2752858853,0.0,0.0,0.0,0,1.0,0.0
2022-11-07,1002079.2752858853,0.0,1002079.2752858853,0.0,0.0,0.0,0,1.0,0.0
2022-11-08,1002079.2752858853,0.0,1002079.2752858853,0.0,0.0,0.0,0,1.0,0.0
2022-11-09,1002079.2752858853,0.0,1002079.2752858853,0.0,0.0,0.0,0,1.0,0.0
2022-11-10,1002079.2752858853,0.0,1002079.2752858853,0.0,0.0,0.0,0,1.0,0.0
2022-11-11,1002079.2752858853,0.0,1002079.2752858853,0.0,0.0,0.0,0,1.0,0.0
2022-11-14,1002079.2752858853,0.0,1002079.2752858853,0.0,0.0,0.0,0,1.0,0.0
2022-11-15,1002079.2752858853,0.0,1002079.2752858853,0.0,0.0,0.0,0,1.0,0.0
2022-11-16,1002079.2752858853,0.0,1002079.2752858853,0.0,0.0,0.0,0,1.0,0.0
2022-11-17,1002079.2752858853,0.0,1002079.2752858853,0.0,0.0,0.0,0,1.0,0.0
2022-11-18,1002079.2752858853,0.0,1002079.2752858853,0.0,0.0,0.0,0,1.0,0.0
2022-11-21,1002079.2752858853,0.0,1002079.2752858853,0.0,0.0,0.0,0,1.0,0.0
2022-11-22,1002079.2752858853,0.0,1002079.2752858853,0.0,0.0,0.0,0,1.0,0.0
2022-11-23,1002079.2752858853,0.0,1002079.2752858853,0.0,0.0,0.0,0,1.0,0.0
2022-11-25,1002079.2752858853,0.0,1002079.2752858853,0.0,0.0,0.0,0,1.0,0.0
2022-11-28,1002079.2752858853,0.0,1002079.2752858853,0.0,0.0,0.0,0,1.0,0.0
2022-11-29,1002079.2752858853,0.0,1002079.2752858853,0.0,0.0,0.0,0,1.0,0.0
2022-11-30,1002079.2752858853,0.0,1002079.2752858853,0.0,0.0,0.0,0,1.0,0.0
2022-12-01,1002079.2752858853,0.0,1002079.2752858853,0.0,0.0,0.0,0,1.0,0.0
2022-12-02,1002079.2752858853,0.0,1002079.2752858853,0.0,0.0,0.0,0,1.0,0.0
2022-12-05,1002079.2752858853,0.0,1002079.2752858853,0.0,0.0,0.0,0,1.0,0.0
2022-12-06,1002079.2752858853,0.0,1002079.2752858853,0.0,0.0,0.0,0,1.0,0.0
2022-12-07,1002079.2752858853,0.0,1002079.2752858853,0.0,0.0,0.0,0,1.0,0.0
2022-12-08,1002079.2752858853,0.0,1002079.2752858853,0.0,0.0,0.0,0,1.0,0.0
2022-12-09,1002079.2752858853,0.0,1002079.2752858853,0.0,0.0,0.0,0,1.0,0.0
2022-12-12,1002079.2752858853,0.0,1002079.2752858853,0.0,0.0,0.0,0,1.0,0.0
2022-12-13,1002079.2752858853,0.0,1002079.2752858853,0.0,0.0,0.0,0,1.0,0.0
2022-12-14,1002079.2752858853,0.0,1002079.2752858853,0.0,0.0,0.0,0,1.0,0.0
2022-12-15,1002079.2752858853,0.0,1002079.2752858853,0.0,0.0,0.0,0,1.0,0.0
2022-12-16,1002079.2752858853,0.0,1002079.2752858853,0.0,0.0,0.0,0,1.0,0.0
2022-12-19,1002079.2752858853,0.0,1002079.2752858853,0.0,0.0,0.0,0,1.0,0.0
2022-12-20,1002079.2752858853,0.0,1002079.2752858853,0.0,0.0,0.0,0,1.0,0.0
2022-12-21,1002079.2752858853,0.0,1002079.2752858853,0.0,0.0,0.0,0,1.0,0.0
2022-12-22,1002079.2752858853,0.0,1002079.2752858853,0.0,0.0,0.0,0,1.0,0.0
2022-12-23,1002079.2752858853,0.0,1002079.2752858853,0.0,0.0,0.0,0,1.0,0.0
2022-12-27,1002079.2752858853,0.0,1002079.2752858853,0.0,0.0,0.0,0,1.0,0.0
2022-12-28,1002079.2752858853,0.0,1002079.2752858853,0.0,0.0,0.0,0,1.0,0.0
2022-12-29,1002079.2752858853,0.0,1002079.2752858853,0.0,0.0,0.0,0,1.0,0.0
2022-12-30,1002079.2752858853,0.0,1002079.2752858853,0.0,0.0,0.0,0,1.0,0.0
2023-01-03,1002079.2752858853,0.0,1002079.2752858853,0.0,0.0,0.0,0,1.0,0.0
2023-01-04,1002079.2752858853,0.0,1002079.2752858853,0.0,0.0,0.0,0,1.0,0.0
2023-01-05,1002079.2752858853,0.0,1002079.2752858853,0.0,0.0,0.0,0,1.0,0.0
2023-01-06,1002079.2752858853,0.0,1002079.2752858853,0.0,0.0,0.0,0,1.0,0.0
2023-01-09,1002079.2752858853,0.0,1002079.2752858853,0.0,0.0,0.0,0,1.0,0.0
2023-01-10,1002079.2752858853,0.0,1002079.2752858853,0.0,0.0,0.0,0,1.0,0.0
2023-01-11,1002079.2752858853,0.0,1002079.2752858853,0.0,0.0,0.0,0,1.0,0.0
2023-01-12,1002079.2752858853,0.0,1002079.2752858853,0.0,0.0,0.0,0,1.0,0.0
2023-01-13,1002079.2752858853,0.0,1002079.2752858853,0.0,0.0,0.0,0,1.0,0.0
2023-01-17,1002079.2752858853,0.0,1002079.2752858853,0.0,0.0,0.0,0,1.0,0.0
2023-01-18,1002079.2752858853,0.0,1002079.2752858853,0.0,0.0,0.0,0,1.0,0.0
2023-01-19,1002079.2752858853,0.0,1002079.2752858853,0.0,0.0,0.0,0,1.0,0.0
2023-01-20,1002079.2752858853,0.0,1002079.2752858853,0.0,0.0,0.0,0,1.0,0.0
2023-01-23,1002079.2752858853,0.0,1002079.2752858853,0.0,0.0,0.0,0,1.0,0.0
2023-01-24,1002079.2752858853,0.0,1002079.2752858853,0.0,0.0,0.0,0,1.0,0.0
2023-01-25,1002079.2752858853,0.0,1002079.2752858853,0.0,0.0,0.0,0,1.0,0.0
2023-01-26,1002079.2752858853,0.0,1002079.2752858853,0.0,0.0,0.0,0,1.0,0.0
2023-01-27,1002079.2752858853,0.0,1002079.2752858853,0.0,0.0,0.0,0,1.0,0.0
2023-01-30,1002019.3997443246,-5.975130215485347e-05,1000773.3249617681,50103.96376429427,98961.852746032,1246.0747825565268,1,1.0,0.0
2023-01-31,1003937.4087160693,0.0019141435507477045,1000772.6561337191,52741.01448873081,102317.27639511146,3164.7525823501637,1,1.0,0.6688280490313175
2023-02-01,1006766.0883959084,0.002817585693371649,1000771.9774716807,56097.26086528641,106200.41080634523,5994.110924227585,1,1.0,0.6786620384172574
2023-02-02,1007234.7123664792,0.00046547452876311013,1000771.2915969382,57295.92028548484,108128.41980142868,6463.420769541008,1,1.0,0.6858747425196279
2023-02-03,1008733.2482399143,0.0014877722690020967,1000770.5957379441,58254.84782164358,108547.04314131699,7962.65250197018,1,1.0,0.6958589940580949
2023-02-06,1011604.6960307016,0.0028465878326084937,1011604.6960307016,0.0,0.0,0.0,0,1.0,2.065387898138538
2023-02-07,1011604.6960307016,0.0,1011604.6960307016,0.0,0.0,0.0,0,1.0,0.0
2023-02-08,1011604.6960307016,0.0,1011604.6960307016,0.0,0.0,0.0,0,1.0,0.0
2023-02-09,1011604.6960307016,0.0,1011604.6960307016,0.0,0.0,0.0,0,1.0,0.0
2023-02-10,1011604.6960307016,0.0,1011604.6960307016,0.0,0.0,0.0,0,1.0,0.0
2023-02-13,1011604.6960307016,0.0,1011604.6960307016,0.0,0.0,0.0,0,1.0,0.0
2023-02-14,1011604.6960307016,0.0,1011604.6960307016,0.0,0.0,0.0,0,1.0,0.0
2023-02-15,1011604.6960307016,0.0,1011604.6960307016,0.0,0.0,0.0,0,1.0,0.0
2023-02-16,1011604.6960307016,0.0,1011604.6960307016,0.0,0.0,0.0,0,1.0,0.0
2023-02-17,1011604.6960307016,0.0,1011604.6960307016,0.0,0.0,0.0,0,1.0,0.0
2023-02-21,1011604.6960307016,0.0,1011604.6960307016,0.0,0.0,0.0,0,1.0,0.0
2023-02-22,1011604.6960307016,0.0,1011604.6960307016,0.0,0.0,0.0,0,1.0,0.0
2023-02-23,1011604.6960307016,0.0,1011604.6960307016,0.0,0.0,0.0,0,1.0,0.0
2023-02-24,1011604.6960307016,0.0,1011604.6960307016,0.0,0.0,0.0,0,1.0,0.0
2023-02-27,1011604.6960307016,0.0,1011604.6960307016,0.0,0.0,0.0,0,1.0,0.0
2023-02-28,1011604.6960307016,0.0,1011604.6960307016,0.0,0.0,0.0,0,1.0,0.0
2023-03-01,1011604.6960307016,0.0,1011604.6960307016,0.0,0.0,0.0,0,1.0,0.0
2023-03-02,1011604.6960307016,0.0,1011604.6960307016,0.0,0.0,0.0,0,1.0,0.0
2023-03-03,1011604.6960307016,0.0,1011604.6960307016,0.0,0.0,0.0,0,1.0,0.0
2023-03-06,1011604.6960307016,0.0,1011604.6960307016,0.0,0.0,0.0,0,1.0,0.0
2023-03-07,1011604.6960307016,0.0,1011604.6960307016,0.0,0.0,0.0,0,1.0,0.0
2023-03-08,1011604.6960307016,0.0,1011604.6960307016,0.0,0.0,0.0,0,1.0,0.0
2023-03-09,1011604.6960307016,0.0,1011604.6960307016,0.0,0.0,0.0,0,1.0,0.0
2023-03-10,1011604.6960307016,0.0,1011604.6960307016,0.0,0.0,0.0,0,1.0,0.0
2023-03-13,1011604.6960307016,0.0,1011604.6960307016,0.0,0.0,0.0,0,1.0,0.0
2023-03-14,1011604.6960307016,0.0,1011604.6960307016,0.0,0.0,0.0,0,1.0,0.0
2023-03-15,1011604.6960307016,0.0,1011604.6960307016,0.0,0.0,0.0,0,1.0,0.0
2023-03-16,1011604.6960307016,0.0,1011604.6960307016,0.0,0.0,0.0,0,1.0,0.0
2023-03-17,1011604.6960307016,0.0,1011604.6960307016,0.0,0.0,0.0,0,1.0,0.0
2023-03-20,1011543.2565856446,-6.0734638044013245e-05,1015259.0730615634,50580.23480153509,104876.28607898907,-3715.816475918902,1,1.0,0.0
2023-03-21,1012430.597861968,0.0008772153544065464,1015258.3297891298,52181.25320455109,107190.23833626398,-2827.7319271618035,1,1.0,0.7432724336407117
2023-03-22,1012952.4709036018,0.0005154654973249517,1015257.5767571636,51766.171217663104,105837.44828888803,-2305.105853561814,1,1.0,0.753031966210991
2023-03-23,1011619.6221777597,-0.0013158057896370812,1015256.8365617212,50580.23480153509,104797.6839870317,-3637.214383961531,1,1.0,0.7401954424534554
2023-03-24,1010729.4296315255,-0.0008799676545594437,1015256.0943652915,50046.56200052975,104619.7887348255,-4526.664733765996,1,1.0,0.7421964296440331
2023-03-27,1012282.0517230249,0.0015361401834963484,1012282.0517230249,0.0,0.0,0.0,0,1.0,2.2412002765624535
2023-03-28,1012282.0517230249,0.0,1012282.0517230249,0.0,0.0,0.0,0,1.0,0.0
2023-03-29,1012282.0517230249,0.0,1012282.0517230249,0.0,0.0,0.0,0,1.0,0.0
2023-03-30,1012282.0517230249,0.0,1012282.0517230249,0.0,0.0,0.0,0,1.0,0.0
2023-03-31,1012282.0517230249,0.0,1012282.0517230249,0.0,0.0,0.0,0,1.0,0.0
2023-04-03,1012282.0517230249,0.0,1012282.0517230249,0.0,0.0,0.0,0,1.0,0.0
2023-04-04,1012282.0517230249,0.0,1012282.0517230249,0.0,0.0,0.0,0,1.0,0.0
2023-04-05,1012282.0517230249,0.0,1012282.0517230249,0.0,0.0,0.0,0,1.0,0.0
2023-04-06,1012282.0517230249,0.0,1012282.0517230249,0.0,0.0,0.0,0,1.0,0.0
2023-04-10,1012282.0517230249,0.0,1012282.0517230249,0.0,0.0,0.0,0,1.0,0.0
2023-04-11,1012282.0517230249,0.0,1012282.0517230249,0.0,0.0,0.0,0,1.0,0.0
2023-04-12,1012282.0517230249,0.0,1012282.0517230249,0.0,0.0,0.0,0,1.0,0.0
2023-04-13,1012282.0517230249,0.0,1012282.0517230249,0.0,0.0,0.0,0,1.0,0.0
2023-04-14,1012282.0517230249,0.0,1012282.0517230249,0.0,0.0,0.0,0,1.0,0.0
2023-04-17,1012282.0517230249,0.0,1012282.0517230249,0.0,0.0,0.0,0,1.0,0.0
2023-04-18,1012282.0517230249,0.0,1012282.0517230249,0.0,0.0,0.0,0,1.0,0.0
2023-04-19,1012282.0517230249,0.0,1012282.0517230249,0.0,0.0,0.0,0,1.0,0.0
2023-04-20,1012282.0517230249,0.0,1012282.0517230249,0.0,0.0,0.0,0,1.0,0.0
2023-04-21,1012282.0517230249,0.0,1012282.0517230249,0.0,0.0,0.0,0,1.0,0.0
2023-04-24,1012282.0517230249,0.0,1012282.0517230249,0.0,0.0,0.0,0,1.0,0.0
2023-04-25,1012282.0517230249,0.0,1012282.0517230249,0.0,0.0,0.0,0,1.0,0.0
2023-04-26,1012282.0517230249,0.0,1012282.0517230249,0.0,0.0,0.0,0,1.0,0.0
2023-04-27,1012282.0517230249,0.0,1012282.0517230249,0.0,0.0,0.0,0,1.0,0.0
2023-04-28,1012282.0517230249,0.0,1012282.0517230249,0.0,0.0,0.0,0,1.0,0.0
2023-05-01,1012282.0517230249,0.0,1012282.0517230249,0.0,0.0,0.0,0,1.0,0.0
2023-05-02,1012282.0517230249,0.0,1012282.0517230249,0.0,0.0,0.0,0,1.0,0.0
2023-05-03,1012282.0517230249,0.0,1012282.0517230249,0.0,0.0,0.0,0,1.0,0.0
2023-05-04,1012282.0517230249,0.0,1012282.0517230249,0.0,0.0,0.0,0,1.0,0.0
2023-05-05,1012282.0517230249,0.0,1012282.0517230249,0.0,0.0,0.0,0,1.0,0.0
2023-05-08,1012282.0517230249,0.0,1012282.0517230249,0.0,0.0,0.0,0,1.0,0.0
2023-05-09,1012282.0517230249,0.0,1012282.0517230249,0.0,0.0,0.0,0,1.0,0.0
2023-05-10,1012282.0517230249,0.0,1012282.0517230249,0.0,0.0,0.0,0,1.0,0.0
2023-05-11,1012282.0517230249,0.0,1012282.0517230249,0.0,0.0,0.0,0,1.0,0.0
2023-05-12,1012282.0517230249,0.0,1012282.0517230249,0.0,0.0,0.0,0,1.0,0.0
2023-05-15,1012282.0517230249,0.0,1012282.0517230249,0.0,0.0,0.0,0,1.0,0.0
2023-05-16,1012282.0517230249,0.0,1012282.0517230249,0.0,0.0,0.0,0,1.0,0.0
2023-05-17,1012282.0517230249,0.0,1012282.0517230249,0.0,0.0,0.0,0,1.0,0.0
2023-05-18,1012282.0517230249,0.0,1012282.0517230249,0.0,0.0,0.0,0,1.0,0.0
2023-05-19,1012282.0517230249,0.0,1012282.0517230249,0.0,0.0,0.0,0,1.0,0.0
2023-05-22,1012282.0517230249,0.0,1012282.0517230249,0.0,0.0,0.0,0,1.0,0.0
2023-05-23,1012282.0517230249,0.0,1012282.0517230249,0.0,0.0,0.0,0,1.0,0.0
2023-05-24,1012282.0517230249,0.0,1012282.0517230249,0.0,0.0,0.0,0,1.0,0.0
2023-05-25,1012282.0517230249,0.0,1012282.0517230249,0.0,0.0,0.0,0,1.0,0.0
2023-05-26,1012282.0517230249,0.0,1012282.0517230249,0.0,0.0,0.0,0,1.0,0.0
2023-05-30,1012282.0517230249,0.0,1012282.0517230249,0.0,0.0,0.0,0,1.0,0.0
2023-05-31,1012282.0517230249,0.0,1012282.0517230249,0.0,0.0,0.0,0,1.0,0.0
2023-06-01,1012282.0517230249,0.0,1012282.0517230249,0.0,0.0,0.0,0,1.0,0.0
2023-06-02,1012282.0517230249,0.0,1012282.0517230249,0.0,0.0,0.0,0,1.0,0.0
2023-06-05,1012282.0517230249,0.0,1012282.0517230249,0.0,0.0,0.0,0,1.0,0.0
2023-06-06,1012282.0517230249,0.0,1012282.0517230249,0.0,0.0,0.0,0,1.0,0.0
2023-06-07,1012282.0517230249,0.0,1012282.0517230249,0.0,0.0,0.0,0,1.0,0.0
2023-06-08,1012282.0517230249,0.0,1012282.0517230249,0.0,0.0,0.0,0,1.0,0.0
2023-06-09,1012282.0517230249,0.0,1012282.0517230249,0.0,0.0,0.0,0,1.0,0.0
2023-06-12,1012282.0517230249,0.0,1012282.0517230249,0.0,0.0,0.0,0,1.0,0.0
2023-06-13,1012282.0517230249,0.0,1012282.0517230249,0.0,0.0,0.0,0,1.0,0.0
2023-06-14,1012282.0517230249,0.0,1012282.0517230249,0.0,0.0,0.0,0,1.0,0.0
2023-06-15,1012282.0517230249,0.0,1012282.0517230249,0.0,0.0,0.0,0,1.0,0.0
2023-06-16,1012282.0517230249,0.0,1012282.0517230249,0.0,0.0,0.0,0,1.0,0.0
2023-06-20,1012282.0517230249,0.0,1012282.0517230249,0.0,0.0,0.0,0,1.0,0.0
2023-06-21,1012282.0517230249,0.0,1012282.0517230249,0.0,0.0,0.0,0,1.0,0.0
2023-06-22,1012282.0517230249,0.0,1012282.0517230249,0.0,0.0,0.0,0,1.0,0.0
2023-06-23,1012282.0517230249,0.0,1012282.0517230249,0.0,0.0,0.0,0,1.0,0.0
2023-06-26,1012282.0517230249,0.0,1012282.0517230249,0.0,0.0,0.0,0,1.0,0.0
2023-06-27,1012282.0517230249,0.0,1012282.0517230249,0.0,0.0,0.0,0,1.0,0.0
2023-06-28,1012282.0517230249,0.0,1012282.0517230249,0.0,0.0,0.0,0,1.0,0.0
2023-06-29,1012282.0517230249,0.0,1012282.0517230249,0.0,0.0,0.0,0,1.0,0.0
2023-06-30,1012282.0517230249,0.0,1012282.0517230249,0.0,0.0,0.0,0,1.0,0.0
2023-07-03,1012282.0517230249,0.0,1012282.0517230249,0.0,0.0,0.0,0,1.0,0.0
2023-07-05,1012282.0517230249,0.0,1012282.0517230249,0.0,0.0,0.0,0,1.0,0.0
2023-07-06,1012282.0517230249,0.0,1012282.0517230249,0.0,0.0,0.0,0,1.0,0.0
2023-07-07,1012282.0517230249,0.0,1012282.0517230249,0.0,0.0,0.0,0,1.0,0.0
2023-07-10,1012282.0517230249,0.0,1012282.0517230249,0.0,0.0,0.0,0,1.0,0.0
2023-07-11,1012282.0517230249,0.0,1012282.0517230249,0.0,0.0,0.0,0,1.0,0.0
2023-07-12,1012282.0517230249,0.0,1012282.0517230249,0.0,0.0,0.0,0,1.0,0.0
2023-07-13,1012282.0517230249,0.0,1012282.0517230249,0.0,0.0,0.0,0,1.0,0.0
2023-07-14,1012282.0517230249,0.0,1012282.0517230249,0.0,0.0,0.0,0,1.0,0.0
2023-07-17,1012282.0517230249,0.0,1012282.0517230249,0.0,0.0,0.0,0,1.0,0.0
2023-07-18,1012282.0517230249,0.0,1012282.0517230249,0.0,0.0,0.0,0,1.0,0.0
2023-07-19,1012282.0517230249,0.0,1012282.0517230249,0.0,0.0,0.0,0,1.0,0.0
2023-07-20,1012282.0517230249,0.0,1012282.0517230249,0.0,0.0,0.0,0,1.0,0.0
2023-07-21,1012282.0517230249,0.0,1012282.0517230249,0.0,0.0,0.0,0,1.0,0.0
2023-07-24,1012282.0517230249,0.0,1012282.0517230249,0.0,0.0,0.0,0,1.0,0.0
2023-07-25,1012282.0517230249,0.0,1012282.0517230249,0.0,0.0,0.0,0,1.0,0.0
2023-07-26,1012282.0517230249,0.0,1012282.0517230249,0.0,0.0,0.0,0,1.0,0.0
2023-07-27,1012282.0517230249,0.0,1012282.0517230249,0.0,0.0,0.0,0,1.0,0.0
2023-07-28,1012282.0517230249,0.0,1012282.0517230249,0.0,0.0,0.0,0,1.0,0.0
2023-07-31,1012282.0517230249,0.0,1012282.0517230249,0.0,0.0,0.0,0,1.0,0.0
2023-08-01,1012282.0517230249,0.0,1012282.0517230249,0.0,0.0,0.0,0,1.0,0.0
2023-08-02,1012282.0517230249,0.0,1012282.0517230249,0.0,0.0,0.0,0,1.0,0.0
2023-08-03,1012282.0517230249,0.0,1012282.0517230249,0.0,0.0,0.0,0,1.0,0.0
2023-08-04,1012282.0517230249,0.0,1012282.0517230249,0.0,0.0,0.0,0,1.0,0.0
2023-08-07,1012282.0517230249,0.0,1012282.0517230249,0.0,0.0,0.0,0,1.0,0.0
2023-08-08,1012282.0517230249,0.0,1012282.0517230249,0.0,0.0,0.0,0,1.0,0.0
2023-08-09,1012282.0517230249,0.0,1012282.0517230249,0.0,0.0,0.0,0,1.0,0.0
2023-08-10,1012282.0517230249,0.0,1012282.0517230249,0.0,0.0,0.0,0,1.0,0.0
2023-08-11,1012282.0517230249,0.0,1012282.0517230249,0.0,0.0,0.0,0,1.0,0.0
2023-08-14,1012282.0517230249,0.0,1012282.0517230249,0.0,0.0,0.0,0,1.0,0.0
2023-08-15,1012282.0517230249,0.0,1012282.0517230249,0.0,0.0,0.0,0,1.0,0.0
2023-08-16,1012282.0517230249,0.0,1012282.0517230249,0.0,0.0,0.0,0,1.0,0.0
2023-08-17,1012282.0517230249,0.0,1012282.0517230249,0.0,0.0,0.0,0,1.0,0.0
2023-08-18,1012282.0517230249,0.0,1012282.0517230249,0.0,0.0,0.0,0,1.0,0.0
2023-08-21,1012282.0517230249,0.0,1012282.0517230249,0.0,0.0,0.0,0,1.0,0.0
2023-08-22,1012282.0517230249,0.0,1012282.0517230249,0.0,0.0,0.0,0,1.0,0.0
2023-08-23,1012282.0517230249,0.0,1012282.0517230249,0.0,0.0,0.0,0,1.0,0.0
2023-08-24,1012282.0517230249,0.0,1012282.0517230249,0.0,0.0,0.0,0,1.0,0.0
2023-08-25,1012282.0517230249,0.0,1012282.0517230249,0.0,0.0,0.0,0,1.0,0.0
2023-08-28,1012222.6888426371,-5.864262859034408e-05,1005352.475264622,50614.102586151246,94357.99159428736,6870.213578015129,1,1.0,0.0
2023-08-29,1012008.5121212418,-0.0002115905163518894,1005351.8764434173,51032.833125282166,95409.03057273984,6656.635677824503,1,1.0,0.5988212047657236
2023-08-30,1011511.0775873921,-0.0004915319662747164,1005351.2689663817,50718.7827251031,95277.7568291958,6159.808621010401,1,1.0,0.6074770355572576
2023-08-31,1011942.0673526572,0.00042608506700014814,1005350.6589872701,51085.17569058897,95578.94301579086,6591.408365387069,1,1.0,0.6099791116234455
2023-09-01,1012277.1983033714,0.0003311760243260853,1005350.0499007906,51503.90622971988,96080.66405685889,6927.148402580868,1,1.0,0.609086479468883
2023-09-05,1010942.9417907964,-0.0013180742535852108,1010942.9417907964,0.0,0.0,0.0,0,1.0,2.440890230096592
2023-09-06,1010942.9417907964,0.0,1010942.9417907964,0.0,0.0,0.0,0,1.0,0.0
2023-09-07,1010942.9417907964,0.0,1010942.9417907964,0.0,0.0,0.0,0,1.0,0.0
2023-09-08,1010942.9417907964,0.0,1010942.9417907964,0.0,0.0,0.0,0,1.0,0.0
2023-09-11,1010942.9417907964,0.0,1010942.9417907964,0.0,0.0,0.0,0,1.0,0.0
2023-09-12,1010942.9417907964,0.0,1010942.9417907964,0.0,0.0,0.0,0,1.0,0.0
2023-09-13,1010942.9417907964,0.0,1010942.9417907964,0.0,0.0,0.0,0,1.0,0.0
2023-09-14,1010942.9417907964,0.0,1010942.9417907964,0.0,0.0,0.0,0,1.0,0.0
2023-09-15,1010942.9417907964,0.0,1010942.9417907964,0.0,0.0,0.0,0,1.0,0.0
2023-09-18,1010942.9417907964,0.0,1010942.9417907964,0.0,0.0,0.0,0,1.0,0.0
2023-09-19,1010942.9417907964,0.0,1010942.9417907964,0.0,0.0,0.0,0,1.0,0.0
2023-09-20,1010942.9417907964,0.0,1010942.9417907964,0.0,0.0,0.0,0,1.0,0.0
2023-09-21,1010942.9417907964,0.0,1010942.9417907964,0.0,0.0,0.0,0,1.0,0.0
2023-09-22,1010942.9417907964,0.0,1010942.9417907964,0.0,0.0,0.0,0,1.0,0.0
2023-09-25,1010942.9417907964,0.0,1010942.9417907964,0.0,0.0,0.0,0,1.0,0.0
2023-09-26,1010942.9417907964,0.0,1010942.9417907964,0.0,0.0,0.0,0,1.0,0.0
2023-09-27,1010942.9417907964,0.0,1010942.9417907964,0.0,0.0,0.0,0,1.0,0.0
2023-09-28,1010942.9417907964,0.0,1010942.9417907964,0.0,0.0,0.0,0,1.0,0.0
2023-09-29,1010942.9417907964,0.0,1010942.9417907964,0.0,0.0,0.0,0,1.0,0.0
2023-10-02,1010942.9417907964,0.0,1010942.9417907964,0.0,0.0,0.0,0,1.0,0.0
2023-10-03,1010942.9417907964,0.0,1010942.9417907964,0.0,0.0,0.0,0,1.0,0.0
2023-10-04,1010942.9417907964,0.0,1010942.9417907964,0.0,0.0,0.0,0,1.0,0.0
2023-10-05,1010942.9417907964,0.0,1010942.9417907964,0.0,0.0,0.0,0,1.0,0.0
2023-10-06,1010942.9417907964,0.0,1010942.9417907964,0.0,0.0,0.0,0,1.0,0.0
2023-10-09,1010942.9417907964,0.0,1010942.9417907964,0.0,0.0,0.0,0,1.0,0.0
2023-10-10,1010942.9417907964,0.0,1010942.9417907964,0.0,0.0,0.0,0,1.0,0.0
2023-10-11,1010942.9417907964,0.0,1010942.9417907964,0.0,0.0,0.0,0,1.0,0.0
2023-10-12,1010942.9417907964,0.0,1010942.9417907964,0.0,0.0,0.0,0,1.0,0.0
2023-10-13,1010942.9417907964,0.0,1010942.9417907964,0.0,0.0,0.0,0,1.0,0.0
2023-10-16,1010942.9417907964,0.0,1010942.9417907964,0.0,0.0,0.0,0,1.0,0.0
2023-10-17,1010942.9417907964,0.0,1010942.9417907964,0.0,0.0,0.0,0,1.0,0.0
2023-10-18,1010942.9417907964,0.0,1010942.9417907964,0.0,0.0,0.0,0,1.0,0.0
2023-10-19,1010942.9417907964,0.0,1010942.9417907964,0.0,0.0,0.0,0,1.0,0.0
2023-10-20,1010942.9417907964,0.0,1010942.9417907964,0.0,0.0,0.0,0,1.0,0.0
2023-10-23,1010942.9417907964,0.0,1010942.9417907964,0.0,0.0,0.0,0,1.0,0.0
2023-10-24,1010942.9417907964,0.0,1010942.9417907964,0.0,0.0,0.0,0,1.0,0.0
2023-10-25,1010942.9417907964,0.0,1010942.9417907964,0.0,0.0,0.0,0,1.0,0.0
2023-10-26,1010942.9417907964,0.0,1010942.9417907964,0.0,0.0,0.0,0,1.0,0.0
2023-10-27,1010942.9417907964,0.0,1010942.9417907964,0.0,0.0,0.0,0,1.0,0.0
2023-10-30,1010942.9417907964,0.0,1010942.9417907964,0.0,0.0,0.0,0,1.0,0.0
2023-10-31,1010942.9417907964,0.0,1010942.9417907964,0.0,0.0,0.0,0,1.0,0.0
2023-11-01,1010942.9417907964,0.0,1010942.9417907964,0.0,0.0,0.0,0,1.0,0.0
2023-11-02,1010942.9417907964,0.0,1010942.9417907964,0.0,0.0,0.0,0,1.0,0.0
2023-11-03,1010942.9417907964,0.0,1010942.9417907964,0.0,0.0,0.0,0,1.0,0.0
2023-11-06,1010942.9417907964,0.0,1010942.9417907964,0.0,0.0,0.0,0,1.0,0.0
2023-11-07,1010942.9417907964,0.0,1010942.9417907964,0.0,0.0,0.0,0,1.0,0.0
2023-11-08,1010942.9417907964,0.0,1010942.9417907964,0.0,0.0,0.0,0,1.0,0.0
2023-11-09,1010942.9417907964,0.0,1010942.9417907964,0.0,0.0,0.0,0,1.0,0.0
2023-11-10,1010942.9417907964,0.0,1010942.9417907964,0.0,0.0,0.0,0,1.0,0.0
2023-11-13,1010942.9417907964,0.0,1010942.9417907964,0.0,0.0,0.0,0,1.0,0.0
2023-11-14,1010942.9417907964,0.0,1010942.9417907964,0.0,0.0,0.0,0,1.0,0.0
2023-11-15,1010942.9417907964,0.0,1010942.9417907964,0.0,0.0,0.0,0,1.0,0.0
2023-11-16,1010942.9417907964,0.0,1010942.9417907964,0.0,0.0,0.0,0,1.0,0.0
2023-11-17,1010942.9417907964,0.0,1010942.9417907964,0.0,0.0,0.0,0,1.0,0.0
2023-11-20,1010942.9417907964,0.0,1010942.9417907964,0.0,0.0,0.0,0,1.0,0.0
2023-11-21,1010942.9417907964,0.0,1010942.9417907964,0.0,0.0,0.0,0,1.0,0.0
2023-11-22,1010942.9417907964,0.0,1010942.9417907964,0.0,0.0,0.0,0,1.0,0.0
2023-11-24,1010942.9417907964,0.0,1010942.9417907964,0.0,0.0,0.0,0,1.0,0.0
2023-11-27,1010942.9417907964,0.0,1010942.9417907964,0.0,0.0,0.0,0,1.0,0.0
2023-11-28,1010942.9417907964,0.0,1010942.9417907964,0.0,0.0,0.0,0,1.0,0.0
2023-11-29,1010942.9417907964,0.0,1010942.9417907964,0.0,0.0,0.0,0,1.0,0.0
2023-11-30,1010942.9417907964,0.0,1010942.9417907964,0.0,0.0,0.0,0,1.0,0.0
2023-12-01,1010942.9417907964,0.0,1010942.9417907964,0.0,0.0,0.0,0,1.0,0.0
2023-12-04,1010942.9417907964,0.0,1010942.9417907964,0.0,0.0,0.0,0,1.0,0.0
2023-12-05,1010942.9417907964,0.0,1010942.9417907964,0.0,0.0,0.0,0,1.0,0.0
2023-12-06,1010942.9417907964,0.0,1010942.9417907964,0.0,0.0,0.0,0,1.0,0.0
2023-12-07,1010942.9417907964,0.0,1010942.9417907964,0.0,0.0,0.0,0,1.0,0.0
2023-12-08,1010942.9417907964,0.0,1010942.9417907964,0.0,0.0,0.0,0,1.0,0.0
2023-12-11,1010942.9417907964,0.0,1010942.9417907964,0.0,0.0,0.0,0,1.0,0.0
2023-12-12,1010942.9417907964,0.0,1010942.9417907964,0.0,0.0,0.0,0,1.0,0.0
2023-12-13,1010942.9417907964,0.0,1010942.9417907964,0.0,0.0,0.0,0,1.0,0.0
2023-12-14,1010942.9417907964,0.0,1010942.9417907964,0.0,0.0,0.0,0,1.0,0.0
2023-12-15,1010942.9417907964,0.0,1010942.9417907964,0.0,0.0,0.0,0,1.0,0.0
2023-12-18,1010942.9417907964,0.0,1010942.9417907964,0.0,0.0,0.0,0,1.0,0.0
2023-12-19,1010942.9417907964,0.0,1010942.9417907964,0.0,0.0,0.0,0,1.0,0.0
2023-12-20,1010942.9417907964,0.0,1010942.9417907964,0.0,0.0,0.0,0,1.0,0.0
2023-12-21,1010942.9417907964,0.0,1010942.9417907964,0.0,0.0,0.0,0,1.0,0.0
2023-12-22,1010942.9417907964,0.0,1010942.9417907964,0.0,0.0,0.0,0,1.0,0.0
2023-12-26,1010942.9417907964,0.0,1010942.9417907964,0.0,0.0,0.0,0,1.0,0.0
2023-12-27,1010942.9417907964,0.0,1010942.9417907964,0.0,0.0,0.0,0,1.0,0.0
2023-12-28,1010942.9417907964,0.0,1010942.9417907964,0.0,0.0,0.0,0,1.0,0.0
2023-12-29,1010942.9417907964,0.0,1010942.9417907964,0.0,0.0,0.0,0,1.0,0.0
2024-01-02,1010942.9417907964,0.0,1010942.9417907964,0.0,0.0,0.0,0,1.0,0.0
2024-01-03,1010942.9417907964,0.0,1010942.9417907964,0.0,0.0,0.0,0,1.0,0.0
2024-01-04,1010942.9417907964,0.0,1010942.9417907964,0.0,0.0,0.0,0,1.0,0.0
2024-01-05,1010942.9417907964,0.0,1010942.9417907964,0.0,0.0,0.0,0,1.0,0.0
2024-01-08,1010942.9417907964,0.0,1010942.9417907964,0.0,0.0,0.0,0,1.0,0.0
2024-01-09,1010942.9417907964,0.0,1010942.9417907964,0.0,0.0,0.0,0,1.0,0.0
2024-01-10,1010942.9417907964,0.0,1010942.9417907964,0.0,0.0,0.0,0,1.0,0.0
2024-01-11,1010942.9417907964,0.0,1010942.9417907964,0.0,0.0,0.0,0,1.0,0.0
2024-01-12,1010942.9417907964,0.0,1010942.9417907964,0.0,0.0,0.0,0,1.0,0.0
2024-01-16,1010942.9417907964,0.0,1010942.9417907964,0.0,0.0,0.0,0,1.0,0.0
2024-01-17,1010942.9417907964,0.0,1010942.9417907964,0.0,0.0,0.0,0,1.0,0.0
2024-01-18,1010942.9417907964,0.0,1010942.9417907964,0.0,0.0,0.0,0,1.0,0.0
2024-01-19,1010942.9417907964,0.0,1010942.9417907964,0.0,0.0,0.0,0,1.0,0.0
2024-01-22,1010942.9417907964,0.0,1010942.9417907964,0.0,0.0,0.0,0,1.0,0.0
2024-01-23,1010942.9417907964,0.0,1010942.9417907964,0.0,0.0,0.0,0,1.0,0.0
2024-01-24,1010942.9417907964,0.0,1010942.9417907964,0.0,0.0,0.0,0,1.0,0.0
2024-01-25,1010942.9417907964,0.0,1010942.9417907964,0.0,0.0,0.0,0,1.0,0.0
2024-01-26,1010942.9417907964,0.0,1010942.9417907964,0.0,0.0,0.0,0,1.0,0.0
2024-01-29,1010942.9417907964,0.0,1010942.9417907964,0.0,0.0,0.0,0,1.0,0.0
2024-01-30,1010942.9417907964,0.0,1010942.9417907964,0.0,0.0,0.0,0,1.0,0.0
2024-01-31,1010942.9417907964,0.0,1010942.9417907964,0.0,0.0,0.0,0,1.0,0.0
2024-02-01,1010942.9417907964,0.0,1010942.9417907964,0.0,0.0,0.0,0,1.0,0.0
2024-02-02,1010942.9417907964,0.0,1010942.9417907964,0.0,0.0,0.0,0,1.0,0.0
2024-02-05,1010942.9417907964,0.0,1010942.9417907964,0.0,0.0,0.0,0,1.0,0.0
2024-02-06,1010942.9417907964,0.0,1010942.9417907964,0.0,0.0,0.0,0,1.0,0.0
2024-02-07,1010942.9417907964,0.0,1010942.9417907964,0.0,0.0,0.0,0,1.0,0.0
2024-02-08,1010942.9417907964,0.0,1010942.9417907964,0.0,0.0,0.0,0,1.0,0.0
2024-02-09,1010942.9417907964,0.0,1010942.9417907964,0.0,0.0,0.0,0,1.0,0.0
2024-02-12,1010942.9417907964,0.0,1010942.9417907964,0.0,0.0,0.0,0,1.0,0.0
2024-02-13,1010942.9417907964,0.0,1010942.9417907964,0.0,0.0,0.0,0,1.0,0.0
2024-02-14,1010942.9417907964,0.0,1010942.9417907964,0.0,0.0,0.0,0,1.0,0.0
2024-02-15,1010942.9417907964,0.0,1010942.9417907964,0.0,0.0,0.0,0,1.0,0.0
2024-02-16,1010942.9417907964,0.0,1010942.9417907964,0.0,0.0,0.0,0,1.0,0.0
2024-02-20,1010942.9417907964,0.0,1010942.9417907964,0.0,0.0,0.0,0,1.0,0.0
2024-02-21,1010942.9417907964,0.0,1010942.9417907964,0.0,0.0,0.0,0,1.0,0.0
2024-02-22,1010942.9417907964,0.0,1010942.9417907964,0.0,0.0,0.0,0,1.0,0.0
2024-02-23,1010942.9417907964,0.0,1010942.9417907964,0.0,0.0,0.0,0,1.0,0.0
2024-02-26,1010942.9417907964,0.0,1010942.9417907964,0.0,0.0,0.0,0,1.0,0.0
2024-02-27,1010942.9417907964,0.0,1010942.9417907964,0.0,0.0,0.0,0,1.0,0.0
2024-02-28,1010942.9417907964,0.0,1010942.9417907964,0.0,0.0,0.0,0,1.0,0.0
2024-02-29,1010942.9417907964,0.0,1010942.9417907964,0.0,0.0,0.0,0,1.0,0.0
2024-03-01,1010942.9417907964,0.0,1010942.9417907964,0.0,0.0,0.0,0,1.0,0.0
2024-03-04,1010942.9417907964,0.0,1010942.9417907964,0.0,0.0,0.0,0,1.0,0.0
2024-03-05,1010942.9417907964,0.0,1010942.9417907964,0.0,0.0,0.0,0,1.0,0.0
2024-03-06,1010942.9417907964,0.0,1010942.9417907964,0.0,0.0,0.0,0,1.0,0.0
2024-03-07,1010942.9417907964,0.0,1010942.9417907964,0.0,0.0,0.0,0,1.0,0.0
2024-03-08,1010942.9417907964,0.0,1010942.9417907964,0.0,0.0,0.0,0,1.0,0.0
2024-03-11,1010942.9417907964,0.0,1010942.9417907964,0.0,0.0,0.0,0,1.0,0.0
2024-03-12,1010942.9417907964,0.0,1010942.9417907964,0.0,0.0,0.0,0,1.0,0.0
2024-03-13,1010942.9417907964,0.0,1010942.9417907964,0.0,0.0,0.0,0,1.0,0.0
2024-03-14,1010942.9417907964,0.0,1010942.9417907964,0.0,0.0,0.0,0,1.0,0.0
2024-03-15,1010942.9417907964,0.0,1010942.9417907964,0.0,0.0,0.0,0,1.0,0.0
2024-03-18,1010942.9417907964,0.0,1010942.9417907964,0.0,0.0,0.0,0,1.0,0.0
2024-03-19,1010942.9417907964,0.0,1010942.9417907964,0.0,0.0,0.0,0,1.0,0.0
2024-03-20,1010942.9417907964,0.0,1010942.9417907964,0.0,0.0,0.0,0,1.0,0.0
2024-03-21,1010942.9417907964,0.0,1010942.9417907964,0.0,0.0,0.0,0,1.0,0.0
2024-03-22,1010942.9417907964,0.0,1010942.9417907964,0.0,0.0,0.0,0,1.0,0.0
2024-03-25,1010942.9417907964,0.0,1010942.9417907964,0.0,0.0,0.0,0,1.0,0.0
2024-03-26,1010942.9417907964,0.0,1010942.9417907964,0.0,0.0,0.0,0,1.0,0.0
2024-03-27,1010942.9417907964,0.0,1010942.9417907964,0.0,0.0,0.0,0,1.0,0.0
2024-03-28,1010942.9417907964,0.0,1010942.9417907964,0.0,0.0,0.0,0,1.0,0.0
2024-04-01,1010942.9417907964,0.0,1010942.9417907964,0.0,0.0,0.0,0,1.0,0.0
2024-04-02,1010942.9417907964,0.0,1010942.9417907964,0.0,0.0,0.0,0,1.0,0.0
2024-04-03,1010942.9417907964,0.0,1010942.9417907964,0.0,0.0,0.0,0,1.0,0.0
2024-04-04,1010942.9417907964,0.0,1010942.9417907964,0.0,0.0,0.0,0,1.0,0.0
2024-04-05,1010942.9417907964,0.0,1010942.9417907964,0.0,0.0,0.0,0,1.0,0.0
2024-04-08,1010942.9417907964,0.0,1010942.9417907964,0.0,0.0,0.0,0,1.0,0.0
2024-04-09,1010942.9417907964,0.0,1010942.9417907964,0.0,0.0,0.0,0,1.0,0.0
2024-04-10,1010942.9417907964,0.0,1010942.9417907964,0.0,0.0,0.0,0,1.0,0.0
2024-04-11,1010942.9417907964,0.0,1010942.9417907964,0.0,0.0,0.0,0,1.0,0.0
2024-04-12,1010942.9417907964,0.0,1010942.9417907964,0.0,0.0,0.0,0,1.0,0.0
2024-04-15,1010942.9417907964,0.0,1010942.9417907964,0.0,0.0,0.0,0,1.0,0.0
2024-04-16,1010942.9417907964,0.0,1010942.9417907964,0.0,0.0,0.0,0,1.0,0.0
2024-04-17,1010942.9417907964,0.0,1010942.9417907964,0.0,0.0,0.0,0,1.0,0.0
2024-04-18,1010942.9417907964,0.0,1010942.9417907964,0.0,0.0,0.0,0,1.0,0.0
2024-04-19,1010942.9417907964,0.0,1010942.9417907964,0.0,0.0,0.0,0,1.0,0.0
2024-04-22,1010942.9417907964,0.0,1010942.9417907964,0.0,0.0,0.0,0,1.0,0.0
2024-04-23,1010942.9417907964,0.0,1010942.9417907964,0.0,0.0,0.0,0,1.0,0.0
2024-04-24,1010942.9417907964,0.0,1010942.9417907964,0.0,0.0,0.0,0,1.0,0.0
2024-04-25,1010942.9417907964,0.0,1010942.9417907964,0.0,0.0,0.0,0,1.0,0.0
2024-04-26,1010942.9417907964,0.0,1010942.9417907964,0.0,0.0,0.0,0,1.0,0.0
2024-04-29,1010942.9417907964,0.0,1010942.9417907964,0.0,0.0,0.0,0,1.0,0.0
2024-04-30,1010942.9417907964,0.0,1010942.9417907964,0.0,0.0,0.0,0,1.0,0.0
2024-05-01,1010942.9417907964,0.0,1010942.9417907964,0.0,0.0,0.0,0,1.0,0.0
2024-05-02,1010942.9417907964,0.0,1010942.9417907964,0.0,0.0,0.0,0,1.0,0.0
2024-05-03,1010942.9417907964,0.0,1010942.9417907964,0.0,0.0,0.0,0,1.0,0.0
2024-05-06,1010942.9417907964,0.0,1010942.9417907964,0.0,0.0,0.0,0,1.0,0.0
2024-05-07,1010942.9417907964,0.0,1010942.9417907964,0.0,0.0,0.0,0,1.0,0.0
2024-05-08,1010942.9417907964,0.0,1010942.9417907964,0.0,0.0,0.0,0,1.0,0.0
2024-05-09,1010942.9417907964,0.0,1010942.9417907964,0.0,0.0,0.0,0,1.0,0.0
2024-05-10,1010942.9417907964,0.0,1010942.9417907964,0.0,0.0,0.0,0,1.0,0.0
2024-05-13,1010942.9417907964,0.0,1010942.9417907964,0.0,0.0,0.0,0,1.0,0.0
2024-05-14,1010942.9417907964,0.0,1010942.9417907964,0.0,0.0,0.0,0,1.0,0.0
2024-05-15,1010942.9417907964,0.0,1010942.9417907964,0.0,0.0,0.0,0,1.0,0.0
2024-05-16,1010942.9417907964,0.0,1010942.9417907964,0.0,0.0,0.0,0,1.0,0.0
2024-05-17,1010942.9417907964,0.0,1010942.9417907964,0.0,0.0,0.0,0,1.0,0.0
2024-05-20,1010942.9417907964,0.0,1010942.9417907964,0.0,0.0,0.0,0,1.0,0.0
2024-05-21,1010942.9417907964,0.0,1010942.9417907964,0.0,0.0,0.0,0,1.0,0.0
2024-05-22,1010942.9417907964,0.0,1010942.9417907964,0.0,0.0,0.0,0,1.0,0.0
2024-05-23,1010942.9417907964,0.0,1010942.9417907964,0.0,0.0,0.0,0,1.0,0.0
2024-05-24,1010942.9417907964,0.0,1010942.9417907964,0.0,0.0,0.0,0,1.0,0.0
2024-05-28,1010942.9417907964,0.0,1010942.9417907964,0.0,0.0,0.0,0,1.0,0.0
2024-05-29,1010942.9417907964,0.0,1010942.9417907964,0.0,0.0,0.0,0,1.0,0.0
2024-05-30,1010942.9417907964,0.0,1010942.9417907964,0.0,0.0,0.0,0,1.0,0.0
2024-05-31,1010942.9417907964,0.0,1010942.9417907964,0.0,0.0,0.0,0,1.0,0.0
2024-06-03,1010942.9417907964,0.0,1010942.9417907964,0.0,0.0,0.0,0,1.0,0.0
2024-06-04,1010942.9417907964,0.0,1010942.9417907964,0.0,0.0,0.0,0,1.0,0.0
2024-06-05,1010942.9417907964,0.0,1010942.9417907964,0.0,0.0,0.0,0,1.0,0.0
2024-06-06,1010942.9417907964,0.0,1010942.9417907964,0.0,0.0,0.0,0,1.0,0.0
2024-06-07,1010942.9417907964,0.0,1010942.9417907964,0.0,0.0,0.0,0,1.0,0.0
2024-06-10,1010942.9417907964,0.0,1010942.9417907964,0.0,0.0,0.0,0,1.0,0.0
2024-06-11,1010942.9417907964,0.0,1010942.9417907964,0.0,0.0,0.0,0,1.0,0.0
2024-06-12,1010942.9417907964,0.0,1010942.9417907964,0.0,0.0,0.0,0,1.0,0.0
2024-06-13,1010942.9417907964,0.0,1010942.9417907964,0.0,0.0,0.0,0,1.0,0.0
2024-06-14,1010942.9417907964,0.0,1010942.9417907964,0.0,0.0,0.0,0,1.0,0.0
2024-06-17,1010942.9417907964,0.0,1010942.9417907964,0.0,0.0,0.0,0,1.0,0.0
2024-06-18,1010942.9417907964,0.0,1010942.9417907964,0.0,0.0,0.0,0,1.0,0.0
2024-06-20,1010942.9417907964,0.0,1010942.9417907964,0.0,0.0,0.0,0,1.0,0.0
2024-06-21,1010942.9417907964,0.0,1010942.9417907964,0.0,0.0,0.0,0,1.0,0.0
2024-06-24,1010942.9417907964,0.0,1010942.9417907964,0.0,0.0,0.0,0,1.0,0.0
2024-06-25,1010942.9417907964,0.0,1010942.9417907964,0.0,0.0,0.0,0,1.0,0.0
2024-06-26,1010942.9417907964,0.0,1010942.9417907964,0.0,0.0,0.0,0,1.0,0.0
2024-06-27,1010942.9417907964,0.0,1010942.9417907964,0.0,0.0,0.0,0,1.0,0.0
2024-06-28,1010942.9417907964,0.0,1010942.9417907964,0.0,0.0,0.0,0,1.0,0.0
2024-07-01,1010942.9417907964,0.0,1010942.9417907964,0.0,0.0,0.0,0,1.0,0.0
2024-07-02,1010942.9417907964,0.0,1010942.9417907964,0.0,0.0,0.0,0,1.0,0.0
2024-07-03,1010942.9417907964,0.0,1010942.9417907964,0.0,0.0,0.0,0,1.0,0.0
2024-07-05,1010942.9417907964,0.0,1010942.9417907964,0.0,0.0,0.0,0,1.0,0.0
2024-07-08,1010942.9417907964,0.0,1010942.9417907964,0.0,0.0,0.0,0,1.0,0.0
2024-07-09,1010942.9417907964,0.0,1010942.9417907964,0.0,0.0,0.0,0,1.0,0.0
2024-07-10,1010942.9417907964,0.0,1010942.9417907964,0.0,0.0,0.0,0,1.0,0.0
2024-07-11,1010942.9417907964,0.0,1010942.9417907964,0.0,0.0,0.0,0,1.0,0.0
2024-07-12,1010942.9417907964,0.0,1010942.9417907964,0.0,0.0,0.0,0,1.0,0.0
2024-07-15,1010942.9417907964,0.0,1010942.9417907964,0.0,0.0,0.0,0,1.0,0.0
2024-07-16,1010942.9417907964,0.0,1010942.9417907964,0.0,0.0,0.0,0,1.0,0.0
2024-07-17,1010942.9417907964,0.0,1010942.9417907964,0.0,0.0,0.0,0,1.0,0.0
2024-07-18,1010942.9417907964,0.0,1010942.9417907964,0.0,0.0,0.0,0,1.0,0.0
2024-07-19,1010942.9417907964,0.0,1010942.9417907964,0.0,0.0,0.0,0,1.0,0.0
2024-07-22,1010942.9417907964,0.0,1010942.9417907964,0.0,0.0,0.0,0,1.0,0.0
2024-07-23,1010942.9417907964,0.0,1010942.9417907964,0.0,0.0,0.0,0,1.0,0.0
2024-07-24,1010942.9417907964,0.0,1010942.9417907964,0.0,0.0,0.0,0,1.0,0.0
2024-07-25,1010942.9417907964,0.0,1010942.9417907964,0.0,0.0,0.0,0,1.0,0.0
2024-07-26,1010942.9417907964,0.0,1010942.9417907964,0.0,0.0,0.0,0,1.0,0.0
2024-07-29,1010942.9417907964,0.0,1010942.9417907964,0.0,0.0,0.0,0,1.0,0.0
2024-07-30,1010942.9417907964,0.0,1010942.9417907964,0.0,0.0,0.0,0,1.0,0.0
2024-07-31,1010942.9417907964,0.0,1010942.9417907964,0.0,0.0,0.0,0,1.0,0.0
2024-08-01,1010942.9417907964,0.0,1010942.9417907964,0.0,0.0,0.0,0,1.0,0.0
2024-08-02,1010942.9417907964,0.0,1010942.9417907964,0.0,0.0,0.0,0,1.0,0.0
2024-08-05,1010942.9417907964,0.0,1010942.9417907964,0.0,0.0,0.0,0,1.0,0.0
2024-08-06,1010942.9417907964,0.0,1010942.9417907964,0.0,0.0,0.0,0,1.0,0.0
2024-08-07,1010942.9417907964,0.0,1010942.9417907964,0.0,0.0,0.0,0,1.0,0.0
2024-08-08,1010942.9417907964,0.0,1010942.9417907964,0.0,0.0,0.0,0,1.0,0.0
2024-08-09,1010942.9417907964,0.0,1010942.9417907964,0.0,0.0,0.0,0,1.0,0.0
2024-08-12,1010942.9417907964,0.0,1010942.9417907964,0.0,0.0,0.0,0,1.0,0.0
2024-08-13,1010942.9417907964,0.0,1010942.9417907964,0.0,0.0,0.0,0,1.0,0.0
2024-08-14,1010942.9417907964,0.0,1010942.9417907964,0.0,0.0,0.0,0,1.0,0.0
2024-08-15,1010942.9417907964,0.0,1010942.9417907964,0.0,0.0,0.0,0,1.0,0.0
2024-08-16,1010942.9417907964,0.0,1010942.9417907964,0.0,0.0,0.0,0,1.0,0.0
2024-08-19,1010942.9417907964,0.0,1010942.9417907964,0.0,0.0,0.0,0,1.0,0.0
2024-08-20,1010942.9417907964,0.0,1010942.9417907964,0.0,0.0,0.0,0,1.0,0.0
2024-08-21,1010942.9417907964,0.0,1010942.9417907964,0.0,0.0,0.0,0,1.0,0.0
2024-08-22,1010942.9417907964,0.0,1010942.9417907964,0.0,0.0,0.0,0,1.0,0.0
2024-08-23,1010942.9417907964,0.0,1010942.9417907964,0.0,0.0,0.0,0,1.0,0.0
2024-08-26,1010942.9417907964,0.0,1010942.9417907964,0.0,0.0,0.0,0,1.0,0.0
2024-08-27,1010942.9417907964,0.0,1010942.9417907964,0.0,0.0,0.0,0,1.0,0.0
2024-08-28,1010942.9417907964,0.0,1010942.9417907964,0.0,0.0,0.0,0,1.0,0.0
2024-08-29,1010942.9417907964,0.0,1010942.9417907964,0.0,0.0,0.0,0,1.0,0.0
2024-08-30,1010942.9417907964,0.0,1010942.9417907964,0.0,0.0,0.0,0,1.0,0.0
2024-09-03,1010942.9417907964,0.0,1010942.9417907964,0.0,0.0,0.0,0,1.0,0.0
2024-09-04,1010942.9417907964,0.0,1010942.9417907964,0.0,0.0,0.0,0,1.0,0.0
2024-09-05,1010942.9417907964,0.0,1010942.9417907964,0.0,0.0,0.0,0,1.0,0.0
2024-09-06,1010942.9417907964,0.0,1010942.9417907964,0.0,0.0,0.0,0,1.0,0.0
2024-09-09,1010942.9417907964,0.0,1010942.9417907964,0.0,0.0,0.0,0,1.0,0.0
2024-09-10,1010942.9417907964,0.0,1010942.9417907964,0.0,0.0,0.0,0,1.0,0.0
2024-09-11,1010942.9417907964,0.0,1010942.9417907964,0.0,0.0,0.0,0,1.0,0.0
2024-09-12,1010942.9417907964,0.0,1010942.9417907964,0.0,0.0,0.0,0,1.0,0.0
2024-09-13,1010942.9417907964,0.0,1010942.9417907964,0.0,0.0,0.0,0,1.0,0.0
2024-09-16,1010942.9417907964,0.0,1010942.9417907964,0.0,0.0,0.0,0,1.0,0.0
2024-09-17,1010942.9417907964,0.0,1010942.9417907964,0.0,0.0,0.0,0,1.0,0.0
2024-09-18,1010942.9417907964,0.0,1010942.9417907964,0.0,0.0,0.0,0,1.0,0.0
2024-09-19,1010942.9417907964,0.0,1010942.9417907964,0.0,0.0,0.0,0,1.0,0.0
2024-09-20,1010942.9417907964,0.0,1010942.9417907964,0.0,0.0,0.0,0,1.0,0.0
2024-09-23,1010942.9417907964,0.0,1010942.9417907964,0.0,0.0,0.0,0,1.0,0.0
2024-09-24,1010942.9417907964,0.0,1010942.9417907964,0.0,0.0,0.0,0,1.0,0.0
2024-09-25,1010942.9417907964,0.0,1010942.9417907964,0.0,0.0,0.0,0,1.0,0.0
2024-09-26,1010942.9417907964,0.0,1010942.9417907964,0.0,0.0,0.0,0,1.0,0.0
2024-09-27,1010942.9417907964,0.0,1010942.9417907964,0.0,0.0,0.0,0,1.0,0.0
2024-09-30,1010942.9417907964,0.0,1010942.9417907964,0.0,0.0,0.0,0,1.0,0.0
