timestamp,original,statuscode,digest,mimetype,date
20140622235409,http://www.accessdata.fda.gov:80/scripts/drugshortages/default.cfm,200,ZHHEMEC3V6YT2NKOYJD5VJRFFUUJE2JS,text/html,2014-06-22
20140708211226,http://www.accessdata.fda.gov/scripts/drugshortages/default.cfm,200,Y4INS7KXGX2FFTNU3RNNQTR42JJLUXJF,text/html,2014-07-08
20140712133152,http://www.accessdata.fda.gov:80/scripts/drugshortages/default.cfm,200,BZSINJL3LVF5HYXOHIZVWZYSZ5XWSJUZ,text/html,2014-07-12
20140814225049,http://www.accessdata.fda.gov:80/scripts/drugshortages/default.cfm?,200,DJLLQD6RZ3ICNJR7BXJJ5VTTFB7K24H6,text/html,2014-08-14
20141027135529,http://www.accessdata.fda.gov:80/scripts/drugshortages/default.cfm,200,3JWVK3BJGAEPAROI46JMWOSXRP73VQYC,text/html,2014-10-27
20141120233043,http://www.accessdata.fda.gov:80/scripts/drugshortages/default.cfm,200,T6NVNJLUAHHSLNA7276NSZ5FM5FIDWAB,text/html,2014-11-20
20141214170033,http://www.accessdata.fda.gov:80/scripts/drugshortages/default.cfm,200,CCWK7MYULDZ4FNY3LPCORSDBXPHA5M7J,text/html,2014-12-14
20141215213747,http://www.accessdata.fda.gov:80/scripts/drugshortages/default.cfm?,200,5JFFYX74I45WVHUAMOWE32ETSDIJAZWW,text/html,2014-12-15
20141229155612,http://www.accessdata.fda.gov/scripts/drugshortages/default.cfm,200,AGOMOQ4NEWV7LQYCOA5SM2QQ2AV2ETYZ,text/html,2014-12-29
20150106154236,http://www.accessdata.fda.gov/scripts/drugshortages/default.cfm,200,MASYUYXSITVR6DB4BGHBSXJEYSNGCAR4,text/html,2015-01-06
20150107024001,http://www.accessdata.fda.gov/scripts/drugshortages/default.cfm,200,6DLVZXGQ6NYFDC34774CAPX7HEZPDUGY,text/html,2015-01-07
20150107194323,http://www.accessdata.fda.gov:80/scripts/drugshortages/default.cfm,200,IKFUE737VZR44QL3WFB4OGNDZ4RFM4DW,text/html,2015-01-07
20150107221343,http://www.accessdata.fda.gov/scripts/drugshortages/default.cfm,200,Z3FXFPHC7ZS7EKKJQPRIVB7OJGDWDKPG,text/html,2015-01-07
20150109101309,http://www.accessdata.fda.gov/scripts/drugshortages/default.cfm,200,HTXMRRL6USR65FA5A2DVTINL5DFPGDLZ,text/html,2015-01-09
20150110174634,http://www.accessdata.fda.gov/scripts/drugshortages/default.cfm,200,6XQ25MEPFR4ITU34O7Q4LLVPHDNFGDIF,text/html,2015-01-10
20150115150711,http://www.accessdata.fda.gov/scripts/drugshortages/default.cfm,200,BGETTBUC3FAPKOHJAW66TMYGZOTF6PAX,text/html,2015-01-15
20150116012609,http://www.accessdata.fda.gov:80/scripts/drugshortages/default.cfm,200,IVIEOYZDNYMJLQ7ZHAZKFK5SBRLW3X7I,text/html,2015-01-16
20150118051313,http://www.accessdata.fda.gov:80/scripts/drugshortages/default.cfm,200,RWP5D27DUUTOQLZS6KJBLDTHDEQIVLW7,text/html,2015-01-18
20150126181945,http://www.accessdata.fda.gov/scripts/drugshortages/default.cfm,200,QLGK5XDRIH2OCJQANQEUVGAUO4EZVWB3,text/html,2015-01-26
20150127230259,http://www.accessdata.fda.gov/scripts/drugshortages/default.cfm,200,54P7SYTCXSKUJU7MNVQNSFBGDX6NYCC7,text/html,2015-01-27
20150129163821,http://www.accessdata.fda.gov/scripts/drugshortages/default.cfm,200,CBUSRDM6XDIUBNSA26DRJNUJRNYNVCL6,text/html,2015-01-29
20150203195557,http://www.accessdata.fda.gov/scripts/drugshortages/default.cfm,200,KVI3Q4ZFLXVHDSACK2XC6SHWBJEHKIJF,text/html,2015-02-03
20150207074432,http://www.accessdata.fda.gov:80/scripts/drugshortages/default.cfm,200,PZSILHUWGGM23XBZIZAMMWS2PIOJURND,text/html,2015-02-07
20150221151419,http://www.accessdata.fda.gov:80/scripts/drugshortages/default.cfm,200,M5U7FJHPF3FOIKJI637KZXMJFM6LH3VB,text/html,2015-02-21
20150307000000,http://www.accessdata.fda.gov:80/scripts/drugshortages/default.cfm,200,YYCLQHIFKBIQKZCCHEOMP6Y7F5UGW5MQ,text/html,2015-03-07
20150311130729,http://www.accessdata.fda.gov/scripts/drugshortages/default.cfm,200,2NQSTVKJRJY76GDSF2SKV4P5OP6C4X5X,text/html,2015-03-11
20150313200254,http://www.accessdata.fda.gov:80/scripts/drugshortages/default.cfm,200,U3T3YP2JYEA3ZMFGVRWRV3TDK3PMKI4W,text/html,2015-03-13
20150321064135,http://www.accessdata.fda.gov/scripts/drugshortages/default.cfm,200,K55DLDSDVIJK6VV3EGSTMIYNF7R3EW4C,text/html,2015-03-21
20150325074254,http://www.accessdata.fda.gov:80/scripts/drugshortages/default.cfm?,200,HBXX7FBHG64VMGXHAOIU64XRBNCFK3KJ,text/html,2015-03-25
20150331120309,http://www.accessdata.fda.gov:80/scripts/drugshortages/default.cfm,200,JHYZL34TZSABQBEBF642QRGFLXPLIED7,text/html,2015-03-31
20150410195346,http://www.accessdata.fda.gov:80/scripts/drugshortages/default.cfm,200,QTPL2NE3CKTI4SMIY27ZU7US2L72GOGZ,text/html,2015-04-10
20150502142757,http://www.accessdata.fda.gov:80/scripts/drugshortages/default.cfm,200,URZUIDOSXYAXGJQ4JP6ZPONK2XN7YQ5H,text/html,2015-05-02
20150621221250,http://www.accessdata.fda.gov:80/scripts/drugshortages/default.cfm,200,X5VNDH6IWPGQZJ3M4ZGR36T3YH6JYOMS,text/html,2015-06-21
20150623190503,http://www.accessdata.fda.gov:80/scripts/drugshortages/default.cfm,200,EEPD6JHOYBG3SXSTWK6DCG53Y5CKBIYA,text/html,2015-06-23
20150706015059,http://www.accessdata.fda.gov:80/scripts/drugshortages/default.cfm,200,XDNU4E6LQ66SUDUSKJWDR6LJWX3WPEK2,text/html,2015-07-06
20150711194846,http://www.accessdata.fda.gov:80/scripts/drugshortages/default.cfm,200,RTOCSZZCBMLFAX4YWSGTISGFR6H556KD,text/html,2015-07-11
20150729061525,http://www.accessdata.fda.gov:80/scripts/drugshortages/default.cfm,200,AIW2KWNOZXGFZSYWWF63RXV64Z3ARADS,text/html,2015-07-29
20150801214119,http://www.accessdata.fda.gov:80/scripts/drugshortages/default.cfm,200,NFW4VJVEVUTTVANFMJWIWP53GB2GO6KC,text/html,2015-08-01
20150810204559,http://www.accessdata.fda.gov:80/scripts/drugshortages/default.cfm?,200,2PPHL3BIZU7QUERAUVF2AQSJ34PFDTAD,text/html,2015-08-10
20150815080633,http://www.accessdata.fda.gov:80/scripts/drugshortages/default.cfm,200,6DZ3S7TRSLT3HXDMQN2CHXAK5IXBLDCG,text/html,2015-08-15
20150819022731,http://www.accessdata.fda.gov:80/scripts/drugshortages/default.cfm,200,EHECJH55K3PS4N324RYS4OQQ7RTSW25Z,text/html,2015-08-19
20150821064308,http://www.accessdata.fda.gov:80/scripts/drugshortages/default.cfm,200,JZXAHBA4VX7GVKUQPAGD4EI3HQAFPCQ2,text/html,2015-08-21
20150901164402,http://www.accessdata.fda.gov:80/scripts/drugshortages/default.cfm,200,3MWUC6NFNTWDIKQW2GOD5FGXVAUG5DP4,text/html,2015-09-01
20150905061107,http://www.accessdata.fda.gov/scripts/drugshortages/default.cfm,200,FUO25RZ2EDLFGHMMCDG5L4E3QH564GO2,text/html,2015-09-05
20150910001116,http://www.accessdata.fda.gov:80/scripts/drugshortages/default.cfm,200,F6TFW3XOSRTQ6JF5AW3D4SLCFG4NRT2E,text/html,2015-09-10
20150913120726,http://www.accessdata.fda.gov:80/scripts/drugshortages/default.cfm?,200,KBHYAYWT6YXG4JWBL5AKRP7ZDYDVGSOJ,text/html,2015-09-13
20150926220712,http://www.accessdata.fda.gov:80/scripts/drugshortages/default.cfm,200,KYO7UCSQA6ZHPBGQ2YSIZJRMILT7TZVP,text/html,2015-09-26
20151007005010,http://www.accessdata.fda.gov:80/scripts/drugshortages/default.cfm,200,2WBANAGCTQKWRJESDKCLQ4AZ5XSCNTJG,text/html,2015-10-07
20151019122720,http://www.accessdata.fda.gov:80/scripts/drugshortages/default.cfm?,200,UJPP6OCCUGISBCCQ5GHH4NQM2W46RCPT,text/html,2015-10-19
20151022171325,http://www.accessdata.fda.gov:80/scripts/drugshortages/default.cfm,200,DE4BA2GVVQNPRCG4YVBWGGH4HOCGKF3J,text/html,2015-10-22
20151031115331,http://www.accessdata.fda.gov:80/scripts/drugshortages/default.cfm,200,F7KMOBHVSTC6EDUJMDJ4HFUANB55APLQ,text/html,2015-10-31
20151108153950,http://www.accessdata.fda.gov:80/scripts/drugshortages/default.cfm,200,XLIT66Z7RFHRH37XDNMRM34V4MWVZZ5K,text/html,2015-11-08
20151119121853,http://www.accessdata.fda.gov:80/scripts/drugshortages/default.cfm?,200,YGAQSOCDO7CVME55R7JHHDQ7G45VWNMN,text/html,2015-11-19
20151121102449,http://www.accessdata.fda.gov:80/scripts/drugshortages/default.cfm,200,QNM42V3EB34PGMUOC6SEMZJWNAMXOGVU,text/html,2015-11-21
20151127013701,http://www.accessdata.fda.gov/scripts/drugshortages/default.cfm,200,CVD6REPDC7HQU3FW7VTA7INZOXVQNURV,text/html,2015-11-27
20151228115409,http://www.accessdata.fda.gov:80/scripts/drugshortages/default.cfm,200,3ZZIINMEGDCQZ77NF2B2AP5J24F4RDJU,text/html,2015-12-28
20160103133328,http://www.accessdata.fda.gov:80/scripts/drugshortages/default.cfm,200,O4P3GY6X4IMZ5NM65SIPXW6T3EVTJWYG,text/html,2016-01-03
20160104171230,http://www.accessdata.fda.gov:80/scripts/drugshortages/default.cfm?,200,LIFLJWAXKYXTOBI37SAJOZZCMONVFLH7,text/html,2016-01-04
20160105235020,http://www.accessdata.fda.gov:80/scripts/drugshortages/default.cfm?,200,ZPYAXDDM5YDWUX6RHZL6B3POTD2UZFZ4,text/html,2016-01-05
20160106235433,http://www.accessdata.fda.gov:80/scripts/drugshortages/default.cfm?,200,SMLIOWVDEXFZ42RKRJRDTYZRRIAOHC5K,text/html,2016-01-06
20160113082502,http://www.accessdata.fda.gov/scripts/drugshortages/default.cfm,200,5GNQARNUKITIKIC3S2YBUZOUEYDCO4U5,text/html,2016-01-13
20160122044457,http://www.accessdata.fda.gov/scripts/drugshortages/default.cfm,200,LXRWTR5UC274DC63BPWHM4IRUADT4DOW,text/html,2016-01-22
20160126153123,http://www.accessdata.fda.gov/scripts/drugshortages/default.cfm,200,F7HHGLLD7F2ABSQGJIUEHW7H3NX2Z6DQ,text/html,2016-01-26
20160301172151,http://www.accessdata.fda.gov:80/scripts/drugshortages/default.cfm,200,RGU6C4BSSU3SVSYER25R6ISX52LQF3SV,text/html,2016-03-01
20160304091109,http://www.accessdata.fda.gov/scripts/drugshortages/default.cfm,200,34DFCV4ZHHPHSP7DBPXFONEQTYQ3ZA57,text/html,2016-03-04
20160304151600,http://www.accessdata.fda.gov:80/scripts/drugshortages/default.cfm,200,NX3PP2E2YP2AZQTNOG7UE6RT2IKDRDMJ,text/html,2016-03-04
20160306052719,http://www.accessdata.fda.gov:80/scripts/drugshortages/default.cfm,200,LK3WDDQUTZPSLKS6JNYXJW77VCMEOXC7,text/html,2016-03-06
20160319135613,http://www.accessdata.fda.gov:80/scripts/drugshortages/default.cfm,200,DHYUXTT7GJLPEA7UZ23UFTT3QCQLI665,text/html,2016-03-19
20160325234150,http://www.accessdata.fda.gov:80/scripts/drugshortages/default.cfm,200,6TAKILTXFCLHGTLCVUMWYCEBIDXDY3XL,text/html,2016-03-25
20160331113324,http://www.accessdata.fda.gov/scripts/drugshortages/default.cfm,200,6SIHDKTYBQXRF5L46YBNKHI2YMIOHFYG,text/html,2016-03-31
20160403145206,http://www.accessdata.fda.gov:80/scripts/drugshortages/default.cfm?,200,6PS4MWHR3Y6BBRETS33NAB2ZPCPWYTOZ,text/html,2016-04-03
20160404172349,http://www.accessdata.fda.gov:80/scripts/drugshortages/default.cfm?,200,7L7FAQ2EAKFG2XBZD2GB6VFZ36W6ECLB,text/html,2016-04-04
20160409121443,http://www.accessdata.fda.gov:80/scripts/drugshortages/default.cfm,200,GD5BAXHMT4MASYZC2GO5RU6LPWXEZVTG,text/html,2016-04-09
20160416215547,http://www.accessdata.fda.gov:80/scripts/drugshortages/default.cfm,200,35J6UGAPLD7QPVMCUVA4P7FMYJMGK2Y4,text/html,2016-04-16
20160422214144,http://www.accessdata.fda.gov:80/scripts/drugshortages/default.cfm,200,V4QSVXB5ZMPWE3XQ7PZYIHLYCXXJXDGK,text/html,2016-04-22
20160426163816,http://www.accessdata.fda.gov:80/scripts/drugshortages/default.cfm,200,OO2G375QNZTNZ4EFBK2FBGXTOWDXF37W,text/html,2016-04-26
20160428011654,http://www.accessdata.fda.gov:80/scripts/drugshortages/default.cfm,200,CRSR3VELUGS57EIBQUAET7G5YT2NQCZV,text/html,2016-04-28
20160506162555,http://www.accessdata.fda.gov:80/scripts/drugshortages/default.cfm?,200,5NBB7PP7E4FD4DLUBC2Y6P6EYSJCIUSR,text/html,2016-05-06
20160514192102,http://www.accessdata.fda.gov:80/scripts/drugshortages/default.cfm,200,IYT2IMUU4VJQP3AXV45IZQ7U7IDLKWBH,text/html,2016-05-14
20160520032359,http://www.accessdata.fda.gov:80/scripts/drugshortages/default.cfm,200,SOBSS4SKH6CFQNNLRIXQED6FYNHMNSVP,text/html,2016-05-20
20160524121407,http://www.accessdata.fda.gov:80/scripts/drugshortages/default.cfm,200,EABKGGTWAPABKHLUFRM2PLKLX7LUOFOY,text/html,2016-05-24
20160529170401,http://www.accessdata.fda.gov:80/scripts/drugshortages/default.cfm,200,AS3WA4M573FGBN7A53YVBJG4AEDQIRVN,text/html,2016-05-29
20160609121737,http://www.accessdata.fda.gov:80/scripts/drugshortages/default.cfm?,200,OGHDCYALA73GIG6T56QYAMJN6C4ZYX5Z,text/html,2016-06-09
20160611044032,http://www.accessdata.fda.gov:80/scripts/drugshortages/default.cfm,200,L7EBXZWM4MGMKX3HL5IE5UKIMJ26W2HS,text/html,2016-06-11
20160617141149,http://www.accessdata.fda.gov:80/scripts/drugshortages/default.cfm,200,YMXXLL7BMKNOEHLFUREDKL7MBD22VWRU,text/html,2016-06-17
20160618213844,http://www.accessdata.fda.gov:80/scripts/drugshortages/default.cfm,200,TDHJ36G6CCAVAJQX5RZDOWB2T3ZHOM3V,text/html,2016-06-18
20160630123327,http://www.accessdata.fda.gov:80/scripts/drugshortages/default.cfm,200,EZKWWW5XWIG5HBDP7Q6H3BQL4VNDNDVT,text/html,2016-06-30
20160701213244,http://www.accessdata.fda.gov:80/scripts/drugshortages/default.cfm,200,IDZGLCHXEZBE3NPUVWCXFKF3GWUFWSBL,text/html,2016-07-01
20160707022220,http://www.accessdata.fda.gov:80/scripts/drugshortages/default.cfm,200,2NY33EZO64D67FW34EZ6EYQC24FBYGSF,text/html,2016-07-07
20160712034316,http://www.accessdata.fda.gov:80/scripts/drugshortages/default.cfm?,200,3VF62B2PKJTVOL2KYA2TD5L7KJDIXTGI,text/html,2016-07-12
20160716124622,http://www.accessdata.fda.gov:80/scripts/drugshortages/default.cfm,200,VFLBTTY7RKITYRM4S7BZI24GCJLMM5JG,text/html,2016-07-16
20160720084617,http://www.accessdata.fda.gov:80/scripts/drugshortages/default.cfm,200,YM55WNFC7NXBDVW34LBCMVL7QWLYRKMP,text/html,2016-07-20
20160723204736,http://www.accessdata.fda.gov:80/scripts/drugshortages/default.cfm,200,TBPR4GF6YWS52OBYRMFUI3WQR5SIJ54S,text/html,2016-07-23
20160802210158,http://www.accessdata.fda.gov:80/scripts/drugshortages/default.cfm,200,KFM6DS2E6IBNVQGZMKEWCRQYNQXJ6IM3,text/html,2016-08-02
20160813193032,http://www.accessdata.fda.gov:80/scripts/drugshortages/default.cfm?,200,IHAEJIHNPXGHO5CS2LYHWHQELU3ZZDLL,text/html,2016-08-13
20160817033802,http://www.accessdata.fda.gov/scripts/drugshortages/default.cfm,200,XFXFZ6652O3HTZTG5T7JN2JKW4IQQM4L,text/html,2016-08-17
20160819001432,http://www.accessdata.fda.gov/scripts/drugshortages/default.cfm,200,CPTC2CNFAAA4LKUTMWJNVEBQ6GZ2FUBF,text/html,2016-08-19
20160823080821,http://www.accessdata.fda.gov:80/scripts/drugshortages/default.cfm,200,7A7ZRICPNAP32DK4VBOPO2ZJGCTSYBWH,text/html,2016-08-23
20160824231614,http://www.accessdata.fda.gov/scripts/drugshortages/default.cfm,200,FJATW3ZP3QT4A3VUF7QOZAFIMNPVYPNH,text/html,2016-08-24
20160829212345,http://www.accessdata.fda.gov/scripts/drugshortages/default.cfm,200,VNUHZAXBGNWSUVFYKZCV4RI5XUGU32JX,text/html,2016-08-29
20160904064515,http://www.accessdata.fda.gov:80/scripts/drugshortages/default.cfm,200,3C73GF45TFNWAGQKJ2UCHWPSL7BBVDRV,text/html,2016-09-04
20160909174508,http://www.accessdata.fda.gov/scripts/drugshortages/default.cfm,200,3LXXBQRGXOIWSKLBKVCXO3KCIMDQLCYB,text/html,2016-09-09
20160912181624,http://www.accessdata.fda.gov/scripts/drugshortages/default.cfm,200,SLAN7ICH4KSHZBZFQJIKAFPEJXUETB2Z,text/html,2016-09-12
20160913181017,http://www.accessdata.fda.gov/scripts/drugshortages/default.cfm,200,MOKPDKYPSYOUZR7RJVCR23FWRPOK7JVC,text/html,2016-09-13
20160915181526,http://www.accessdata.fda.gov/scripts/drugshortages/default.cfm,200,W32FUPN5QO2CS3GCYESP52VBMRIKQ6ZF,text/html,2016-09-15
20160916183340,http://www.accessdata.fda.gov/scripts/drugshortages/default.cfm,200,BWKGCJP5IPRKXF2UMEZOE34QRJIHYNM6,text/html,2016-09-16
20160919211103,http://www.accessdata.fda.gov/scripts/drugshortages/default.cfm,200,DGP4DZ73L6TRMZO24ESP3SEBMKLR2XMQ,text/html,2016-09-19
20160922180900,http://www.accessdata.fda.gov/scripts/drugshortages/default.cfm,200,4XUZTZU2H35C7Z3GHSLYYNF647JYJLVJ,text/html,2016-09-22
20160923181954,http://www.accessdata.fda.gov/scripts/drugshortages/default.cfm,200,WMDWQMCMGFBV45KYUGJLPKHCUV4BUY6M,text/html,2016-09-23
20160925184131,http://www.accessdata.fda.gov:80/scripts/drugshortages/default.cfm,200,OVNJYMPSLRLWKP2YFPJYLTJ6GMULYM2P,text/html,2016-09-25
20160927175943,http://www.accessdata.fda.gov/scripts/drugshortages/default.cfm,200,EOWJAFTZJFMWZBUESYZ6H4LAPJN54NQQ,text/html,2016-09-27
20160928175422,http://www.accessdata.fda.gov/scripts/drugshortages/default.cfm,200,GWCFFNDV2YGKHVSYCMDVO367V6SYDQXH,text/html,2016-09-28
20160930005832,http://www.accessdata.fda.gov/scripts/drugshortages/default.cfm,200,6J5AV7WTOIYCQSZTOPKAM4LP6EJQJ374,text/html,2016-09-30
20160930185410,http://www.accessdata.fda.gov/scripts/drugshortages/default.cfm,200,6EOEEKVVIJHOCT5MOABOATLFEDTW63V2,text/html,2016-09-30
20161004165532,http://www.accessdata.fda.gov/scripts/drugshortages/default.cfm,200,HHXLS35J3KKSFOUF3TG7P7INJM5N3RL6,text/html,2016-10-04
20161005220018,http://www.accessdata.fda.gov/scripts/drugshortages/default.cfm,200,JGRZFGAGDUMZTAGKZHSQVZYZ2NJ65KYT,text/html,2016-10-05
20161007182243,http://www.accessdata.fda.gov/scripts/drugshortages/default.cfm,200,7QUYWN6SJOXM55TKV7PFVTGW5KTBKDJ5,text/html,2016-10-07
20161011175016,http://www.accessdata.fda.gov/scripts/drugshortages/default.cfm,200,66FAS54TYUII3NE65UZTI5Z5VVJJ2ZL2,text/html,2016-10-11
20161013170050,http://www.accessdata.fda.gov/scripts/drugshortages/default.cfm,200,RMHT3JDTT5XVZSFKQ5P6EJKHE3GSUUAD,text/html,2016-10-13
20161016173449,http://www.accessdata.fda.gov:80/scripts/drugshortages/default.cfm,200,NB2XBQGVOGDMEP6QAMJNMU7CIRDU7XXZ,text/html,2016-10-16
20161017173453,http://www.accessdata.fda.gov/scripts/drugshortages/default.cfm,200,OHNGS6QNBVAKNTENY6KQZD7VLCEEOV2M,text/html,2016-10-17
20161018164341,http://www.accessdata.fda.gov/scripts/drugshortages/default.cfm,200,CDXKV777XSKW5IZUQVPSEB4T7GIIHQJ4,text/html,2016-10-18
20161021183803,http://www.accessdata.fda.gov/scripts/drugshortages/default.cfm,200,H4EQCT7N7IEJ2HQ7YCYWCCXUCVO7CXXT,text/html,2016-10-21
20161025194315,http://www.accessdata.fda.gov/scripts/drugshortages/default.cfm,200,5ND77IU63IG7AW7GNTRKSFHVKABYUFIS,text/html,2016-10-25
20161027180026,http://www.accessdata.fda.gov/scripts/drugshortages/default.cfm,200,ETX4EMPGWUOQXJB4ADC7F6ICZMUGYBH4,text/html,2016-10-27
20161028185433,http://www.accessdata.fda.gov/scripts/drugshortages/default.cfm,200,QMX6T72VI3D2X6BYHDP4BM7CTGEYNQTV,text/html,2016-10-28
20161101203457,http://www.accessdata.fda.gov/scripts/drugshortages/default.cfm,200,IHG77ZU5ICGVQU62AYAYSCIHBDLUNXSK,text/html,2016-11-01
20161102191516,http://www.accessdata.fda.gov/scripts/drugshortages/default.cfm,200,7WRFWQNHNP7SUCSAWPW4VJOJ4JVRHIZQ,text/html,2016-11-02
20161103180206,http://www.accessdata.fda.gov/scripts/drugshortages/default.cfm,200,WT2PZJIIQNIWKCHX4PJ4CMIW57FWMWKI,text/html,2016-11-03
20161109063455,http://www.accessdata.fda.gov/scripts/drugshortages/default.cfm,200,CPCKSAUFKRMFGQHXOXKB33UCV4THC4TW,text/html,2016-11-09
20161112061429,http://www.accessdata.fda.gov/scripts/drugshortages/default.cfm,200,LAMMQJ4ZDLH3KE44BQRL3YMHSRNFHMFP,text/html,2016-11-12
20161114212547,http://www.accessdata.fda.gov/scripts/drugshortages/default.cfm,200,SS54YTN4YKOJQMYUMNQBM77LD6JWFRV3,text/html,2016-11-14
20161116060231,http://www.accessdata.fda.gov/scripts/drugshortages/default.cfm,200,HYLIPRLZCN2BKOHUCM43YKV3UCHF25IL,text/html,2016-11-16
20161119205011,http://www.accessdata.fda.gov/scripts/drugshortages/default.cfm,200,7LEBCVPEJX73NOTKY3WEN3GOIKDLXX5Y,text/html,2016-11-19
20161122235716,http://www.accessdata.fda.gov/scripts/drugshortages/default.cfm,200,R3NRG4ZLIJWNSI2V5ISIDA4ONRC7BOOK,text/html,2016-11-22
20161128224131,http://www.accessdata.fda.gov/scripts/drugshortages/default.cfm,200,2HSEVM4TGH3SHEZ4LUEWKRTB5SZKA7PR,text/html,2016-11-28
20161130012113,http://www.accessdata.fda.gov/scripts/drugshortages/default.cfm,200,FROABY2SIJYUNDWQLADQTP3V6EFFOPYG,text/html,2016-11-30
20161130182629,http://www.accessdata.fda.gov:80/scripts/drugshortages/default.cfm,200,7ZPSZHLUQFH2M4XDLPXBZNFTWYD2MUBN,text/html,2016-11-30
20161201192311,http://www.accessdata.fda.gov/scripts/drugshortages/default.cfm,200,UM3PMAFR3Y6UGMEOSXWO43IPZPLNFEXH,text/html,2016-12-01
20161202204142,http://www.accessdata.fda.gov/scripts/drugshortages/default.cfm,200,7AZLH5TZRQPPQJS4ZS24YO5SFCMHYRKY,text/html,2016-12-02
20161205230442,http://www.accessdata.fda.gov/scripts/drugshortages/default.cfm,200,GIUJ2AUGHP2QKAT4JLZS42HN2GPPKJ6K,text/html,2016-12-05
20161212211208,http://www.accessdata.fda.gov/scripts/drugshortages/default.cfm,200,2MWOAEIN5HMHE4OKDG3NUI5W6MFW32B5,text/html,2016-12-12
20161214212424,http://www.accessdata.fda.gov/scripts/drugshortages/default.cfm,200,KPNUCTZ6IRUFWAMI6MESLA2QEAVFXSSM,text/html,2016-12-14
20161223051052,http://www.accessdata.fda.gov/scripts/drugshortages/default.cfm,200,A3UA2R4W2EKMZSLPUVQGLZLI45EXVHLG,text/html,2016-12-23
20161224185059,http://www.accessdata.fda.gov/scripts/drugshortages/default.cfm,200,JYGQPGE6LYGGUCI3II4IEEWUZIYHAD3O,text/html,2016-12-24
20170104215739,http://www.accessdata.fda.gov/scripts/drugshortages/default.cfm,200,DH4KYXMRN3YOJ2C2QHKCMYESFYCI2VWQ,text/html,2017-01-04
20170105232440,http://www.accessdata.fda.gov/scripts/drugshortages/default.cfm,200,6HZD7T5LVUTYOHHFDQ7HASMNXWZLL2NU,text/html,2017-01-05
20170109194332,http://www.accessdata.fda.gov/scripts/drugshortages/default.cfm,200,AQN2Q6GVSURFM5DWFRPQ7OX7BAUGJBGJ,text/html,2017-01-09
20170110191041,http://www.accessdata.fda.gov/scripts/drugshortages/default.cfm,200,CZISFOO35AHADVVHQI7PJ2HDTNTGOAX3,text/html,2017-01-10
20170111192507,http://www.accessdata.fda.gov/scripts/drugshortages/default.cfm,200,SBVZJ7EG5VQEXDP2CU74PRIELZ2HXTNM,text/html,2017-01-11
20170112190641,http://www.accessdata.fda.gov/scripts/drugshortages/default.cfm,200,NF6IH3RGYS7UPXJJGACPD4CGVSNWHW5B,text/html,2017-01-12
20170113195019,http://www.accessdata.fda.gov/scripts/drugshortages/default.cfm,200,CSXFC27I64A5FG62VXAPFAJCU5RTFMLM,text/html,2017-01-13
20170117183642,http://www.accessdata.fda.gov/scripts/drugshortages/default.cfm,200,APMNMC5ZTKZI2IKJ5KXXD4QNZVSKYX7V,text/html,2017-01-17
20170119032543,http://www.accessdata.fda.gov/scripts/drugshortages/default.cfm,200,ONJZHTJVHXM65IIHM4DLUXO6VT35CNCJ,text/html,2017-01-19
20170120020520,http://www.accessdata.fda.gov/scripts/drugshortages/default.cfm,200,PVKY6Q4JLD7UBKLMKPKWOW2P34WJON4C,text/html,2017-01-20
20170124190834,http://www.accessdata.fda.gov/scripts/drugshortages/default.cfm,200,YEF4OQKYR3KQAYUABKBRZUFVL2AY2JI4,text/html,2017-01-24
20170127205628,http://www.accessdata.fda.gov/scripts/drugshortages/default.cfm,200,2R6MWV5QHS4I35QDAD4IPZXPELFORJGF,text/html,2017-01-27
20170130183715,http://www.accessdata.fda.gov/scripts/drugshortages/default.cfm,200,5YQ53JFWKDDCNYMEOURUCIXUY2ZFPYUC,text/html,2017-01-30
20170131191442,http://www.accessdata.fda.gov/scripts/drugshortages/default.cfm,200,TMMXL6M2K6XVYVCCTTWBHXU6YTKJM4CW,text/html,2017-01-31
20170201190632,http://www.accessdata.fda.gov/scripts/drugshortages/default.cfm,200,XXCLA2OE6BITKJ6H576Q2R6TY2W2JTRO,text/html,2017-02-01
20170202190424,http://www.accessdata.fda.gov/scripts/drugshortages/default.cfm,200,WBPX7MVDKY575T5C33TLHKOTCGQVXVU6,text/html,2017-02-02
20170203193502,http://www.accessdata.fda.gov/scripts/drugshortages/default.cfm,200,5VMOPMVENSBTL6YD36KLXLUGJAUS2OIM,text/html,2017-02-03
20170206182752,http://www.accessdata.fda.gov/scripts/drugshortages/default.cfm,200,SL4WSOQKU7BNKWIFZHWDA7M574HGSQSV,text/html,2017-02-06
20170207181439,http://www.accessdata.fda.gov/scripts/drugshortages/default.cfm,200,6GB3TJYMLUYHYFDUP54Z2T4DTMKGAYVD,text/html,2017-02-07
20170208183852,http://www.accessdata.fda.gov/scripts/drugshortages/default.cfm,200,IKDNS6J2VW6V3TSY4PUTYAKAI7IMII7D,text/html,2017-02-08
20170209220201,http://www.accessdata.fda.gov/scripts/drugshortages/default.cfm,200,VQ3GBDPMQEY2ULMRZBJK3OV3AIJ7KIU2,text/html,2017-02-09
20170213200439,http://www.accessdata.fda.gov/scripts/drugshortages/default.cfm,200,3TQZTRIYFAY2TWAE64AZ4SBMSZNOMOYP,text/html,2017-02-13
20170215194702,http://www.accessdata.fda.gov/scripts/drugshortages/default.cfm,200,TLMWNIB5C6Q4X3QNZCF7IT5KO3OXDAWJ,text/html,2017-02-15
20170216214904,http://www.accessdata.fda.gov/scripts/drugshortages/default.cfm,200,76OCXBL56YK5Z7D3SOCXQG7ESYVHH67C,text/html,2017-02-16
20170221182809,http://www.accessdata.fda.gov/scripts/drugshortages/default.cfm,200,UHMLJU7STNV6VCQKFFOETFEMXGU3YXH3,text/html,2017-02-21
20170222184846,http://www.accessdata.fda.gov/scripts/drugshortages/default.cfm,200,UJAYJQ45EJQFZ4KSESNXAARV7IFA6V4G,text/html,2017-02-22
20170223184214,http://www.accessdata.fda.gov/scripts/drugshortages/default.cfm,200,YNK4326LRTSI2ESJKUIY6AZYCEV6G4OP,text/html,2017-02-23
20170224193223,http://www.accessdata.fda.gov/scripts/drugshortages/default.cfm,200,5GDYMO5FNPFALLSFRRYGAST3HRCZKGYP,text/html,2017-02-24
20170228183515,http://www.accessdata.fda.gov/scripts/drugshortages/default.cfm,200,NJUKU3NUBMZZDNOBUCT6AUMQER2FVKOV,text/html,2017-02-28
20170301191143,http://www.accessdata.fda.gov/scripts/drugshortages/default.cfm,200,2Q73653BT4WCIFQSORFQAITGKNEXC4HG,text/html,2017-03-01
20170302183441,http://www.accessdata.fda.gov/scripts/drugshortages/default.cfm,200,OFXI4HLT7HP63ZPZSARWRINGIS76PFDX,text/html,2017-03-02
20170303232838,http://www.accessdata.fda.gov/scripts/drugshortages/default.cfm,200,UKEW4VBMES7NP4ZW3CXNHZ2GLZQX6F37,text/html,2017-03-03
20170307184249,http://www.accessdata.fda.gov/scripts/drugshortages/default.cfm,200,MD6LE3RVIDS3W3KEFJLY3KS3RRRLKMBO,text/html,2017-03-07
20170308210455,http://www.accessdata.fda.gov/scripts/drugshortages/default.cfm,200,YMGHJUKMRHZ63N5TFYXX7OIUWD2Z3MX3,text/html,2017-03-08
20170309221533,http://www.accessdata.fda.gov/scripts/drugshortages/default.cfm,200,ZDVV257OFTVCGCTMDBJ4AY6RT4F4SSMR,text/html,2017-03-09
20170315180948,http://www.accessdata.fda.gov/scripts/drugshortages/default.cfm,200,XDSTAW6WJOOU4OIS3WX2KOYBTQGBM75M,text/html,2017-03-15
20170317190104,http://www.accessdata.fda.gov/scripts/drugshortages/default.cfm,200,MUR5UMXVWWAKNUC3DFSLJHGXGZJMVOI2,text/html,2017-03-17
20170320182403,http://www.accessdata.fda.gov/scripts/drugshortages/default.cfm,200,ORF2JPZJUBYQKOON7IZM6QPTPB63CZRP,text/html,2017-03-20
20170321180742,http://www.accessdata.fda.gov/scripts/drugshortages/default.cfm,200,BM5WLCH464NCR2RYOASSORMA54XBNEQV,text/html,2017-03-21
20170323182310,http://www.accessdata.fda.gov/scripts/drugshortages/default.cfm,200,MRES5TUFH7IBRGKQ6VNDP437LGOITWAF,text/html,2017-03-23
20170327173917,https://www.accessdata.fda.gov/scripts/drugshortages/default.cfm,200,GIRREKPKAWJVLAZKZT4Y7LVBFYPY5V7H,text/html,2017-03-27
20170328174410,https://www.accessdata.fda.gov/scripts/drugshortages/default.cfm,200,JZQM45FYFCZTKURH7QMUXGIS6ARCY7FE,text/html,2017-03-28
20170329233655,https://www.accessdata.fda.gov/scripts/drugshortages/default.cfm,200,QIYJZ37OQHJJKQQFTC73OFDPSM4KOIL5,text/html,2017-03-29
20170403173020,https://www.accessdata.fda.gov/scripts/drugshortages/default.cfm,200,LNAVOT5HLRHOUHIWGBRBPYPIOHN5BG5Z,text/html,2017-04-03
20170404205102,https://www.accessdata.fda.gov/scripts/drugshortages/default.cfm,200,LJ66LGG77SOUCQUJMMGXNTQ2GSECNZ3L,text/html,2017-04-04
20170405190330,https://www.accessdata.fda.gov/scripts/drugshortages/default.cfm,200,3AIESKDCBH4ABJ2OCP7HEZ5KWG4CLY5Q,text/html,2017-04-05
20170407183959,https://www.accessdata.fda.gov/scripts/drugshortages/default.cfm,200,U57Z2MYMRBLU74J6J2DVWCDJWVZGPFJW,text/html,2017-04-07
20170414183236,https://www.accessdata.fda.gov/scripts/drugshortages/default.cfm,200,6KGFNQMIVI7KAZHBSH4EFRFE36FBHELR,text/html,2017-04-14
20170419183443,https://www.accessdata.fda.gov/scripts/drugshortages/default.cfm,200,3NMDSA3OH3G5FXPWZ4NN72LAIGMCOMT4,text/html,2017-04-19
20170421235524,https://www.accessdata.fda.gov/scripts/drugshortages/default.cfm,200,5O6DLVXBVHRDYS3TUCYGS44DRK6U3GEI,text/html,2017-04-21
20170424181632,https://www.accessdata.fda.gov/scripts/drugshortages/default.cfm,200,FMPQPKAPVYHUMELDODZLCX5XK6TQDUVL,text/html,2017-04-24
20170425180126,https://www.accessdata.fda.gov/scripts/drugshortages/default.cfm,200,UODYRTRSEUFWCEYZWINTSPZF4GURT6FY,text/html,2017-04-25
20170426213653,https://www.accessdata.fda.gov/scripts/drugshortages/default.cfm,200,HIU2HZ4VNHLBCF3CLMFG52P6KPOTWCCX,text/html,2017-04-26
20170427175128,https://www.accessdata.fda.gov/scripts/drugshortages/default.cfm,200,JUWPQDOTZNIBEBLNH6SGKBPZSLQDUOOB,text/html,2017-04-27
20170428231525,https://www.accessdata.fda.gov/scripts/drugshortages/default.cfm,200,N64XKSDQN6JIVTFRUHJCWWUN5TNUIA23,text/html,2017-04-28
20170501180520,https://www.accessdata.fda.gov/scripts/drugshortages/default.cfm,200,NLD4B64LSAGWJXXN33GK2F2KMERYKZ4Z,text/html,2017-05-01
20170502175938,https://www.accessdata.fda.gov/scripts/drugshortages/default.cfm,200,IUIN364NNFPYOPB2QL5CWG2ALEZZFG52,text/html,2017-05-02
20170504170032,https://www.accessdata.fda.gov/scripts/drugshortages/default.cfm,200,54VRUBUTVLZN6K7YV523Z52GX35MDMFO,text/html,2017-05-04
20170512180753,https://www.accessdata.fda.gov/scripts/drugshortages/default.cfm,200,ISVJUWH4ZBBPAB3QOPFUX5PYZEZVKJFM,text/html,2017-05-12
20170515180642,https://www.accessdata.fda.gov/scripts/drugshortages/default.cfm,200,IHXYH5HOSB3FEX42MKBMLZETTV4FKCYS,text/html,2017-05-15
20170517213336,https://www.accessdata.fda.gov/scripts/drugshortages/default.cfm,200,F3GUZNIYZKXMUTJSATBAEVZVWGC32FLS,text/html,2017-05-17
20170518191201,https://www.accessdata.fda.gov/scripts/drugshortages/default.cfm,200,MERPC6GACK4TQP4PO4XJCAJTQLBTNMQN,text/html,2017-05-18
20170519191753,https://www.accessdata.fda.gov/scripts/drugshortages/default.cfm,200,SHTD3QIBSPFHWQA77CKTFFQAA2M66FDM,text/html,2017-05-19
20170522223823,https://www.accessdata.fda.gov/scripts/drugshortages/default.cfm,200,2JMKFV76N2ZBXKIOZBI4KE2ZK4QDNTEE,text/html,2017-05-22
20170523203533,https://www.accessdata.fda.gov/scripts/drugshortages/default.cfm,200,LEKPNPOHNANZVAD3JK3GBQQBGIS46G4B,text/html,2017-05-23
20170526183916,https://www.accessdata.fda.gov/scripts/drugshortages/default.cfm,200,76HYWMITPUT76O67BUCMPZGFPJ2GBMKB,text/html,2017-05-26
20170530185040,https://www.accessdata.fda.gov/scripts/drugshortages/default.cfm,200,IH23YY25BEMSOBKKIT3HSXUUWWU2NB3R,text/html,2017-05-30
20170531220642,https://www.accessdata.fda.gov/scripts/drugshortages/default.cfm,200,THA7S6SJ43G7AHRSLFVVNDV6ANJW3DP6,text/html,2017-05-31
20170601222653,https://www.accessdata.fda.gov/scripts/drugshortages/default.cfm,200,LPZXAZPGEASGHPLZYV6GNQT2MBCLQLCT,text/html,2017-06-01
20170606215038,https://www.accessdata.fda.gov/scripts/drugshortages/default.cfm,200,JM55S3NIJJBSQWCMMNRF7WZBN67KJ5N3,text/html,2017-06-06
20170607182653,https://www.accessdata.fda.gov/scripts/drugshortages/default.cfm,200,6G3E5UKKWG3YLS3REWT5GUFA76G47JML,text/html,2017-06-07
20170608191239,https://www.accessdata.fda.gov/scripts/drugshortages/default.cfm,200,4ERFVOJRXQVOAEWCKUKD4RF3ZR6BYRIK,text/html,2017-06-08
20170609213932,https://www.accessdata.fda.gov/scripts/drugshortages/default.cfm,200,7UEMKQXSQYN2LBLJDXKCCB5AFQIEKOMQ,text/html,2017-06-09
20170612174712,https://www.accessdata.fda.gov/scripts/drugshortages/default.cfm,200,EUTQH6SZ3UNWC2ECHXJCPDEAIN75JSMC,text/html,2017-06-12
20170614223525,https://www.accessdata.fda.gov/scripts/drugshortages/default.cfm,200,GKL7KXMEPGUMS5AF4A3KAUW3GFRAJBJE,text/html,2017-06-14
20170619193018,https://www.accessdata.fda.gov/scripts/drugshortages/default.cfm,200,ZN7YHLHGQUHM5FTVNWRNEP5DA4SUMYFD,text/html,2017-06-19
20170621172015,https://www.accessdata.fda.gov/scripts/drugshortages/default.cfm,200,BPZ4KJEOWSAD3GGONC7YM5QCNT52E2VZ,text/html,2017-06-21
20170624001550,https://www.accessdata.fda.gov/scripts/drugshortages/default.cfm,200,MAHDWBE72EWBI57SETMLY4DA2PPNQNKZ,text/html,2017-06-24
20170628213225,https://www.accessdata.fda.gov/scripts/drugshortages/default.cfm,200,F36E2BTRZUT644552VVE3CRIDEBSC453,text/html,2017-06-28
20170630210346,https://www.accessdata.fda.gov/scripts/drugshortages/default.cfm,200,LDEFHDAAVPNSKEUXHK4XIEAYP2WQBOIN,text/html,2017-06-30
20170703192822,https://www.accessdata.fda.gov/scripts/drugshortages/default.cfm,200,5S3XSTMJP7XCDYG3KMQJBWCNQO32IP3B,text/html,2017-07-03
20170705175930,https://www.accessdata.fda.gov/scripts/drugshortages/default.cfm,200,32MZY32YW5LWQUV4FTOR4YPJV25MIZK2,text/html,2017-07-05
20170707185859,https://www.accessdata.fda.gov/scripts/drugshortages/default.cfm,200,PO2CLUTWLDD7UKCUNA2VTTE77GYEWX5M,text/html,2017-07-07
20170710223410,https://www.accessdata.fda.gov/scripts/drugshortages/default.cfm,200,3LHCACDLT7EEIGFYI7T4NVJWJA5BXLMC,text/html,2017-07-10
20170712190338,https://www.accessdata.fda.gov/scripts/drugshortages/default.cfm,200,RM5XMZAV6PTGF23JQ6ALSSQL76DDZ6CI,text/html,2017-07-12
20170714190434,https://www.accessdata.fda.gov/scripts/drugshortages/default.cfm,200,4PHF67S2GWUBMD7IV7TQ4XNNDRCYKTZE,text/html,2017-07-14
20170718181607,https://www.accessdata.fda.gov/scripts/drugshortages/default.cfm,200,VSPGC2S6GRIT2UX4KPKXKGZT33FP2ELE,text/html,2017-07-18
20170720190148,https://www.accessdata.fda.gov/scripts/drugshortages/default.cfm,200,T3KBUV5PZJSOGKO5DXWM6L7PQN6KUUSY,text/html,2017-07-20
20170721193011,https://www.accessdata.fda.gov/scripts/drugshortages/default.cfm,200,QVFVYIDYMMJKDAUY4C4ARYBLHK32IIEY,text/html,2017-07-21
20170724175123,https://www.accessdata.fda.gov/scripts/drugshortages/default.cfm,200,KYKARUX4R5WFRS6JFBSCSZLSUY4EAPUS,text/html,2017-07-24
20170726221202,https://www.accessdata.fda.gov/scripts/drugshortages/default.cfm,200,HUOYUFAP6HWDYXDXWU4T3XJKLESO7RLT,text/html,2017-07-26
20170727203457,https://www.accessdata.fda.gov/scripts/drugshortages/default.cfm,200,K6DMKP3GUHRIUY2XQNI2ETSTGCI5HCE5,text/html,2017-07-27
20170801004929,https://www.accessdata.fda.gov/scripts/drugshortages/default.cfm,200,Q3H53OF6WQKIK2WP3H6LLGUDCQ74Q3SY,text/html,2017-08-01
20170807220235,https://www.accessdata.fda.gov/scripts/drugshortages/default.cfm,200,ITZVQ47R4DRM7EIEOYBNXS2B5Y6TI5IK,text/html,2017-08-07
20170808221857,https://www.accessdata.fda.gov/scripts/drugshortages/default.cfm,200,YV2N5XYVHWYISBSFYMORMLSCVMYK4MFV,text/html,2017-08-08
20170814191510,https://www.accessdata.fda.gov/scripts/drugshortages/default.cfm,200,A62ADKTPVLH4S2APD5AXGBCE3MIZ26BF,text/html,2017-08-14
20170816230434,https://www.accessdata.fda.gov/scripts/drugshortages/default.cfm,200,6U5UQKOIKFG6IGJA7HCALIQXDNZ5BYUW,text/html,2017-08-16
20170821183906,https://www.accessdata.fda.gov/scripts/drugshortages/default.cfm,200,XWSSSICE3QHDDW5DC4PTC3QCQHP4UWZJ,text/html,2017-08-21
20170822184328,https://www.accessdata.fda.gov/scripts/drugshortages/default.cfm,200,F2AH5MHFXA7ELYUZX7V6YY2FKWXVN7C5,text/html,2017-08-22
20170824200708,https://www.accessdata.fda.gov/scripts/drugshortages/default.cfm,200,Y536BVVJZ7X455JJUQIEQXOBXUNAFTQ4,text/html,2017-08-24
20170825235432,https://www.accessdata.fda.gov/scripts/drugshortages/default.cfm,200,NR2DKAHPY3JDHBA322UDLVBSGLZ4V4U5,text/html,2017-08-25
20170829185543,https://www.accessdata.fda.gov/scripts/drugshortages/default.cfm,200,7UQYIB7DTDTAIO4TIQZWB25L4Z7KI6SO,text/html,2017-08-29
20170830171440,https://www.accessdata.fda.gov/scripts/drugshortages/default.cfm,200,RKC3EZHACU2GU6MSCNUT7CZAHXJY4ONM,text/html,2017-08-30
20170905230120,https://www.accessdata.fda.gov/scripts/drugshortages/default.cfm,200,SM755S5BCK6TZD64G4JZ537G7TT63BKW,text/html,2017-09-05
20170911174514,https://www.accessdata.fda.gov/scripts/drugshortages/default.cfm,200,PYDN47JL4P4RO4DCQEN2ELCJLSB6YHNY,text/html,2017-09-11
20170912184652,https://www.accessdata.fda.gov/scripts/drugshortages/default.cfm,200,QOPVE4DQDIY754HLJOHKMLIGBV6QIQGJ,text/html,2017-09-12
20170914173758,https://www.accessdata.fda.gov/scripts/drugshortages/default.cfm,200,VXTAJPRQWNYOOKZKHXIWKR4CBXN3CY24,text/html,2017-09-14
20170915215633,https://www.accessdata.fda.gov/scripts/drugshortages/default.cfm,200,K42DHTHL6IR4XZNIDR6Q6LIPDZ3SXQME,text/html,2017-09-15
20170919180213,https://www.accessdata.fda.gov/scripts/drugshortages/default.cfm,200,HESOWB6KJ5545IDL2FUWGQQ7UZAF72LX,text/html,2017-09-19
20170920180416,https://www.accessdata.fda.gov/scripts/drugshortages/default.cfm,200,MS7WWADHISYXBKJEA3WVRSVELYTKDCE2,text/html,2017-09-20
20170921175645,https://www.accessdata.fda.gov/scripts/drugshortages/default.cfm,200,ZVB55JSHIF5Q72AUKEEP5ZEF4SEP7KYE,text/html,2017-09-21
20170925180056,https://www.accessdata.fda.gov/scripts/drugshortages/default.cfm,200,QCQRNNWEBQAXEMOILDPRH6JLYA2CGTPW,text/html,2017-09-25
20170927173304,https://www.accessdata.fda.gov/scripts/drugshortages/default.cfm,200,Y42VYN5WHEXZGC4HYUJUXVSNDLWZ6BEU,text/html,2017-09-27
20170928221231,https://www.accessdata.fda.gov/scripts/drugshortages/default.cfm,200,WVGSE755HY7P4MT3BA4LMXP226WZBLRK,text/html,2017-09-28
20171004174948,https://www.accessdata.fda.gov/scripts/drugshortages/default.cfm,200,EMVUWKKRUZLCLPLQ5WY5PPV3NWMTXXZ6,text/html,2017-10-04
20171005222025,https://www.accessdata.fda.gov/scripts/drugshortages/default.cfm,200,IMSUSID4IPO56QWCWJAECVJDGSEFXGYF,text/html,2017-10-05
20171006173211,https://www.accessdata.fda.gov/scripts/drugshortages/default.cfm,200,NU3KP54BEU7ODFKJN62LX7RHUUMZ3KHH,text/html,2017-10-06
20171011172403,https://www.accessdata.fda.gov/scripts/drugshortages/default.cfm,200,HTZGB3BO2YAY4OGWC373U67NY34NX4FJ,text/html,2017-10-11
20171012204824,https://www.accessdata.fda.gov/scripts/drugshortages/default.cfm,200,TPM3T2NXCILWH2Y2BGZKU5UHRZIOPDJF,text/html,2017-10-12
20171013173928,https://www.accessdata.fda.gov/scripts/drugshortages/default.cfm,200,R4XKWDY3EIABCQQN5V5YWEOZVEGG2K2Q,text/html,2017-10-13
20171017204252,https://www.accessdata.fda.gov/scripts/drugshortages/default.cfm,200,ELEYHUOAP4F3ISDBOU6ZC44JZKQYIWLP,text/html,2017-10-17
20171019184223,https://www.accessdata.fda.gov/scripts/drugshortages/default.cfm,200,WCWDD4KNYIIJSFT3OPIQR7Y6XTIAO4OJ,text/html,2017-10-19
20171030175759,https://www.accessdata.fda.gov/scripts/drugshortages/default.cfm,200,7YKN5NIH5MRCDWMDEXVLZMU2V5ZJ3JHH,text/html,2017-10-30
20171031174732,https://www.accessdata.fda.gov/scripts/drugshortages/default.cfm,200,CXKVWACLCBUODS4JXQTM22MCAH5YX3IT,text/html,2017-10-31
20171101173411,https://www.accessdata.fda.gov/scripts/drugshortages/default.cfm,200,PWVRXHE6SSH72EOIB7ZYYEVVV2KHDWZS,text/html,2017-11-01
20171102212213,https://www.accessdata.fda.gov/scripts/drugshortages/default.cfm,200,6U3BEIZPMYAL2RP43SB4L3CJY4OEGTMC,text/html,2017-11-02
20171103175744,https://www.accessdata.fda.gov/scripts/drugshortages/default.cfm,200,XC7JB7IKAVSWVXIV3JTIDCGYTFJELDF3,text/html,2017-11-03
20171108180906,https://www.accessdata.fda.gov/scripts/drugshortages/default.cfm,200,P4RXAAPAXBC7JK4GBQGOJOQ3Z7IHXSLA,text/html,2017-11-08
20171109215018,https://www.accessdata.fda.gov/scripts/drugshortages/default.cfm,200,2UYTOQXICCAOK5OFCJYN3UUZO3W5O6LP,text/html,2017-11-09
20171113210139,https://www.accessdata.fda.gov/scripts/drugshortages/default.cfm,200,MAKI765HWLPXIPMMDR7OGMQE5H5T5WEX,text/html,2017-11-13
20171127203210,https://www.accessdata.fda.gov/scripts/drugshortages/default.cfm,200,A35E5N2PNZPNYZVQFP7SVJ7T35ZVENPC,text/html,2017-11-27
20171128235453,https://www.accessdata.fda.gov/scripts/drugshortages/default.cfm,200,YPT6BAXNZC7NTW3SDJDY6EDUPEVXAPHW,text/html,2017-11-28
20171129183756,https://www.accessdata.fda.gov/scripts/drugshortages/default.cfm,200,XDDEZQK5DQZUROVRAPGBOJZNTUJSFYPK,text/html,2017-11-29
20171201025951,https://www.accessdata.fda.gov/scripts/drugshortages/default.cfm,200,7RC3532RFAJK7B7TIJJUIAV5UAMU34X5,text/html,2017-12-01
20171202000421,https://www.accessdata.fda.gov/scripts/drugshortages/default.cfm,200,TBOKYJK7KW3WFETQEZJ4KEBYJKXU3QMV,text/html,2017-12-02
20171204182826,https://www.accessdata.fda.gov/scripts/drugshortages/default.cfm,200,GXC7B2WZYFHUTGG2BENLVA2H5MLWM7XN,text/html,2017-12-04
20171207193331,https://www.accessdata.fda.gov/scripts/drugshortages/default.cfm,200,6TECQK7667NPNWYGRIXYPNF2URLSNB5F,text/html,2017-12-07
20171214112431,https://www.accessdata.fda.gov/scripts/drugshortages/default.cfm,200,FXVKHQZPYMEW3CUW6CI5DPQEFXB6IGCZ,text/html,2017-12-14
20171216115215,https://www.accessdata.fda.gov/scripts/drugshortages/default.cfm,200,LZTTVZP2CCJQ5DSGJCH7KJYUFRCTNGMT,text/html,2017-12-16
20180109185958,https://www.accessdata.fda.gov/scripts/drugshortages/default.cfm,200,PYU45VUBG7Y6JWAIQFRGCTY5HM6U5DNN,text/html,2018-01-09
20180112212059,https://www.accessdata.fda.gov/scripts/drugshortages/default.cfm,200,ALIPGB25HWVAVP7MDJPZRL4XIRGWXBAZ,text/html,2018-01-12
20180117185829,https://www.accessdata.fda.gov/scripts/drugshortages/default.cfm,200,53FKHLXZRAQQ7GQ3NLNEXABKVNLQO5XR,text/html,2018-01-17
20180119224832,https://www.accessdata.fda.gov/scripts/drugshortages/default.cfm,200,A77DLG77LMJGIEJF7RFWQ4CHBP2EE5FE,text/html,2018-01-19
20180122193159,https://www.accessdata.fda.gov/scripts/drugshortages/default.cfm,200,R4WCZQFDLGGGZIL3ZF7JMY5ZARWTD5MN,text/html,2018-01-22
20180123111329,https://www.accessdata.fda.gov/scripts/drugshortages/default.cfm,200,ZUL4LGBTWCGRQWGKIAT3RR3WXTCLES35,text/html,2018-01-23
20180124134029,https://www.accessdata.fda.gov/scripts/drugshortages/default.cfm,200,5OSYQ7HCDOIGI37ZBWUT75SRJZSWYCMU,text/html,2018-01-24
20180124192812,https://www.accessdata.fda.gov/scripts/drugshortages/default.cfm,200,K2OIZSWOUNTYWSZYFAJOPLGCHBMU2B73,text/html,2018-01-24
20180125144454,https://www.accessdata.fda.gov/scripts/drugshortages/default.cfm,200,SV7VRE5MY65UFP722PZ33GKTIWUETKXB,text/html,2018-01-25
20180125191232,https://www.accessdata.fda.gov/scripts/drugshortages/default.cfm,200,ULPEGF5WTUYF7JPLHWSZCUR43RENGZQ5,text/html,2018-01-25
20180126193940,https://www.accessdata.fda.gov/scripts/drugshortages/default.cfm,200,CHHOI7GP3NGP2F7QS5Y5KE5UHLGIIQPR,text/html,2018-01-26
20180129191554,https://www.accessdata.fda.gov/scripts/drugshortages/default.cfm,200,FI3ZQ3VDMQO2IL4YLUL6CN7YBOOQKF47,text/html,2018-01-29
20180130222115,https://www.accessdata.fda.gov/scripts/drugshortages/default.cfm,200,ZA5CGY4ZAF5RKFJRHDADLVTDQOE4HF4K,text/html,2018-01-30
20180207184014,https://www.accessdata.fda.gov/scripts/drugshortages/default.cfm,200,VO5BGZMPR2TUYIORLXEIEZZ57YUGZT45,text/html,2018-02-07
20180208183537,https://www.accessdata.fda.gov/scripts/drugshortages/default.cfm,200,3J5K3PLPZ5FXVNLYRY3GHGXP4PUNEDSL,text/html,2018-02-08
20180212184009,https://www.accessdata.fda.gov/scripts/drugshortages/default.cfm,200,IW5LRSQ7FXEKP23CASHH4TMN3DQRNPXU,text/html,2018-02-12
20180213204631,https://www.accessdata.fda.gov/scripts/drugshortages/default.cfm,200,HSCPQTF42OIKH2VKTDQWDC6GO7GCFIAJ,text/html,2018-02-13
20180215194356,https://www.accessdata.fda.gov/scripts/drugshortages/default.cfm,200,UTWMKNXVTCMQ3OIVWRASTGTEYWFNEWWY,text/html,2018-02-15
20180216195152,https://www.accessdata.fda.gov/scripts/drugshortages/default.cfm,200,NMNRPZC2KES3PYKFF7P7BDRM37IWRATY,text/html,2018-02-16
20180220191442,https://www.accessdata.fda.gov/scripts/drugshortages/default.cfm,200,2GEWJCITZOTAUQCEVRZJFTGCW2D3YURV,text/html,2018-02-20
20180221184832,https://www.accessdata.fda.gov/scripts/drugshortages/default.cfm,200,YWEBONL3DSAIKJHT3NPSJH4BXGZWK6AT,text/html,2018-02-21
20180223190042,https://www.accessdata.fda.gov/scripts/drugshortages/default.cfm,200,FHX735BW5JXMWY4TTJ4Y76YYEVDEZDBO,text/html,2018-02-23
20180226201644,https://www.accessdata.fda.gov/scripts/drugshortages/default.cfm,200,63P3V6PZV4PWDES4QKJ57JAR3HTXVCZW,text/html,2018-02-26
20180227211957,https://www.accessdata.fda.gov/scripts/drugshortages/default.cfm,200,JGY5RUCFU5PQTU4D5BOCE3U2UD5XO3M2,text/html,2018-02-27
20180228201048,https://www.accessdata.fda.gov/scripts/drugshortages/default.cfm,200,I5RWKOW6EHEFU22EI2G2QN3G5Q4NILI7,text/html,2018-02-28
20180301200517,https://www.accessdata.fda.gov/scripts/drugshortages/default.cfm,200,YJV5HCHBFUXEBUPZP5TRXI42DCGM3JW3,text/html,2018-03-01
20180306220627,https://www.accessdata.fda.gov/scripts/drugshortages/default.cfm,200,H2ELXAKZZ7U7OKDYFMI2FPLOFXO6ID6A,text/html,2018-03-06
20180307190618,https://www.accessdata.fda.gov/scripts/drugshortages/default.cfm,200,INDAFFZEJZM3GEPZYWXALOUJAGPD2JB4,text/html,2018-03-07
20180309214557,https://www.accessdata.fda.gov/scripts/drugshortages/default.cfm,200,O3V5ZKQEFLRTO5BMD7LDKE77SK4O7XXX,text/html,2018-03-09
20180316115705,https://www.accessdata.fda.gov/scripts/drugshortages/default.cfm,200,5XA33N6YBSPH5BICC7WXYHI46KBMBHQ3,text/html,2018-03-16
20180318012735,https://www.accessdata.fda.gov/scripts/drugshortages/default.cfm,200,5Z4WWBODRMA5MN6XRR5NLEA5INUK5SJN,text/html,2018-03-18
20180321054952,https://www.accessdata.fda.gov/scripts/drugshortages/default.cfm,200,ACGVHU2G4SYV5N2LBJOOVKFMY7EQVEID,text/html,2018-03-21
20180321180658,https://www.accessdata.fda.gov/scripts/drugshortages/default.cfm,200,3QPLZPU6BKTPUHQMB6GNV4MAJBOUQABQ,text/html,2018-03-21
20180322232525,https://www.accessdata.fda.gov/scripts/drugshortages/default.cfm,200,PCJTM7Z6MSUKSH4NZGUXLOSEKQYXNVVX,text/html,2018-03-22
20180323181826,https://www.accessdata.fda.gov/scripts/drugshortages/default.cfm,200,CHI2AOJ6LCKJCR6SLJFH5WFQW4TTUP35,text/html,2018-03-23
20180329205807,https://www.accessdata.fda.gov/scripts/drugshortages/default.cfm,200,7RNE2RM6BXLEXIMV57VJVEL5R36C6TME,text/html,2018-03-29
20180330180953,https://www.accessdata.fda.gov/scripts/drugshortages/default.cfm,200,N5X4HFGHFVVCE5DYS4LEC73UHYDQ5ORN,text/html,2018-03-30
20180404193402,https://www.accessdata.fda.gov/scripts/drugshortages/default.cfm,200,JEJBCGDVF4YWJT54TMKFJD34RDBP7WE3,text/html,2018-04-04
20180406113946,https://www.accessdata.fda.gov/scripts/drugshortages/default.cfm,200,GY4LZLG5OSN532NNJOC6KFSI4YPFEITA,text/html,2018-04-06
20180409073656,https://www.accessdata.fda.gov/scripts/drugshortages/default.cfm,200,JLNGPWHN7V2SFGOZHBTOX64YASD6XH3O,text/html,2018-04-09
20180416213132,https://www.accessdata.fda.gov/scripts/drugshortages/default.cfm,200,HC7ZCZVWYLU2MCPWQ47NBFXRGDSPWROI,text/html,2018-04-16
20180419235302,https://www.accessdata.fda.gov/scripts/drugshortages/default.cfm,200,5LSEEZRWUJVMDLSV3RVLZTKDW6Q5NQG7,text/html,2018-04-19
20180424171003,https://www.accessdata.fda.gov/scripts/drugshortages/default.cfm,200,4WSWI4T3QEHEJI3DCJEBMCEE6EG5JIS5,text/html,2018-04-24
20180426224529,https://www.accessdata.fda.gov/scripts/drugshortages/default.cfm,200,NH4NR4KFJEUL6OKXLEMBB55ZHAKKLUIE,text/html,2018-04-26
20180430190731,https://www.accessdata.fda.gov/scripts/drugshortages/default.cfm,200,7OBIYWJOVQ2JDF7VVZSMJSCWNKCQLZPM,text/html,2018-04-30
20180503181724,https://www.accessdata.fda.gov/scripts/drugshortages/default.cfm,200,KYPYHNFCO5NBC64CRMTHGEGYLCDV73JP,text/html,2018-05-03
20180507190854,https://www.accessdata.fda.gov/scripts/drugshortages/default.cfm,200,Y3SWCPXPYL6CEP6DZPXLCPHWTA3LKSCE,text/html,2018-05-07
20180526051626,https://www.accessdata.fda.gov/scripts/drugshortages/default.cfm,200,LPXD2Z7F6WJQ6SSTOAQJSH52NUVONJWW,text/html,2018-05-26
20180601234445,https://www.accessdata.fda.gov/scripts/drugshortages/default.cfm,200,AWJBDHBWH7NUC36ABQDR4IBNHCWEYJIA,text/html,2018-06-01
20180605000629,https://www.accessdata.fda.gov/scripts/drugshortages/default.cfm,200,3VCMSRBUE7WAZ3HRIBZTHNRF7DKMYOHI,text/html,2018-06-05
20180605171502,https://www.accessdata.fda.gov/scripts/drugshortages/default.cfm,200,JA5S3MMD6P2VDJSKY4D5UDNJOEVD235C,text/html,2018-06-05
20180606180749,https://www.accessdata.fda.gov/scripts/drugshortages/default.cfm,200,UXBN35U3ZZBKFXEJFTNF4VZ2DXESC3GI,text/html,2018-06-06
20180613183943,https://www.accessdata.fda.gov/scripts/drugshortages/default.cfm,200,LFWBNYEUNQUL4N5NA7EX6UIYL6BRKR3I,text/html,2018-06-13
20180619174537,https://www.accessdata.fda.gov/scripts/drugshortages/default.cfm,200,MVNOLVFDW4SRW3PG7DCXNDC3WW6JYBW5,text/html,2018-06-19
20180621190911,https://www.accessdata.fda.gov/scripts/drugshortages/default.cfm,200,R4P3S4BU5FITEWAEJ2X5FD2XPRJF5LDU,text/html,2018-06-21
20180705182026,https://www.accessdata.fda.gov/scripts/drugshortages/default.cfm,200,XVXRMEQN2VSN4DMOGNVROSGTDFFFR3IR,text/html,2018-07-05
20180706194400,https://www.accessdata.fda.gov/scripts/drugshortages/default.cfm,200,XFTFPBDPN5SQBL346Z5VUYUIUXNPZW4N,text/html,2018-07-06
20180726181419,https://www.accessdata.fda.gov/scripts/drugshortages/default.cfm,200,BT4NIPUIANNW7EIPPZVKTP3PNV2NLZUE,text/html,2018-07-26
20180801005158,https://www.accessdata.fda.gov/scripts/drugshortages/default.cfm,200,FK2OOZBNNAN4FZAU27YJ3TX35ACVYDL6,text/html,2018-08-01
20180826124825,https://www.accessdata.fda.gov/scripts/drugshortages/default.cfm,200,QYOIWKN7DZ4W6CJBF6RJOBUTHMGKLPM2,text/html,2018-08-26
20180917131121,https://www.accessdata.fda.gov/scripts/drugshortages/default.cfm,200,NUFQY52W7QTIM6UVB6SL5JJVAVLX7KCX,text/html,2018-09-17
20180925191459,https://www.accessdata.fda.gov/scripts/drugshortages/default.cfm,200,RGRKVBERJ2ZLTAIZKPW2BCBBD543PKKG,text/html,2018-09-25
20180927023029,https://www.accessdata.fda.gov/scripts/drugshortages/default.cfm,200,VPOD6R7Y5UD453XTT524ZDJJGMEMDQRL,text/html,2018-09-27
20181204001052,https://www.accessdata.fda.gov/scripts/drugshortages/default.cfm,200,VY5J4MCMMD6H2UX53IGH5MWJUVBNIYXC,text/html,2018-12-04
20190108045034,https://www.accessdata.fda.gov/scripts/drugshortages/default.cfm,200,V64JKFQKJMEAXSYWQDWQBUKTBUY26MFS,text/html,2019-01-08
20190505043747,https://www.accessdata.fda.gov/scripts/drugshortages/default.cfm,200,DXFWYRXBIUYVIHV3BEG7RC4NAP7ML3SL,text/html,2019-05-05
20190615173244,https://www.accessdata.fda.gov/scripts/drugshortages/default.cfm,200,OW5WFVW6LHIYYLGXXZNU6NJ4WRJ3YX43,text/html,2019-06-15
20190629205358,https://www.accessdata.fda.gov/scripts/drugshortages/default.cfm,200,PS6LCLV52C3YHBAD6U2XYLSGWVK2GVTP,text/html,2019-06-29
20190716110726,https://www.accessdata.fda.gov/scripts/drugshortages/default.cfm,200,I3A4D4VLIEX5JF6OHL7DYZIYZZKWHL2S,text/html,2019-07-16
20190723195503,https://www.accessdata.fda.gov/scripts/drugshortages/default.cfm,200,OGAVIRCT4ZRA65KIAY74DRTB3NZQSMB4,text/html,2019-07-23
20190802140033,https://www.accessdata.fda.gov/scripts/drugshortages/default.cfm,200,53N7C6CIF3URMZLOJIMDXIIMITQN4KBU,text/html,2019-08-02
20190807073325,https://www.accessdata.fda.gov/scripts/drugshortages/default.cfm,200,GN2IPWARMSZXLGLKZG3DIR57PDKR54TL,text/html,2019-08-07
20190808112016,https://www.accessdata.fda.gov/scripts/drugshortages/default.cfm,200,MOQNJE3I7BCSXJG2CSJBREKVPN7DLLQH,text/html,2019-08-08
20190809092003,https://www.accessdata.fda.gov/scripts/drugshortages/default.cfm,200,ZMZBPOKF25UJMYVRPCQRGQMJZ2YZA6AY,text/html,2019-08-09
20190810094805,https://www.accessdata.fda.gov/scripts/drugshortages/default.cfm,200,RZD6NUEBI74TE772ITRKUAWJTODIKWV7,text/html,2019-08-10
20190813132253,https://www.accessdata.fda.gov/scripts/drugshortages/default.cfm,200,U3ZYG7GL7O6WWMXEFHMLMF3NCZV6FYIV,text/html,2019-08-13
20190817105418,https://www.accessdata.fda.gov/scripts/drugshortages/default.cfm,200,RX6CR2ELCATKGKSKUVPNE6R7RWQ7HZ53,text/html,2019-08-17
20190819230105,https://www.accessdata.fda.gov/scripts/drugshortages/default.cfm,200,L23YFVJGOJLM5IIEVZQN4COUFDJVTYXP,text/html,2019-08-19
20190824163113,https://www.accessdata.fda.gov/scripts/drugshortages/default.cfm,200,QX5QDAM2FK63M3K56SNWMZILIUG76C7D,text/html,2019-08-24
20190912113419,https://www.accessdata.fda.gov/scripts/drugshortages/default.cfm,200,QIRYAVIFR6OC7IDJQLNQKH2TMVP7XALF,text/html,2019-09-12
20190917200638,https://www.accessdata.fda.gov/scripts/drugshortages/default.cfm,200,STHZXCRQGOL35U2LXXZSIFU3Q4CZUIOC,text/html,2019-09-17
20191004161005,https://www.accessdata.fda.gov/scripts/drugshortages/default.cfm,200,P5HEPBS66OYMWXYIUELV7RTODQA4RAXP,text/html,2019-10-04
20191030171527,https://www.accessdata.fda.gov/scripts/drugshortages/default.cfm,200,HANPJ6GHP4DSXDC3EW7OIFPEIOZGF767,text/html,2019-10-30
20191101005520,https://www.accessdata.fda.gov/scripts/drugshortages/default.cfm,200,EGO7BMIVTT5BPXEJKM4S7XSYS3DNYQNJ,text/html,2019-11-01
20191102010302,https://www.accessdata.fda.gov/scripts/drugshortages/default.cfm,200,7JWXNX3R47IWXNOYCT3QO3RN7H5RR4JJ,text/html,2019-11-02
20191115232333,https://www.accessdata.fda.gov/scripts/drugshortages/default.cfm,200,WKPOKTJ7VWW6Y6SJTQAL5C2Z576RNVRW,text/html,2019-11-15
20191212233630,https://www.accessdata.fda.gov/scripts/drugshortages/default.cfm,200,2O3SJIGJYD3XLNJ4JQ5YALLV2U2HV6XD,text/html,2019-12-12
20191216025248,https://www.accessdata.fda.gov/scripts/drugshortages/default.cfm,200,QPUQUNFVNTCA5O6BA5N6ZONO2RKUYT2J,text/html,2019-12-16
20191219042654,https://www.accessdata.fda.gov/scripts/drugshortages/default.cfm,200,ILP2K77QRFG33JGX432AOLNP66P3PJ7T,text/html,2019-12-19
20200117091913,https://www.accessdata.fda.gov/scripts/drugshortages/default.cfm,200,EIJO7TWTOJ5ZTC22RVDNLGDRN7OVBWBH,text/html,2020-01-17
20200208164513,https://www.accessdata.fda.gov/scripts/drugshortages/default.cfm,200,EICCDJG6C5KWPDZLGT6OXSU63AUEZSMC,text/html,2020-02-08
20200212041254,https://www.accessdata.fda.gov/scripts/drugshortages/default.cfm,200,DL3XJCKS5H5DD63FE5L2DMUV7ALVLBTY,text/html,2020-02-12
20200212233734,https://www.accessdata.fda.gov/scripts/drugshortages/default.cfm,200,3Z7CILBVBMAJMIOKMJV7S46IDIU5F3FE,text/html,2020-02-12
20200213191210,https://www.accessdata.fda.gov/scripts/drugshortages/default.cfm,200,BN7UUPNWE3Z6DUAYA73Z25GWGBJJXNZS,text/html,2020-02-13
20200217012041,https://www.accessdata.fda.gov/scripts/drugshortages/default.cfm,200,V2OQ7XGFF77REVUJ34EFNAI7JPL4TG53,text/html,2020-02-17
20200228211458,https://www.accessdata.fda.gov/scripts/drugshortages/default.cfm,200,7DTNGKCJAVVGWJC5FWUR64ADKGUVSIL7,text/html,2020-02-28
20200302133229,https://www.accessdata.fda.gov/scripts/drugshortages/default.cfm,200,BJE7ICGCJBHBUFQOAWDDMUH7GWLMBI76,text/html,2020-03-02
20200305113035,https://www.accessdata.fda.gov/scripts/drugshortages/default.cfm,200,624JOMGUZUYQ7KXOY2RJIG3HKYT3JYMQ,text/html,2020-03-05
20200312130311,https://www.accessdata.fda.gov/scripts/drugshortages/default.cfm,200,DYV2KLNFFFANTF75JEYRG4MOTZ5QCEXB,text/html,2020-03-12
20200312201516,https://www.accessdata.fda.gov/scripts/drugshortages/default.cfm,200,AQD4BAQEOUJRVA46C4CU33GZ2EUHJL6L,text/html,2020-03-12
20200313214310,https://www.accessdata.fda.gov/scripts/drugshortages/default.cfm,200,HOPOUPEEAWDMCIOBQAILWIE5PGIYRMCD,text/html,2020-03-13
20200317061726,https://www.accessdata.fda.gov/scripts/drugshortages/default.cfm,200,7J5K6BYAJ3LC5MPF4RQFJWKDKNCZ4AFT,text/html,2020-03-17
20200317180429,https://www.accessdata.fda.gov/scripts/drugshortages/default.cfm,200,ZZ5VFEQPHV5MZSO5PI66MTJ2IGQJVWQF,text/html,2020-03-17
20200319034440,https://www.accessdata.fda.gov/scripts/drugshortages/default.cfm,200,3WNIYBIVDF5URBTXTDZZQJ3WV74VCTVO,text/html,2020-03-19
20200324210050,https://www.accessdata.fda.gov/scripts/drugshortages/default.cfm,200,7W6PBKCD4LTCBCG4Z222YS4VRUC4AL3L,text/html,2020-03-24
20200325005106,https://www.accessdata.fda.gov/scripts/drugshortages/default.cfm,200,SRYWDB25CKR6WBYKTB5YJDYESQTFC3HV,text/html,2020-03-25
20200326001234,https://www.accessdata.fda.gov/scripts/drugshortages/default.cfm,200,W3X6IXDMHKE6L5PKX3QPR7CVDORN5ZJR,text/html,2020-03-26
20200326023615,https://www.accessdata.fda.gov/scripts/drugshortages/default.cfm,200,XCWL42H7SJSKR2GNPW2TU54CIRU4QRM4,text/html,2020-03-26
20200328012805,https://www.accessdata.fda.gov/scripts/drugshortages/default.cfm,200,YWNY3JOEEPCCXDPNY457Z6UOSOJHF23J,text/html,2020-03-28
20200328155019,https://www.accessdata.fda.gov/scripts/drugshortages/default.cfm,200,TKR44H366EHHRUUNEFWD2RTVXKME4OB2,text/html,2020-03-28
20200331012852,https://www.accessdata.fda.gov/scripts/drugshortages/default.cfm,200,ZQRWWHYGQV44JCZWDUJXXAVT2EF5RPAP,text/html,2020-03-31
20200401021635,https://www.accessdata.fda.gov/scripts/drugshortages/default.cfm,200,UFZIFUGS567KR7OICNISCIXEZZV5MMZR,text/html,2020-04-01
20200402211428,https://www.accessdata.fda.gov/scripts/drugshortages/default.cfm,200,WD4S7N4RLOZK6X3YT3C3WQWEM7TBTEP7,text/html,2020-04-02
20200404105947,https://www.accessdata.fda.gov/scripts/drugshortages/default.cfm,200,FWDFPQWZ7H64Y245ASSDYOTOELK4CPM4,text/html,2020-04-04
20200406212016,https://www.accessdata.fda.gov/scripts/drugshortages/default.cfm,200,EOKE2NL4LPZYHQLRYJ3MP3J56HJU6O4X,text/html,2020-04-06
20200407222214,https://www.accessdata.fda.gov/scripts/drugshortages/default.cfm,200,QGF7RXVPMPUONHGE4SPNXHUV7TDKLYJC,text/html,2020-04-07
20200408141443,https://www.accessdata.fda.gov/scripts/drugshortages/default.cfm,200,DZ3PNR3KYNY5BIDDWPHIY5CI6SJMOQDP,text/html,2020-04-08
20200409040409,https://www.accessdata.fda.gov/scripts/drugshortages/default.cfm,200,ML44Y45OF4SU4JLHF2QVDTUCMWSPZOQ5,text/html,2020-04-09
20200409135636,https://www.accessdata.fda.gov/scripts/drugshortages/default.cfm,200,ZB5ARVJMKKGEMTVTYRDFBSXK3VMHDEG4,text/html,2020-04-09
20200410041816,https://www.accessdata.fda.gov/scripts/drugshortages/default.cfm,200,6IDCXZB5CSXZUEHMBEJSDNSFQQOPYRN3,text/html,2020-04-10
20200411042549,https://www.accessdata.fda.gov/scripts/drugshortages/default.cfm,200,FYTTGJ2CHCG5WM6VORMTXLWXKU3PA34S,text/html,2020-04-11
20200414121846,https://www.accessdata.fda.gov/scripts/drugshortages/default.cfm,200,VM7AOYBWMFRTJ4RUCTNXCHKTLDPXXPAX,text/html,2020-04-14
20200414145713,https://www.accessdata.fda.gov/scripts/drugshortages/default.cfm,200,CJ6K2NFPQDKQQ6W7BJOK3DOWYSAK7RVE,text/html,2020-04-14
20200414165406,https://www.accessdata.fda.gov/scripts/drugshortages/default.cfm,200,4ZP6CC3FP5H6IB5G4QDHJ3ZEOIE6IBMX,text/html,2020-04-14
20200416041113,https://www.accessdata.fda.gov/scripts/drugshortages/default.cfm,200,2ZDDWDJ3TUX45WODZ7CKPN5NQQM2NF5Z,text/html,2020-04-16
20200417013927,https://www.accessdata.fda.gov/scripts/drugshortages/default.cfm,200,ZCVJKTNYHC5NRPAPWXLOM5BXS6FUMEX3,text/html,2020-04-17
20200420123512,https://www.accessdata.fda.gov/scripts/drugshortages/default.cfm,200,APKBQDGEVV2XAHGSFVEIJNGBIT3XHJN6,text/html,2020-04-20
20200420230945,https://www.accessdata.fda.gov/scripts/drugshortages/default.cfm,200,2H64HSLTZA3WA2RVXOIGP2QGVA4Z2Q57,text/html,2020-04-20
20200421121426,https://www.accessdata.fda.gov/scripts/drugshortages/default.cfm,200,5BIDJDE34BKL6QYKRZFPH2H4WYRE3K2I,text/html,2020-04-21
20200422034507,https://www.accessdata.fda.gov/scripts/drugshortages/default.cfm,200,27FVVI6BBQOCVIDNQ7PCJLIMBOGKLORE,text/html,2020-04-22
20200422180441,https://www.accessdata.fda.gov/scripts/drugshortages/default.cfm,200,D7PJLJIK6QHG53IX3VZZT5RTOFN6TL35,text/html,2020-04-22
20200424055539,https://www.accessdata.fda.gov/scripts/drugshortages/default.cfm,200,OAD7LDSCAMBYAPH6D3V2FIM3WK7U5YCI,text/html,2020-04-24
20200425005931,https://www.accessdata.fda.gov/scripts/drugshortages/default.cfm,200,DN5EFE7VNQVZGUVOJIPVW3O47PJ374D3,text/html,2020-04-25
20200428102736,https://www.accessdata.fda.gov/scripts/drugshortages/default.cfm,200,6BOEV62UWK3TZFVM5UJKZ6DMGFLDKIUZ,text/html,2020-04-28
20200428123517,https://www.accessdata.fda.gov/scripts/drugshortages/default.cfm,200,YSCYCGYJXV5E4GMQRP23M2UDASAO3AB2,text/html,2020-04-28
20200428162707,https://www.accessdata.fda.gov/scripts/drugshortages/default.cfm,200,3TTT5UFACGAJNLWYQZ677KMX6K3IQBTY,text/html,2020-04-28
20200429214615,https://www.accessdata.fda.gov/scripts/drugshortages/default.cfm,200,OF3ASIBYPZSWBQR3YN7XRYS6JPIQ7JSS,text/html,2020-04-29
20200501044227,https://www.accessdata.fda.gov/scripts/drugshortages/default.cfm,200,5FPC5VFKQHQM5MS35CQZRMPGIXT6TYHP,text/html,2020-05-01
20200501160716,https://www.accessdata.fda.gov/scripts/drugshortages/default.cfm,200,ZECZ7ADWVGG2YM6INL2FO73GYSRJVAG4,text/html,2020-05-01
20200502022554,https://www.accessdata.fda.gov/scripts/drugshortages/default.cfm,200,32HHZGWCAVC432RFQWVS5FEI5NZIYH27,text/html,2020-05-02
20200505021426,https://www.accessdata.fda.gov/scripts/drugshortages/default.cfm,200,M4667Z5K5DNUNKZ5ZBQSHMRPHTC2Q7K3,text/html,2020-05-05
20200505132517,https://www.accessdata.fda.gov/scripts/drugshortages/default.cfm,200,7REGYYNE3GQZ5M4OW7IDRMH6P7P6CDLW,text/html,2020-05-05
20200506174129,https://www.accessdata.fda.gov/scripts/drugshortages/default.cfm,200,DQM67AXQZDKRAG2WRCD3PQ2QSU4DNCNN,text/html,2020-05-06
20200507020949,https://www.accessdata.fda.gov/scripts/drugshortages/default.cfm,200,YXMU7JSDRNILKXNRVD3MAF2XF6C2NAC6,text/html,2020-05-07
20200507171638,https://www.accessdata.fda.gov/scripts/drugshortages/default.cfm,200,EPYHBVKGO26LHIFWEBO3XPIND24Q2OMF,text/html,2020-05-07
20200507233152,https://www.accessdata.fda.gov/scripts/drugshortages/default.cfm,200,HCMQCGZ3GKQOPTBDG2ILCV36QULOYUJN,text/html,2020-05-07
20200509105958,https://www.accessdata.fda.gov/scripts/drugshortages/default.cfm,200,DSC7Q7FTCFXBCW56DPDIPGGZ5JD4EGGQ,text/html,2020-05-09
20200511013308,https://www.accessdata.fda.gov/scripts/drugshortages/default.cfm,200,MPC27R5ZAIR2VEMFNZDLB6732ZGBBTR7,text/html,2020-05-11
20200511205625,https://www.accessdata.fda.gov/scripts/drugshortages/default.cfm,200,XR62JH6E55J63BX6QK64IFYZEAA7ZWR4,text/html,2020-05-11
20200512004030,https://www.accessdata.fda.gov/scripts/drugshortages/default.cfm,200,WDR4OEK2SZ53EULVZDYOUG32YGEYC3NC,text/html,2020-05-12
20200512171412,https://www.accessdata.fda.gov/scripts/drugshortages/default.cfm,200,JLY5ND3DPSG27CPKVYJVAAVG25JFIWOY,text/html,2020-05-12
20200513011553,https://www.accessdata.fda.gov/scripts/drugshortages/default.cfm,200,CJMVH7GSO4PXCOICIP7D2SYBZ4RZO6SR,text/html,2020-05-13
20200513124251,https://www.accessdata.fda.gov/scripts/drugshortages/default.cfm,200,5HL3SPZOWF3KJQHH6RW5BGQAR6SA4YM2,text/html,2020-05-13
20200515051213,https://www.accessdata.fda.gov/scripts/drugshortages/default.cfm,200,RLA5BS5ODNSUK2UVY2PJ3VGPXZ4JRRQB,text/html,2020-05-15
20200515141552,https://www.accessdata.fda.gov/scripts/drugshortages/default.cfm,200,DFLCP662XOMVH27V6JXN4RAVL6X6ZOO4,text/html,2020-05-15
20200516120418,https://www.accessdata.fda.gov/scripts/drugshortages/default.cfm,200,VKFLPTLTZKFOZJ5NQTRVJSFONVSILH3J,text/html,2020-05-16
20200520075224,https://www.accessdata.fda.gov/scripts/drugshortages/default.cfm,200,HGNLDOASJE7FY74WYRKDNI5MYNY53XQY,text/html,2020-05-20
20200520185750,https://www.accessdata.fda.gov/scripts/drugshortages/default.cfm,200,PSGXZZAHOAB73KP7MZFQ37BVELWNFC5F,text/html,2020-05-20
20200521224336,https://www.accessdata.fda.gov/scripts/drugshortages/default.cfm,200,C52WSEAXUHLG2ZQ3MVTW3KQGCZW3CYXP,text/html,2020-05-21
20200522111540,https://www.accessdata.fda.gov/scripts/drugshortages/default.cfm,200,X3QVDD74P3SCVIQZVDYCNUIDHUQUUBKF,text/html,2020-05-22
20200522143538,https://www.accessdata.fda.gov/scripts/drugshortages/default.cfm,200,5LE3C544L6QSVFGT3TA7XGNSWE7N4WA6,text/html,2020-05-22
20200523034820,https://www.accessdata.fda.gov/scripts/drugshortages/default.cfm,200,TIRGTSECVXNQY263KFXRMQ3BVHDKRZY6,text/html,2020-05-23
20200523204112,https://www.accessdata.fda.gov/scripts/drugshortages/default.cfm,200,S7KXRFTPRMKBL33NXNE4XQM36CNK2D7Y,text/html,2020-05-23
20200527123244,https://www.accessdata.fda.gov/scripts/drugshortages/default.cfm,200,OJVNJHKZK2CY7NHHIHRNIYX33AHWDRJJ,text/html,2020-05-27
20200528131813,https://www.accessdata.fda.gov/scripts/drugshortages/default.cfm,200,AGRI7S2QYIMZ6NVF6DWKTRUWKMREALZ5,text/html,2020-05-28
20200601133131,https://www.accessdata.fda.gov/scripts/drugshortages/default.cfm,200,VEWL2GTXEYWBUZSKAFH5C3NJ7GAXQHSV,text/html,2020-06-01
20200605124223,https://www.accessdata.fda.gov/scripts/drugshortages/default.cfm,200,LTPWUI4WWF63WRWJC466D4XGF5D3AUPI,text/html,2020-06-05
20200605164156,https://www.accessdata.fda.gov/scripts/drugshortages/default.cfm,200,KMAJNTBFGBVUEHLCQGMGRU44IR4W7SX5,text/html,2020-06-05
20200608133835,https://www.accessdata.fda.gov/scripts/drugshortages/default.cfm,200,GMZCUCHPOX2W6JP44HKZMKZCDY7SAIXR,text/html,2020-06-08
20200609055840,https://www.accessdata.fda.gov/scripts/drugshortages/default.cfm,200,GWQC3WRNQKFU67RDSI5FHQIJPFQ2CXJ7,text/html,2020-06-09
20200611064712,https://www.accessdata.fda.gov/scripts/drugshortages/default.cfm,200,JA7KJL4TB5TQBLJZRFNWYEZEPZXUOCRW,text/html,2020-06-11
20200615131941,https://www.accessdata.fda.gov/scripts/drugshortages/default.cfm,200,RUBBTBOCXMIXCYOYOGIOZGSXAWBZTRSL,text/html,2020-06-15
20200618043125,https://www.accessdata.fda.gov/scripts/drugshortages/default.cfm,200,3RDYCKQEMA67SRASVWJ6AQZ6EUTNYOMV,text/html,2020-06-18
20200621172318,https://www.accessdata.fda.gov/scripts/drugshortages/default.cfm,200,JEVMUA5X3HWWQSRTQMZCVKCOWVRVWPU5,text/html,2020-06-21
20200625153145,https://www.accessdata.fda.gov/scripts/drugshortages/default.cfm,200,WUFGPZJXEN36HZ6REV7AJHQET55ZWTS5,text/html,2020-06-25
20200629132049,https://www.accessdata.fda.gov/scripts/drugshortages/default.cfm,200,2KKB5HDSBLN2CBGDDI5IZ2D35GNY4BLR,text/html,2020-06-29
20200701152638,https://www.accessdata.fda.gov/scripts/drugshortages/default.cfm,200,DEU4AKGHCMOITYAVGL5PW4ZX3JARGLES,text/html,2020-07-01
20200702155612,https://www.accessdata.fda.gov/scripts/drugshortages/default.cfm,200,TZJKTVKVPBSRSYGCBEJF3TR3SYWFGPNU,text/html,2020-07-02
20200704152454,https://www.accessdata.fda.gov/scripts/drugshortages/default.cfm,200,UCWVJO3E7N5A2PHOOT4S7TSHLDL5QHIJ,text/html,2020-07-04
20200706131813,https://www.accessdata.fda.gov/scripts/drugshortages/default.cfm,200,NAEWAKW73UIMPFFLBGCV3MKVYLPDR5RQ,text/html,2020-07-06
20200706142935,https://www.accessdata.fda.gov/scripts/drugshortages/default.cfm,200,7EXTSJAAWTUFJOAIZKQY3SQZVJMUXJP2,text/html,2020-07-06
20200707155927,https://www.accessdata.fda.gov/scripts/drugshortages/default.cfm,200,WE55OHLIACJICZKTFCCVWMRV3J7OTDU3,text/html,2020-07-07
20200708223145,https://www.accessdata.fda.gov/scripts/drugshortages/default.cfm,200,ECAC423OUWSNK5TFJSMOMMOMQNKZIWXJ,text/html,2020-07-08
20200709123405,https://www.accessdata.fda.gov/scripts/drugshortages/default.cfm,200,E2FVQLNN6SRNW4L4YEI4J4YFIGOA6CSN,text/html,2020-07-09
20200710110410,https://www.accessdata.fda.gov/scripts/drugshortages/default.cfm,200,4IRMLE3SDRS5MH6SHZXPLZOEDJEWQ5MD,text/html,2020-07-10
20200711185620,https://www.accessdata.fda.gov/scripts/drugshortages/default.cfm,200,HNUWYQCUSAEAUO3SB46C3HMGND74QRG5,text/html,2020-07-11
20200713132524,https://www.accessdata.fda.gov/scripts/drugshortages/default.cfm,200,MFEPQ6SUI2GKFH6KSAFG4WBSSVUABTYG,text/html,2020-07-13
20200713220424,https://www.accessdata.fda.gov/scripts/drugshortages/default.cfm,200,LR2CCFZNVCIECOFZ54QNQJLH3UTFKPPT,text/html,2020-07-13
20200715224910,https://www.accessdata.fda.gov/scripts/drugshortages/default.cfm,200,SFHVWEZYJLRKN2FPEA7X2AS3ND6J6W74,text/html,2020-07-15
20200717000259,https://www.accessdata.fda.gov/scripts/drugshortages/default.cfm,200,5HV5UKDVNHF33LWAA4D2VYKTBOPL5TMH,text/html,2020-07-17
20200720131507,https://www.accessdata.fda.gov/scripts/drugshortages/default.cfm,200,MCR7VLCH2UBSCS3I3EHAGH65KA2NE3PZ,text/html,2020-07-20
20200721103744,https://www.accessdata.fda.gov/scripts/drugshortages/default.cfm,200,5BYSY6DBISCSQ4OB5ZHKKP2LLB7PEWGP,text/html,2020-07-21
20200722074812,https://www.accessdata.fda.gov/scripts/drugshortages/default.cfm,200,5LSGVI4URUXF5NV3FWFT3WHWAK3RB5U5,text/html,2020-07-22
20200722202159,https://www.accessdata.fda.gov/scripts/drugshortages/default.cfm,200,IVHXMR2LTDBRDN6HVV3OJMJKFVAY7COH,text/html,2020-07-22
20200725103126,https://www.accessdata.fda.gov/scripts/drugshortages/default.cfm,200,4NN55HLTP5IBJEFUQ67QUALU4THAJQSJ,text/html,2020-07-25
20200727104916,https://www.accessdata.fda.gov/scripts/drugshortages/default.cfm,200,XPLQ73X7DTZLSL2MTNRN4HMVV6KRO4DJ,text/html,2020-07-27
20200729021630,https://www.accessdata.fda.gov/scripts/drugshortages/default.cfm,200,DW3VQXCRPSENREMVJURGU4KWBYF2I5CJ,text/html,2020-07-29
20200730115555,https://www.accessdata.fda.gov/scripts/drugshortages/default.cfm,200,AHP5K3PMVVF5HEZZLCMJBVRAE45OCS7M,text/html,2020-07-30
20200731135632,https://www.accessdata.fda.gov/scripts/drugshortages/default.cfm,200,DNIOWDUBZ4YRG5JBVVNDMRIUT7GCC6B2,text/html,2020-07-31
20200801125146,https://www.accessdata.fda.gov/scripts/drugshortages/default.cfm,200,GFGVJYK3VVTZ5RXX64425VZ2MLXXKFEK,text/html,2020-08-01
20200803163033,https://www.accessdata.fda.gov/scripts/drugshortages/default.cfm,200,XC6AZF6LH64YCCR4BOVXGAKIGMBJUIAD,text/html,2020-08-03
20200805080220,https://www.accessdata.fda.gov/scripts/drugshortages/default.cfm,200,VAFE2FGCUVH53JJ2RIS7FIFHWARIQ67S,text/html,2020-08-05
20200806170221,https://www.accessdata.fda.gov/scripts/drugshortages/default.cfm,200,57WZDNQ65XN2HCG5Z5FSNE6O2JX73P6X,text/html,2020-08-06
20200808101711,https://www.accessdata.fda.gov/scripts/drugshortages/default.cfm,200,ZOH5SVUUKPJL3EBZXGEVPND2XFCOBIRQ,text/html,2020-08-08
20200811235927,https://www.accessdata.fda.gov/scripts/drugshortages/default.cfm,200,ZIRYXV3FE3DSDYU27BSBJ27UTKQVCCYN,text/html,2020-08-11
20200812135318,https://www.accessdata.fda.gov/scripts/drugshortages/default.cfm,200,S6M3OSBWSHKC6OP2HEROW7B54MZDKP4B,text/html,2020-08-12
20200813060327,https://www.accessdata.fda.gov/scripts/drugshortages/default.cfm,200,SC567Z7GNJYWKAMZWGFGZLKUGN5NEENI,text/html,2020-08-13
20200813214905,https://www.accessdata.fda.gov/scripts/drugshortages/default.cfm,200,Q3J7XNIMZ2ODIVUH3EUSEIOMT4XOJIUG,text/html,2020-08-13
20200817132114,https://www.accessdata.fda.gov/scripts/drugshortages/default.cfm,200,JF6LXR6W3G52L2LEB5QXSVMA4WQJ6DAB,text/html,2020-08-17
20200819143712,https://www.accessdata.fda.gov/scripts/drugshortages/default.cfm,200,PV4ALZVTEXD5UG4E5UX473I23XK5276X,text/html,2020-08-19
20200820115733,https://www.accessdata.fda.gov/scripts/drugshortages/default.cfm,200,U7NF7W5ANHOS7IK4VCXWO74G5GQQEMHI,text/html,2020-08-20
20200821165115,https://www.accessdata.fda.gov/scripts/drugshortages/default.cfm,200,3OTFNJQEL3ONWGSVUBTOGTHTLRBFWZCP,text/html,2020-08-21
20200825094045,https://www.accessdata.fda.gov/scripts/drugshortages/default.cfm,200,QWKDYM6KLCVPBQICKO25UBRRCL5XTQVF,text/html,2020-08-25
20200826094848,https://www.accessdata.fda.gov/scripts/drugshortages/default.cfm,200,ITEAYDHCZHAXPACQMFSKGFO7LH7B2VXA,text/html,2020-08-26
20200828230003,https://www.accessdata.fda.gov/scripts/drugshortages/default.cfm,200,JK2HMBEMCSBTIFDQKFKXI5IBZPQNUOFG,text/html,2020-08-28
20200828232144,https://www.accessdata.fda.gov/scripts/drugshortages/default.cfm,200,YFQSMOJAHJG6CXD4P3L3CEAX2U2T5PFG,text/html,2020-08-28
20200901103610,https://www.accessdata.fda.gov/scripts/drugshortages/default.cfm,200,GTMHVYTUUAHC7GR7EHAE6UTKWD5TXITE,text/html,2020-09-01
20200901180337,https://www.accessdata.fda.gov/scripts/drugshortages/default.cfm,200,HWHOSFU5IRJTDXILRWLGY4JGGLPRDZXV,text/html,2020-09-01
20200902133445,https://www.accessdata.fda.gov/scripts/drugshortages/default.cfm,200,VRKOPCDDOS5IIRIMGFFKJQWKTPJYYELY,text/html,2020-09-02
20200903205015,https://www.accessdata.fda.gov/scripts/drugshortages/default.cfm,200,IA5LIVNWATUF74B3AJGH2DXCM254HLI2,text/html,2020-09-03
20200904165747,https://www.accessdata.fda.gov/scripts/drugshortages/default.cfm,200,IBMHB3FFZAGOIBE62VKNYFY3Y5X6INID,text/html,2020-09-04
20200905094818,https://www.accessdata.fda.gov/scripts/drugshortages/default.cfm,200,3HTKCNGYT34MZFIJRIP3LWCELW6QPBUH,text/html,2020-09-05
20200909025014,https://www.accessdata.fda.gov/scripts/drugshortages/default.cfm,200,QULJGNFBEP37MH66HOWAS4UWNULFXI5O,text/html,2020-09-09
20200909100434,https://www.accessdata.fda.gov/scripts/drugshortages/default.cfm,200,KWMY6LDMILE3U7EAAMLEWQUQIGUN5I2E,text/html,2020-09-09
20200910142813,https://www.accessdata.fda.gov/scripts/drugshortages/default.cfm,200,WRMFTKBLBK7KW6VN4QSJOSDMTHVN4LQE,text/html,2020-09-10
20200911173612,https://www.accessdata.fda.gov/scripts/drugshortages/default.cfm,200,XUN2NMNWD4HGILASXXNPMU4X6MPSXEUA,text/html,2020-09-11
20200913043338,https://www.accessdata.fda.gov/scripts/drugshortages/default.cfm,200,NGGY4JHVFF3XOTE5IUBAH724FUWOAXCB,text/html,2020-09-13
20200915020056,https://www.accessdata.fda.gov/scripts/drugshortages/default.cfm,200,NSIH7HPPZ6ZBBET3TZAXEHLJIDH3YCXI,text/html,2020-09-15
20200915020535,https://www.accessdata.fda.gov/scripts/drugshortages/default.cfm,200,TCYL3NIHVMX6MRD5NFJAHMGUEJOQSDB2,text/html,2020-09-15
20200916131450,https://www.accessdata.fda.gov/scripts/drugshortages/default.cfm,200,ID4KTFCQW5X2KRG3FEMXE3JETLBDDHPS,text/html,2020-09-16
20200917014750,https://www.accessdata.fda.gov/scripts/drugshortages/default.cfm,200,OWJ7AEVNQHHEYZ4ZPX7RFGQPRAUGHIHY,text/html,2020-09-17
20200917092942,https://www.accessdata.fda.gov/scripts/drugshortages/default.cfm,200,F244JC6OKVPFOR624YC47JZJA4A7UVXI,text/html,2020-09-17
20200920101244,https://www.accessdata.fda.gov/scripts/drugshortages/default.cfm,200,6UF2FBR5CQYJA7IVXETNOFE6H55A5LX3,text/html,2020-09-20
20200923002823,https://www.accessdata.fda.gov/scripts/drugshortages/default.cfm,200,ZPPLVUDFDVWCPGBG257FZMDRW6AE74JZ,text/html,2020-09-23
20200925100926,https://www.accessdata.fda.gov/scripts/drugshortages/default.cfm,200,ATZJ5A2LET5GE7RLOQSCWE7TOJW3ECUZ,text/html,2020-09-25
20200926034030,https://www.accessdata.fda.gov/scripts/drugshortages/default.cfm,200,DDRXKSDKVYLYR32IFR73SLGBVG4BQNK7,text/html,2020-09-26
20200928132715,https://www.accessdata.fda.gov/scripts/drugshortages/default.cfm,200,YWMUFTXHCNOEFE6D37BSCHAUE35COV24,text/html,2020-09-28
20200929201821,https://www.accessdata.fda.gov/scripts/drugshortages/default.cfm,200,UWLID4HHKAPT7NIFOAOQP4MWXDHRHLNL,text/html,2020-09-29
20201001034008,https://www.accessdata.fda.gov/scripts/drugshortages/default.cfm,200,YRGP34E2YVH7IM3OEU6XVWIVE3JQLPXE,text/html,2020-10-01
20201001230926,https://www.accessdata.fda.gov/scripts/drugshortages/default.cfm,200,YUCIL4O5C7C5L347VCETDPKJCHTTHIR2,text/html,2020-10-01
20201005131456,https://www.accessdata.fda.gov/scripts/drugshortages/default.cfm,200,TLCQ6EBAF62A7UKQLWK7UO5C2ZH3UIIS,text/html,2020-10-05
20201005160718,https://www.accessdata.fda.gov/scripts/drugshortages/default.cfm,200,R2V2KTYS62VB2JMDRU35WATA65UVD363,text/html,2020-10-05
20201006080130,https://www.accessdata.fda.gov/scripts/drugshortages/default.cfm,200,YIJTJXTNEZJ2R32CYA2CXYIX4J2YLYRJ,text/html,2020-10-06
20201010185257,https://www.accessdata.fda.gov/scripts/drugshortages/default.cfm,200,PTA3IQSIQL2GN7QRZZ35IXKBZHCRGOQ7,text/html,2020-10-10
20201011195025,https://www.accessdata.fda.gov/scripts/drugshortages/default.cfm,200,UBNJXJMQFHD5D5LQKOPZZZCL26DMTN6T,text/html,2020-10-11
20201015081529,https://www.accessdata.fda.gov/scripts/drugshortages/default.cfm,200,DRS5MVL2IN6FTA4QFZ6RHA6EX5SWQSF5,text/html,2020-10-15
20201016173350,https://www.accessdata.fda.gov/scripts/drugshortages/default.cfm,200,2LOEO2TUNOWS34EJIBYCBPOTZD2A4R5L,text/html,2020-10-16
20201021065108,https://www.accessdata.fda.gov/scripts/drugshortages/default.cfm,200,PZV3GW6LIJ73IUREHQ7253KRHWOIIGGO,text/html,2020-10-21
20201024230157,https://www.accessdata.fda.gov/scripts/drugshortages/default.cfm,200,44POYEZCXGIGOFRF33NRHSA23WSLVGWZ,text/html,2020-10-24
20201026030858,https://www.accessdata.fda.gov/scripts/drugshortages/default.cfm,200,7XV2ANJA5YRMFACP2S4KYUFTYFB7SG3K,text/html,2020-10-26
20201027221903,https://www.accessdata.fda.gov/scripts/drugshortages/default.cfm,200,MNKCA6FUWCBML36DNK2R3NM4JXDB5L7G,text/html,2020-10-27
20201029054935,https://www.accessdata.fda.gov/scripts/drugshortages/default.cfm,200,6FIW6BP3XFFZ3H5NNC43TLVKI2RZIFHP,text/html,2020-10-29
20201030171417,https://www.accessdata.fda.gov/scripts/drugshortages/default.cfm,200,NYSVRIDIIM7LAZ4X5G567RNLXW4IIGM4,text/html,2020-10-30
20201103192413,https://www.accessdata.fda.gov/scripts/drugshortages/default.cfm,200,SOW4V7VVNRKSIOBSGLHMMQGAQSUNHZI2,text/html,2020-11-03
20201104003458,https://www.accessdata.fda.gov/scripts/drugshortages/default.cfm,200,IMLEAK75DLCK6V4UCJPLHJJRHEVJTW7K,text/html,2020-11-04
20201106220321,https://www.accessdata.fda.gov/scripts/drugshortages/default.cfm,200,JLNAJ5LNEIIKRZZ5DPPG4JIKI6RQHFV5,text/html,2020-11-06
20201111204841,https://www.accessdata.fda.gov/scripts/drugshortages/default.cfm,200,SE5KZY7YHXINOD6DXG76NRYSVW526S7V,text/html,2020-11-11
20201113033106,https://www.accessdata.fda.gov/scripts/drugshortages/default.cfm,200,TIR7SDLTOGYNX2EWV42HZHQVAOJDEUUJ,text/html,2020-11-13
20201120070809,https://www.accessdata.fda.gov/scripts/drugshortages/default.cfm,200,NXROG4YJC7FCR5MSPW7OMUEXGPVQAU5V,text/html,2020-11-20
20201121011612,https://www.accessdata.fda.gov/scripts/drugshortages/default.cfm,200,RG5JY24AC6LFUHJAGAMV7N6XZDUPFJZQ,text/html,2020-11-21
20201121074023,https://www.accessdata.fda.gov/scripts/drugshortages/default.cfm,200,XBKS3U4YJU55DUVE34AC7CFEHNQ2PKNJ,text/html,2020-11-21
20201124000410,https://www.accessdata.fda.gov/scripts/drugshortages/default.cfm,200,O27UBX4GD7PZZFVMAKUGHQLG62XKS6WP,text/html,2020-11-24
20201124134528,https://www.accessdata.fda.gov/scripts/drugshortages/default.cfm,200,MXG7PHVGYHPZNRVX5FF4HGTTFGB6BNXZ,text/html,2020-11-24
20201126193701,https://www.accessdata.fda.gov/scripts/drugshortages/default.cfm,200,MFV4M24HMYQ556NXB2N2MIZHWJTXZZNT,text/html,2020-11-26
20201208151054,https://www.accessdata.fda.gov/scripts/drugshortages/default.cfm,200,SBP5S67ASVIOFCCK4X63ZCGBCW6OBE2K,text/html,2020-12-08
20201218005138,https://www.accessdata.fda.gov/scripts/drugshortages/default.cfm,200,OUYZ2IPLGM34MPI3XVW34PMFM4DIL6DR,text/html,2020-12-18
20201221144155,https://www.accessdata.fda.gov/scripts/drugshortages/default.cfm,200,KU255YZPFBIZ7LWSKT6II4B5WWHDEFRG,text/html,2020-12-21
20201223233724,https://www.accessdata.fda.gov/scripts/drugshortages/default.cfm,200,3JGBNWVDDVNTPYNDFMAHE4RJMH4MDAGA,text/html,2020-12-23
20201229000540,https://www.accessdata.fda.gov/scripts/drugshortages/default.cfm,200,OXOMKXB2MMA5YTZ3EWC3PSIWU2WEU55B,text/html,2020-12-29
20201230222057,https://www.accessdata.fda.gov/scripts/drugshortages/default.cfm,200,T6OTOP7ZDGC42Z5SULODFP3WQROA74M7,text/html,2020-12-30
20201231171452,https://www.accessdata.fda.gov/scripts/drugshortages/default.cfm,200,LHLUBYCPVYVP6D6Y7AXRT2EK5G2LYKFL,text/html,2020-12-31
20210105170935,https://www.accessdata.fda.gov/scripts/drugshortages/default.cfm,200,LEE3IN247AANGEQFE2Q6HMAUGNDH5BNB,text/html,2021-01-05
20210114090844,https://www.accessdata.fda.gov/scripts/drugshortages/default.cfm,200,ICTDLXSXZKU7CCPHZVFM6WL65QQ7HJHK,text/html,2021-01-14
20210117020913,https://www.accessdata.fda.gov/scripts/drugshortages/default.cfm,200,XTQUNMFHDWIR3ASHPKB67U7I5RD3W2W3,text/html,2021-01-17
20210120065122,https://www.accessdata.fda.gov/scripts/drugshortages/default.cfm,200,KFBIKBC2O5S74V22UXAPQJKDQQZXO7P2,text/html,2021-01-20
20210121214802,https://www.accessdata.fda.gov/scripts/drugshortages/default.cfm,200,BNQ64ES4L77L7DARP6V6BIYVBOBJKDHD,text/html,2021-01-21
20210123031817,https://www.accessdata.fda.gov/scripts/drugshortages/default.cfm,200,DVOUYB7IUHEDGTATLYTKSKUPBXDN3XTU,text/html,2021-01-23
20210126185940,http://www.accessdata.fda.gov/scripts/drugshortages/default.cfm,200,S5GSIGANNDBQSVJ3OT2KZL4KHBXZP4PA,text/html,2021-01-26
20210128064914,https://www.accessdata.fda.gov/scripts/drugshortages/default.cfm,200,TZ567DK2UHBKLXTGJZWCOA4S5Q2LZD2H,text/html,2021-01-28
20210128140432,https://www.accessdata.fda.gov/scripts/drugshortages/default.cfm,200,KPGUCWNIEBKJOSLD4WV3ZVFS6IN4BN22,text/html,2021-01-28
20210128164338,https://www.accessdata.fda.gov/scripts/drugshortages/default.cfm,200,EKBA7ZZHUBTFUYKXAZWH3GVGSJVXFNUT,text/html,2021-01-28
20210129043306,https://www.accessdata.fda.gov/scripts/drugshortages/default.cfm,200,CX7FN5HCA66XW6ZZZMWYMTLAKTA5XBAY,text/html,2021-01-29
20210204072338,https://www.accessdata.fda.gov/scripts/drugshortages/default.cfm,200,SH7FCBXRVHSQCMEP6KVD5ANCSQFPSCMR,text/html,2021-02-04
20210211222545,https://www.accessdata.fda.gov/scripts/drugshortages/default.cfm,200,6Y2ZITTZL7QAW53ND2A7GH2ENBJSSTEB,text/html,2021-02-11
20210216123042,https://www.accessdata.fda.gov/scripts/drugshortages/default.cfm,200,SNTSWX5N7L3457XHH3WVKNDF2XYJB46W,text/html,2021-02-16
20210221021821,https://www.accessdata.fda.gov/scripts/drugshortages/default.cfm,200,H4GWI5M266BUKNF3BXRQY25CGHGFCRZG,text/html,2021-02-21
20210225143855,https://www.accessdata.fda.gov/scripts/drugshortages/default.cfm,200,ZGDL3YWXFMQNLGLXDRZRRS6QKT7ULACO,text/html,2021-02-25
20210226171817,https://www.accessdata.fda.gov/scripts/drugshortages/default.cfm,200,CQE4MBTWLP7Y6W65EXO5BOHOLY55ENGF,text/html,2021-02-26
20210307203601,https://www.accessdata.fda.gov/scripts/drugshortages/default.cfm,200,PS6OOPI37YHVF5I6N635FV7VLRLXVM4E,text/html,2021-03-07
20210318131311,https://www.accessdata.fda.gov/scripts/drugshortages/default.cfm,200,XGEOB3AHZMM7NHLNF5DG2YI4TBPMSMXB,text/html,2021-03-18
20210411030406,http://www.accessdata.fda.gov/scripts/drugshortages/default.cfm,200,JG45ZWFZLTKWCT6JPIURSKFYVXZVSODF,text/html,2021-04-11
20210414163730,https://www.accessdata.fda.gov/scripts/drugshortages/default.cfm,200,ZNDLHN3YW6PACV6726U6LRLERMPYU4O2,text/html,2021-04-14
20210418050038,https://www.accessdata.fda.gov/scripts/drugshortages/default.cfm,200,CAS4GMG3LM4SRSYGFQR5GQ4T5TJE7OYV,text/html,2021-04-18
20210422181544,https://www.accessdata.fda.gov/scripts/drugshortages/default.cfm,200,EESMOTDSIDSRN36WP3WSEYAI3SZGAOP6,text/html,2021-04-22
20210428053954,https://www.accessdata.fda.gov/scripts/drugshortages/default.cfm,200,DVTUDE2TAOQLPGGA7GAGMWA5UT7FA3WZ,text/html,2021-04-28
20210428130951,https://www.accessdata.fda.gov/scripts/drugshortages/default.cfm,200,MS3N2P33SSIQBYNITT2FP5GAUY2GCJYS,text/html,2021-04-28
20210428170932,https://www.accessdata.fda.gov/scripts/drugshortages/default.cfm,200,CSEN26AN5ME33KQMFYIJ6DQTXPAUBW3B,text/html,2021-04-28
20210430182326,https://www.accessdata.fda.gov/scripts/drugshortages/default.cfm,200,IKLEL4FJPRKEQN5ALQDUYQCSPEW42FC7,text/html,2021-04-30
20210505192003,http://www.accessdata.fda.gov/scripts/drugshortages/default.cfm,200,RH3EVQKSXXKDHUDRWVDEKD5RP3PKZJ7D,text/html,2021-05-05
20210506181819,https://www.accessdata.fda.gov/scripts/drugshortages/default.cfm,200,V7J3DWDYYV4VHDDPBWCM4ATZLGTYDLSN,text/html,2021-05-06
20210510195613,https://www.accessdata.fda.gov/scripts/drugshortages/default.cfm,200,XIGTFHPU67N42MDLLDAG3V3Y37TNPEDW,text/html,2021-05-10
20210511092200,https://www.accessdata.fda.gov/scripts/drugshortages/default.cfm,200,EGWWF64FGEQTP2YSRFL5HXV3UIUZ7BK6,text/html,2021-05-11
20210513203607,https://www.accessdata.fda.gov/scripts/drugshortages/default.cfm,200,4HJBU7MDG5URVLYD7CQ4A6PHLVGWTK2Y,text/html,2021-05-13
20210521181339,https://www.accessdata.fda.gov/scripts/drugshortages/default.cfm,200,BRKTVRULLKIT443Q66JRTQOGK2TASU3Z,text/html,2021-05-21
20210613085334,https://www.accessdata.fda.gov/scripts/drugshortages/default.cfm,200,2VXTR2RMIGQI5BSJ5F3VOW2I27TXAZBD,text/html,2021-06-13
20210614152322,https://www.accessdata.fda.gov/scripts/drugshortages/default.cfm,200,JI2ZG3V47KBCWDSKVG5XG46OXKLF7SWS,text/html,2021-06-14
20210614182910,https://www.accessdata.fda.gov/scripts/drugshortages/default.cfm,200,V3YEGOD3XBXPVKU5KQRHBFXBZYF4EZLU,text/html,2021-06-14
20210618175013,https://www.accessdata.fda.gov/scripts/drugshortages/default.cfm,200,IU7XQDRSKRO5VQ4Q3T7IOP6TY4TMZTOQ,text/html,2021-06-18
20210622191103,https://www.accessdata.fda.gov/scripts/drugshortages/default.cfm,200,ZO47RLTPP2JPQJUXLW5KGY2QNDA7B3WM,text/html,2021-06-22
20210701181121,https://www.accessdata.fda.gov/scripts/drugshortages/default.cfm,200,A7SWHJP7IYS6SRHMUAMF54AYKABYXF6N,text/html,2021-07-01
20210702080229,https://www.accessdata.fda.gov/scripts/drugshortages/default.cfm,200,JPVU57TRLD3UQUGWKRV6E4QAOFGGFPR3,text/html,2021-07-02
20210714193346,https://www.accessdata.fda.gov/scripts/drugshortages/default.cfm,200,AHDOBCVO37EM6YD3HZNNTTGXWTGESWWA,text/html,2021-07-14
20210724063615,https://www.accessdata.fda.gov/scripts/drugshortages/default.cfm,200,PHSKYXU53LGFJDX22G2KEHDFE4WWA2OF,text/html,2021-07-24
20210728172032,https://www.accessdata.fda.gov/scripts/drugshortages/default.cfm,200,ODD2NEQJW67VABHUDQGXSCVNDMVRGJ4R,text/html,2021-07-28
20210811010023,https://www.accessdata.fda.gov/scripts/drugshortages/default.cfm,200,FJDGBMY4GQHREGBASRRPN3MWDMLYYHE7,text/html,2021-08-11
20210813162655,https://www.accessdata.fda.gov/scripts/drugshortages/default.cfm,200,HXKBJRGGIBZ2VGD7MHE2VDDBDKDPMXKG,text/html,2021-08-13
20210817044050,https://www.accessdata.fda.gov/scripts/drugshortages/default.cfm,200,QRWW7HGZDGFIJ2T5CHXPK7ZSTC2FTRQL,text/html,2021-08-17
20210817201339,https://www.accessdata.fda.gov/scripts/drugshortages/default.cfm,200,HMZBU6OHL7NRIRDIJTI3VNM7AIYVREJP,text/html,2021-08-17
20210818204419,https://www.accessdata.fda.gov/scripts/drugshortages/default.cfm,200,U5HVOTXKGYF7IYRNCJSNUM73IYKXSMVS,text/html,2021-08-18
20210827175458,https://www.accessdata.fda.gov/scripts/drugshortages/default.cfm,200,MRJQ4SGY7EJSYX5R5IEY5XW5WCPGG2HV,text/html,2021-08-27
20210917073243,https://www.accessdata.fda.gov/scripts/drugshortages/default.cfm,200,KW2KXW6B5R3HJB6NMPN2DFUEHHZYLAGM,text/html,2021-09-17
20210918121319,https://www.accessdata.fda.gov/scripts/drugshortages/default.cfm,200,6QS2OIC2EDN65QVDMMYRBM6RTCWE6XQR,text/html,2021-09-18
20210927031927,https://www.accessdata.fda.gov/scripts/drugshortages/default.cfm,200,N6XOJLSAGHOWV7WOUPPLWB674HBGLYAC,text/html,2021-09-27
20211005084508,https://www.accessdata.fda.gov/scripts/drugshortages/default.cfm,200,XFVTMVFKUIDRA32NETMPOY7FWJ2Q2FMQ,text/html,2021-10-05
20211006095919,https://www.accessdata.fda.gov/scripts/drugshortages/default.cfm,200,AUNL3PEG7IG5AGYW5HCYF57FPJB5FOON,text/html,2021-10-06
20211006103250,https://www.accessdata.fda.gov/scripts/drugshortages/default.cfm,200,3TIIIHJTIANOZRTF6SSVH3N6O5QVBOTR,text/html,2021-10-06
20211006223144,https://www.accessdata.fda.gov/scripts/drugshortages/default.cfm,200,ABHDOUF5ZKOSGTW63HA74O6S2IXIIDWZ,text/html,2021-10-06
20211008102245,https://www.accessdata.fda.gov/scripts/drugshortages/default.cfm,200,T5HKAPUVIMXQ34BL6CJCQQ63SDGFVBK5,text/html,2021-10-08
20211008181034,https://www.accessdata.fda.gov/scripts/drugshortages/default.cfm,200,DVFIOGMLZQ4YTO2D3TQEDNUFLTNXHD2O,text/html,2021-10-08
20211018053434,https://www.accessdata.fda.gov/scripts/drugshortages/default.cfm,200,VMG4VEUNYPX6ETW4HTFA6Q3N7JA7ACXQ,text/html,2021-10-18
20211027104944,https://www.accessdata.fda.gov/scripts/drugshortages/default.cfm,200,FB4UXLT7SFFSC74LYDJWLR44PTZE37JW,text/html,2021-10-27
20211104055025,https://www.accessdata.fda.gov/scripts/drugshortages/default.cfm,200,J6IO7TE2VM6ULXL7C2J7UTNHFKJWX2EW,text/html,2021-11-04
20211110003958,https://www.accessdata.fda.gov/scripts/drugshortages/default.cfm,200,RMTFVHKOR6S4T63EFOLRXV5IBREWJIS7,text/html,2021-11-10
20211118144109,https://www.accessdata.fda.gov/scripts/drugshortages/default.cfm,200,2YUEQL7YOUST3BSQS3ZFQJVSL5VRFC3Z,text/html,2021-11-18
20211130021704,https://www.accessdata.fda.gov/scripts/drugshortages/default.cfm,200,2B6XTGI3ILTPK5YXHQ24BVG4VXVWHEE3,text/html,2021-11-30
20211205031341,https://www.accessdata.fda.gov/scripts/drugshortages/default.cfm,200,43GXW4BMOLC5H7N3MPHPDODHS57W72PR,text/html,2021-12-05
20211207163903,https://www.accessdata.fda.gov/scripts/drugshortages/default.cfm,200,N7C7NQHYO4RNKYBGODKLSLHXZ4JOHRQ4,text/html,2021-12-07
20211214210120,https://www.accessdata.fda.gov/scripts/drugshortages/default.cfm,200,T777HEHEW656N66AIHKJBUO2YZ4HAWIT,text/html,2021-12-14
20211215183636,https://www.accessdata.fda.gov/scripts/drugshortages/default.cfm,200,GP3LCKW3LEJERPPEBEI5L6L35WGT326Z,text/html,2021-12-15
20211218131126,https://www.accessdata.fda.gov/scripts/drugshortages/default.cfm,200,GHL63XEYCXZWF5ICODIFNSODBVC6BLL3,text/html,2021-12-18
20211231140855,https://www.accessdata.fda.gov/scripts/drugshortages/default.cfm,200,YUSCLJCGU4WO32LQLF63O3LQOWD5BCPC,text/html,2021-12-31
20220112143217,https://www.accessdata.fda.gov/scripts/drugshortages/default.cfm,200,UHKS4ZNGJUPXBGEY6ZL5426IZT5GOEQP,text/html,2022-01-12
20220119081658,http://www.accessdata.fda.gov/scripts/drugshortages/default.cfm,200,MVN45CFKU26LYK3T55PMGHX3RCDMXUIN,text/html,2022-01-19
20220119163247,https://www.accessdata.fda.gov/scripts/drugshortages/default.cfm,200,LH3HVTVVCFMX7H62I747GQLCYTYWHLFE,text/html,2022-01-19
20220119222354,https://www.accessdata.fda.gov/scripts/drugshortages/default.cfm,200,YRHR4K7WUQBA5T3XRWRIROVYX6CTQRZF,text/html,2022-01-19
20220122013835,https://www.accessdata.fda.gov/scripts/drugshortages/default.cfm,200,ZZHSGJX4LIAXEMH3WXC7OFFYSLNYHMP2,text/html,2022-01-22
20220125194208,https://www.accessdata.fda.gov/scripts/drugshortages/default.cfm,200,MOGETAHBEPEFKAAXI3H4VKWD2D2RV7YO,text/html,2022-01-25
20220126212944,https://www.accessdata.fda.gov/scripts/drugshortages/default.cfm,200,IZ6KSRMKHESJ73IKNUOJTOVGZ6XJSURO,text/html,2022-01-26
20220130065827,http://www.accessdata.fda.gov/scripts/drugshortages/default.cfm,200,HE4HJFAKRH5WLPFO25UCHQCFQQOGZPUL,text/html,2022-01-30
20220202161226,https://www.accessdata.fda.gov/scripts/drugshortages/default.cfm,200,TBPQ5GY4YGJTUILOMYABVPA4FYVT5SNJ,text/html,2022-02-02
20220211091020,https://www.accessdata.fda.gov/scripts/drugshortages/default.cfm,200,BVXZBHJKZR55TQZTPE6DKGP7BRQT4UGZ,text/html,2022-02-11
20220211091025,https://www.accessdata.fda.gov/scripts/drugshortages/default.cfm,200,T3FBD7L7MMSIMXRQKHSAN6CSU7EI6N4R,text/html,2022-02-11
20220221091042,https://www.accessdata.fda.gov/scripts/drugshortages/default.cfm,200,7WDYGJ53DIDTPHVGV7DWROGFR4W2FUXJ,text/html,2022-02-21
20220303165420,https://www.accessdata.fda.gov/scripts/drugshortages/default.cfm,200,WLMZL7D23RPZDP3YA3KCO4ZV6AIN76LO,text/html,2022-03-03
20220304194859,https://www.accessdata.fda.gov/scripts/drugshortages/default.cfm,200,3JYVHJEP6CQDNSGYCMB6MED7MCM4MKXD,text/html,2022-03-04
20220308123156,https://www.accessdata.fda.gov/scripts/drugshortages/default.cfm,200,PPA5BD3BEVL7DOT3ENLSE5CTFD2RRY26,text/html,2022-03-08
20220317044727,https://www.accessdata.fda.gov/scripts/drugshortages/default.cfm,200,SQWTCNVCNYUX4PHKAQCF7B2C3B3ZX5RY,text/html,2022-03-17
20220323092552,https://www.accessdata.fda.gov/scripts/drugshortages/default.cfm,200,X6F2WF4ZBF54WNEBSF3FDZ2CR5Z6OJIY,text/html,2022-03-23
20220326120014,https://www.accessdata.fda.gov/scripts/drugshortages/default.cfm,200,ZNBNETBX4WBYUJKVEPUYNQQ5LN4FFAO3,text/html,2022-03-26
20220404005846,http://www.accessdata.fda.gov/scripts/drugshortages/default.cfm,200,5KFLASHWM4OGJH742NZL5FNNMTYCGMGG,text/html,2022-04-04
20220404054106,https://www.accessdata.fda.gov/scripts/drugshortages/default.cfm,200,2DSAVN3EXCQYEM4ZXJY4G7YJKBMJYEFM,text/html,2022-04-04
20220406053739,https://www.accessdata.fda.gov/scripts/drugshortages/default.cfm,200,S3XWPEKZSGF4JARSNGZTZUZZS6BYOZUJ,text/html,2022-04-06
20220413082011,https://www.accessdata.fda.gov/scripts/drugshortages/default.cfm,200,GQDHLR4EOI725IZT4Z6OWOWNEVUSERCM,text/html,2022-04-13
20220416085212,https://www.accessdata.fda.gov/scripts/drugshortages/default.cfm,200,OR623HUTGIOJ4ID2NHTLMFYCGH7JVE7L,text/html,2022-04-16
20220423150755,https://www.accessdata.fda.gov/scripts/drugshortages/default.cfm,200,SEIL3JKSU6AQOC2DJDNKTGTQEL5YF2NX,text/html,2022-04-23
20220425112757,https://www.accessdata.fda.gov/scripts/drugshortages/default.cfm,200,YYFT7AMWSD67675NKDN5JXNM2KRWF42W,text/html,2022-04-25
20220427005506,https://www.accessdata.fda.gov/scripts/drugshortages/default.cfm,200,HE2OPM5FRFNQTFSRW4YEG6H4E7JGPTDO,text/html,2022-04-27
20220428184252,https://www.accessdata.fda.gov/scripts/drugshortages/default.cfm,200,S37CTLA6SNAO6NAQQURVRP4PSL45BF6T,text/html,2022-04-28
20220502000747,https://www.accessdata.fda.gov/scripts/drugshortages/default.cfm,200,3TGAKRFXMJYF2EVZCKWM4MA3XH566PNC,text/html,2022-05-02
20220504050646,https://www.accessdata.fda.gov/scripts/drugshortages/default.cfm,200,AOPWSLSHF3JOYK5H5OZJJ4WZDJE52DDQ,text/html,2022-05-04
20220507172130,https://www.accessdata.fda.gov/scripts/drugshortages/default.cfm,200,RKLLWT7NLUSITS22HODDWWHLGKFHVTOK,text/html,2022-05-07
20220509161910,https://www.accessdata.fda.gov/scripts/drugshortages/default.cfm,200,6M2LFHD5Z44GTIFKFBONNQXKT3TQEL3Q,text/html,2022-05-09
20220510180702,https://www.accessdata.fda.gov/scripts/drugshortages/default.cfm,200,KAFDY3ZG7A7PCPATZQGT6QZK7RJ2EXPW,text/html,2022-05-10
20220510214912,https://www.accessdata.fda.gov/scripts/drugshortages/default.cfm,200,PVU4BURVRGH6RIMMJGGSMVURQKXJ7IUJ,text/html,2022-05-10
20220513095701,https://www.accessdata.fda.gov/scripts/drugshortages/default.cfm,200,L3TDQW6PEKJYQVU2WWVTX4O4AMDOZBXA,text/html,2022-05-13
20220517185343,https://www.accessdata.fda.gov/scripts/drugshortages/default.cfm,200,OFPUPBKFK66EOOKXMFO6FFJTDTIZVAEH,text/html,2022-05-17
20220519034622,https://www.accessdata.fda.gov/scripts/drugshortages/default.cfm,200,TCAQ3FY7PNZEHMXK3ANC4BPGHHDDLCLT,text/html,2022-05-19
20220523091351,https://www.accessdata.fda.gov/scripts/drugshortages/default.cfm,200,Z3NRCRLXTLU5TDKEZGXVYND4DDYXLXGH,text/html,2022-05-23
20220601224531,https://www.accessdata.fda.gov/scripts/drugshortages/default.cfm,200,EMJWG3J2DWGPNIC2JVSGORKNBZWVRFTE,text/html,2022-06-01
20220602103359,https://www.accessdata.fda.gov/scripts/drugshortages/default.cfm,200,2JM2Y6RRGRSNKM5WU3NLHLCF5JDA6XDG,text/html,2022-06-02
20220613151056,https://www.accessdata.fda.gov/scripts/drugshortages/default.cfm,200,QT666YJDA56TT3R2PRCTDDQL7XLCKYEM,text/html,2022-06-13
20220615195818,https://www.accessdata.fda.gov/scripts/drugshortages/default.cfm,200,4E3ORM2OMABRMC7CLLAP5E4UAFBHGSNM,text/html,2022-06-15
20220619195302,http://www.accessdata.fda.gov/scripts/drugshortages/default.cfm,200,MNY3KWHS7PLYIREL6EFXLRNELVZAHG4H,text/html,2022-06-19
20220620154439,https://www.accessdata.fda.gov/scripts/drugshortages/default.cfm,200,EGHHPEU3R4PYVSMSDHZRMTXOU4C3ZKN3,text/html,2022-06-20
20220621162110,https://www.accessdata.fda.gov/scripts/drugshortages/default.cfm,200,OE6QFYFXXMUYJC4FENXQIOGVOJBRR4UT,text/html,2022-06-21
20220621165109,https://www.accessdata.fda.gov/scripts/drugshortages/default.cfm,200,24BMDSHIMD5AMDDX3LSALKWGEHKIPVKM,text/html,2022-06-21
20220623042241,https://www.accessdata.fda.gov/scripts/drugshortages/default.cfm,200,HHQJR7CYIE3FRBZ56R3FSSKHNCTELO6P,text/html,2022-06-23
20220701213141,https://www.accessdata.fda.gov/scripts/drugshortages/default.cfm,200,VHSPAQYFQA7IHOV32TBFFBDQRGL3RGD5,text/html,2022-07-01
20220707115923,https://www.accessdata.fda.gov/scripts/drugshortages/default.cfm,200,JQ64F54QINZEI4MJDDC2DGM6OEHBKZGF,text/html,2022-07-07
20220708061039,https://www.accessdata.fda.gov/scripts/drugshortages/default.cfm,200,WM4ME4H7VGS4EHVRLWBQXEBDRYFM2PM4,text/html,2022-07-08
20220708190826,https://www.accessdata.fda.gov/scripts/drugshortages/default.cfm,200,UCF3MEDGSSO6747C66UHNLSSKYUGK5K3,text/html,2022-07-08
20220710011642,https://www.accessdata.fda.gov/scripts/drugshortages/default.cfm,200,35KC4LCTJITQQZIIWONG5FWEVMJHMSZ2,text/html,2022-07-10
20220711203315,https://www.accessdata.fda.gov/scripts/drugshortages/default.cfm,200,LMQKJMK3OV4S76VYVNKSGDSIZDP3YR37,text/html,2022-07-11
20220717190631,https://www.accessdata.fda.gov/scripts/drugshortages/default.cfm,200,IKPGTXZBAVGOJZ42SZ7ZENB6S7CH5655,text/html,2022-07-17
20220802190134,https://www.accessdata.fda.gov/scripts/drugshortages/default.cfm,200,SYPXZ2YV47CIP4OSL4AI6E2INDSZCBG3,text/html,2022-08-02
20220808200159,http://www.accessdata.fda.gov/scripts/drugshortages/default.cfm,200,4FCX4QAJQHJTN6BOSFAZIPNWGA7PWMIT,text/html,2022-08-08
20220809211011,https://www.accessdata.fda.gov/scripts/drugshortages/default.cfm,200,VPOW5BB5CYDKV6C6F7LZZJB5ONKMWHMV,text/html,2022-08-09
20220812192207,https://www.accessdata.fda.gov/scripts/drugshortages/default.cfm,200,2ODH6FLVN7VTWU43SLGRHWYBM2GQJQ4A,text/html,2022-08-12
20220814092501,http://www.accessdata.fda.gov/scripts/drugshortages/default.cfm,200,BTBO4YPHWQZ7OOZGUV2ETZ7UJXX4AH2E,text/html,2022-08-14
20220818230256,https://www.accessdata.fda.gov/scripts/drugshortages/default.cfm,200,A5P6W5DNESZT4Z6PLNGOZZFSKLEI7YTZ,text/html,2022-08-18
20220826032345,https://www.accessdata.fda.gov/scripts/drugshortages/default.cfm,200,XQLGS6DQJZ6KOYK3GMD7HBVB2ZZ7DZ5H,text/html,2022-08-26
20220826160432,https://www.accessdata.fda.gov/scripts/drugshortages/default.cfm,200,6AYROFGEMW46QKPSTBV7OUOLMRBRFXMW,text/html,2022-08-26
20220831055423,https://www.accessdata.fda.gov/scripts/drugshortages/default.cfm,200,DHBCXR4AYHKT4PYV5NTSBLLRWQFLR4OM,text/html,2022-08-31
20220831091627,https://www.accessdata.fda.gov/scripts/drugshortages/default.cfm,200,JQES4EJPWJ767IYUDAPBLSIONYKMNMJJ,text/html,2022-08-31
20220901034458,https://www.accessdata.fda.gov/scripts/drugshortages/default.cfm,200,KUM726YJNAO5RPYAO545NBOU6GLBK76H,text/html,2022-09-01
20220905115235,https://www.accessdata.fda.gov/scripts/drugshortages/default.cfm,200,RNFJUSEOZK3E2IPS5JAVT6JRR6UOH5MH,text/html,2022-09-05
20220915164508,https://www.accessdata.fda.gov/scripts/drugshortages/default.cfm,200,F7NZHLJBNOJ633QYAL7HNNVMATKCCX43,text/html,2022-09-15
20220920161115,https://www.accessdata.fda.gov/scripts/drugshortages/default.cfm,200,TIXGP52DIZOQ3TZ523UXCUB3ALYKGKOB,text/html,2022-09-20
20220928034251,https://www.accessdata.fda.gov/scripts/drugshortages/default.cfm,200,LNY5AJ3D4F46IIDAK5CZN2H6UY363FF7,text/html,2022-09-28
20220929041220,https://www.accessdata.fda.gov/scripts/drugshortages/default.cfm,200,NGRK5NPX3RQFAIRK7CXF4XI4HPCIRGW2,text/html,2022-09-29
20221001042220,https://www.accessdata.fda.gov/scripts/drugshortages/default.cfm,200,HHOYW2RAYXPFESZAEPZDXY2B6YHAV4Q3,text/html,2022-10-01
20221005222541,http://www.accessdata.fda.gov/scripts/drugshortages/default.cfm,200,FRBJCB2RGFGYJCBC67MAYETDULFUZIWH,text/html,2022-10-05
20221007040421,https://www.accessdata.fda.gov/scripts/drugshortages/default.cfm,200,A4DAUMUAWQ2VXUEQ7UI6R4ILUO5B56DS,text/html,2022-10-07
20221012233135,https://www.accessdata.fda.gov/scripts/drugshortages/default.cfm,200,NROPWMIJTI274QO7JJ53C5SHEW7VHO4Y,text/html,2022-10-12
20221014181927,https://www.accessdata.fda.gov/scripts/drugshortages/default.cfm,200,GS6YFLWUGASI4SUX7H4Z5WPL3NR6DSDT,text/html,2022-10-14
20221014200732,https://www.accessdata.fda.gov/scripts/drugshortages/default.cfm,200,RTLHB3IU5ARHI4EDMNAX7JW6I3Y25LAC,text/html,2022-10-14
20221018005126,https://www.accessdata.fda.gov/scripts/drugshortages/default.cfm,200,LQWET4PWOCHBEHRPGMTJEH7HOS3Y4DNX,text/html,2022-10-18
20221018150831,https://www.accessdata.fda.gov/scripts/drugshortages/default.cfm,200,PDY4EPWSXXXQJRY3BAUFHWDMM6QJ657Z,text/html,2022-10-18
20221018162514,https://www.accessdata.fda.gov/scripts/drugshortages/default.cfm,200,GGK7GWAI47IWCEWNHJXUEQN6WK6E5EZX,text/html,2022-10-18
20221019144704,https://www.accessdata.fda.gov/scripts/drugshortages/default.cfm,200,5VXDHEFUFCG3JY2RPL753WPNHPW3TUVA,text/html,2022-10-19
20221020053112,https://www.accessdata.fda.gov/scripts/drugshortages/default.cfm,200,T2ON4PRA7QVDLH4VE3F3AOHPRS6GU7UO,text/html,2022-10-20
20221020202214,https://www.accessdata.fda.gov/scripts/drugshortages/default.cfm,200,5MWTQBYHPNQO26CQUR5FKSMKCKDIZS2D,text/html,2022-10-20
20221021115313,https://www.accessdata.fda.gov/scripts/drugshortages/default.cfm,200,IFKHHO7Z75AGFW6UMH6LRCZNVMTRWIEX,text/html,2022-10-21
20221026021812,https://www.accessdata.fda.gov/scripts/drugshortages/default.cfm,200,T6XOMG6II52MINZM22PZ7IEYNZFYUWXG,text/html,2022-10-26
20221027103139,https://www.accessdata.fda.gov/scripts/drugshortages/default.cfm,200,AAQNRTILVQJORKQYZ7BOA2WPA4QOJ7MT,text/html,2022-10-27
20221028193908,https://www.accessdata.fda.gov/scripts/drugshortages/default.cfm,200,KIO6JEBIXSIEXHHRV4QYZZR5M7WUCL7Q,text/html,2022-10-28
20221031144929,https://www.accessdata.fda.gov/scripts/drugshortages/default.cfm,200,OVPLII2Z4X7QCZ754JOMEHJCRCSESZ3C,text/html,2022-10-31
20221031200948,https://www.accessdata.fda.gov/scripts/drugshortages/default.cfm,200,EHKR3ZQB2XV4TVTJXCAWYLDMDUALZR3C,text/html,2022-10-31
20221101165559,https://www.accessdata.fda.gov/scripts/drugshortages/default.cfm,200,KSELINOXNFZT62DISI3U76MZMWMPU6NW,text/html,2022-11-01
20221102152628,https://www.accessdata.fda.gov/scripts/drugshortages/default.cfm,200,ZQAMFJBYFPGMBFE7OGMF4J2PS5UN42GX,text/html,2022-11-02
20221103024322,https://www.accessdata.fda.gov/scripts/drugshortages/default.cfm,200,CQGCGYNYWJ5CZSXIZA74RHSOUYCNYRZW,text/html,2022-11-03
20221103130202,https://www.accessdata.fda.gov/scripts/drugshortages/default.cfm,200,3S6XWFFFS3FJKU4CF6AHAPZKUSKBTMMH,text/html,2022-11-03
20221104210253,https://www.accessdata.fda.gov/scripts/drugshortages/default.cfm,200,RQKD5SLGHKNFZFTM7KIKMVNNQIGXP4WV,text/html,2022-11-04
20221104230952,https://www.accessdata.fda.gov/scripts/drugshortages/default.cfm,200,7OD2QALHT2CJIC5ULFXSYARPOSF2LHX2,text/html,2022-11-04
20221108230717,https://www.accessdata.fda.gov/scripts/drugshortages/default.cfm,200,ZJMDAPZI4BVGGQ52WCVMAKRKRW6P4XUX,text/html,2022-11-08
20221110000930,https://www.accessdata.fda.gov/scripts/drugshortages/default.cfm,200,ZCEMCRQOJ5357MNAAZHMMH74XWTLJBOG,text/html,2022-11-10
20221110163658,https://www.accessdata.fda.gov/scripts/drugshortages/default.cfm,200,OJOUC53L46CSFWKRK5VRIM6SQ7Y3VP62,text/html,2022-11-10
20221110190523,https://www.accessdata.fda.gov/scripts/drugshortages/default.cfm,200,552FLUJA4OWUHMPHHBNTQ7NTY6URGLV6,text/html,2022-11-10
20221115051857,https://www.accessdata.fda.gov/scripts/drugshortages/default.cfm,200,XDUPM4JFPLCDIQOVHRCJQMJYUZDWXG23,text/html,2022-11-15
20221116073926,https://www.accessdata.fda.gov/scripts/drugshortages/default.cfm,200,5H6ABTTN4DKENZG7PPE6WQEHWWM7ONRK,text/html,2022-11-16
20221116163425,https://www.accessdata.fda.gov/scripts/drugshortages/default.cfm,200,BS6PJSOSZF7MF3RYVCCE7AGJGNLVUN5F,text/html,2022-11-16
20221117155633,https://www.accessdata.fda.gov/scripts/drugshortages/default.cfm,200,YMSVG6IVR2GS4X6ZRAF6EUO5T6S5O5ME,text/html,2022-11-17
20221117225207,https://www.accessdata.fda.gov/scripts/drugshortages/default.cfm,200,TROMYXKLBMTBN5SGZE2XB34C2SWSTKHO,text/html,2022-11-17
20221119011447,https://www.accessdata.fda.gov/scripts/drugshortages/default.cfm,200,2E676KD6KEHKMC4BJIBNBF2MQX7RH4DA,text/html,2022-11-19
20221121193518,https://www.accessdata.fda.gov/scripts/drugshortages/default.cfm,200,7D64JTXTMAGBWBCGZYRWNXGPABCMPHI4,text/html,2022-11-21
20221122202552,https://www.accessdata.fda.gov/scripts/drugshortages/default.cfm,200,HMH5TUWOJWSIOWQNL4LWKNWFZQBTSRYG,text/html,2022-11-22
20221123021032,https://www.accessdata.fda.gov/scripts/drugshortages/default.cfm,200,SLXLFWI3DSVJJ3UWBU37SGNYPSXPQIZ5,text/html,2022-11-23
20221123162429,https://www.accessdata.fda.gov/scripts/drugshortages/default.cfm,200,ZHXERPBGL7SMYZMVAA5PT22OF3XKLWLE,text/html,2022-11-23
20221123175800,https://www.accessdata.fda.gov/scripts/drugshortages/default.cfm,200,5S4YK6WWBJ5LVQD7CL347TQ4ANU4BS2M,text/html,2022-11-23
20221123205016,https://www.accessdata.fda.gov/scripts/drugshortages/default.cfm,200,QRQUUHR6IASAWD4WMV6NNVWNSHUV3ZBG,text/html,2022-11-23
20221128173926,https://www.accessdata.fda.gov/scripts/drugshortages/default.cfm,200,QVKYXJSCDQ44ZWBWHBEGZ4C4JDOQ436V,text/html,2022-11-28
20221129033152,https://www.accessdata.fda.gov/scripts/drugshortages/default.cfm,200,KANYWZP4PUHWN5HE77EASHPPRTVY663E,text/html,2022-11-29
20221129145239,https://www.accessdata.fda.gov/scripts/drugshortages/default.cfm,200,EEPXGNYTUDLWB6B6KJOJWTJKLNG6OKVA,text/html,2022-11-29
20221130184115,https://www.accessdata.fda.gov/scripts/drugshortages/default.cfm,200,WVUJNPPD7MNPEYM4MYQYBCRVDZ2XCTSQ,text/html,2022-11-30
20221130200902,https://www.accessdata.fda.gov/scripts/drugshortages/default.cfm,200,XMDUEZOWMJEO5MBBVX6T5T7NAPOXMOB3,text/html,2022-11-30
20221202145943,https://www.accessdata.fda.gov/scripts/drugshortages/default.cfm,200,QTUGQILL4BGX4CAP4YUCH7JP42DYIQY4,text/html,2022-12-02
20221203070117,https://www.accessdata.fda.gov/scripts/drugshortages/default.cfm,200,BWRNQLPB7DPMUOCILYKTWD7XLFHFTZRM,text/html,2022-12-03
20221206221112,https://www.accessdata.fda.gov/scripts/drugshortages/default.cfm,200,3RDNIOQ6LFLCQETNWJ3KCHA7K4RQKVWV,text/html,2022-12-06
20221208202747,https://www.accessdata.fda.gov/scripts/drugshortages/default.cfm,200,G4HPQQXP5TN55U7T6XQOOYO63Y2SPNOW,text/html,2022-12-08
20221209171958,https://www.accessdata.fda.gov/scripts/drugshortages/default.cfm,200,F6F5SINVXMV63ME4LEDDSG3CPCH4FGGP,text/html,2022-12-09
20221209235413,https://www.accessdata.fda.gov/scripts/drugshortages/default.cfm,200,NG2ZBED67SS4LPKOSQYJS774KFH56SKV,text/html,2022-12-09
20221210220032,https://www.accessdata.fda.gov/scripts/drugshortages/default.cfm,200,THR2K236Y3ZY63GHVEEEGZUY5ZVSIQDH,text/html,2022-12-10
20221214120706,https://www.accessdata.fda.gov/scripts/drugshortages/default.cfm,200,C3GFTX5CKCNBWGGGHVJ4L3D2E3EB52SG,text/html,2022-12-14
20221216004924,https://www.accessdata.fda.gov/scripts/drugshortages/default.cfm,200,YU7K2IKFI47FM3ROQSHDGIH6GTSCD2XR,text/html,2022-12-16
20221216225246,https://www.accessdata.fda.gov/scripts/drugshortages/default.cfm,200,J5C7U7DUJGFTRWLX7ALTD2PODTX6KV2S,text/html,2022-12-16
20221219222055,https://www.accessdata.fda.gov/scripts/drugshortages/default.cfm,200,VNLXGWRLOH7VS6NA4R7G6LEWOSDNNALU,text/html,2022-12-19
20221221195358,https://www.accessdata.fda.gov/scripts/drugshortages/default.cfm,200,VTE7FJCMLPAYAFWJC7MFSGKBL2MFYX6K,text/html,2022-12-21
20221221220906,https://www.accessdata.fda.gov/scripts/drugshortages/default.cfm,200,2BNCKTPHDQC6CW4AYWXWXEM3RB5XIS2L,text/html,2022-12-21
20221222165113,https://www.accessdata.fda.gov/scripts/drugshortages/default.cfm,200,P5JHAHVGQ6PAG2OKR64UK66JESTI7F5R,text/html,2022-12-22
20221222233236,https://www.accessdata.fda.gov/scripts/drugshortages/default.cfm,200,UFWFMXQKXSUCZGJHTFJEGQHWXAJCUBCB,text/html,2022-12-22
20221224063609,https://www.accessdata.fda.gov/scripts/drugshortages/default.cfm,200,563RZHZAD2QZ67LJCMWWH5OPBKSX36ZO,text/html,2022-12-24
20221227142104,https://www.accessdata.fda.gov/scripts/drugshortages/default.cfm,200,D6FGCF7X3ZXMK3WHQNH7NXOAZIVBRQTC,text/html,2022-12-27
20221228160353,https://www.accessdata.fda.gov/scripts/drugshortages/default.cfm,200,BP7TFQK6FU2WXT7UMAOZC2DWW5YBKPOZ,text/html,2022-12-28
20221228175120,https://www.accessdata.fda.gov/scripts/drugshortages/default.cfm,200,HJROR24ATQI7UQDRJSS55YAB2N5Q3B6T,text/html,2022-12-28
20230105202312,https://www.accessdata.fda.gov/scripts/drugshortages/default.cfm,200,73ZZKJGOHBT36FVWJ7WNLPJ4TTLECMES,text/html,2023-01-05
20230106162234,https://www.accessdata.fda.gov/scripts/drugshortages/default.cfm,200,IFFYQR4VIP7BKMNTJ75XFSDLU26MMSG7,text/html,2023-01-06
20230110123608,https://www.accessdata.fda.gov/scripts/drugshortages/default.cfm,200,YZEJCOFEL3JI65D2JS6DRXQSX7OPOP7L,text/html,2023-01-10
20230110233259,https://www.accessdata.fda.gov/scripts/drugshortages/default.cfm,200,BJQ22LVJBBJVTVEW7UUHU6H5PGFRHFY3,text/html,2023-01-10
20230111210803,https://www.accessdata.fda.gov/scripts/drugshortages/default.cfm,200,QJDCOTJJG3LZV643YQLFEFJVJJ22NHSW,text/html,2023-01-11
20230112220645,https://www.accessdata.fda.gov/scripts/drugshortages/default.cfm,200,WEBW7S5AFGDFEXAMT7ENLAMF6OWWG4QA,text/html,2023-01-12
20230113175936,https://www.accessdata.fda.gov/scripts/drugshortages/default.cfm,200,N4HBVMH2VTLWWRODUJSKQTTJNDZIDRTK,text/html,2023-01-13
20230114020312,https://www.accessdata.fda.gov/scripts/drugshortages/default.cfm,200,IXC2IEJ2G6QSZFCLZ742RSYNCUURYWGO,text/html,2023-01-14
20230117184546,https://www.accessdata.fda.gov/scripts/drugshortages/default.cfm,200,FJVR6KSDYKJF3WX6CT7A2JBBHXHDY5NZ,text/html,2023-01-17
20230118132011,https://www.accessdata.fda.gov/scripts/drugshortages/default.cfm,200,CM6K4KUS4L4Y53JMW76XPY4PQMB4F4L2,text/html,2023-01-18
20230119002326,https://www.accessdata.fda.gov/scripts/drugshortages/default.cfm,200,JZNWGYCLTVL2SEZK24WQMFOEWG2T5GF5,text/html,2023-01-19
20230119182528,https://www.accessdata.fda.gov/scripts/drugshortages/default.cfm,200,5JSTH2W6URJZVK5WNCQ6H7VSTJ4VQZN2,text/html,2023-01-19
20230119220800,https://www.accessdata.fda.gov/scripts/drugshortages/default.cfm,200,YADJBUQ24UK2MKWF3NBKMEWWXVCWI652,text/html,2023-01-19
20230120170421,https://www.accessdata.fda.gov/scripts/drugshortages/default.cfm,200,C2A2AKL6TFEB263XLZVRGBWFQWDB6QP2,text/html,2023-01-20
20230120183728,https://www.accessdata.fda.gov/scripts/drugshortages/default.cfm,200,CHI5XUAVQNSAZJPNOHZFCDIKBC5I4J5N,text/html,2023-01-20
20230121070654,https://www.accessdata.fda.gov/scripts/drugshortages/default.cfm,200,NYAVZI32IQB4MY2FPJCBPNBSJUX3Y4OU,text/html,2023-01-21
20230127014503,https://www.accessdata.fda.gov/scripts/drugshortages/default.cfm,200,5D7MXJVOE3FYSZPK4GFUBJGSFGXBAA4D,text/html,2023-01-27
20230127060333,https://www.accessdata.fda.gov/scripts/drugshortages/default.cfm,200,MVVGSIL24LEROH2PAXWN4D32K2BWMXSW,text/html,2023-01-27
20230130140907,https://www.accessdata.fda.gov/scripts/drugshortages/default.cfm,200,LGDRUH6TJNCDZGHAHLWO4KD3ROD3BKJA,text/html,2023-01-30
20230130215511,https://www.accessdata.fda.gov/scripts/drugshortages/default.cfm,200,5RK2GLB4LSGQ274L7L62S5545VKR5RIX,text/html,2023-01-30
20230131213622,https://www.accessdata.fda.gov/scripts/drugshortages/default.cfm,200,3T5FWFO4P4K7WYCWOIPE7G57LNVL6KO3,text/html,2023-01-31
20230201184054,https://www.accessdata.fda.gov/scripts/drugshortages/default.cfm,200,N4GAKLKA7YKPHN7YSABTNINTIUSJYULB,text/html,2023-02-01
20230203003841,https://www.accessdata.fda.gov/scripts/drugshortages/default.cfm,200,OHNMOVDCEBK44KCIQHRTF2GWRNO5B3VO,text/html,2023-02-03
20230204083630,https://www.accessdata.fda.gov/scripts/drugshortages/default.cfm,200,QC6C3YHCLW4B6VR6TQBYASJTXEGPHDOK,text/html,2023-02-04
20230206163019,https://www.accessdata.fda.gov/scripts/drugshortages/default.cfm,200,RTE6AOZIAEAJ3U2NKTU7VEJG73QTDYHV,text/html,2023-02-06
20230208015106,https://www.accessdata.fda.gov/scripts/drugshortages/default.cfm,200,LT4OTWHA3PE564OTRJBZDSQJV5IUA27N,text/html,2023-02-08
20230208155906,https://www.accessdata.fda.gov/scripts/drugshortages/default.cfm,200,ZX2ZC76Q3OXT7ZHCZC3F7CH4RNB33CMH,text/html,2023-02-08
20230208185102,https://www.accessdata.fda.gov/scripts/drugshortages/default.cfm,200,ACJ3YLAYGODTAFVDLS3LQ4UFZF7Q4DK6,text/html,2023-02-08
20230209110300,https://www.accessdata.fda.gov/scripts/drugshortages/default.cfm,200,D7QMSOSOHHVIUS7GBLYZ3FLBG6UFYZTW,text/html,2023-02-09
20230209183125,https://www.accessdata.fda.gov/scripts/drugshortages/default.cfm,200,C6GOYVDRCZN5MIZ6GBJPNETLT7WF45OZ,text/html,2023-02-09
20230210212337,https://www.accessdata.fda.gov/scripts/drugshortages/default.cfm,200,YOW5MGY27ZXYR45YT73KEBETMV4KUTCQ,text/html,2023-02-10
20230216090246,https://www.accessdata.fda.gov/scripts/drugshortages/default.cfm,200,T2VG3HBAZIVL6JZJNYJB7OVHAK5S4MDX,text/html,2023-02-16
20230216131807,https://www.accessdata.fda.gov/scripts/drugshortages/default.cfm,200,HKDHNIOTKXYGS4M7JQ5WT3PW7NLM425T,text/html,2023-02-16
20230216155222,https://www.accessdata.fda.gov/scripts/drugshortages/default.cfm,200,YO5K6WJAAK4QYJH3ETUBTK7AQFVQ5IFY,text/html,2023-02-16
20230216190400,https://www.accessdata.fda.gov/scripts/drugshortages/default.cfm,200,MJBLEAGFWZI2NQTRRTPGCKRM4RDFBZNM,text/html,2023-02-16
20230216211527,https://www.accessdata.fda.gov/scripts/drugshortages/default.cfm,200,2EKIKDJV4IWCJGATSLG3GTGRIAIU23AF,text/html,2023-02-16
20230217010911,https://www.accessdata.fda.gov/scripts/drugshortages/default.cfm,200,AUYWZCQNR7TGCX3X6QW2KTJUKX2HODPD,text/html,2023-02-17
20230218180725,https://www.accessdata.fda.gov/scripts/drugshortages/default.cfm,200,KG7S36GUYRV4FCHPI7SEKARVHM7UW43J,text/html,2023-02-18
20230221223736,https://www.accessdata.fda.gov/scripts/drugshortages/default.cfm,200,PBWEPA4K5UFLLIDTYUASNVAZH4AE6U6Y,text/html,2023-02-21
20230224180710,https://www.accessdata.fda.gov/scripts/drugshortages/default.cfm,200,2U3UEWMQG73A55YTV4UW4YEOJ4TYNGOL,text/html,2023-02-24
20230225031747,https://www.accessdata.fda.gov/scripts/drugshortages/default.cfm,200,V6YG5XY3XMYGLRVFPL5TYX5B4MDEDQ3M,text/html,2023-02-25
20230227153820,https://www.accessdata.fda.gov/scripts/drugshortages/default.cfm,200,KEUFKBJUTMRPKHT7U2YWONYUQ5PMN5VP,text/html,2023-02-27
20230228120335,https://www.accessdata.fda.gov/scripts/drugshortages/default.cfm,200,NUA5XAWEXOVJZ7AR7B5TDDQCVS55MCXC,text/html,2023-02-28
20230301170800,https://www.accessdata.fda.gov/scripts/drugshortages/default.cfm,200,2FCM3N3JQSUIVSV53M56AVD24Y2RXR32,text/html,2023-03-01
20230302190934,https://www.accessdata.fda.gov/scripts/drugshortages/default.cfm,200,C4CPJ4LUAO6R53Y6LFW6BR6AKNF7YDQE,text/html,2023-03-02
20230305185455,https://www.accessdata.fda.gov/scripts/drugshortages/default.cfm,200,VGSTTB2KFEWYMOKZ2RD46NJTPD6MFNO5,text/html,2023-03-05
20230306003113,https://www.accessdata.fda.gov/scripts/drugshortages/default.cfm,200,DTNPBHBMMI5GWSR5GCQHT23C2P3TM3E2,text/html,2023-03-06
20230307172617,https://www.accessdata.fda.gov/scripts/drugshortages/default.cfm,200,UBYN74EZSNJZ77AQCAFGZAHEOG3QIGB3,text/html,2023-03-07
20230308064153,https://www.accessdata.fda.gov/scripts/drugshortages/default.cfm,200,AV6TFHAWT3YY2LRIT6UDS54YIDHXRDI6,text/html,2023-03-08
20230309053528,https://www.accessdata.fda.gov/scripts/drugshortages/default.cfm,200,QV5ZCIWKEA4UM6XMYSKUGRM2AFM7DTFW,text/html,2023-03-09
20230313062617,https://www.accessdata.fda.gov/scripts/drugshortages/default.cfm,200,RJQ4QUYCNHZABAMFBMXF5XN3KNAWL5WP,text/html,2023-03-13
20230313222857,https://www.accessdata.fda.gov/scripts/drugshortages/default.cfm,200,WMMOYK7JPYHPHN65RR6FJF75WASEKXFV,text/html,2023-03-13
20230314232916,https://www.accessdata.fda.gov/scripts/drugshortages/default.cfm,200,HWPA773OSNAFT2BJ5UF2H6N5VFMPUHSZ,text/html,2023-03-14
20230316012038,https://www.accessdata.fda.gov/scripts/drugshortages/default.cfm,200,YOJHFI6HDU2YCSHOH2S3T5CLJ36UVZCZ,text/html,2023-03-16
20230317023034,https://www.accessdata.fda.gov/scripts/drugshortages/default.cfm,200,VEF6YAMEVYOYN4QBLXFZWK2F5SN4CXEP,text/html,2023-03-17
20230317231404,https://www.accessdata.fda.gov/scripts/drugshortages/default.cfm,200,XMVC7B4FK3VHEZH3R3FMNCPTRIYZNFLP,text/html,2023-03-17
20230321015328,https://www.accessdata.fda.gov/scripts/drugshortages/default.cfm,200,M573MY7OLMBFNZJSJ3VEE7HF7PXVROFD,text/html,2023-03-21
20230321150452,https://www.accessdata.fda.gov/SCRIPTS/DRUGSHORTAGES/default.cfm,200,7ZAUWJVJTVWSBHJ3O773CFVKVWBFIJQA,text/html,2023-03-21
20230322044021,https://www.accessdata.fda.gov/scripts/drugshortages/default.cfm,200,ZXP2SWYNNSNZ2J5M52BWWCSDO26NM3KK,text/html,2023-03-22
20230322233459,https://www.accessdata.fda.gov/scripts/drugshortages/default.cfm,200,IBG4BNJWKHIIY5QCBRTBTFUHBBYDQQ6L,text/html,2023-03-22
20230323000552,https://www.accessdata.fda.gov/scripts/drugshortages/default.cfm,200,JJI3YLBXMDRPDQ7B3FYCGLBSFVEL4VLH,text/html,2023-03-23
20230323190812,https://www.accessdata.fda.gov/scripts/drugshortages/default.cfm,200,ETSIY43B6AX7RROT5E5S3DAJV5BRKN4P,text/html,2023-03-23
20230324215627,https://www.accessdata.fda.gov/scripts/drugshortages/default.cfm,200,WMSWNYPMTB4LWS3GPE4NR7ARDV2GSWIO,text/html,2023-03-24
20230329134414,https://www.accessdata.fda.gov/scripts/drugshortages/default.cfm,200,RNBXDXU4KCL2RG4OGWTNP7LQOAZUHIIN,text/html,2023-03-29
20230329234009,https://www.accessdata.fda.gov/scripts/drugshortages/default.cfm,200,UOZCYRTA52WTPTZJ54GYRCFTJZPOBLVJ,text/html,2023-03-29
20230330233623,https://www.accessdata.fda.gov/scripts/drugshortages/default.cfm,200,WYEYTHCAEYF4G4MQY36MX6XYOMVNVXU7,text/html,2023-03-30
20230331190326,https://www.accessdata.fda.gov/scripts/drugshortages/default.cfm,200,G3HGBPMGQUVI6RV4HE6FTSKDPDCY2Y5G,text/html,2023-03-31
20230403164556,https://www.accessdata.fda.gov/scripts/drugshortages/default.cfm,200,KMCP6RW3FXAOFSXZNE6R7FMCITORDTUF,text/html,2023-04-03
20230404181633,https://www.accessdata.fda.gov/scripts/drugshortages/default.cfm,200,6UJM5YP2ZIT4OXPQCOQMLULMRCIEO6UI,text/html,2023-04-04
20230405052952,https://www.accessdata.fda.gov/scripts/drugshortages/default.cfm,200,6QW2ZKODOAVCAFX7KPZNJZSKABCT6333,text/html,2023-04-05
20230405183337,https://www.accessdata.fda.gov/scripts/drugshortages/default.cfm,200,6GTQ7D64IZCNSE2QT4X5CJRFSSH6HVM3,text/html,2023-04-05
20230406173605,https://www.accessdata.fda.gov/scripts/drugshortages/default.cfm,200,ZQCBKLJYFHTMNIOVE32NNNWYIVM73FIL,text/html,2023-04-06
20230407051032,https://www.accessdata.fda.gov/scripts/drugshortages/default.cfm,200,N5HNOXUXHNLWRVKNFADKMH7Q22WO3CNI,text/html,2023-04-07
20230410152040,https://www.accessdata.fda.gov/scripts/drugshortages/default.cfm,200,KOBMWYB72GSUQ3WPOZPKTNFK2PCDPBND,text/html,2023-04-10
20230412212415,https://www.accessdata.fda.gov/scripts/drugshortages/default.cfm,200,642FJZ6KWK2D24BOSBRVAOVXEM33RJK7,text/html,2023-04-12
20230413213025,https://www.accessdata.fda.gov/scripts/drugshortages/default.cfm,200,AKZL2T6HE7IQ4QLU5YIUFNDTTW3C65NZ,text/html,2023-04-13
20230414031919,https://www.accessdata.fda.gov/scripts/drugshortages/default.cfm,200,5OX2PTTFEVOKVASFQPRVPXWDOFQLSGAH,text/html,2023-04-14
20230415010114,https://www.accessdata.fda.gov/scripts/drugshortages/default.cfm,200,TB6JSZFJB35SQPGNGLPTRYQDJTJ5CNJT,text/html,2023-04-15
20230417200833,https://www.accessdata.fda.gov/scripts/drugshortages/default.cfm,200,OYC2TWVLGN2VDJY3V752CMWBJS5O3SDR,text/html,2023-04-17
20230419052410,https://www.accessdata.fda.gov/scripts/drugshortages/default.cfm,200,6V6PPMKXLLIA6RV4SWUKR5IIZHUF7GAJ,text/html,2023-04-19
20230421194014,https://www.accessdata.fda.gov/scripts/drugshortages/default.cfm,200,RJBDPM76PEPYN32G26NLSKKPVHTEQEMF,text/html,2023-04-21
20230422033032,https://www.accessdata.fda.gov/scripts/drugshortages/default.cfm,200,KR6WUOIBGD5M2NICO7YVKR42F24TEPUA,text/html,2023-04-22
20230425124144,https://www.accessdata.fda.gov/scripts/drugshortages/default.cfm,200,P3WADQKH4UR5V2E4WPXIOVIYU6X32NX2,text/html,2023-04-25
20230426064011,https://www.accessdata.fda.gov/scripts/drugshortages/default.cfm,200,ZRS5U644PII2MVMXV75SGM6VAYTE7SPE,text/html,2023-04-26
20230427084345,https://www.accessdata.fda.gov/scripts/drugshortages/default.cfm,200,I2QWA4DOFIT2PPWKYN7IMKKRB2UNUGTM,text/html,2023-04-27
20230428163419,https://www.accessdata.fda.gov/scripts/drugshortages/default.cfm,200,45X4MPSCQK6VW3B2ZG3GF22EHCTP3BEK,text/html,2023-04-28
20230429120351,https://www.accessdata.fda.gov/scripts/drugshortages/default.cfm,200,YTMI3R7E22UY7ODAMFAFU5ITIJ7YOE4Z,text/html,2023-04-29
20230430062435,https://www.accessdata.fda.gov/scripts/drugshortages/default.cfm,200,VH3RXOB47JS74PP4PFISG7J3J6UBEFD7,text/html,2023-04-30
20230501205934,https://www.accessdata.fda.gov/scripts/drugshortages/default.cfm,200,ZZSBRTNIFFP5UQOMOONEVXX6ATHGIFPI,text/html,2023-05-01
20230504173619,https://www.accessdata.fda.gov/scripts/drugshortages/default.cfm,200,UAY5LQFTQ4VFIYATON3DLBGNI6IXRHWB,text/html,2023-05-04
20230505100637,https://www.accessdata.fda.gov/scripts/drugshortages/default.cfm,200,D3HZSVTVQ33IM46JL5NDV4I4VSSWVNQG,text/html,2023-05-05
20230509164459,https://www.accessdata.fda.gov/scripts/drugshortages/default.cfm,200,33XHUJ3QURNZOPMTNNF7W2DPTCSTELQG,text/html,2023-05-09
20230509193050,https://www.accessdata.fda.gov/scripts/drugshortages/default.cfm,200,3SWO7PMM6OSHBZTWUHCD3AYNWH57EA4Z,text/html,2023-05-09
20230510175508,https://www.accessdata.fda.gov/scripts/drugshortages/default.cfm,200,O4BYV6HUWR4XJX3VJLUPDDWPZXEAPRWZ,text/html,2023-05-10
20230511090139,https://www.accessdata.fda.gov/scripts/drugshortages/default.cfm,200,G73L7YW2G4YZBTYW3RJ6O3RFC7OWNEBM,text/html,2023-05-11
20230512055526,https://www.accessdata.fda.gov/scripts/drugshortages/default.cfm,200,QS4G36GKX7OLIJ42623JLA6NJPTHXYIK,text/html,2023-05-12
20230513052802,https://www.accessdata.fda.gov/scripts/drugshortages/default.cfm,200,MKJKRKCY4LPYEDU7ALJV6ZUUGYQVAPVL,text/html,2023-05-13
20230514144356,https://www.accessdata.fda.gov/scripts/drugshortages/default.cfm,200,KHYXOZCCNYBFAO3LZCBGCR3CMPRSPVPY,text/html,2023-05-14
20230516075353,https://www.accessdata.fda.gov/scripts/drugshortages/default.cfm,200,RUMMPVSXJG37SNH35QCAH4RBOHBTGQVR,text/html,2023-05-16
20230516153649,https://www.accessdata.fda.gov/scripts/drugshortages/default.cfm,200,42AY2RV3VMI3E2Y3DC6KHWOPESQJYYCC,text/html,2023-05-16
20230517010355,https://www.accessdata.fda.gov/scripts/drugshortages/default.cfm,200,2QGK22UQFMJ4PUCXUX7HIW24KG7CLFZN,text/html,2023-05-17
20230518024443,https://www.accessdata.fda.gov/scripts/drugshortages/default.cfm,200,2VPLEW4XJWPNN5NMMWJDGQXX4J7HZVUK,text/html,2023-05-18
20230519071413,https://www.accessdata.fda.gov/scripts/drugshortages/default.cfm,200,2CIKRTGPL65ZLN25C7UJK3HAIEFGW5F5,text/html,2023-05-19
20230520161352,https://www.accessdata.fda.gov/scripts/drugshortages/default.cfm,200,JHZRKUUJMMA5W3KH3VFIXCEX7WQ4HHRV,text/html,2023-05-20
20230522172621,https://www.accessdata.fda.gov/scripts/drugshortages/default.cfm,200,WJSBVLPQEOOCXE3HZDSZEKQWIAIYRXQV,text/html,2023-05-22
20230523143102,https://www.accessdata.fda.gov/scripts/drugshortages/default.cfm,200,AY7IIWRV4SMRL3Q3WWXEIB26TMOVYFOQ,text/html,2023-05-23
20230524220105,https://www.accessdata.fda.gov/scripts/drugshortages/default.cfm,200,NRTDPLLZ2K64OZ6XI35RJ3Y5GHCSWABC,text/html,2023-05-24
20230525213908,https://www.accessdata.fda.gov/scripts/drugshortages/default.cfm,200,CU2S3K7EVM2AC37DOWPPLREQXS3GIMGL,text/html,2023-05-25
20230526155421,https://www.accessdata.fda.gov/scripts/drugshortages/default.cfm,200,WZ23Y36BQWTAI346SCWKGC6LGTUUPUV2,text/html,2023-05-26
20230526183946,https://www.accessdata.fda.gov/scripts/drugshortages/default.cfm,200,C4RAB4Z63B2RKPEDKGCWXJ2POGF5S34Z,text/html,2023-05-26
20230526190230,https://www.accessdata.fda.gov/scripts/drugshortages/default.cfm,200,UQ33TJ5HJSZH7XPW5PEX3IPYRHYKUTFE,text/html,2023-05-26
20230530164633,https://www.accessdata.fda.gov/scripts/drugshortages/default.cfm,200,3OL2BRYDPAPV62YBSFFFUUEILN6XFG5D,text/html,2023-05-30
20230601010734,https://www.accessdata.fda.gov/scripts/drugshortages/default.cfm,200,ZKDUHI2STX7E5MIPWO5B5EKXZ2VXQGZE,text/html,2023-06-01
20230602174207,https://www.accessdata.fda.gov/scripts/drugshortages/default.cfm,200,U3D46JZ7W63SXTHIDT6M5EC5N7EQZRDP,text/html,2023-06-02
20230607035236,https://www.accessdata.fda.gov/scripts/drugshortages/default.cfm,200,MF62XETSAQKNG47GKADJAVEHK572QDLV,text/html,2023-06-07
20230607163854,https://www.accessdata.fda.gov/scripts/drugshortages/default.cfm,200,TI4GKBL5GD3RBWHXQUUUHYZOQNVUKRLV,text/html,2023-06-07
20230608173323,https://www.accessdata.fda.gov/scripts/drugshortages/default.cfm,200,KVNTRJXRGJPHQLUNWBEPP5A7J5SBTWKA,text/html,2023-06-08
20230609121348,https://www.accessdata.fda.gov/scripts/drugshortages/default.cfm,200,CZT5CDWBKBGPMQ5XJBPUW4BA5HZB7DLD,text/html,2023-06-09
20230609122045,https://www.accessdata.fda.gov/scripts/drugshortages/default.cfm,200,AJFXJDH5LKJPVFOMR2QX4DO2SXEJVS4A,text/html,2023-06-09
20230609182044,https://www.accessdata.fda.gov/scripts/drugshortages/default.cfm,200,EIC442NFF6QZQDHHAWWATXXJK53QVG6Y,text/html,2023-06-09
20230613045142,https://www.accessdata.fda.gov/scripts/drugshortages/default.cfm,200,5E5I5SI7YDLZKYNBOBIGV6QM34KFAUTS,text/html,2023-06-13
20230614035119,https://www.accessdata.fda.gov/scripts/drugshortages/default.cfm,200,POLNYLFM42WE2K6RJMQEMLAGA4QQSLH6,text/html,2023-06-14
20230614193828,https://www.accessdata.fda.gov/scripts/drugshortages/default.cfm,200,OL3G5NDN6DR7NE373VT5FINYYUB3CROE,text/html,2023-06-14
20230615022613,https://www.accessdata.fda.gov/scripts/drugshortages/default.cfm,200,W3GP42LLSOJHIIP3VE5ST5PPGQT4ADM5,text/html,2023-06-15
20230616013729,https://www.accessdata.fda.gov/scripts/drugshortages/default.cfm,200,3WN56KM5F4UVBS7X6NDDUVLLLCATU2YP,text/html,2023-06-16
20230616194416,https://www.accessdata.fda.gov/scripts/drugshortages/default.cfm,200,OXLEYVQFDMYZTY2ODTC6XXQQ437NJVZV,text/html,2023-06-16
20230621102141,https://www.accessdata.fda.gov/scripts/drugshortages/default.cfm,200,OAP2TLXFE5FW7TEHIRHE3TQN6VP6ZIPE,text/html,2023-06-21
20230627155824,https://www.accessdata.fda.gov/scripts/drugshortages/default.cfm,200,GBW5QW6JVWS2ZBNYKG5YRPINH4Q3OCT2,text/html,2023-06-27
20230628170401,https://www.accessdata.fda.gov/scripts/drugshortages/default.cfm,200,2TUFUZO3OXNDUP5VAGE3ODEH5JZYWKIJ,text/html,2023-06-28
20230628173724,https://www.accessdata.fda.gov/scripts/drugshortages/default.cfm,200,FBS44Z3XYFYQNUVUCKKS3DD6CIF6EHM7,text/html,2023-06-28
20230628190443,https://www.accessdata.fda.gov/scripts/drugshortages/default.cfm,200,24VXIDUJA4GI3IZD3NIBYM2K3OWJ5QBF,text/html,2023-06-28
20230629020345,https://www.accessdata.fda.gov/scripts/drugshortages/default.cfm,200,J5UTKWFY3BEAWSNPPTNTI7NOPW2YXHGJ,text/html,2023-06-29
20230629141213,https://www.accessdata.fda.gov/scripts/drugshortages/default.cfm,200,A4ZJOZAGA4E46WR5SOSM6G66DWVEMHGD,text/html,2023-06-29
20230701213623,https://www.accessdata.fda.gov/scripts/drugshortages/default.cfm,200,GVRV5O76NKISQHTFDSFPJGKQROZPWJKK,text/html,2023-07-01
20230705192045,https://www.accessdata.fda.gov/scripts/drugshortages/default.cfm,200,VUJSNFU2BDOXEXSUQNREPL2JK3QLV52Y,text/html,2023-07-05
20230710140629,https://www.accessdata.fda.gov/scripts/drugshortages/default.cfm,200,5UYW7VTQEXRUMBJQJIZDV7TYJASV7TJQ,text/html,2023-07-10
20230712212608,https://www.accessdata.fda.gov/scripts/drugshortages/default.cfm,200,JVNYNVQIAMYZ7T3KYJLDDQAMBHWBGDKR,text/html,2023-07-12
20230714175612,https://www.accessdata.fda.gov/scripts/drugshortages/default.cfm,200,6NXD3KB75UKJHV4ODUX5ICJ3MIKT5GND,text/html,2023-07-14
20230715001343,https://www.accessdata.fda.gov/scripts/drugshortages/default.cfm,200,HHWFUBXNOOWLK4V26NO7XZLU2VIVHDX6,text/html,2023-07-15
20230717215445,https://www.accessdata.fda.gov/scripts/drugshortages/default.cfm,200,MXM7HWNWHEANOLX3JLYRUDA32677YDCR,text/html,2023-07-17
20230718235409,https://www.accessdata.fda.gov/scripts/drugshortages/default.cfm,200,RMFA6YNIM4OB3AOFTTHGY7VPRH3HNRPO,text/html,2023-07-18
20230720004919,https://www.accessdata.fda.gov/scripts/drugshortages/default.cfm,200,HIZPWEECKOJV2HJXF4TOQJK4WL4HQ57A,text/html,2023-07-20
20230721012917,https://www.accessdata.fda.gov/scripts/drugshortages/default.cfm,200,JPHYVJUP3YGWKAYZSLJCBNOKQXGGCGHR,text/html,2023-07-21
20230722032620,https://www.accessdata.fda.gov/scripts/drugshortages/default.cfm,200,FMH7WA3GQVSRAJL2MHZPC7OD67REPLJ6,text/html,2023-07-22
20230725060720,https://www.accessdata.fda.gov/scripts/drugshortages/default.cfm,200,BTCCBCYGV443SJOTBJK4PXJHCALM6LRR,text/html,2023-07-25
20230726073922,https://www.accessdata.fda.gov/scripts/drugshortages/default.cfm,200,VC5EHPJQH4STGYMYBXS54MXCU52NTQE3,text/html,2023-07-26
20230727062426,https://www.accessdata.fda.gov/scripts/drugshortages/default.cfm,200,QGYPIIQYO336IKFPX75ED4C7P2CSIU4G,text/html,2023-07-27
20230728003946,https://www.accessdata.fda.gov/scripts/drugshortages/default.cfm,200,7LO3WRBFZDNRQIBXURI6JDYMG2DQ5NHI,text/html,2023-07-28
20230729030209,https://www.accessdata.fda.gov/scripts/drugshortages/default.cfm,200,JS4TBNA5TEIGMQKC7JCRVJYR4DALATRA,text/html,2023-07-29
20230801023257,https://www.accessdata.fda.gov/scripts/drugshortages/default.cfm,200,YI6ILZDU5W43M2U6LFIS6CIJM3MGOQV5,text/html,2023-08-01
20230801190654,https://www.accessdata.fda.gov/scripts/drugshortages/default.cfm,200,3ILH5NDADMM7A6RKKKOPQNKSJDSKXJET,text/html,2023-08-01
20230802192047,https://www.accessdata.fda.gov/scripts/drugshortages/default.cfm,200,DDFX54EANS5FKYNRQRPNGGZHROKNA74P,text/html,2023-08-02
20230804091549,https://www.accessdata.fda.gov/scripts/drugshortages/default.cfm,200,Z2VZIEKVTUZVVZ7GCEL2PQTV3WMT7RMK,text/html,2023-08-04
20230804214434,https://www.accessdata.fda.gov/scripts/drugshortages/default.cfm,200,L2CH6SEG3PC56HH3IFEOZJFLRBUZZDV2,text/html,2023-08-04
20230807142204,https://www.accessdata.fda.gov/scripts/drugshortages/default.cfm,200,WOUYLGZJ63MPTMVAJD4SE4FYYXFPVSAL,text/html,2023-08-07
20230807144601,https://www.accessdata.fda.gov/scripts/drugshortages/default.cfm,200,U77XMEH24BZHQJWG2UCGRLRHVEIEAHNI,text/html,2023-08-07
20230807175226,https://www.accessdata.fda.gov/scripts/drugshortages/default.cfm,200,2UPVP5MBTJGQM7I52X5FUYSCMDFHYRN5,text/html,2023-08-07
20230808230458,https://www.accessdata.fda.gov/scripts/drugshortages/default.cfm,200,U5AWVIPVUFQBXUUY6NDQCLHUW3PPLVY5,text/html,2023-08-08
20230810044228,https://www.accessdata.fda.gov/scripts/drugshortages/default.cfm,200,4T4PHLDM3OEZL6XOETD3UFOSQGQ75DL5,text/html,2023-08-10
20230810045634,https://www.accessdata.fda.gov/scripts/drugshortages/default.cfm,200,B6HKOYKOXECWUT2AO7IKRAQOIXOLQQRA,text/html,2023-08-10
20230810231424,https://www.accessdata.fda.gov/scripts/drugshortages/default.cfm,200,JEBN556FFRIZRVESUAU57PET27KS6JYQ,text/html,2023-08-10
20230814190648,https://www.accessdata.fda.gov/scripts/drugshortages/default.cfm,200,JLEQ2Y6IHDJDYCDLJ53BI5A5GN4I34NL,text/html,2023-08-14
20230815230449,https://www.accessdata.fda.gov/scripts/drugshortages/default.cfm,200,UXDFOBBRCT3YLTVEY4TABZ67ICXNVUN7,text/html,2023-08-15
20230817155352,https://www.accessdata.fda.gov/scripts/drugshortages/default.cfm,200,QRSYSWXHOGQEJQZ4XH6QYINURNEZGQFT,text/html,2023-08-17
20230822102045,https://www.accessdata.fda.gov/scripts/drugshortages/default.cfm,200,H6LF77QZ64NCETGFY5HVSJGCNB73C3WX,text/html,2023-08-22
20230826155042,https://www.accessdata.fda.gov/scripts/drugshortages/default.cfm,200,CDACVZAURE2Z5H4CYJZPLZUS5XJSCHPN,text/html,2023-08-26
20230828182508,https://www.accessdata.fda.gov/scripts/drugshortages/default.cfm,200,AE4XQZJPHOGVAGXGVMLNTMDE7GGQ23N7,text/html,2023-08-28
20230829205805,https://www.accessdata.fda.gov/scripts/drugshortages/default.cfm,200,ERM4GJV3BPIUWN6N7PUNJE4ZMWOIUX7B,text/html,2023-08-29
20230831120313,https://www.accessdata.fda.gov/scripts/drugshortages/default.cfm,200,NEFCUZOWWXEWISPQH2RL6GGDCTK4IDUK,text/html,2023-08-31
20230831204136,https://www.accessdata.fda.gov/scripts/drugshortages/default.cfm,200,FCTS7JBKTVRWWF4W56BOXOFDKWITW3FI,text/html,2023-08-31
20230901190112,https://www.accessdata.fda.gov/scripts/drugshortages/default.cfm,200,NCV67CZASLEAHJTXWVZLRVNU4YNXZTPE,text/html,2023-09-01
20230901202808,https://www.accessdata.fda.gov/scripts/drugshortages/default.cfm,200,K65G4SUXK5QESOTPY5YE5NGXSODU6VYG,text/html,2023-09-01
20230905225336,https://www.accessdata.fda.gov/scripts/drugshortages/default.cfm,200,YI34LHHMG5PVM7DSLTUJGOWHOWPMUV2D,text/html,2023-09-05
20230907200341,https://www.accessdata.fda.gov/scripts/drugshortages/default.cfm,200,IHMCRZSEPYBTIJ2BF4LSJVZ5UYIIOQMT,text/html,2023-09-07
20230908130550,https://www.accessdata.fda.gov/scripts/drugshortages/default.cfm,200,LWM7WWDLFK6EDZ7QVFHGZRLWGYVN5Y5F,text/html,2023-09-08
20230908232848,https://www.accessdata.fda.gov/scripts/drugshortages/default.cfm,200,6LD3WE7GKKLIMEFRG6SXO3P444XUMLRN,text/html,2023-09-08
20230911164112,https://www.accessdata.fda.gov/scripts/drugshortages/default.cfm,200,T5S5F3DYBC5ZWUNYGQ6JQ7L4ZKJYEXO3,text/html,2023-09-11
20230912170156,https://www.accessdata.fda.gov/scripts/drugshortages/default.cfm,200,6Y3KMNIO4KA4TESO7YLFPFQSMXIVG4T7,text/html,2023-09-12
20230913155304,https://www.accessdata.fda.gov/scripts/drugshortages/default.cfm,200,WTLTLXSOKAHUU7ALF5KSXM6EADNSGIIN,text/html,2023-09-13
20230915010559,https://www.accessdata.fda.gov/scripts/drugshortages/default.cfm,200,QLZ6W5QCOXNDVLTXAPHO6RSRYYP227ZA,text/html,2023-09-15
20230916164307,https://www.accessdata.fda.gov/scripts/drugshortages/default.cfm,200,HMBY56EFLVKNNS6QYAUAM2HPCWQRHJTC,text/html,2023-09-16
20230918200310,https://www.accessdata.fda.gov/scripts/drugshortages/default.cfm,200,EHAHHC2FEO2SNLMSYKVSG7WXUJ4NJEZL,text/html,2023-09-18
20230919071832,https://www.accessdata.fda.gov/scripts/drugshortages/default.cfm,200,2D3XOZQQH47JMEIYRFOP53DWAMUHKM5M,text/html,2023-09-19
20230919184821,https://www.accessdata.fda.gov/scripts/drugshortages/default.cfm,200,TVXFZOZKCNBUOPR7HR6RKNI2MOOZIPF7,text/html,2023-09-19
20230921034913,https://www.accessdata.fda.gov/scripts/drugshortages/default.cfm,200,YUUAWSQU6JRSMLWCEMY53A7ASUBD3YAY,text/html,2023-09-21
20230921173754,https://www.accessdata.fda.gov/scripts/drugshortages/default.cfm,200,GF62JBCGIY2BZHCOBXRBYD4LCFKZDWZ2,text/html,2023-09-21
20230922054135,https://www.accessdata.fda.gov/scripts/drugshortages/default.cfm,200,OE3S25H4LQUMAK2YUUP4LV23BMMNCKKZ,text/html,2023-09-22
20230922221115,https://www.accessdata.fda.gov/scripts/drugshortages/default.cfm,200,HU7PQ2H4JCXWP2CL4KBKSMSGK3QLRTUX,text/html,2023-09-22
20230925111037,https://www.accessdata.fda.gov/scripts/drugshortages/default.cfm,200,AECCAJE5JJVGIF2YYIJFF3AEII2APIYD,text/html,2023-09-25
20230926000541,https://www.accessdata.fda.gov/scripts/drugshortages/default.cfm,200,VOSECBK3GSSHVF3F53QAWEONNW3RX3LX,text/html,2023-09-26
20230926160736,https://www.accessdata.fda.gov/scripts/drugshortages/default.cfm,200,OC7JXA436JP6IZQGNPD2GTK6P7GAQO6X,text/html,2023-09-26
20230926203846,https://www.accessdata.fda.gov/scripts/drugshortages/default.cfm,200,ELKVA2ISU3WWVZEKTAGR565L3CPRKAQR,text/html,2023-09-26
20230927173237,https://www.accessdata.fda.gov/scripts/drugshortages/default.cfm,200,U7APX6IVTWS5VR5FIQO5V4TIIJQLBW3A,text/html,2023-09-27
20230927215249,https://www.accessdata.fda.gov/scripts/drugshortages/default.cfm,200,JE2YNADN2XKNXY4PWRHOI6PZV7Z5NXZT,text/html,2023-09-27
20230929121547,https://www.accessdata.fda.gov/scripts/drugshortages/default.cfm,200,4LO64F7RRMZD7VDHZMIJAOSQXWGSHIAU,text/html,2023-09-29
20230929170502,https://www.accessdata.fda.gov/scripts/drugshortages/default.cfm,200,T5CNYHSHKTAKN55BRFY3XT2IPUHFHDQU,text/html,2023-09-29
20230930025023,https://www.accessdata.fda.gov/scripts/drugshortages/default.cfm,200,G2TG475DWDNSOCLRQNFXN2NA5OEHH7GF,text/html,2023-09-30
20231003044448,https://www.accessdata.fda.gov/scripts/drugshortages/default.cfm,200,SQSGX2CQD4NA3D4O3FUS7CCOR3RBKBB2,text/html,2023-10-03
20231004035221,https://www.accessdata.fda.gov/scripts/drugshortages/default.cfm,200,AK5QBRVQSHG5UUKYIAE3XXUSA3C4AARR,text/html,2023-10-04
20231005053415,https://www.accessdata.fda.gov/scripts/drugshortages/default.cfm,200,MFI4ESRJ7XMUQEFZ25EBUSOG6FAJSBCV,text/html,2023-10-05
20231010175525,https://www.accessdata.fda.gov/scripts/drugshortages/default.cfm,200,RQK4NR4M65X5W4WLG4VWW4WQ3AE4EDI2,text/html,2023-10-10
20231010232857,https://www.accessdata.fda.gov/scripts/drugshortages/default.cfm,200,DK4RGFHOLT75GWG7VW4CPA55HG5V5VVQ,text/html,2023-10-10
20231013002814,https://www.accessdata.fda.gov/scripts/drugshortages/default.cfm,200,EOPNEUIFNZW5KDM2QOIOQA3BA23VZSL4,text/html,2023-10-13
20231013230505,https://www.accessdata.fda.gov/scripts/drugshortages/default.cfm,200,7RZ634TMB3RIOSYD3XEYJ3FPRBBYOEVR,text/html,2023-10-13
20231017003555,https://www.accessdata.fda.gov/scripts/drugshortages/default.cfm,200,MK255ETGAMA4YDT7ED2XQTHIQSPNHSJL,text/html,2023-10-17
20231018145146,https://www.accessdata.fda.gov/scripts/drugshortages/default.cfm,200,TGZQIVQ6OPPVHNCL4VFI2MYRKEDIXD6Q,text/html,2023-10-18
20231018230726,https://www.accessdata.fda.gov/scripts/drugshortages/default.cfm,200,BQ2BGPQMX7RLUPIDZOIDC7XUNKVEY3D4,text/html,2023-10-18
20231019223658,https://www.accessdata.fda.gov/scripts/drugshortages/default.cfm,200,FEV7ENK2APFS5OOXIJV54QXKGNITFU7J,text/html,2023-10-19
20231021184228,https://www.accessdata.fda.gov/scripts/drugshortages/default.cfm,200,HHAYVWNS2NXFQBFGHXJ5OA24YP3CRXSB,text/html,2023-10-21
20231023184329,https://www.accessdata.fda.gov/scripts/drugshortages/default.cfm,200,GLQD5G74TV7G3E3U3NH3EFQ22HQHTSJ3,text/html,2023-10-23
20231024132524,https://www.accessdata.fda.gov/scripts/drugshortages/default.cfm,200,3ZSV6XASFGIDERHNC6MPVNGVID5ZLFKQ,text/html,2023-10-24
20231027201402,https://www.accessdata.fda.gov/scripts/drugshortages/default.cfm,200,USSNFMZLWXQOFPUVEH3YAMU5E2XF4PQB,text/html,2023-10-27
20231030154016,https://www.accessdata.fda.gov/scripts/drugshortages/default.cfm,200,ZHDMS7T2WH4JRZT57FMWSDES3IZPEFRF,text/html,2023-10-30
20231030210917,https://www.accessdata.fda.gov/scripts/drugshortages/default.cfm,200,ROFIO62ON3DKSV3CINE46WLKX2Y4YBOX,text/html,2023-10-30
20231031193835,https://www.accessdata.fda.gov/scripts/drugshortages/default.cfm,200,THRDILSYUVCIHF77XIP2SIJZLVSTOVIE,text/html,2023-10-31
20231031202002,https://www.accessdata.fda.gov/scripts/drugshortages/default.cfm,200,YZJXUPW3SDXGCNK3CGMPN5LTZDQAA6DF,text/html,2023-10-31
20231101224054,https://www.accessdata.fda.gov/scripts/drugshortages/default.cfm,200,M6WKS55SALLHASRBBC3Y7ZRYRXSWQMMK,text/html,2023-11-01
20231102182716,https://www.accessdata.fda.gov/scripts/drugshortages/default.cfm,200,B74F62OJWTMJ2ZTY4NP6ZPV23NN5UWIH,text/html,2023-11-02
20231103045223,https://www.accessdata.fda.gov/scripts/drugshortages/default.cfm,200,VJEH55L3GT3FXGIFXY4BNQBQ5SX5JXSO,text/html,2023-11-03
20231104173140,https://www.accessdata.fda.gov/scripts/drugshortages/default.cfm,200,NIJP5FDZIMRSNTP54O6YT3HVX2XTA2RH,text/html,2023-11-04
20231106191704,https://www.accessdata.fda.gov/scripts/drugshortages/default.cfm,200,DK5ZGNFPB3QG23RUQPIHYYG6V4S3HS2X,text/html,2023-11-06
20231107210642,https://www.accessdata.fda.gov/scripts/drugshortages/default.cfm,200,F26OJJDOMKJOPFNBZZSYBCFP6SK2KGTV,text/html,2023-11-07
20231108230655,https://www.accessdata.fda.gov/scripts/drugshortages/default.cfm,200,37WZ5LHDN5376675XQGQ75ZRKUT3EARB,text/html,2023-11-08
20231109191953,https://www.accessdata.fda.gov/scripts/drugshortages/default.cfm,200,DQJVVUKSHRYK5WJRN5ULVPHOHAU56EOT,text/html,2023-11-09
20231110062158,https://www.accessdata.fda.gov/scripts/drugshortages/default.cfm,200,EFEEKNNSK64HPG3ZEW2XDJIYPPXJKOOZ,text/html,2023-11-10
20231111115818,https://www.accessdata.fda.gov/scripts/drugshortages/default.cfm,200,Y43LUMJCXPXJ6TU4KSTWIBTNDZRIVXJ3,text/html,2023-11-11
20231113180911,https://www.accessdata.fda.gov/scripts/drugshortages/default.cfm,200,GQGI6WF2NCCYKSVXF5OBEJH3RJ6JWJAR,text/html,2023-11-13
20231114085655,https://www.accessdata.fda.gov/scripts/drugshortages/default.cfm,200,6C5RGEQEM6YBWRGVSPW5KETIXWK2BTNJ,text/html,2023-11-14
20231114132325,https://www.accessdata.fda.gov/scripts/drugshortages/default.cfm,200,D2EJ2BFPAD3UF33DOHCHZKH33HZEPRS4,text/html,2023-11-14
20231114182140,https://www.accessdata.fda.gov/scripts/drugshortages/default.cfm,200,RHCPR4LYVXURHF4XPAMZICR7YO3MYRSL,text/html,2023-11-14
20231115194307,https://www.accessdata.fda.gov/scripts/drugshortages/default.cfm,200,QC6ZHIMSO54BPUYLE6WYKLFP36Z6GMHJ,text/html,2023-11-15
20231116205330,https://www.accessdata.fda.gov/scripts/drugshortages/default.cfm,200,XJQ6AGMEA7JPBB4USULTHHT56GJSWIA2,text/html,2023-11-16
20231121232315,https://www.accessdata.fda.gov/scripts/drugshortages/default.cfm,200,KLLPH2SFLFXLFDBVRCOQGNLSLKJDVVO4,text/html,2023-11-21
20231122143221,https://www.accessdata.fda.gov/scripts/drugshortages/default.cfm,200,FOEOZHGINRZEVVJNBD4IUAMM25W2B75P,text/html,2023-11-22
20231123152738,https://www.accessdata.fda.gov/scripts/drugshortages/default.cfm,200,EAUUJOWPNSONBGA2J6RPFOVQLIWSM66X,text/html,2023-11-23
20231127225732,https://www.accessdata.fda.gov/scripts/drugshortages/default.cfm,200,VY2RN3TXBN4WCRT463ZXIVCQP7B22S3A,text/html,2023-11-27
20231128021220,https://www.accessdata.fda.gov/scripts/drugshortages/default.cfm,200,3RSP3HDPFSOIYLCZ6XBGZYY5E3F5EN4H,text/html,2023-11-28
20231128175011,https://www.accessdata.fda.gov/scripts/drugshortages/default.cfm,200,PDXXBY6IUDSGHOCZAOPU2CPNOS3YJHSM,text/html,2023-11-28
20231130193827,https://www.accessdata.fda.gov/scripts/drugshortages/default.cfm,200,G7N4ZFY7CXJZUIG44DGPXIGCIQQEF6BQ,text/html,2023-11-30
20231201212039,https://www.accessdata.fda.gov/scripts/drugshortages/default.cfm,200,JQ2KGM7II6J74LPAQAEKYAJBI74ZO6UD,text/html,2023-12-01
20231202140023,https://www.accessdata.fda.gov/scripts/drugshortages/default.cfm,200,7AZOFJB76CK54Z4GCHAE2XR37AUQQMI2,text/html,2023-12-02
20231202153815,https://www.accessdata.fda.gov/scripts/drugshortages/default.cfm,200,NFZHC2U5R7GUP6ASD3YFPHYNPUFRBL2Z,text/html,2023-12-02
20231204213336,https://www.accessdata.fda.gov/scripts/drugshortages/default.cfm,200,7CLVZ3JIZFZYVAVO3XZQ5FFEPIJZSCNA,text/html,2023-12-04
20231206135539,https://www.accessdata.fda.gov/scripts/drugshortages/default.cfm,200,ATHOY3VVXJLC3GAXK3O53EXGZR6ZZ7ZT,text/html,2023-12-06
20231207131402,https://www.accessdata.fda.gov/scripts/drugshortages/default.cfm,200,HOJL3FLNSAQ2BLAHG2KIAEML6CDUC2WC,text/html,2023-12-07
20231207150156,https://www.accessdata.fda.gov/scripts/drugshortages/default.cfm,200,Q6BO3H5HRHAPSP3YONNTDLCDW6IFSMN6,text/html,2023-12-07
20231208151629,https://www.accessdata.fda.gov/scripts/drugshortages/default.cfm,200,O5EMG7G2HFSSVBIGYOTRFQLSZEBOUIWJ,text/html,2023-12-08
20231210012016,https://www.accessdata.fda.gov/scripts/drugshortages/default.cfm,200,LKWUH3IGOMH3NQE475WNRVXW6JPTIQSE,text/html,2023-12-10
20231211213447,https://www.accessdata.fda.gov/scripts/drugshortages/default.cfm,200,V25VYULD5WOV3ZEF2Q6B42GW43XFQCQO,text/html,2023-12-11
20231212063928,https://www.accessdata.fda.gov/scripts/drugshortages/default.cfm,200,5QC6BW3VJTBMZIQME64QKWOZFD2ZDTF7,text/html,2023-12-12
20231220092528,https://www.accessdata.fda.gov/scripts/drugshortages/default.cfm,200,CLND2Q34BW7OZKGQW7ZPOLNUK4FCFVON,text/html,2023-12-20
20231221070853,https://www.accessdata.fda.gov/scripts/drugshortages/default.cfm,200,BS4OERS22LEOQW5WOI6GTZZWN7C46GPR,text/html,2023-12-21
20231221203443,https://www.accessdata.fda.gov/scripts/drugshortages/default.cfm,200,PKDYTNBNZN7GI55GE4EILCLYVJE67CGW,text/html,2023-12-21
20231227212253,https://www.accessdata.fda.gov/scripts/drugshortages/default.cfm,200,FHF2JQJAXRHYM3TEBGB4LGQY665XOS37,text/html,2023-12-27
20231228155142,https://www.accessdata.fda.gov/scripts/drugshortages/default.cfm,200,NEI6GFUNWY2744KTFCCIPVE4GC5KQHB4,text/html,2023-12-28
20231229032048,https://www.accessdata.fda.gov/scripts/drugshortages/default.cfm,200,BA53X63HVVIUVZR72TMOTWOEAG5RRXWW,text/html,2023-12-29
20240103021430,https://www.accessdata.fda.gov/scripts/drugshortages/default.cfm,200,A2U6FJO24C5QJ4NF34226GSZ6E7JCY3C,text/html,2024-01-03
20240103180555,https://www.accessdata.fda.gov/scripts/drugshortages/default.cfm,200,UX7ECEOXZFFISGTKHVFDTPNAXE7P2UGC,text/html,2024-01-03
20240104200605,https://www.accessdata.fda.gov/scripts/drugshortages/default.cfm,200,UN2OUN67JCVFZZL4SMWHACITFDGECGLG,text/html,2024-01-04
20240106155507,https://www.accessdata.fda.gov/scripts/drugshortages/default.cfm,200,WR3SMD4JQCY7OH35RYQRL2CCK4KQSD3O,text/html,2024-01-06
20240107145724,https://www.accessdata.fda.gov/scripts/drugshortages/default.cfm,200,ZSKGWERVNLARZRBQUXIM2XAHTPFLZLDG,text/html,2024-01-07
20240108100648,https://www.accessdata.fda.gov/scripts/drugshortages/default.cfm,200,TT72V3LUREIMIPGLUB5CFDKB3GSVJIPZ,text/html,2024-01-08
20240109195718,https://www.accessdata.fda.gov/scripts/drugshortages/default.cfm,200,YWGR5HV3PTK2NV6YTP4IRNW2QO2XLCXV,text/html,2024-01-09
20240110093604,https://www.accessdata.fda.gov/scripts/drugshortages/default.cfm,200,DHOHEDJJQJWKZCIRABKDSXIAOVX7IOSF,text/html,2024-01-10
20240111095213,https://www.accessdata.fda.gov/scripts/drugshortages/default.cfm,200,PPBNEBOUEWJYGLXJBNTV5XWK4VGE376G,text/html,2024-01-11
20240111172320,https://www.accessdata.fda.gov/scripts/drugshortages/default.cfm,200,NHUF4SAQA6FTCNMO5VMCRV36RX6T2FAX,text/html,2024-01-11
20240111222428,https://www.accessdata.fda.gov/scripts/drugshortages/default.cfm,200,DD5ISVARV57HGQJRNYVL2W6WMCCYAZDK,text/html,2024-01-11
20240112120737,https://www.accessdata.fda.gov/scripts/drugshortages/default.cfm,200,L5C5CURGXPLEIKNVGV4ECZPKAYD3JA5Q,text/html,2024-01-12
20240112210304,https://www.accessdata.fda.gov/scripts/drugshortages/default.cfm,200,UL2TCL7RNZDY2PANJDS7SAXCVK7FBXN3,text/html,2024-01-12
20240116152025,https://www.accessdata.fda.gov/scripts/drugshortages/default.cfm,200,6IWU6PCFC227CXUO3JNLB25AKIA3ZWOD,text/html,2024-01-16
20240116210437,https://www.accessdata.fda.gov/scripts/drugshortages/default.cfm,200,7RS3POZ2AUSAKC7EM5RMFH7JVPXEAKE4,text/html,2024-01-16
20240117011435,https://www.accessdata.fda.gov/scripts/drugshortages/default.cfm,200,ITQIWALUQZFXZLFUF73LMRNC3MTKUCXD,text/html,2024-01-17
20240117052141,https://www.accessdata.fda.gov/scripts/drugshortages/default.cfm,200,HA5F5PXMNAAWIRPTMJ53TRT3XHRSIRTM,text/html,2024-01-17
20240118012746,https://www.accessdata.fda.gov/scripts/drugshortages/default.cfm,200,5SU2CB3B7ZQ7U3AJX4HDZ3G5NCPS2KFW,text/html,2024-01-18
20240119040700,https://www.accessdata.fda.gov/scripts/drugshortages/default.cfm,200,DHITQI7YJ3YGR7DXX53RMHRBB3LCZKIZ,text/html,2024-01-19
20240119152431,https://www.accessdata.fda.gov/scripts/drugshortages/default.cfm,200,J2PL33SQFZGHXEA7IANNSNWSTPEJCIF2,text/html,2024-01-19
20240120163437,https://www.accessdata.fda.gov/scripts/drugshortages/default.cfm,200,UGBPU4FZUMZTWK7DJRSVI3EGZWXOIXNM,text/html,2024-01-20
20240123033904,https://www.accessdata.fda.gov/scripts/drugshortages/default.cfm,200,NMPOPL5Z2FIPVXQTTV5QY4ZVBDLEOOZG,text/html,2024-01-23
20240124093451,https://www.accessdata.fda.gov/scripts/drugshortages/default.cfm,200,XOXCAIZ6RGXSEXMQRWFNMUWS2SZDOQF5,text/html,2024-01-24
20240124124249,https://www.accessdata.fda.gov/scripts/drugshortages/default.cfm,200,HAUDIKSFYODNFW4TP2AY5XZ5JZBLBGEZ,text/html,2024-01-24
20240125120852,https://www.accessdata.fda.gov/scripts/drugshortages/default.cfm,200,7F7KYKVMRHJ7ML2GFIIJVVLQBRM7UPGA,text/html,2024-01-25
20240126110234,https://www.accessdata.fda.gov/scripts/drugshortages/default.cfm,200,MUGGTETM2TN2ACJT2AUSCYFVPA7QCSP5,text/html,2024-01-26
20240127135711,https://www.accessdata.fda.gov/scripts/drugshortages/default.cfm,200,F3J4D32X6GINSNKC4UM43MSUDN3KYLRW,text/html,2024-01-27
20240130155524,https://www.accessdata.fda.gov/scripts/drugshortages/default.cfm,200,OX5WF6NWRIG35D7PZAVIGLAMTLRSCFFQ,text/html,2024-01-30
20240131171401,https://www.accessdata.fda.gov/scripts/drugshortages/default.cfm,200,WXMIZPSL6DAGWQVYL2U4AYPWK2LB7TO6,text/html,2024-01-31
20240201165319,https://www.accessdata.fda.gov/scripts/drugshortages/default.cfm,200,I3IWUW5KIS2AMSOWWQWNGEMOV7T5RQSD,text/html,2024-02-01
20240202165013,https://www.accessdata.fda.gov/scripts/drugshortages/default.cfm,200,XMXJNQAVOTXI3HKKCILMBLYIBY57QDG7,text/html,2024-02-02
20240203040918,https://www.accessdata.fda.gov/scripts/drugshortages/default.cfm,200,YJ3H7R5QITMCXNMYTKSA4QFSGTWUSGAY,text/html,2024-02-03
20240203121531,https://www.accessdata.fda.gov/scripts/drugshortages/default.cfm,200,XQHIZ7DRENKYVNVDTCQ4HBHR5KPGR3ZO,text/html,2024-02-03
20240205140042,https://www.accessdata.fda.gov/scripts/drugshortages/default.cfm,200,X2CCAGOXXVTRQNGZHKOIKWSRKCKOVYPL,text/html,2024-02-05
20240205203333,https://www.accessdata.fda.gov/scripts/drugshortages/default.cfm,200,R45F7DM2M2XJB4GMLDYPH67WCDYRCOVI,text/html,2024-02-05
20240206231324,https://www.accessdata.fda.gov/scripts/drugshortages/default.cfm,200,CS4F6HVUISTBVFQ4S5PCHVSAGPDQWDTQ,text/html,2024-02-06
20240208121427,https://www.accessdata.fda.gov/scripts/drugshortages/default.cfm,200,GHG77ECDVIXLAAH3MVOI2KK3DQQPHP7N,text/html,2024-02-08
20240210120403,https://www.accessdata.fda.gov/scripts/drugshortages/default.cfm,200,ZOCRETKHADVVJDPUY4FAQMVKO7BUPM6L,text/html,2024-02-10
20240217094352,https://www.accessdata.fda.gov/scripts/drugshortages/default.cfm,200,AW7BE4IWYUFIIQNS72YIHQ6VGXNRB2V6,text/html,2024-02-17
20240221125101,https://www.accessdata.fda.gov/scripts/drugshortages/default.cfm,200,C6VJTZBAJ4CVCTVVFOM45IZ5IKN3KWVS,text/html,2024-02-21
20240223090015,https://www.accessdata.fda.gov/scripts/drugshortages/default.cfm,200,ELPAGVR7MEKAR74XTQU4BRZ3RMKIW7FQ,text/html,2024-02-23
20240224062038,https://www.accessdata.fda.gov/scripts/drugshortages/default.cfm,200,M7XTK5P62FLPTECYLSAPH23IHXMSKNRD,text/html,2024-02-24
20240226083957,https://www.accessdata.fda.gov/scripts/drugshortages/default.cfm,200,QXMESBA3HNJSWRGKVISYYBRQ7YW3Y26B,text/html,2024-02-26
20240227101855,https://www.accessdata.fda.gov/scripts/drugshortages/default.cfm,200,NMB3V6PVSVWZCT6LORSUJPILLKEX5AEI,text/html,2024-02-27
20240228034307,https://www.accessdata.fda.gov/scripts/drugshortages/default.cfm,200,7B7ZVBMWEF6JD236W6W4QVE6CNEECIWS,text/html,2024-02-28
20240228154450,https://www.accessdata.fda.gov/scripts/drugshortages/default.cfm,200,XOGBJAUXM45BLMCUS6Q4BRUL4WWJL3PE,text/html,2024-02-28
20240229035946,https://www.accessdata.fda.gov/scripts/drugshortages/default.cfm,200,KCEH3K2HKWO3CSAX73K7DWEMRW7AQITW,text/html,2024-02-29
20240229223742,https://www.accessdata.fda.gov/scripts/drugshortages/default.cfm,200,AGTB6CRJU4XS5MMRSYRD5HN7LZKJ7NFO,text/html,2024-02-29
20240301121510,https://www.accessdata.fda.gov/scripts/drugshortages/default.cfm,200,KN6XOCEUGFI7ECI7YSDIKMC5CSHLSFSR,text/html,2024-03-01
20240302095430,https://www.accessdata.fda.gov/scripts/drugshortages/default.cfm,200,2BVCM4RUTYO73OAEJMJZAGDZM64TYYQU,text/html,2024-03-02
20240305211916,https://www.accessdata.fda.gov/scripts/drugshortages/default.cfm,200,3PKGVRFYY3D3BW5WC6G74FIC2EZCCTJE,text/html,2024-03-05
20240311150044,https://www.accessdata.fda.gov/scripts/drugshortages/default.cfm,200,M2V7FU3PPS3C2NTWWQMJULJO4TOUW4QR,text/html,2024-03-11
20240314075258,https://www.accessdata.fda.gov/scripts/drugshortages/default.cfm,200,5T3ODZUAII2R3ZMCOH5ZNLI72RKVGWZT,text/html,2024-03-14
20240315085600,https://www.accessdata.fda.gov/scripts/drugshortages/default.cfm,200,2KKKQ5ME3KWKAXQ2AB6N6YWQCKJUU25P,text/html,2024-03-15
20240316145318,https://www.accessdata.fda.gov/scripts/drugshortages/default.cfm,200,VWTL4SVCCRKFZW5W2E3I4R2AHMCDFSUT,text/html,2024-03-16
20240321001915,https://www.accessdata.fda.gov/scripts/drugshortages/default.cfm,200,IJ6U74YJBBMKMTC2JCHZ6WOVLJ4YKT4G,text/html,2024-03-21
20240325052128,https://www.accessdata.fda.gov/scripts/drugshortages/default.cfm,200,SORTZ5XQ5BJH7BBMYQVE7VFVGPKHED7M,text/html,2024-03-25
20240326014653,https://www.accessdata.fda.gov/scripts/drugshortages/default.cfm,200,BJJAKX7DJLVRE4KJ5C54ZNQBGYORMYWM,text/html,2024-03-26
20240328112654,https://www.accessdata.fda.gov/scripts/drugshortages/default.cfm,200,RIEJ6N65JURPAHLOYWW2RALG45BSGATM,text/html,2024-03-28
20240328113918,https://www.accessdata.fda.gov/scripts/drugshortages/default.cfm,200,X35SX5NJCXJXMLBJR7WJKOTG6EZ4JVUU,text/html,2024-03-28
20240329125003,https://www.accessdata.fda.gov/scripts/drugshortages/default.cfm,200,AK2EKXA7EJHPL2O2QOQTN5LZXENZLH6D,text/html,2024-03-29
20240330090318,https://www.accessdata.fda.gov/scripts/drugshortages/default.cfm,200,JCPPI3YKBTUENTYHN6IZJWOEO3RBKHQP,text/html,2024-03-30
20240402185411,https://www.accessdata.fda.gov/scripts/drugshortages/default.cfm,200,AT32ERA72GRNAABNS3C5DMYI3ZHXWQVB,text/html,2024-04-02
20240404014242,https://www.accessdata.fda.gov/scripts/drugshortages/default.cfm,200,LN7A6DXMQNRWDMSUVWBVMN52OPLTTE3S,text/html,2024-04-04
20240404084910,https://www.accessdata.fda.gov/scripts/drugshortages/default.cfm,200,VFYE3NMGYJ5QUDORNMBLZPGIBMOATRX6,text/html,2024-04-04
20240404185058,https://www.accessdata.fda.gov/scripts/drugshortages/default.cfm,200,HGH4M4UTZGEVI7LKO7AZTDKKE5PX5L53,text/html,2024-04-04
20240406005017,https://www.accessdata.fda.gov/scripts/drugshortages/default.cfm,200,ZO3KTKTP4F4AD3ZG3YTJ6736YPN6RRYR,text/html,2024-04-06
20240407100748,https://www.accessdata.fda.gov/scripts/drugshortages/default.cfm,200,ILOYNBLKYUVZQBJ4BGV6WO62TDUIAWRA,text/html,2024-04-07
20240408005705,https://www.accessdata.fda.gov/scripts/drugshortages/default.cfm,200,BMM46PJZ2EEYO3SPWUMXJUX6YKHKW4LB,text/html,2024-04-08
20240408143207,https://www.accessdata.fda.gov/scripts/drugshortages/default.cfm,200,W54QKCHMW3DS74SI4URDQYXFVOAVUIJJ,text/html,2024-04-08
20240409042447,https://www.accessdata.fda.gov/scripts/drugshortages/default.cfm,200,NVEXWR2LQYEN5WKNV26NJFSKTE3R32ZJ,text/html,2024-04-09
20240409144816,https://www.accessdata.fda.gov/scripts/drugshortages/default.cfm,200,XMI3VYSLQMFUGAP257JFXJJZUGIFWYMQ,text/html,2024-04-09
20240411163959,https://www.accessdata.fda.gov/scripts/drugshortages/default.cfm,200,TRLZA5FSE6VBAIFUKU3ZUFQB7FMQBBNA,text/html,2024-04-11
20240412105529,https://www.accessdata.fda.gov/scripts/drugshortages/default.cfm,200,CQMDG2TR3FMMSDWZD4I2T6RSN3AYRRG7,text/html,2024-04-12
20240414091719,https://www.accessdata.fda.gov/scripts/drugshortages/default.cfm,200,XIF7PXZNS25YJJIQICPYYB2G6D7SLVG5,text/html,2024-04-14
20240417192700,https://www.accessdata.fda.gov/scripts/drugshortages/default.cfm,200,X3ZCOSOLPTJUXGN2CKSRC74ZJDHFXKJG,text/html,2024-04-17
20240418015126,https://www.accessdata.fda.gov/scripts/drugshortages/default.cfm,200,FW6YQX3ZVSJFE4TCF5NPBCW5NYMIHDRP,text/html,2024-04-18
20240418230708,https://www.accessdata.fda.gov/scripts/drugshortages/default.cfm,200,7EVNKSZSKBONENCFGSD37OTGPC45SXR4,text/html,2024-04-18
20240419160345,https://www.accessdata.fda.gov/scripts/drugshortages/default.cfm,200,LXKQ7J6Q4AJSSSBCDNCX3A43WEVUUYRB,text/html,2024-04-19
20240419213250,https://www.accessdata.fda.gov/scripts/drugshortages/default.cfm,200,4ESO3B3RQ6PSO2DQ7FV3EMD35UMQJNQY,text/html,2024-04-19
20240421181353,https://www.accessdata.fda.gov/scripts/drugshortages/default.cfm,200,XSYW63GJWFAVO7VI6TAVUVW6RCCKVBIG,text/html,2024-04-21
20240422220457,https://www.accessdata.fda.gov/scripts/drugshortages/default.cfm,200,52EACWRDTLP54YBQKW6EXSQZSO7AETPG,text/html,2024-04-22
20240424044951,https://www.accessdata.fda.gov/scripts/drugshortages/default.cfm,200,CUBXII2IRDHAKMOGZQUWFVFDUEV5FSGZ,text/html,2024-04-24
20240424234841,https://www.accessdata.fda.gov/scripts/drugshortages/default.cfm,200,PSCNCJZEYRV5TNE44PLL636S52KPNM35,text/html,2024-04-24
20240425084020,https://www.accessdata.fda.gov/scripts/drugshortages/default.cfm,200,6HBSGIXELPPOVCJ7ZGAUR2FN7LCW4WPK,text/html,2024-04-25
20240425154625,https://www.accessdata.fda.gov/scripts/drugshortages/default.cfm,200,TBH2VCYVF3SHSOZSWTB5CEVSF4U5BIYC,text/html,2024-04-25
20240426181459,https://www.accessdata.fda.gov/scripts/drugshortages/default.cfm,200,F3CLIXD4RIPHGCDEBISPKSRNGBE5VN52,text/html,2024-04-26
20240426230948,https://www.accessdata.fda.gov/scripts/drugshortages/default.cfm,200,4CDJZXMS5UFYOJINRVGC2SHWK76CUK62,text/html,2024-04-26
20240429183732,https://www.accessdata.fda.gov/scripts/drugshortages/default.cfm,200,HJ63JUR2QX7CY5HGCQF4HKFT6CVTHYTP,text/html,2024-04-29
20240430191038,https://www.accessdata.fda.gov/scripts/drugshortages/default.cfm,200,NMWMRAIBSJLLJJRTU7ELCVHPOGFPQMQF,text/html,2024-04-30
20240502203843,https://www.accessdata.fda.gov/scripts/drugshortages/default.cfm,200,CDE6AAX5DPTU7OVZPEFZVKEH2SZDDIZ3,text/html,2024-05-02
20240503081526,https://www.accessdata.fda.gov/scripts/drugshortages/default.cfm,200,VLWFYLYRHIAJKSXYM2UWDUP65Z6X74NC,text/html,2024-05-03
20240505210543,https://www.accessdata.fda.gov/scripts/drugshortages/default.cfm,200,G3VFMFLIRDPTSK3EX7JPMDBQJJLBPAZI,text/html,2024-05-05
20240507160448,https://www.accessdata.fda.gov/scripts/drugshortages/default.cfm,200,SEM5ZZGEAOCUHBXFCWYU5UPMLZC7JL2U,text/html,2024-05-07
20240509154347,https://www.accessdata.fda.gov/scripts/drugshortages/default.cfm,200,TWMHLFN2W42XZLELZ7UWRZKQA4YYONGF,text/html,2024-05-09
20240513205038,https://www.accessdata.fda.gov/scripts/drugshortages/default.cfm,200,SBZULTHCJVEVHOVPMZ3PZPG4BG56SXDN,text/html,2024-05-13
20240514154034,https://www.accessdata.fda.gov/scripts/drugshortages/default.cfm,200,N7YRXOHVT2DV2UP4APDTRBWDANEN2JH4,text/html,2024-05-14
20240515141956,https://www.accessdata.fda.gov/scripts/drugshortages/default.cfm,200,FJXR5AFO4CBNTJHJZISY4KBFVHRLXJKO,text/html,2024-05-15
20240515180939,https://www.accessdata.fda.gov/scripts/drugshortages/default.cfm,200,E3UZTW6TQC3ZA3HLNYU67DJRYECXNFGK,text/html,2024-05-15
20240516202753,https://www.accessdata.fda.gov/scripts/drugshortages/default.cfm,200,RQR4BZIO65WKCYUDDGYT45WMB57HPIOE,text/html,2024-05-16
20240519141006,https://www.accessdata.fda.gov/scripts/drugshortages/default.cfm,200,BAFSJBPHBMDKLQBZAJXIJFHVVBFS56DP,text/html,2024-05-19
20240523041658,https://www.accessdata.fda.gov/scripts/drugshortages/default.cfm,200,XQDGDLUIOJQFKY2VEXDDT2E7HGWILG7N,text/html,2024-05-23
20240526184505,https://www.accessdata.fda.gov/scripts/drugshortages/default.cfm,200,BCS6SJAK75IU7TU75PCJ7A74EU4USAGO,text/html,2024-05-26
20240531010943,https://www.accessdata.fda.gov/scripts/drugshortages/default.cfm,200,I5JFH2CFJHRBY7AV4DGKQSWGCQ25IWEE,text/html,2024-05-31
20240601200834,https://www.accessdata.fda.gov/scripts/drugshortages/default.cfm,200,YSW5QR7QUABXABPGWW2NE3BOKBFBL7PA,text/html,2024-06-01
20240604174741,https://www.accessdata.fda.gov/scripts/drugshortages/default.cfm,200,YORQI3DXLOM6QSZBDKKPOE2V3ZASL2TW,text/html,2024-06-04
20240608092904,https://www.accessdata.fda.gov/scripts/drugshortages/default.cfm,200,UL5CMWPKVM24I3YETL2EMOIGMJ74JGTR,text/html,2024-06-08
20240610144715,https://www.accessdata.fda.gov/scripts/drugshortages/default.cfm,200,ZG5MNHXQ7IT5OBZ7633SLOSBGVZRD2JD,text/html,2024-06-10
20240611220405,https://www.accessdata.fda.gov/scripts/drugshortages/default.cfm,200,JYYGFDXARVZROMW7YVAOE4JGI6Z4EWUS,text/html,2024-06-11
20240612183346,https://www.accessdata.fda.gov/scripts/drugshortages/default.cfm,200,Z7AFPSNJ7MTGBSC5LDMOPWLNKN357OJD,text/html,2024-06-12
20240613125353,https://www.accessdata.fda.gov/scripts/drugshortages/default.cfm,200,6M4P5QXBK5RE33ZS3PNNPJZ63GN53WO5,text/html,2024-06-13
20240613153332,https://www.accessdata.fda.gov/scripts/drugshortages/default.cfm,200,MBNDCLATPIEMINM2VJT5L6RY5DVLTSEF,text/html,2024-06-13
20240614140249,https://www.accessdata.fda.gov/scripts/drugshortages/default.cfm,200,XYOGEDUBFDRWZ5HF6COECF25LUWZWCBB,text/html,2024-06-14
20240615033510,https://www.accessdata.fda.gov/scripts/drugshortages/default.cfm,200,MN2ZPYCOGVSBETT7J5WIG5E7RMUHXU6P,text/html,2024-06-15
20240617154649,https://www.accessdata.fda.gov/scripts/drugshortages/default.cfm,200,XCC3KVCLZH35P6DE2GOZVDSMINM24CWB,text/html,2024-06-17
20240617230233,https://www.accessdata.fda.gov/scripts/drugshortages/default.cfm,200,4NR2XDU6XOPCVULFVF2FFJ23WR3DC3LQ,text/html,2024-06-17
20240619172652,https://www.accessdata.fda.gov/scripts/drugshortages/default.cfm,200,YOFPPBOPALZIUN5L4GCMEA6XB5KSLPE3,text/html,2024-06-19
20240623072318,https://www.accessdata.fda.gov/scripts/drugshortages/default.cfm,200,OFD3W4EDAI3NL7R2ELVVS33NVFZML5CC,text/html,2024-06-23
20240624135144,https://www.accessdata.fda.gov/scripts/drugshortages/default.cfm,200,PCAGZB5MVQMJ2XY45R3U3QH2XQWZKD7D,text/html,2024-06-24
20240624202014,https://www.accessdata.fda.gov/scripts/drugshortages/default.cfm,200,OEHTXYIT45UWDFWPUEXQY2FCMUH3MAVQ,text/html,2024-06-24
20240625162626,https://www.accessdata.fda.gov/scripts/drugshortages/default.cfm,200,YYK4DDN37YLZNNN3RNULHFOHUBKBEOUN,text/html,2024-06-25
20240626120451,https://www.accessdata.fda.gov/scripts/drugshortages/default.cfm,200,GBX7BNBKRUP4TTTWHUZMUQABTY2L3A2Z,text/html,2024-06-26
20240626154854,https://www.accessdata.fda.gov/scripts/drugshortages/default.cfm,200,6LL5CXEKAQ5HWV4KCYIPOHAMMOX3WNRV,text/html,2024-06-26
20240626155252,https://www.accessdata.fda.gov/scripts/drugshortages/default.cfm,200,5SWBQYGAMDEY5FOB3UQ5P4WHHKWKLXEQ,text/html,2024-06-26
20240626165921,https://www.accessdata.fda.gov/scripts/drugshortages/default.cfm,200,MGMHGUXROCJHDU7UDDRCBECDQFLVO7TV,text/html,2024-06-26
20240626170518,https://www.accessdata.fda.gov/scripts/drugshortages/default.cfm,200,QZM4IXFH2YWKJEMD3T3SDFVU4COYSSLO,text/html,2024-06-26
20240626173842,https://www.accessdata.fda.gov/scripts/drugshortages/default.cfm,200,K4EKJAQLDGYEOXGNFMJK4OZDE35Q4VWP,text/html,2024-06-26
20240626204501,https://www.accessdata.fda.gov/scripts/drugshortages/default.cfm,200,BONBALAC52NXHXZU5ZDYPKITG32RNDN7,text/html,2024-06-26
20240628012753,https://www.accessdata.fda.gov/scripts/drugshortages/default.cfm,200,U3Z6F4UCM3YO6CDTQCERTADXCR6GU2OU,text/html,2024-06-28
20240701020004,https://www.accessdata.fda.gov/scripts/drugshortages/default.cfm,200,R64Y65VSCK3NAOSUPAZK5NMQHLEKLMGH,text/html,2024-07-01
20240702000846,https://www.accessdata.fda.gov/scripts/drugshortages/default.cfm,200,KS4XTH732KYNZD4ITFDILYC3JIYMLWMK,text/html,2024-07-02
20240702030129,https://www.accessdata.fda.gov/scripts/drugshortages/default.cfm,200,ITK4B337KHOJKHPUO5RYOL6FJJZBGTCT,text/html,2024-07-02
20240702165057,https://www.accessdata.fda.gov/scripts/drugshortages/default.cfm,200,W4UHOD72AFOVIL2IFWJUFWW7FH22DPZW,text/html,2024-07-02
20240703183235,https://www.accessdata.fda.gov/scripts/drugshortages/default.cfm,200,L6VA4GZG3SUD3SYBJWOA3GBBKRF5WSHZ,text/html,2024-07-03
20240704030952,https://www.accessdata.fda.gov/scripts/drugshortages/default.cfm,200,PKEGMP54MYDAQTEAQBSJ5WFPFSMKEZ3I,text/html,2024-07-04
20240710052513,https://www.accessdata.fda.gov/scripts/drugshortages/default.cfm,200,BT4XURJNF2WY3APAZLUVFDI7WP7PDFCR,text/html,2024-07-10
20240710102508,https://www.accessdata.fda.gov/scripts/drugshortages/default.cfm,200,PGS5UFCUITZOJP32Z66UPFCYRGUJQBQC,text/html,2024-07-10
20240711060009,https://www.accessdata.fda.gov/scripts/drugshortages/default.cfm,200,D543FETWK4BOXCLUXD5QSDCTJW2YAXGI,text/html,2024-07-11
20240711182327,https://www.accessdata.fda.gov/scripts/drugshortages/default.cfm,200,XHWSDQI6L2DN7IEGRCJ76B7LF3NC5PUS,text/html,2024-07-11
20240713171650,https://www.accessdata.fda.gov/scripts/drugshortages/default.cfm,200,6AY466FZRRDWQ3O6MZKJPI4IIYO437AF,text/html,2024-07-13
20240715152847,https://www.accessdata.fda.gov/scripts/drugshortages/default.cfm,200,5D3H65HMS5EVIMRCXI2YADBHXOMYBM2C,text/html,2024-07-15
20240716214446,https://www.accessdata.fda.gov/scripts/drugshortages/default.cfm,200,UNTR4UI7L742VAMW2YHF2UFM4SLIXW3N,text/html,2024-07-16
20240717013750,https://www.accessdata.fda.gov/scripts/drugshortages/default.cfm,200,WCF26ZW2UPOMUYNKEJTDAAXF7JPKX7FJ,text/html,2024-07-17
20240717083121,https://www.accessdata.fda.gov/scripts/drugshortages/default.cfm,200,KM66OPC2THYO7F3KXFNZUZMJ4TDOZISA,text/html,2024-07-17
20240717144328,https://www.accessdata.fda.gov/scripts/drugshortages/default.cfm,200,N7DZLAYLRBO74MS3U3FAIHB7P4YCS53E,text/html,2024-07-17
20240717215853,https://www.accessdata.fda.gov/scripts/drugshortages/default.cfm,200,YFRPZV2TAVTRCWHFEXZ35TIZN4DM2B4U,text/html,2024-07-17
20240718050951,https://www.accessdata.fda.gov/scripts/drugshortages/default.cfm,200,GCPN3DFKQGOFLNN7F7NTGZCRL6VY7VCA,text/html,2024-07-18
20240718205950,https://www.accessdata.fda.gov/scripts/drugshortages/default.cfm,200,KZ5LSGITWWSOB7NYMLUYIYPFXR6EYSSB,text/html,2024-07-18
20240719231157,https://www.accessdata.fda.gov/scripts/drugshortages/default.cfm,200,ZEB3BD6VQ7SH6CPMOQX2GM32COS5AFTT,text/html,2024-07-19
20240723200300,https://www.accessdata.fda.gov/scripts/drugshortages/default.cfm,200,67EGBAYSK2Z7YKF2HAER2OMOYSK5YIEH,text/html,2024-07-23
20240725170445,https://www.accessdata.fda.gov/scripts/drugshortages/default.cfm,200,DOUB4Y7JDB64SBNUHRQTSC2BFU6JSEP6,text/html,2024-07-25
20240726142256,https://www.accessdata.fda.gov/scripts/drugshortages/default.cfm,200,57BXTCJFRJJ6QESNH2I2NPZ5RUZQP4PB,text/html,2024-07-26
20240726162403,https://www.accessdata.fda.gov/scripts/drugshortages/default.cfm,200,Q7BTDU5XSQVWZPWPL6YGZQRRA2IXLBRL,text/html,2024-07-26
20240727011645,https://www.accessdata.fda.gov/scripts/drugshortages/default.cfm,200,N5F43LE4QPFZT3N53PHCDBO5CCOBOVFF,text/html,2024-07-27
20240730194615,https://www.accessdata.fda.gov/scripts/drugshortages/default.cfm,200,6J32Q2XFDHRS6YHHDEVXXODZIZVV2IUY,text/html,2024-07-30
20240803045248,https://www.accessdata.fda.gov/scripts/drugshortages/default.cfm,200,DWRPZBNZAC43AVYHBF4WVZ4Z4CH6PUFU,text/html,2024-08-03
20240808055505,https://www.accessdata.fda.gov/scripts/drugshortages/default.cfm,200,KSYNT5QKVBX7DIOONBBX7XLCGZRTBLXU,text/html,2024-08-08
20240809074832,https://www.accessdata.fda.gov/scripts/drugshortages/default.cfm,200,M4SBGVTLCK5U7MUQDNEFBAZEF7NGX3V7,text/html,2024-08-09
20240816175257,https://www.accessdata.fda.gov/scripts/drugshortages/default.cfm,200,XLGFPOV3SF6FXGIIH76PIKVC5EHX54QQ,text/html,2024-08-16
20240821152129,https://www.accessdata.fda.gov/scripts/drugshortages/default.cfm,200,TG3HV442K6YQYKDRAZOJTWREV6IJ5MV5,text/html,2024-08-21
20240822122248,https://www.accessdata.fda.gov/scripts/drugshortages/default.cfm,200,IKIKYJR3LAW5BQVRTQM3KPAVGZFGPCQD,text/html,2024-08-22
20240822192238,https://www.accessdata.fda.gov/scripts/drugshortages/default.cfm,200,2LOOEE7EJY434FBBJXR6PHCAVOA6F2QX,text/html,2024-08-22
20240823131911,https://www.accessdata.fda.gov/scripts/drugshortages/default.cfm,200,6SBSEWBCO3HCT5M5M5G4OZ5CBQMB3UI3,text/html,2024-08-23
20240823205608,https://www.accessdata.fda.gov/scripts/drugshortages/default.cfm,200,VXCDQIGP577DKEM4TABP5TQ7XT376C5V,text/html,2024-08-23
20240824142652,https://www.accessdata.fda.gov/scripts/drugshortages/default.cfm,200,MUFH54BXO4ENQHULJIRGNB4JC3LC5UAA,text/html,2024-08-24
20240825153635,https://www.accessdata.fda.gov/scripts/drugshortages/default.cfm,200,F7K4RPYIEZI5GKQUCQ5FTO7ITIDTMKAZ,text/html,2024-08-25
20240826200115,https://www.accessdata.fda.gov/scripts/drugshortages/default.cfm,200,5FOOA5NU45UQNYDNPLRIUXLFS6NZKBCT,text/html,2024-08-26
20240827150303,https://www.accessdata.fda.gov/scripts/drugshortages/default.cfm,200,S2P5NMGMH2C47QTQA5IC2AD5ZHHC4ZLK,text/html,2024-08-27
20240827211553,https://www.accessdata.fda.gov/scripts/drugshortages/default.cfm,200,WYA4DZCFA72NJGG26SH4QBTNI4IU7R5F,text/html,2024-08-27
20240828141129,https://www.accessdata.fda.gov/scripts/drugshortages/default.cfm,200,GWBZ6DEHACK2ON4AOYLJHZF6C3BRKXI4,text/html,2024-08-28
20240828175355,https://www.accessdata.fda.gov/scripts/drugshortages/default.cfm,200,UPCLIEIEC6UUTEERK2TU7TABAO62ZEF2,text/html,2024-08-28
20240829031842,https://www.accessdata.fda.gov/scripts/drugshortages/default.cfm,200,XYRY3WQT4LKF3ZIFLL2MWG7U4BTDKQOO,text/html,2024-08-29
20240901044708,https://www.accessdata.fda.gov/scripts/drugshortages/default.cfm,200,X4IAW6JYZ4WT7ZMP6ZMXV62G2A54ZEV6,text/html,2024-09-01
20240901093158,https://www.accessdata.fda.gov/scripts/drugshortages/default.cfm,200,WWYGQ2XEB5GNQ7RYP5W3KYCMNOWL4A7B,text/html,2024-09-01
20240905001006,https://www.accessdata.fda.gov/scripts/drugshortages/default.cfm,200,3SJ77INW6JA74V655ST747RIJ5WCBSE2,text/html,2024-09-05
20240905212645,https://www.accessdata.fda.gov/scripts/drugshortages/default.cfm,200,P6SLJYPKLCXK57WMRZ2PCMLZ2KTGJL2K,text/html,2024-09-05
20240906162731,https://www.accessdata.fda.gov/scripts/drugshortages/default.cfm,200,FOC4PCKFJ465ZGPNUQ7BDXBYVRKIRRVG,text/html,2024-09-06
20250905060928,https://www.accessdata.fda.gov/scripts/drugshortages/default.cfm,200,HTBF23XX3IWPLLOQGXBSP3TQFFMQDWBR,text/html,2025-09-05
20250906204404,https://www.accessdata.fda.gov/scripts/drugshortages/default.cfm,200,KMOL4SJP4YUE2CDT7E3QN2G24V7UECR3,text/html,2025-09-06
20250910012337,https://www.accessdata.fda.gov/scripts/drugshortages/default.cfm,200,Q7RGPWMEGLMUSBZCLWFMHLT7KQTBVY7R,text/html,2025-09-10
20250911002115,https://www.accessdata.fda.gov/scripts/drugshortages/default.cfm,200,CCZTP44ZE3LKR3OV5AFAWJWC522Y64KL,text/html,2025-09-11
20250911215207,https://www.accessdata.fda.gov/scripts/drugshortages/default.cfm,200,CEJZJQNWN7XBLIHE6Y52GCGGQ62XUSXA,text/html,2025-09-11
20250915225844,https://www.accessdata.fda.gov/scripts/drugshortages/default.cfm,200,QC4SKKA7L6PEURCIQW3OBKHZMTSKSFCF,text/html,2025-09-15
20250920095524,https://www.accessdata.fda.gov/scripts/drugshortages/default.cfm,200,QOSQYCJTPRAOLYZYMKOK4IMAJR35PTBQ,text/html,2025-09-20
20250922072155,https://www.accessdata.fda.gov/scripts/drugshortages/default.cfm,200,HADV552GCMLNA52F3WFBZ4PV5ZNFAOLA,text/html,2025-09-22
20250925014550,https://www.accessdata.fda.gov/scripts/drugshortages/default.cfm,200,QU5FSYQWXKKUX7UHQRRP6ZKK5SYOD436,text/html,2025-09-25
20250926202558,https://www.accessdata.fda.gov/scripts/drugshortages/default.cfm,200,FYRGYOHCAZ3DAJGHDGOV2P4YC2UGDEPE,text/html,2025-09-26
20250930183937,https://www.accessdata.fda.gov/scripts/drugshortages/default.cfm,200,ASX3RSWKOACIFADZZBSCM4DWF7ZMQTMX,text/html,2025-09-30
20251004214225,https://www.accessdata.fda.gov/scripts/drugshortages/default.cfm,200,PS5LLW6UCTMVALXTF2CBQ2R4GQFP4TNR,text/html,2025-10-04
20251008053645,https://www.accessdata.fda.gov/scripts/drugshortages/default.cfm,200,BQHWM4DHC7FMMXUMMOBNOUE5AXJVOYKB,text/html,2025-10-08
20251008234850,https://www.accessdata.fda.gov/scripts/drugshortages/default.cfm,200,JUVBZUJOMTE4DMQ2ZIYH53BK6IN6F5G7,text/html,2025-10-08
20251015215659,https://www.accessdata.fda.gov/scripts/drugshortages/default.cfm,200,SNG5EFTPTJKEF4ELNIZNZWYONLOCFNWI,text/html,2025-10-15
20251016125825,https://www.accessdata.fda.gov/scripts/drugshortages/default.cfm,200,XJF3UO5RG53H2LUNYWKTKDNMRJ7L77JU,text/html,2025-10-16
20251028020404,https://www.accessdata.fda.gov/scripts/drugshortages/default.cfm,200,ZSAGYEV55TFHGTBTM4HQ2SCHPRMNL7HD,text/html,2025-10-28
20251028140548,https://www.accessdata.fda.gov/scripts/drugshortages/default.cfm,200,34VFNJNKNY4YGSBGORS53SVI5VJJMNRW,text/html,2025-10-28
20251030215138,https://www.accessdata.fda.gov/scripts/drugshortages/default.cfm,200,NK3I3VQSCFRE57AU52UXMYYBIA6VSWQL,text/html,2025-10-30
20251101113926,https://www.accessdata.fda.gov/scripts/drugshortages/default.cfm,200,7XXZ6GSYZL4N655XWGTNW37C4NDGONWL,text/html,2025-11-01
20251108194041,https://www.accessdata.fda.gov/scripts/drugshortages/default.cfm,200,SQ4UULKQNMAOTNUGEPPWDM4IFC2BC5TK,text/html,2025-11-08
20251111211705,https://www.accessdata.fda.gov/scripts/drugshortages/default.cfm,200,ZE2MJ57CWGWIVV6X655RSXRQEABKBQNG,text/html,2025-11-11
20251118130945,https://www.accessdata.fda.gov/scripts/drugshortages/default.cfm,200,FBNWZGKD5W5NCJYMCHA4FW6LNHWDKX3K,text/html,2025-11-18
20251122123415,https://www.accessdata.fda.gov/scripts/drugshortages/default.cfm,200,PGNTAO336UAYRHWSTTNBHYPCG4HSJEJC,text/html,2025-11-22
20251125015011,https://www.accessdata.fda.gov/scripts/drugshortages/default.cfm,200,5Q6W5GUMPKVZOHEJRMNHM4LHO3UHPUT6,text/html,2025-11-25
20251202102337,https://www.accessdata.fda.gov/scripts/drugshortages/default.cfm,200,6YANRTIYPQK6DXJHDKKTSPRJZ2WWIUHJ,text/html,2025-12-02
20251204172303,https://www.accessdata.fda.gov/scripts/drugshortages/default.cfm,200,LPBV42HDLLVJJ6JZY77P6KLVWHV2LK5L,text/html,2025-12-04
20251205000920,https://www.accessdata.fda.gov/scripts/drugshortages/default.cfm,200,M2WIPI24BHZGTCIKCJMBJUO4MAFDV542,text/html,2025-12-05
20251205191202,https://www.accessdata.fda.gov/scripts/drugshortages/default.cfm,200,5ZWF3PCUGTKOESOXPCZXRE23H37NX3QS,text/html,2025-12-05
20251209202159,https://www.accessdata.fda.gov/scripts/drugshortages/default.cfm,200,BTI6FDZRGNAW7FQVCKA5QF6OVGLNQ2PQ,text/html,2025-12-09
20251209214344,https://www.accessdata.fda.gov/scripts/drugshortages/default.cfm,200,ZCPGR6H4S7JJMPT6JXQGJNYGZ5LBZWMF,text/html,2025-12-09
20251212160158,https://www.accessdata.fda.gov/scripts/drugshortages/default.cfm,200,BIMMTMXGVHELCSHTPB7VAZW4CRNAP6HA,text/html,2025-12-12
20251214172016,https://www.accessdata.fda.gov/scripts/drugshortages/default.cfm,200,WBKIRX7JDSXZ56JR2PYW7AMOMTZQXROR,text/html,2025-12-14
20251215163518,https://www.accessdata.fda.gov/scripts/drugshortages/default.cfm,200,4Q7GIWOOI6CLRH2JP6VBXBHOQFVHIZYO,text/html,2025-12-15
20251216225938,https://www.accessdata.fda.gov/scripts/drugshortages/default.cfm,200,2LSVMASWAX7OBQEWWZD7242AYONLJGPU,text/html,2025-12-16
20251219220429,https://www.accessdata.fda.gov/scripts/drugshortages/default.cfm,200,33PPGFXA3J5MJ65TOTE2LVY7LTUX3MVC,text/html,2025-12-19
20251220011425,https://www.accessdata.fda.gov/scripts/drugshortages/default.cfm,200,4W5HGJTVCEVHN7KVXUP4TZXVPP3NHHOC,text/html,2025-12-20
20251221040558,https://www.accessdata.fda.gov/scripts/drugshortages/default.cfm,200,ILWWSY3PRF36ASKI2WZPNYNFXR7CSRSZ,text/html,2025-12-21
20251222005119,https://www.accessdata.fda.gov/scripts/drugshortages/default.cfm,200,P57YKSU7SQDD5F3LQN3XOE6XYGXWVKO6,text/html,2025-12-22
20251222162225,https://www.accessdata.fda.gov/scripts/drugshortages/default.cfm,200,5FRF3O4JPQWR45YDTZ56FRIHWQIXPRJ4,text/html,2025-12-22
20251223004433,https://www.accessdata.fda.gov/scripts/drugshortages/default.cfm,200,MZTOTONSOQR4PCBY6XD4JXDIDKUCD5JF,text/html,2025-12-23
20251223134527,https://www.accessdata.fda.gov/scripts/drugshortages/default.cfm,200,SXLNFO4SQH67QTAVRNTPP66D6ZDQNCUH,text/html,2025-12-23
20251226192352,https://www.accessdata.fda.gov/scripts/drugshortages/default.cfm,200,7IPIUUXR5Y7IYR6FMJZPWU5FYANZCMC6,text/html,2025-12-26
20251230171944,https://www.accessdata.fda.gov/scripts/drugshortages/default.cfm,200,PKE5PJ3MFQLFPUS63RXOS347GWYUSHYR,text/html,2025-12-30
20260106080945,https://www.accessdata.fda.gov/scripts/drugshortages/default.cfm,200,WKRRIPEVOWTGYRQQ7EULMYHWNQPLXTTJ,text/html,2026-01-06
20260107002708,https://www.accessdata.fda.gov/scripts/drugshortages/default.cfm,200,4OY4UFEEL2WI5HJGXNHQNOUHBNBQ65SP,text/html,2026-01-07
20260108025448,https://www.accessdata.fda.gov/scripts/drugshortages/default.cfm,200,S5D6GVIVXNZPJYE46LCMFW6NTOOAUFXH,text/html,2026-01-08
20260108060052,https://www.accessdata.fda.gov/scripts/drugshortages/default.cfm,200,OD6HWFJSMAEJZP65MUVKMBKNEDEOBD4J,text/html,2026-01-08
20260108193951,https://www.accessdata.fda.gov/scripts/drugshortages/default.cfm,200,GFT647TCUFQAZC7F7KGJ577YH6ZJIT3Z,text/html,2026-01-08
20260108221838,https://www.accessdata.fda.gov/scripts/drugshortages/default.cfm,200,XZ5MSUL375DZ544YEIVGBEZC4OLZRSLE,text/html,2026-01-08
20260109004200,https://www.accessdata.fda.gov/scripts/drugshortages/default.cfm,200,UOQBS2Y2EKMMZC6ZH5LCHTWEWW53F5VM,text/html,2026-01-09
20260109143257,https://www.accessdata.fda.gov/scripts/drugshortages/default.cfm,200,A55O6OCR2RUBCHEJPMYYTVIKIT44IVC7,text/html,2026-01-09
20260109161928,https://www.accessdata.fda.gov/scripts/drugshortages/default.cfm,200,XEBND4PH3CJ5QIZEPFK25DX2ON5AQ3CK,text/html,2026-01-09
20260109190357,https://www.accessdata.fda.gov/scripts/drugshortages/default.cfm,200,5OEKXGCV5XKCGKQFODRRV3GAE7MWGOUO,text/html,2026-01-09
20260110001111,https://www.accessdata.fda.gov/scripts/drugshortages/default.cfm,200,EGO7FKBVDNGZDHFTDT72HPEUAN77AI37,text/html,2026-01-10
20260110143722,https://www.accessdata.fda.gov/scripts/drugshortages/default.cfm,200,MH5SNAPYD64ZBWXRZM2HGGQC34LVUWRK,text/html,2026-01-10
20260111070508,https://www.accessdata.fda.gov/scripts/drugshortages/default.cfm,200,OQH52AD2BIU3D2A3AMVE75PSDTKLITVP,text/html,2026-01-11
20260112194837,https://www.accessdata.fda.gov/scripts/drugshortages/default.cfm,200,EU6CZSITE66ZSON7QG5TZZ7U4T5CMZGD,text/html,2026-01-12
20260113010509,https://www.accessdata.fda.gov/scripts/drugshortages/default.cfm,200,TSQF5SQRQO54UL4737XZLVN2HGFTKUDP,text/html,2026-01-13
20260113195757,https://www.accessdata.fda.gov/scripts/drugshortages/default.cfm,200,HGVCFRECPNSP54AGN43KPWG4DGJH5ZD4,text/html,2026-01-13
20260114191635,https://www.accessdata.fda.gov/scripts/drugshortages/default.cfm,200,WVXS5RZI5QEFRAGKGJXR27YU2S6TQGEF,text/html,2026-01-14
20260115031813,https://www.accessdata.fda.gov/scripts/drugshortages/default.cfm,200,MUDNWW3AEQFMK6HH6YRL6NSOHZT3APAK,text/html,2026-01-15
20260116231128,https://www.accessdata.fda.gov/scripts/drugshortages/default.cfm,200,GSWBFFT3JWQR6NLCEE74JBJ2X6IXHVCL,text/html,2026-01-16
20260117034919,https://www.accessdata.fda.gov/scripts/drugshortages/default.cfm,200,GTDW47GMZZPQWMB66BLPWMWKTKB6VGVW,text/html,2026-01-17
20260117182224,https://www.accessdata.fda.gov/scripts/drugshortages/default.cfm,200,2ESZ7BG7GSYXDS5GWIWTM43N672QUCD6,text/html,2026-01-17
20260118034109,https://www.accessdata.fda.gov/scripts/drugshortages/default.cfm,200,5FGRGC2CMPIGD3GWZOD3MOD7FZASR5JD,text/html,2026-01-18
20260119004512,https://www.accessdata.fda.gov/scripts/drugshortages/default.cfm,200,RDEFK3L6AFYBXIMVYIM42QBNNAJUNEB7,text/html,2026-01-19
20260120040939,https://www.accessdata.fda.gov/scripts/drugshortages/default.cfm,200,7QDVGWJC2X6JDYYMCDIR7MUNW2PQ6GFI,text/html,2026-01-20
20260121083539,https://www.accessdata.fda.gov/scripts/drugshortages/default.cfm,200,JL7CMDQGVVBZ4KCDZTS2SCVCXQXKYA6I,text/html,2026-01-21
20260122185101,https://www.accessdata.fda.gov/scripts/drugshortages/default.cfm,200,NGA2D32EXBUQTR4GVP4HENLVSAINRGM2,text/html,2026-01-22
20260124065417,https://www.accessdata.fda.gov/scripts/drugshortages/default.cfm,200,GAHJJWEUPZLABM2KQVY575FIBNU7CVC4,text/html,2026-01-24
20260126072305,https://www.accessdata.fda.gov/scripts/drugshortages/default.cfm,200,T2ZWARLS37L2C3QMIA7ZOTKC53VDGRJT,text/html,2026-01-26
20260128160219,https://www.accessdata.fda.gov/scripts/drugshortages/default.cfm,200,S7ANUCYBI6OQEJPEWSNIWT2QNPH3PHCT,text/html,2026-01-28
20260129190632,https://www.accessdata.fda.gov/scripts/drugshortages/default.cfm,200,ULRTZZ4FC3TRH3MEKOHMDABPVB5YK264,text/html,2026-01-29
20260202035624,https://www.accessdata.fda.gov/scripts/drugshortages/default.cfm,200,MIYTHFJRGBUTUAPZYTOCDUPR7GUBQLMY,text/html,2026-02-02
20260203232939,https://www.accessdata.fda.gov/scripts/drugshortages/default.cfm,200,CGQRTVBTPYCTQZ2QJTDO54BGHBZ635RE,text/html,2026-02-03
20260205210027,https://www.accessdata.fda.gov/scripts/drugshortages/default.cfm,200,EO7R2MMRV6Q5LM6X5UCWSPZAYBQXZH3F,text/html,2026-02-05
20260205212506,https://www.accessdata.fda.gov/scripts/drugshortages/default.cfm,200,GWXRU4VPOTKNWF2EWZAPI7DTGI37V6PW,text/html,2026-02-05
20260207004423,https://www.accessdata.fda.gov/scripts/drugshortages/default.cfm,200,6WWYYBWNT2OC43DCBLFSCZF3HWA572YB,text/html,2026-02-07
20260207142223,https://www.accessdata.fda.gov/scripts/drugshortages/default.cfm,200,SMHNXQFZKIJE76H7KSVE3LGLBVAZKP4U,text/html,2026-02-07
20260208012758,https://www.accessdata.fda.gov/scripts/drugshortages/default.cfm,200,JKQEJ77YM3N2O3UISYBAYB3BR62KIEOS,text/html,2026-02-08
20260211163209,https://www.accessdata.fda.gov/scripts/drugshortages/default.cfm,200,CZSNVRCQLDMXVKYDNZQKWJT4QFGVX7TR,text/html,2026-02-11
20260212034517,https://www.accessdata.fda.gov/scripts/drugshortages/default.cfm,200,YUBFE56BHHRJLFCBPAEIW3CB3GWS73M6,text/html,2026-02-12
20260213131134,https://www.accessdata.fda.gov/scripts/drugshortages/default.cfm,200,P6VNXHGVYYOQ5ORIKEDVT6LUG5GMI4XE,text/html,2026-02-13
20260213163250,https://www.accessdata.fda.gov/scripts/drugshortages/default.cfm,200,MNWFK2HQF4XJL5X3PS3C76REZ7UGN2E3,text/html,2026-02-13
20260216015903,https://www.accessdata.fda.gov/scripts/drugshortages/default.cfm,200,26FXXGQYY53NFGJP3PJ2QS3MZG23EU25,text/html,2026-02-16
20260217215447,https://www.accessdata.fda.gov/scripts/drugshortages/default.cfm,200,4J6I5DVGRSOVPQYO5RGUIMXKPIBBCLCK,text/html,2026-02-17
20260218171050,https://www.accessdata.fda.gov/scripts/drugshortages/default.cfm,200,4VLRM4IWKUL3XARI4B3J7XQO7N5OR6TP,text/html,2026-02-18
20260219154602,https://www.accessdata.fda.gov/scripts/drugshortages/default.cfm,200,OEOZQ7DBZUFSV7RJRVCTM2A7YV57K7EG,text/html,2026-02-19
20260219201516,https://www.accessdata.fda.gov/scripts/drugshortages/default.cfm,200,MPLPFXYHZHWYEIKBTKC4SXV4JB6N7NOI,text/html,2026-02-19
20260301073935,https://www.accessdata.fda.gov/scripts/drugshortages/default.cfm,200,5MRNSDMV4PQ7G4XMSD25TN4CQPOHIJ2Z,text/html,2026-03-01
20260302080459,https://www.accessdata.fda.gov/scripts/drugshortages/default.cfm,200,YLOMOG2OAUQBNQYJNEHHEYROW6GFRSLJ,text/html,2026-03-02
20260304114011,https://www.accessdata.fda.gov/scripts/drugshortages/default.cfm,200,2VF5L4ISA4AATT3NBFUVMBBYPUWXY7EA,text/html,2026-03-04
20260309130556,https://www.accessdata.fda.gov/scripts/drugshortages/default.cfm,200,PCLT5AES7QTHEFZUVXXRT57GTWZV6AZT,text/html,2026-03-09
20260309172140,https://www.accessdata.fda.gov/scripts/drugshortages/default.cfm,200,TMUCP2ZKAPWGVGTEWARNPBR4VGE3QNIA,text/html,2026-03-09
20260309212105,https://www.accessdata.fda.gov/scripts/drugshortages/default.cfm,200,SS6TJ6644T7SKRBJPJANJLTAQ7QFQUHB,text/html,2026-03-09
20260311040850,https://www.accessdata.fda.gov/scripts/drugshortages/default.cfm,200,HE2FBWCWVKDFJXAPQ2WAVVBMGH6IN2FD,text/html,2026-03-11
20260312173835,https://www.accessdata.fda.gov/scripts/drugshortages/default.cfm,200,BHDYRLTMX3JLTEKH5GDJOUH6ZV2IKXFY,text/html,2026-03-12
20260313034010,https://www.accessdata.fda.gov/scripts/drugshortages/default.cfm,200,63JDBMGUQSNIHNZUNWBAWIDCCC7NGITE,text/html,2026-03-13
20260318075750,https://www.accessdata.fda.gov/scripts/drugshortages/default.cfm,200,O746NGLPJV7RCGM2Z2MIHQMQ5TNXP5FL,text/html,2026-03-18
20260318080607,https://www.accessdata.fda.gov/scripts/drugshortages/default.cfm,200,XNZ7NU7JTRSQ2CFFGA4V5GVQJLRGB2FD,text/html,2026-03-18
20260319031814,https://www.accessdata.fda.gov/scripts/drugshortages/default.cfm,200,HED2WD3LVQ2STG4L3I7S3XOX6BC2OYKA,text/html,2026-03-19
20260319061019,https://www.accessdata.fda.gov/scripts/drugshortages/default.cfm,200,YUJPORTHNOPVEFAFRJ7VW66DVRM3RODK,text/html,2026-03-19
20260320224249,https://www.accessdata.fda.gov/scripts/drugshortages/default.cfm,200,E4HNZFCONIALSKGNU7R2LHNR24TBRUXS,text/html,2026-03-20
20260326112231,https://www.accessdata.fda.gov/scripts/drugshortages/default.cfm,200,7Y52SUYZ73O7GOCLXMGKC2K6UVKU34B6,text/html,2026-03-26
20260327135044,https://www.accessdata.fda.gov/scripts/drugshortages/default.cfm,200,XTLNRV3CA35C5QW3HKKJ7ANLRQSVUESU,text/html,2026-03-27
20260327210717,https://www.accessdata.fda.gov/scripts/drugshortages/default.cfm,200,KCKEGTHJLFK7OSS4IZYORPEBP7WMVC3H,text/html,2026-03-27
20260330195234,https://www.accessdata.fda.gov/scripts/drugshortages/default.cfm,200,2ZGKNFOYYI5APLM3LTKSV7HPIZ6STTZG,text/html,2026-03-30
20260402014522,https://www.accessdata.fda.gov/scripts/drugshortages/default.cfm,200,Y3QCVMB6IBDLD4BCT5OSZA7VUPG4VL27,text/html,2026-04-02
20260402201529,https://www.accessdata.fda.gov/scripts/drugshortages/default.cfm,200,HOC7ZFZWZ5NGZC4ICY5XVI5ICURXRCYB,text/html,2026-04-02
20260403194639,https://www.accessdata.fda.gov/scripts/drugshortages/default.cfm,200,R3PNXYDYPVFHLV2MOUQVFXFTFGSZ5BNE,text/html,2026-04-03
20260404043957,https://www.accessdata.fda.gov/scripts/drugshortages/default.cfm,200,JGSAFH6QGLPO6W7GFYFGRVCRHHLAXIXG,text/html,2026-04-04
20260406173100,https://www.accessdata.fda.gov/scripts/drugshortages/default.cfm,200,TZJJ3AQYDGTWVLVCMEN4TOAIBRZMUWS3,text/html,2026-04-06
20260407185447,https://www.accessdata.fda.gov/scripts/drugshortages/default.cfm,200,YERRW2XS5EVHYN2MGVJG66DXEM2NXQ76,text/html,2026-04-07
20260408201021,https://www.accessdata.fda.gov/scripts/drugshortages/default.cfm,200,SFOAIRUP5WTY55EUXDRL6L4IZOYBZGB7,text/html,2026-04-08
20260409180914,https://www.accessdata.fda.gov/scripts/drugshortages/default.cfm,200,3XQD4IPM2HEJSHWISN2VMRPO3TFGL6TE,text/html,2026-04-09
20260410194838,https://www.accessdata.fda.gov/scripts/drugshortages/default.cfm,200,2UH6IQSCTHXZR4MLGW6LTH2QVGO3TLNC,text/html,2026-04-10
20260414055327,https://www.accessdata.fda.gov/scripts/drugshortages/default.cfm,200,6NGWJS655EU4F2B62X5446LYN5ZMTZNZ,text/html,2026-04-14
20260414145210,https://www.accessdata.fda.gov/scripts/drugshortages/default.cfm,200,DNCG65XVCNIMM65KU2KK5DI4BNGVKJQ7,text/html,2026-04-14
20260415153130,https://www.accessdata.fda.gov/scripts/drugshortages/default.cfm,200,2M27NNZALI2KAG5QFSO54JQIQPETC4II,text/html,2026-04-15
20260416153736,https://www.accessdata.fda.gov/scripts/drugshortages/default.cfm,200,LDBHCO3ZYDWLIDZKHEZTTBAOYEUJA5KY,text/html,2026-04-16
20260417155334,https://www.accessdata.fda.gov/scripts/drugshortages/default.cfm,200,HR4IGOBXHCCMIYWSYMN3G6C7B63KVFUP,text/html,2026-04-17
20260419013221,https://www.accessdata.fda.gov/scripts/drugshortages/default.cfm,200,Y7RRMWWWD55JMRHCPKW4BHAX6WMCVHKC,text/html,2026-04-19
20260420172816,https://www.accessdata.fda.gov/scripts/drugshortages/default.cfm,200,NK5JUMCF4LDEX6KX3OS26SQHQ6OUN2EU,text/html,2026-04-20
20260421101618,https://www.accessdata.fda.gov/scripts/drugshortages/default.cfm,200,7BG6HVWHASYW7VXTTOWUMKQX4K4OFVAA,text/html,2026-04-21
20260421183830,https://www.accessdata.fda.gov/scripts/drugshortages/default.cfm,200,4HA4EKOK2FUFEGPW2WIXMGVQFO57OT3E,text/html,2026-04-21
20260421214716,https://www.accessdata.fda.gov/scripts/drugshortages/default.cfm,200,T6RKOEHM5WXSVCJVDNLGEXFXO3THJMHC,text/html,2026-04-21
20260422003429,https://www.accessdata.fda.gov/scripts/drugshortages/default.cfm,200,XWG3WSUQCW37QDOGPJZGST35SN2ODVIY,text/html,2026-04-22
20260422173515,https://www.accessdata.fda.gov/scripts/drugshortages/default.cfm,200,SBO6QOPT7MRVWTXHBN2ACQNIEVWQEZKG,text/html,2026-04-22
20260423022315,https://www.accessdata.fda.gov/scripts/drugshortages/default.cfm,200,DUAJMZWO6WQNF27LWT4D36TM42O3GWMZ,text/html,2026-04-23
20260423145925,https://www.accessdata.fda.gov/scripts/drugshortages/default.cfm,200,J3GXK562IMLOLOA4BRPD3WSMN7DP2KCB,text/html,2026-04-23
20260423194659,https://www.accessdata.fda.gov/scripts/drugshortages/default.cfm,200,NFPFVN7EY3RZMYVRBB377V2DZXCD37VY,text/html,2026-04-23
20260423200347,https://www.accessdata.fda.gov/scripts/drugshortages/default.cfm,200,L2KZ7SXXUO6OI25PVBMGVH25KQRMIWW2,text/html,2026-04-23
20260423233245,https://www.accessdata.fda.gov/scripts/drugshortages/default.cfm,200,7QOLOOLI2YZJWJKRTLYL52BSZSB6JLWW,text/html,2026-04-23
20260424082525,https://www.accessdata.fda.gov/scripts/drugshortages/default.cfm,200,RLENZK2VMTWZV2ZTHCPBHNMHYDABGXA7,text/html,2026-04-24
20260425053548,https://www.accessdata.fda.gov/scripts/drugshortages/default.cfm,200,I3Y4JBCLIUPW7Q54Y6AG3MISINAESHCC,text/html,2026-04-25
20260426193750,https://www.accessdata.fda.gov/scripts/drugshortages/default.cfm,200,WBOWK4YKIR4ZTYG4ZDM7TUH2OG6HKIYU,text/html,2026-04-26
20260427054351,https://www.accessdata.fda.gov/scripts/drugshortages/default.cfm,200,RK2PG5A6NIBBISB74JG6ABNGIWVYZNTX,text/html,2026-04-27
20260427164553,https://www.accessdata.fda.gov/scripts/drugshortages/default.cfm,200,3P7WAV553PPCNGVZ26KFNTOCP6I2Z4CF,text/html,2026-04-27
20260428024302,https://www.accessdata.fda.gov/scripts/drugshortages/default.cfm,200,X2MYE756QRR6FDKZQW6KTDWGDUWGTOEV,text/html,2026-04-28
20260428202946,https://www.accessdata.fda.gov/scripts/drugshortages/default.cfm,200,4LGHB74NSGR4HI6HJ34DRXDIR5KBOZGR,text/html,2026-04-28
20260429035319,https://www.accessdata.fda.gov/scripts/drugshortages/default.cfm,200,SCWWHZ4CINQNHZAHS3JDUCGFUBF2WFRD,text/html,2026-04-29
20260429133449,https://www.accessdata.fda.gov/scripts/drugshortages/default.cfm,200,RTLOMAHEGFMKX6UY3G42JUXF4X5HR4HV,text/html,2026-04-29
20260429185946,https://www.accessdata.fda.gov/scripts/drugshortages/default.cfm,200,AV7AKXQHOTB7XX3HGCRA6SFMX37G7TEI,text/html,2026-04-29
20260430202410,https://www.accessdata.fda.gov/scripts/drugshortages/default.cfm,200,O5ZZ7ZQX5YQRNGB4F22MFQ7PDA4COA44,text/html,2026-04-30
20260501182402,https://www.accessdata.fda.gov/scripts/drugshortages/default.cfm,200,55URIYWKV7TKVVVJJHQMQ3RPH7EJMTFG,text/html,2026-05-01
20260502224629,https://www.accessdata.fda.gov/scripts/drugshortages/default.cfm,200,UZIWO2IH4S7X2WF6SV3IIAWUJPMYGMUJ,text/html,2026-05-02
20260504122635,https://www.accessdata.fda.gov/scripts/drugshortages/default.cfm,200,SD3UKVRMPZUWUFK6BCJO7QNBG7NRZDR2,text/html,2026-05-04
20260505183615,https://www.accessdata.fda.gov/scripts/drugshortages/default.cfm,200,2SYHLXQUSKXFGGOKOPSVZVKICWIF5MU3,text/html,2026-05-05
20260507084607,https://www.accessdata.fda.gov/scripts/drugshortages/default.cfm,200,AMUX4A5RPSBG63H5BG5ZXOQKA76FLIGX,text/html,2026-05-07
20260507092049,https://www.accessdata.fda.gov/scripts/drugshortages/default.cfm,200,CRYKPBHFTJW2STANNCUK53S644RCTCG6,text/html,2026-05-07
20260507184914,https://www.accessdata.fda.gov/scripts/drugshortages/default.cfm,200,TF6SQVL5OULIS73KTSTYUBH4HKTYBSLM,text/html,2026-05-07
20260508055109,https://www.accessdata.fda.gov/scripts/drugshortages/default.cfm,200,K22JLHW735V4XUGDCPF6FVLRYQGQGYYR,text/html,2026-05-08
20260508180715,https://www.accessdata.fda.gov/scripts/drugshortages/default.cfm,200,YHXYSE3FTNVMLTWFJ4WATFCSN2LEV6JG,text/html,2026-05-08
20260511035716,https://www.accessdata.fda.gov/scripts/drugshortages/default.cfm,200,XYFAH5B47SCONUKNLO6RHRZFOPJK3EUH,text/html,2026-05-11
20260511170147,https://www.accessdata.fda.gov/scripts/drugshortages/default.cfm,200,4X4YUJTLDMT5OT45FGZI4FEZKLYLJ4AS,text/html,2026-05-11
20260512043830,https://www.accessdata.fda.gov/scripts/drugshortages/default.cfm,200,PTYZ5LUWTTMKVRPK3RB7F5SFY5YFEMNB,text/html,2026-05-12
20260512123443,https://www.accessdata.fda.gov/scripts/drugshortages/default.cfm,200,3ZOT6VH7CEEACKINL5LGIH7QDNF527YG,text/html,2026-05-12
20260512164935,https://www.accessdata.fda.gov/scripts/drugshortages/default.cfm,200,VUMOTVS3G3QJ5HOKEO2BHNH4CG3RNW3J,text/html,2026-05-12
20260513173505,https://www.accessdata.fda.gov/scripts/drugshortages/default.cfm,200,RZFOPX5UUZOAIIPCTB7UQMXRLUD6EW5Y,text/html,2026-05-13
20260514183404,https://www.accessdata.fda.gov/scripts/drugshortages/default.cfm,200,Z26KMUAAUEFOVCPYAURSUB54EBYNCWUH,text/html,2026-05-14
20260515204003,https://www.accessdata.fda.gov/scripts/drugshortages/default.cfm,200,OR5AYIIWVKK3JEPSJHHCRRIOIYQXAORK,text/html,2026-05-15
20260516103323,https://www.accessdata.fda.gov/scripts/drugshortages/default.cfm,200,PGIESRVMSOGGRE7NPQ3X7EPFOTEYTK4V,text/html,2026-05-16
20260517161707,https://www.accessdata.fda.gov/scripts/drugshortages/default.cfm,200,HD3JGZ35EYEDDKFSPJR2IFAG6G2ETIM2,text/html,2026-05-17
20260518144010,https://www.accessdata.fda.gov/scripts/drugshortages/default.cfm,200,XSZOTQJ3CAQBQMLLWFLOBA2HVMEVEYYC,text/html,2026-05-18
20260518175810,https://www.accessdata.fda.gov/scripts/drugshortages/default.cfm,200,5KCKNVZ2EX643N4EA24YYTPPAHN24KTL,text/html,2026-05-18
20260519192624,https://www.accessdata.fda.gov/scripts/drugshortages/default.cfm,200,VLAJWQTLHRIRXYLWA447JDSN2IV6GNGR,text/html,2026-05-19
20260520173844,https://www.accessdata.fda.gov/scripts/drugshortages/default.cfm,200,ZYQ7DFQIFLXW362YDCGFYSOM6AM4DQDL,text/html,2026-05-20
20260522192337,https://www.accessdata.fda.gov/scripts/drugshortages/default.cfm,200,UFSOWKZP34WX73WPFSHRESHHZVJ4EZ2A,text/html,2026-05-22
20260523180440,https://www.accessdata.fda.gov/scripts/drugshortages/default.cfm,200,ACIP6IOUWQYBWAVRA34NWDM66JJQNBEO,text/html,2026-05-23
20260524233958,https://www.accessdata.fda.gov/scripts/drugshortages/default.cfm,200,KYHGP665MC26FGFUSDGJVGUOMDRHT6IS,text/html,2026-05-24
20260526170602,https://www.accessdata.fda.gov/scripts/drugshortages/default.cfm,200,EDPB7W4C4VVSDDTR46B7GFNY7UAQ5SGH,text/html,2026-05-26
20260527114529,https://www.accessdata.fda.gov/scripts/drugshortages/default.cfm,200,7OY3CYWKHORAYKJASCUB4L6WX3C6WPN4,text/html,2026-05-27
20260527125451,https://www.accessdata.fda.gov/scripts/drugshortages/default.cfm,200,ZISRXSSYWHH6N5TSHOF25THSDXM2IXW3,text/html,2026-05-27
20260527172553,https://www.accessdata.fda.gov/scripts/drugshortages/default.cfm,200,BLL7HKLHLADKN2MDQJKQVONAAGNMRXAL,text/html,2026-05-27
20260528192936,https://www.accessdata.fda.gov/scripts/drugshortages/default.cfm,200,HQVF7MS42DGO77FLKG2SAC6S4J5DPDNU,text/html,2026-05-28
20260602020135,https://www.accessdata.fda.gov/scripts/drugshortages/default.cfm,200,LBNIVDFAD767WOWJV3K37DBUUXDTA72L,text/html,2026-06-02
20260602174253,https://www.accessdata.fda.gov/scripts/drugshortages/default.cfm,200,AMJHCK37F6US4FGSUZ5EI4IXMK3ZSH36,text/html,2026-06-02
20260603174558,https://www.accessdata.fda.gov/scripts/drugshortages/default.cfm,200,FDUZO6XC4IPCIJQPVOMRHVRFRTHY53WG,text/html,2026-06-03
20260604181832,https://www.accessdata.fda.gov/scripts/drugshortages/default.cfm,200,KYEY44KG3VIVB44H57U7BG2KF6SLFOCM,text/html,2026-06-04
20260604183939,https://www.accessdata.fda.gov/scripts/drugshortages/default.cfm,200,ZTMSHWQOPASBSZZHJXRG2CY2ULOA53VH,text/html,2026-06-04
20260605183927,https://www.accessdata.fda.gov/scripts/drugshortages/default.cfm,200,5CLRM2LWXQS6XFTK4AOALN4EJ5ECIGSE,text/html,2026-06-05
20260608183910,https://www.accessdata.fda.gov/scripts/drugshortages/default.cfm,200,YGU7M4JOF4DFNBYVNNQ6BFHMFGFFSMJW,text/html,2026-06-08
20260609213848,https://www.accessdata.fda.gov/scripts/drugshortages/default.cfm,200,NREQ3AVABM6VXVMLJWKTT3CXM5MQ42OT,text/html,2026-06-09
20260610213239,https://www.accessdata.fda.gov/scripts/drugshortages/default.cfm,200,VEQS6QEQ5NXNT5GFEA3TBE5Y3ATYU5RY,text/html,2026-06-10
20260611172535,https://www.accessdata.fda.gov/scripts/drugshortages/default.cfm,200,WMMJC52VJOK6ICSJO7VSOOJDH64F4NHI,text/html,2026-06-11
20260611211554,https://www.accessdata.fda.gov/scripts/drugshortages/default.cfm,200,YOPRD5JZI346RZU4PZSKJVRPR54USARN,text/html,2026-06-11
20260613013227,https://www.accessdata.fda.gov/scripts/drugshortages/default.cfm,200,NDGLO6OLVVIBCEDNC5U5KEZ7FKRE5KXL,text/html,2026-06-13
20260613214259,https://www.accessdata.fda.gov/scripts/drugshortages/default.cfm,200,GG7OLTFAN6NZXGDFST7ZUXS64PIVTTEV,text/html,2026-06-13
20260615053944,https://www.accessdata.fda.gov/scripts/drugshortages/default.cfm,200,T446OLG2YSL63RJGKWFDMGR7N32GZG4S,text/html,2026-06-15
20260615204247,https://www.accessdata.fda.gov/scripts/drugshortages/default.cfm,200,6EV5LHTBVBV7UYCU23DZDIBY57HNXZV7,text/html,2026-06-15
20260617154107,https://www.accessdata.fda.gov/scripts/drugshortages/default.cfm,200,SMQL5EXXIMYPAWB6MXE2ICNOO6LCF3KT,text/html,2026-06-17
20260619162405,https://www.accessdata.fda.gov/scripts/drugshortages/default.cfm,200,4CYIN422PYSQCNCLTLMV5LAPCFMJJPSK,text/html,2026-06-19
20260620055642,https://www.accessdata.fda.gov/scripts/drugshortages/default.cfm,200,VUQPH4TVSU2K2DVIHAJM7EZZ4KQHH7XX,text/html,2026-06-20
20260621071909,https://www.accessdata.fda.gov/scripts/drugshortages/default.cfm,200,F6W3WLVOVB6FMAHCYTNTTULFZSPMV6GF,text/html,2026-06-21
20260622194655,https://www.accessdata.fda.gov/scripts/drugshortages/default.cfm,200,6YJDZVO37QTVGQMFTINTVP6MV5HTTBDS,text/html,2026-06-22
20260623172557,https://www.accessdata.fda.gov/scripts/drugshortages/default.cfm,200,BMYOABZFHL6MMRNMX2EUXVBYBCQZ27IB,text/html,2026-06-23
20260624170526,https://www.accessdata.fda.gov/scripts/drugshortages/default.cfm,200,DQQL4Q6AVJGVLH5G6D4NTCVG3H6QX4KC,text/html,2026-06-24
20260625033710,https://www.accessdata.fda.gov/scripts/drugshortages/default.cfm,200,NXPADZYBXPIZZMS5TIM7SOLIKH7G2UTI,text/html,2026-06-25
20260625194813,https://www.accessdata.fda.gov/scripts/drugshortages/default.cfm,200,MYGJR5GURUVFYPK3JXY35W4VBLBPWX3B,text/html,2026-06-25
20260626224032,https://www.accessdata.fda.gov/scripts/drugshortages/default.cfm,200,UEDDZG5ASZA3AA37PQOVGH2DNZMLRMHM,text/html,2026-06-26
20260629174733,https://www.accessdata.fda.gov/scripts/drugshortages/default.cfm,200,QEAEDON4UXI76PCA2BPPHQBNU6NRWEHF,text/html,2026-06-29
20260629231544,https://www.accessdata.fda.gov/scripts/drugshortages/default.cfm,200,SCKC5CQKYJLKNNOINIKCFPZUMLSCGYSZ,text/html,2026-06-29
20260630201839,https://www.accessdata.fda.gov/scripts/drugshortages/default.cfm,200,YFZRBWCERR5MNT7EJZZJLW54ACOJ2FDP,text/html,2026-06-30
20260630211646,https://www.accessdata.fda.gov/scripts/drugshortages/default.cfm,200,V46UPJRNFEMFP4F6S2W4ZWDAJG7R3Q4V,text/html,2026-06-30
20260701170333,https://www.accessdata.fda.gov/scripts/drugshortages/default.cfm,200,NDUXJ6UXOHGR7MSEGGOO6DN45IPQMHMV,text/html,2026-07-01
20260706195825,https://www.accessdata.fda.gov/scripts/drugshortages/default.cfm,200,LR5WT57EWBWBY5SVAPNUO3PJOZAQAUKS,text/html,2026-07-06
20260710214734,https://www.accessdata.fda.gov/scripts/drugshortages/default.cfm,200,OUSMRLS7YSSQP3IR35HCYW3M2JAK6XF4,text/html,2026-07-10
20260711115033,https://www.accessdata.fda.gov/scripts/drugshortages/default.cfm,200,JKCKRCIC2HV5T433CSZFTZKPS4XJAUKF,text/html,2026-07-11
20260715080434,https://www.accessdata.fda.gov/scripts/drugshortages/default.cfm,200,OABXWKELHGSQ644KDIJDQFDB2WKDUYZO,text/html,2026-07-15
20260717213409,https://www.accessdata.fda.gov/scripts/drugshortages/default.cfm,200,G7CZK43AZ4G7DQSUJQAJAQZLIH3D4F7D,text/html,2026-07-17
20260720224723,https://www.accessdata.fda.gov/scripts/drugshortages/default.cfm,200,NQ4C252MNFZXAVFV3I3PLAIFYU7CWJLH,text/html,2026-07-20
20260721235820,https://www.accessdata.fda.gov/scripts/drugshortages/default.cfm,200,C5SRGCGYZHAEKKD5JAWHVPKY54AZBZ5Z,text/html,2026-07-21
20260723010220,https://www.accessdata.fda.gov/scripts/drugshortages/default.cfm,200,RFXYD3PQCM4FFQCIFQC2NFCKGCZ4PE5S,text/html,2026-07-23
20260724171426,https://www.accessdata.fda.gov/scripts/drugshortages/default.cfm,200,2KVI2GHA4XMJBD6MUZ3IRRHXXFLBMDZT,text/html,2026-07-24
20260726182719,https://www.accessdata.fda.gov/scripts/drugshortages/default.cfm,200,AGF2PZX6PDUCV3Z3R4IQEIHQKBLJ7YTA,text/html,2026-07-26
20260726193100,https://www.accessdata.fda.gov/scripts/drugshortages/default.cfm,200,O7Q4ZOQMRE36UX7ANL5K42VWQT2M7K5X,text/html,2026-07-26
20260727171355,https://www.accessdata.fda.gov/scripts/drugshortages/default.cfm,200,C6NOJL2ZKRZVB76XEVSIGQMQWUMCA3IJ,text/html,2026-07-27
20260727233934,https://www.accessdata.fda.gov/scripts/drugshortages/default.cfm,200,ENWSDV3LRCEOJ2HHMQVQO7AELQXB76N5,text/html,2026-07-27
20260728164309,https://www.accessdata.fda.gov/scripts/drugshortages/default.cfm,200,UCEAYOA254MPMOPGEA6E4FTUZMJ2W47G,text/html,2026-07-28
20260729172753,https://www.accessdata.fda.gov/scripts/drugshortages/default.cfm,200,ZMAPDTS6ZY5FGKSJUNIBIDIWNEDTINBO,text/html,2026-07-29
20260730193955,https://www.accessdata.fda.gov/scripts/drugshortages/default.cfm,200,3GLTMORWA6KC33PK3TO74RWSMAAVUWYS,text/html,2026-07-30
20260730233906,https://www.accessdata.fda.gov/scripts/drugshortages/default.cfm,200,H2IIBWUUWYW2CS2KAPHPTF3XGFRWLS55,text/html,2026-07-30
20260801200107,https://www.accessdata.fda.gov/scripts/drugshortages/default.cfm,200,NNEXYFNJB3GVP2WDAIRDNXPMA7D7WOJF,text/html,2026-08-01
20260802121749,https://www.accessdata.fda.gov/scripts/drugshortages/default.cfm,200,SZGBI7S3DTRPOAPU76G4RJOD7SPX2UK3,text/html,2026-08-02
20260804214314,https://www.accessdata.fda.gov/scripts/drugshortages/default.cfm,200,2OIRBQY2N3IKLEDD67AMIJCIEUTJIV64,text/html,2026-08-04
20260805174949,https://www.accessdata.fda.gov/scripts/drugshortages/default.cfm,200,LKH64MAOKJEI2Y2NX2EPSJCUNLXFNTV7,text/html,2026-08-05
20260806205552,https://www.accessdata.fda.gov/scripts/drugshortages/default.cfm,200,WUOOA35TYN5TYZAWXJDGVIYVRVRFZ3WI,text/html,2026-08-06
20260807200052,https://www.accessdata.fda.gov/scripts/drugshortages/default.cfm,200,HCOBUP5BKBUCUOAGJEOIQUKHSRPBXI5X,text/html,2026-08-07
20260808174424,https://www.accessdata.fda.gov/scripts/drugshortages/default.cfm,200,MW5QNZVCMCX2TRQSSGRWNT7AKQPTWJ7V,text/html,2026-08-08
20260808180249,https://www.accessdata.fda.gov/scripts/drugshortages/default.cfm,200,3223GHAUEY7FLSGAXAL5N5SZUZFKTOT5,text/html,2026-08-08
20260810214715,https://www.accessdata.fda.gov/scripts/drugshortages/default.cfm,200,Y2XVO6RA3DZM26L4UQCEVMKAFJMROLSV,text/html,2026-08-10
20260811192140,https://www.accessdata.fda.gov/scripts/drugshortages/default.cfm,200,TVQV774U7EM7W2FXKT46DFFWNZXUKX6F,text/html,2026-08-11
20260812175252,https://www.accessdata.fda.gov/scripts/drugshortages/default.cfm,200,RMXJCLXVDJNDGQN5MRXX7GHNHB2FQCW5,text/html,2026-08-12
20260813184702,https://www.accessdata.fda.gov/scripts/drugshortages/default.cfm,200,3YEYGD452F4QSHNN5EXY4EJXIVF3TEUC,text/html,2026-08-13
20260814182301,https://www.accessdata.fda.gov/scripts/drugshortages/default.cfm,200,VEXQY3OAOUXAQUFAVZASEZ7EKXRAS42D,text/html,2026-08-14
20260815214718,https://www.accessdata.fda.gov/scripts/drugshortages/default.cfm,200,ORR6IPBH4ZRJATBWTXBIEALT24IMXHE6,text/html,2026-08-15
20260817185353,https://www.accessdata.fda.gov/scripts/drugshortages/default.cfm,200,I3LVJD2GW5RSWSH7F6B7BS7K532ESAPG,text/html,2026-08-17
20260818184841,https://www.accessdata.fda.gov/scripts/drugshortages/default.cfm,200,PQDDFOPCTFZB5YJJJ62LGYZYXQCSLVTD,text/html,2026-08-18
20260819163436,https://www.accessdata.fda.gov/scripts/drugshortages/default.cfm,200,FP2YLH3YSU74JQ2KURPOJ6Q2OLT2E554,text/html,2026-08-19
20260820162419,https://www.accessdata.fda.gov/scripts/drugshortages/default.cfm,200,OOHBIBJLJMO6Y4HMLWB7V4DI2VON3DRQ,text/html,2026-08-20
20260822211106,https://www.accessdata.fda.gov/scripts/drugshortages/default.cfm,200,MZ4XNYZJ5IFQKXG37OBSAI6ARK7WHSN7,text/html,2026-08-22
20260823200208,https://www.accessdata.fda.gov/scripts/drugshortages/default.cfm,200,G3UIDYFS6N5ZZWHEPGPEX6XK3VF4JLEM,text/html,2026-08-23
20260824200014,https://www.accessdata.fda.gov/scripts/drugshortages/default.cfm,200,5IQYDXIDUEOWRSWC4JGQCMT5DGAQALFZ,text/html,2026-08-24
20260827193842,https://www.accessdata.fda.gov/scripts/drugshortages/default.cfm,200,KPZKIAPM4YK3T5KVOD6NKBHUXOVOCQCV,text/html,2026-08-27
20260901175701,https://www.accessdata.fda.gov/scripts/drugshortages/default.cfm,200,3HK6L7AG7L7KB6GUZXSBHUDUOENHNKL4,text/html,2026-09-01
20260902184239,https://www.accessdata.fda.gov/scripts/drugshortages/default.cfm,200,BU33GEPE37O36YFRCVLIMKSPGI6PM4WQ,text/html,2026-09-02
20260902200458,https://www.accessdata.fda.gov/scripts/drugshortages/default.cfm,200,XNSUDWPESDPGGYWBAIZOKTGP6UV7SWQQ,text/html,2026-09-02
20260903182604,https://www.accessdata.fda.gov/scripts/drugshortages/default.cfm,200,5B5LSPS5F6AJZJWEHLGF6GJ52Z3PCHF5,text/html,2026-09-03
20260904191436,https://www.accessdata.fda.gov/scripts/drugshortages/default.cfm,200,HNGR2R6O7TXV57PJHAN577KEYRVFWYLR,text/html,2026-09-04
20260905095146,https://www.accessdata.fda.gov/scripts/drugshortages/default.cfm,200,NKWAFW7Y2IOGCG5K2OVMKRW7BFXITNT2,text/html,2026-09-05
20260908154731,https://www.accessdata.fda.gov/scripts/drugshortages/default.cfm,200,PQB33JJTQFJOFAAEHCOYZJMUBCL34MLI,text/html,2026-09-08
20260909104222,https://www.accessdata.fda.gov/scripts/drugshortages/default.cfm,200,XETNJYGZGM3EN57Z6BRLGSK2MSFRRMTA,text/html,2026-09-09
20260909173543,https://www.accessdata.fda.gov/scripts/drugshortages/default.cfm,200,ER5GQHEHA43KBZCBPOWXAOHUCWOG4HVB,text/html,2026-09-09
20260910171503,https://www.accessdata.fda.gov/scripts/drugshortages/default.cfm,200,UIMDU3HUNXMWEX4B76T5OGYZVP6DWETU,text/html,2026-09-10
20260911201732,https://www.accessdata.fda.gov/scripts/drugshortages/default.cfm,200,ENACL4SXTSYYZ3G75V2Y45CWPIXM46ZG,text/html,2026-09-11
20260915051518,https://www.accessdata.fda.gov/scripts/drugshortages/default.cfm,200,3M2EX3BAMZCT7VBEUMCNXNBTS7BS5T7E,text/html,2026-09-15
20260915171800,https://www.accessdata.fda.gov/scripts/drugshortages/default.cfm,200,NU2PGTUREUJ7QHQE7WOED7AOYGMGV6MF,text/html,2026-09-15
20260916154415,https://www.accessdata.fda.gov/scripts/drugshortages/default.cfm,200,U6A7I3C53EZIJGRPHXA5OTW744BAUXN7,text/html,2026-09-16
20260917173026,https://www.accessdata.fda.gov/scripts/drugshortages/default.cfm,200,MOGK3UUUPCCWQDTVOPJHKJONKGC6OHW7,text/html,2026-09-17
20260920163843,https://www.accessdata.fda.gov/scripts/drugshortages/default.cfm,200,7UFO6DKW7VA6CYMZWZVSV2BQT4MJ5PRS,text/html,2026-09-20
20260922005847,https://www.accessdata.fda.gov/scripts/drugshortages/default.cfm,200,AVNNSF4HUBPYXTOXFNG4X54HX6YB76YX,text/html,2026-09-22
20260922201448,https://www.accessdata.fda.gov/scripts/drugshortages/default.cfm,200,DOKZVVHZ2TSECLQSCXBA3N3BBHBBCPGO,text/html,2026-09-22
20260923184630,https://www.accessdata.fda.gov/scripts/drugshortages/default.cfm,200,6VQ6VB6BDJLTUI3AK5CHOEZM54M2IIWF,text/html,2026-09-23
20260923224046,https://www.accessdata.fda.gov/scripts/drugshortages/default.cfm,200,Q2AB544B6Z5VC6UTDSILHRVOO3ZSBTHR,text/html,2026-09-23
20260924024932,https://www.accessdata.fda.gov/scripts/drugshortages/default.cfm,200,PZKSXQFHB4WR26OJ7M5XXUW6Z4APPRDI,text/html,2026-09-24
20260924164743,https://www.accessdata.fda.gov/scripts/drugshortages/default.cfm,200,SUNC464RB2VGWE5UM7JAG57VQ4ODRTXW,text/html,2026-09-24
20260925191631,https://www.accessdata.fda.gov/scripts/drugshortages/default.cfm,200,UDMUS7FN45ZUK46SBFR43AMQZ25STX4X,text/html,2026-09-25
20260927001243,https://www.accessdata.fda.gov/scripts/drugshortages/default.cfm,200,554PBPN65XXMR3TZMEX3APXUYHVUH5BO,text/html,2026-09-27
20260929191817,https://www.accessdata.fda.gov/scripts/drugshortages/default.cfm,200,AAWWBNFPYTE4PI55ZLWY2CBDE7KVYMGC,text/html,2026-09-29
20260930175513,https://www.accessdata.fda.gov/scripts/drugshortages/default.cfm,200,66E3NZVYBKKWOUYRIWAJHHMYARPKQWFQ,text/html,2026-09-30
20261001173851,https://www.accessdata.fda.gov/scripts/drugshortages/default.cfm,200,QSQSKZCAGXUUOHRXNKPYKXCWC7WCLSJJ,text/html,2026-10-01
