event_id,product,ai_key,ticker,country,benchmark,public_date,capture_date,capture_ts,trade_ready_date,known_at,role,company,evidence,control_definition,winner_count,date_uncertain,left_censored,rename_window,spike_week,rename_suspect
79,Peritoneal Dialysis Solutions,peritoneal dialysis solutions,BAX,US,SPY,2014-08-14,2014-08-17,20140817181103,2014-08-17,2014-08-17T18:11:03+00:00,winner,BAX,[],v4 disrupted parent (measured long; short = negative),1,True,False,False,False,False
79,Peritoneal Dialysis Solutions,peritoneal dialysis solutions,AKRX,US,SPY,2014-08-14,2014-08-17,20140817181103,2014-08-17,2014-08-17T18:11:03+00:00,placebo,,[],US generic maker not named on the FDA page,1,True,False,False,False,False
79,Peritoneal Dialysis Solutions,peritoneal dialysis solutions,AMPH,US,SPY,2014-08-14,2014-08-17,20140817181103,2014-08-17,2014-08-17T18:11:03+00:00,placebo,,[],US generic maker not named on the FDA page,1,True,False,False,False,False
79,Peritoneal Dialysis Solutions,peritoneal dialysis solutions,ANIP,US,SPY,2014-08-14,2014-08-17,20140817181103,2014-08-17,2014-08-17T18:11:03+00:00,placebo,,[],US generic maker not named on the FDA page,1,True,False,False,False,False
79,Peritoneal Dialysis Solutions,peritoneal dialysis solutions,HSP,US,SPY,2014-08-14,2014-08-17,20140817181103,2014-08-17,2014-08-17T18:11:03+00:00,placebo,,[],US generic maker not named on the FDA page,1,True,False,False,False,False
79,Peritoneal Dialysis Solutions,peritoneal dialysis solutions,ICUI,US,SPY,2014-08-14,2014-08-17,20140817181103,2014-08-17,2014-08-17T18:11:03+00:00,placebo,,[],US generic maker not named on the FDA page,1,True,False,False,False,False
79,Peritoneal Dialysis Solutions,peritoneal dialysis solutions,IPXL,US,SPY,2014-08-14,2014-08-17,20140817181103,2014-08-17,2014-08-17T18:11:03+00:00,placebo,,[],US generic maker not named on the FDA page,1,True,False,False,False,False
79,Peritoneal Dialysis Solutions,peritoneal dialysis solutions,LCI,US,SPY,2014-08-14,2014-08-17,20140817181103,2014-08-17,2014-08-17T18:11:03+00:00,placebo,,[],US generic maker not named on the FDA page,1,True,False,False,False,False
79,Peritoneal Dialysis Solutions,peritoneal dialysis solutions,PRGO,US,SPY,2014-08-14,2014-08-17,20140817181103,2014-08-17,2014-08-17T18:11:03+00:00,placebo,,[],US generic maker not named on the FDA page,1,True,False,False,False,False
79,Peritoneal Dialysis Solutions,peritoneal dialysis solutions,RDY,US,SPY,2014-08-14,2014-08-17,20140817181103,2014-08-17,2014-08-17T18:11:03+00:00,placebo,,[],US generic maker not named on the FDA page,1,True,False,False,False,False
79,Peritoneal Dialysis Solutions,peritoneal dialysis solutions,SGNT,US,SPY,2014-08-14,2014-08-17,20140817181103,2014-08-17,2014-08-17T18:11:03+00:00,placebo,,[],US generic maker not named on the FDA page,1,True,False,False,False,False
79,Peritoneal Dialysis Solutions,peritoneal dialysis solutions,TEVA,US,SPY,2014-08-14,2014-08-17,20140817181103,2014-08-17,2014-08-17T18:11:03+00:00,placebo,,[],US generic maker not named on the FDA page,1,True,False,False,False,False
79,Peritoneal Dialysis Solutions,peritoneal dialysis solutions,TLGT,US,SPY,2014-08-14,2014-08-17,20140817181103,2014-08-17,2014-08-17T18:11:03+00:00,placebo,,[],US generic maker not named on the FDA page,1,True,False,False,False,False
79,Peritoneal Dialysis Solutions,peritoneal dialysis solutions,VTRS,US,SPY,2014-08-14,2014-08-17,20140817181103,2014-08-17,2014-08-17T18:11:03+00:00,placebo,,[],US generic maker not named on the FDA page,1,True,False,False,False,False
88,Irrigation Solutions,irrigation solutions,BAX,US,SPY,2014-10-27,2014-09-27,20140927020635,2014-10-27,2014-10-27T23:59:59.999999999+00:00,winner,BAX,[],v4 disrupted parent (measured long; short = negative),1,True,False,False,False,False
88,Irrigation Solutions,irrigation solutions,AKRX,US,SPY,2014-10-27,2014-09-27,20140927020635,2014-10-27,2014-10-27T23:59:59.999999999+00:00,placebo,,[],US generic maker not named on the FDA page,1,True,False,False,False,False
88,Irrigation Solutions,irrigation solutions,AMPH,US,SPY,2014-10-27,2014-09-27,20140927020635,2014-10-27,2014-10-27T23:59:59.999999999+00:00,placebo,,[],US generic maker not named on the FDA page,1,True,False,False,False,False
88,Irrigation Solutions,irrigation solutions,ANIP,US,SPY,2014-10-27,2014-09-27,20140927020635,2014-10-27,2014-10-27T23:59:59.999999999+00:00,placebo,,[],US generic maker not named on the FDA page,1,True,False,False,False,False
88,Irrigation Solutions,irrigation solutions,ICUI,US,SPY,2014-10-27,2014-09-27,20140927020635,2014-10-27,2014-10-27T23:59:59.999999999+00:00,placebo,,[],US generic maker not named on the FDA page,1,True,False,False,False,False
88,Irrigation Solutions,irrigation solutions,IPXL,US,SPY,2014-10-27,2014-09-27,20140927020635,2014-10-27,2014-10-27T23:59:59.999999999+00:00,placebo,,[],US generic maker not named on the FDA page,1,True,False,False,False,False
88,Irrigation Solutions,irrigation solutions,LCI,US,SPY,2014-10-27,2014-09-27,20140927020635,2014-10-27,2014-10-27T23:59:59.999999999+00:00,placebo,,[],US generic maker not named on the FDA page,1,True,False,False,False,False
88,Irrigation Solutions,irrigation solutions,PRGO,US,SPY,2014-10-27,2014-09-27,20140927020635,2014-10-27,2014-10-27T23:59:59.999999999+00:00,placebo,,[],US generic maker not named on the FDA page,1,True,False,False,False,False
88,Irrigation Solutions,irrigation solutions,RDY,US,SPY,2014-10-27,2014-09-27,20140927020635,2014-10-27,2014-10-27T23:59:59.999999999+00:00,placebo,,[],US generic maker not named on the FDA page,1,True,False,False,False,False
88,Irrigation Solutions,irrigation solutions,SGNT,US,SPY,2014-10-27,2014-09-27,20140927020635,2014-10-27,2014-10-27T23:59:59.999999999+00:00,placebo,,[],US generic maker not named on the FDA page,1,True,False,False,False,False
88,Irrigation Solutions,irrigation solutions,TEVA,US,SPY,2014-10-27,2014-09-27,20140927020635,2014-10-27,2014-10-27T23:59:59.999999999+00:00,placebo,,[],US generic maker not named on the FDA page,1,True,False,False,False,False
88,Irrigation Solutions,irrigation solutions,TLGT,US,SPY,2014-10-27,2014-09-27,20140927020635,2014-10-27,2014-10-27T23:59:59.999999999+00:00,placebo,,[],US generic maker not named on the FDA page,1,True,False,False,False,False
88,Irrigation Solutions,irrigation solutions,VTRS,US,SPY,2014-10-27,2014-09-27,20140927020635,2014-10-27,2014-10-27T23:59:59.999999999+00:00,placebo,,[],US generic maker not named on the FDA page,1,True,False,False,False,False
94,Sterile Water for Injection Solutions,sterile water for injection solutions,BAX,US,SPY,2014-10-27,2014-09-27,20140927034538,2014-10-27,2014-10-27T23:59:59.999999999+00:00,winner,BAX,[],v4 disrupted parent (measured long; short = negative),2,True,False,False,False,False
94,Sterile Water for Injection Solutions,sterile water for injection solutions,HSP,US,SPY,2014-10-27,2014-09-27,20140927034538,2014-10-27,2014-10-27T23:59:59.999999999+00:00,winner,HSP,[],v4 disrupted parent (measured long; short = negative),2,True,False,False,False,False
94,Sterile Water for Injection Solutions,sterile water for injection solutions,AKRX,US,SPY,2014-10-27,2014-09-27,20140927034538,2014-10-27,2014-10-27T23:59:59.999999999+00:00,placebo,,[],US generic maker not named on the FDA page,2,True,False,False,False,False
94,Sterile Water for Injection Solutions,sterile water for injection solutions,AMPH,US,SPY,2014-10-27,2014-09-27,20140927034538,2014-10-27,2014-10-27T23:59:59.999999999+00:00,placebo,,[],US generic maker not named on the FDA page,2,True,False,False,False,False
94,Sterile Water for Injection Solutions,sterile water for injection solutions,ANIP,US,SPY,2014-10-27,2014-09-27,20140927034538,2014-10-27,2014-10-27T23:59:59.999999999+00:00,placebo,,[],US generic maker not named on the FDA page,2,True,False,False,False,False
94,Sterile Water for Injection Solutions,sterile water for injection solutions,ICUI,US,SPY,2014-10-27,2014-09-27,20140927034538,2014-10-27,2014-10-27T23:59:59.999999999+00:00,placebo,,[],US generic maker not named on the FDA page,2,True,False,False,False,False
94,Sterile Water for Injection Solutions,sterile water for injection solutions,IPXL,US,SPY,2014-10-27,2014-09-27,20140927034538,2014-10-27,2014-10-27T23:59:59.999999999+00:00,placebo,,[],US generic maker not named on the FDA page,2,True,False,False,False,False
94,Sterile Water for Injection Solutions,sterile water for injection solutions,LCI,US,SPY,2014-10-27,2014-09-27,20140927034538,2014-10-27,2014-10-27T23:59:59.999999999+00:00,placebo,,[],US generic maker not named on the FDA page,2,True,False,False,False,False
94,Sterile Water for Injection Solutions,sterile water for injection solutions,PRGO,US,SPY,2014-10-27,2014-09-27,20140927034538,2014-10-27,2014-10-27T23:59:59.999999999+00:00,placebo,,[],US generic maker not named on the FDA page,2,True,False,False,False,False
94,Sterile Water for Injection Solutions,sterile water for injection solutions,RDY,US,SPY,2014-10-27,2014-09-27,20140927034538,2014-10-27,2014-10-27T23:59:59.999999999+00:00,placebo,,[],US generic maker not named on the FDA page,2,True,False,False,False,False
94,Sterile Water for Injection Solutions,sterile water for injection solutions,SGNT,US,SPY,2014-10-27,2014-09-27,20140927034538,2014-10-27,2014-10-27T23:59:59.999999999+00:00,placebo,,[],US generic maker not named on the FDA page,2,True,False,False,False,False
94,Sterile Water for Injection Solutions,sterile water for injection solutions,TEVA,US,SPY,2014-10-27,2014-09-27,20140927034538,2014-10-27,2014-10-27T23:59:59.999999999+00:00,placebo,,[],US generic maker not named on the FDA page,2,True,False,False,False,False
94,Sterile Water for Injection Solutions,sterile water for injection solutions,TLGT,US,SPY,2014-10-27,2014-09-27,20140927034538,2014-10-27,2014-10-27T23:59:59.999999999+00:00,placebo,,[],US generic maker not named on the FDA page,2,True,False,False,False,False
94,Sterile Water for Injection Solutions,sterile water for injection solutions,VTRS,US,SPY,2014-10-27,2014-09-27,20140927034538,2014-10-27,2014-10-27T23:59:59.999999999+00:00,placebo,,[],US generic maker not named on the FDA page,2,True,False,False,False,False
111,"Imipenem and Cilastatin for Injection, USP","imipenem and cilastatin for injection, usp",HSP,US,SPY,2015-06-21,2015-07-10,20150710095104,2015-07-10,2015-07-10T09:51:04+00:00,winner,HSP,[],v4 disrupted parent (measured long; short = negative),1,True,False,False,False,False
111,"Imipenem and Cilastatin for Injection, USP","imipenem and cilastatin for injection, usp",AKRX,US,SPY,2015-06-21,2015-07-10,20150710095104,2015-07-10,2015-07-10T09:51:04+00:00,placebo,,[],US generic maker not named on the FDA page,1,True,False,False,False,False
111,"Imipenem and Cilastatin for Injection, USP","imipenem and cilastatin for injection, usp",AMPH,US,SPY,2015-06-21,2015-07-10,20150710095104,2015-07-10,2015-07-10T09:51:04+00:00,placebo,,[],US generic maker not named on the FDA page,1,True,False,False,False,False
111,"Imipenem and Cilastatin for Injection, USP","imipenem and cilastatin for injection, usp",ANIP,US,SPY,2015-06-21,2015-07-10,20150710095104,2015-07-10,2015-07-10T09:51:04+00:00,placebo,,[],US generic maker not named on the FDA page,1,True,False,False,False,False
111,"Imipenem and Cilastatin for Injection, USP","imipenem and cilastatin for injection, usp",BAX,US,SPY,2015-06-21,2015-07-10,20150710095104,2015-07-10,2015-07-10T09:51:04+00:00,placebo,,[],US generic maker not named on the FDA page,1,True,False,False,False,False
111,"Imipenem and Cilastatin for Injection, USP","imipenem and cilastatin for injection, usp",ICUI,US,SPY,2015-06-21,2015-07-10,20150710095104,2015-07-10,2015-07-10T09:51:04+00:00,placebo,,[],US generic maker not named on the FDA page,1,True,False,False,False,False
111,"Imipenem and Cilastatin for Injection, USP","imipenem and cilastatin for injection, usp",IPXL,US,SPY,2015-06-21,2015-07-10,20150710095104,2015-07-10,2015-07-10T09:51:04+00:00,placebo,,[],US generic maker not named on the FDA page,1,True,False,False,False,False
111,"Imipenem and Cilastatin for Injection, USP","imipenem and cilastatin for injection, usp",LCI,US,SPY,2015-06-21,2015-07-10,20150710095104,2015-07-10,2015-07-10T09:51:04+00:00,placebo,,[],US generic maker not named on the FDA page,1,True,False,False,False,False
111,"Imipenem and Cilastatin for Injection, USP","imipenem and cilastatin for injection, usp",PRGO,US,SPY,2015-06-21,2015-07-10,20150710095104,2015-07-10,2015-07-10T09:51:04+00:00,placebo,,[],US generic maker not named on the FDA page,1,True,False,False,False,False
111,"Imipenem and Cilastatin for Injection, USP","imipenem and cilastatin for injection, usp",RDY,US,SPY,2015-06-21,2015-07-10,20150710095104,2015-07-10,2015-07-10T09:51:04+00:00,placebo,,[],US generic maker not named on the FDA page,1,True,False,False,False,False
111,"Imipenem and Cilastatin for Injection, USP","imipenem and cilastatin for injection, usp",SGNT,US,SPY,2015-06-21,2015-07-10,20150710095104,2015-07-10,2015-07-10T09:51:04+00:00,placebo,,[],US generic maker not named on the FDA page,1,True,False,False,False,False
111,"Imipenem and Cilastatin for Injection, USP","imipenem and cilastatin for injection, usp",TEVA,US,SPY,2015-06-21,2015-07-10,20150710095104,2015-07-10,2015-07-10T09:51:04+00:00,placebo,,[],US generic maker not named on the FDA page,1,True,False,False,False,False
111,"Imipenem and Cilastatin for Injection, USP","imipenem and cilastatin for injection, usp",TLGT,US,SPY,2015-06-21,2015-07-10,20150710095104,2015-07-10,2015-07-10T09:51:04+00:00,placebo,,[],US generic maker not named on the FDA page,1,True,False,False,False,False
111,"Imipenem and Cilastatin for Injection, USP","imipenem and cilastatin for injection, usp",VTRS,US,SPY,2015-06-21,2015-07-10,20150710095104,2015-07-10,2015-07-10T09:51:04+00:00,placebo,,[],US generic maker not named on the FDA page,1,True,False,False,False,False
118,"Meropenem for Injection, USP","meropenem for injection, usp",PFE,US,SPY,2015-09-05,2015-09-05,20150905134322,2015-09-05,2015-09-05T23:59:59.999999999+00:00,winner,PFE,[],v4 disrupted parent (measured long; short = negative),1,True,False,False,False,False
118,"Meropenem for Injection, USP","meropenem for injection, usp",AKRX,US,SPY,2015-09-05,2015-09-05,20150905134322,2015-09-05,2015-09-05T23:59:59.999999999+00:00,placebo,,[],US generic maker not named on the FDA page,1,True,False,False,False,False
118,"Meropenem for Injection, USP","meropenem for injection, usp",AMPH,US,SPY,2015-09-05,2015-09-05,20150905134322,2015-09-05,2015-09-05T23:59:59.999999999+00:00,placebo,,[],US generic maker not named on the FDA page,1,True,False,False,False,False
118,"Meropenem for Injection, USP","meropenem for injection, usp",ANIP,US,SPY,2015-09-05,2015-09-05,20150905134322,2015-09-05,2015-09-05T23:59:59.999999999+00:00,placebo,,[],US generic maker not named on the FDA page,1,True,False,False,False,False
118,"Meropenem for Injection, USP","meropenem for injection, usp",BAX,US,SPY,2015-09-05,2015-09-05,20150905134322,2015-09-05,2015-09-05T23:59:59.999999999+00:00,placebo,,[],US generic maker not named on the FDA page,1,True,False,False,False,False
118,"Meropenem for Injection, USP","meropenem for injection, usp",ICUI,US,SPY,2015-09-05,2015-09-05,20150905134322,2015-09-05,2015-09-05T23:59:59.999999999+00:00,placebo,,[],US generic maker not named on the FDA page,1,True,False,False,False,False
118,"Meropenem for Injection, USP","meropenem for injection, usp",IPXL,US,SPY,2015-09-05,2015-09-05,20150905134322,2015-09-05,2015-09-05T23:59:59.999999999+00:00,placebo,,[],US generic maker not named on the FDA page,1,True,False,False,False,False
118,"Meropenem for Injection, USP","meropenem for injection, usp",LCI,US,SPY,2015-09-05,2015-09-05,20150905134322,2015-09-05,2015-09-05T23:59:59.999999999+00:00,placebo,,[],US generic maker not named on the FDA page,1,True,False,False,False,False
118,"Meropenem for Injection, USP","meropenem for injection, usp",PRGO,US,SPY,2015-09-05,2015-09-05,20150905134322,2015-09-05,2015-09-05T23:59:59.999999999+00:00,placebo,,[],US generic maker not named on the FDA page,1,True,False,False,False,False
118,"Meropenem for Injection, USP","meropenem for injection, usp",RDY,US,SPY,2015-09-05,2015-09-05,20150905134322,2015-09-05,2015-09-05T23:59:59.999999999+00:00,placebo,,[],US generic maker not named on the FDA page,1,True,False,False,False,False
118,"Meropenem for Injection, USP","meropenem for injection, usp",SGNT,US,SPY,2015-09-05,2015-09-05,20150905134322,2015-09-05,2015-09-05T23:59:59.999999999+00:00,placebo,,[],US generic maker not named on the FDA page,1,True,False,False,False,False
118,"Meropenem for Injection, USP","meropenem for injection, usp",TEVA,US,SPY,2015-09-05,2015-09-05,20150905134322,2015-09-05,2015-09-05T23:59:59.999999999+00:00,placebo,,[],US generic maker not named on the FDA page,1,True,False,False,False,False
118,"Meropenem for Injection, USP","meropenem for injection, usp",TLGT,US,SPY,2015-09-05,2015-09-05,20150905134322,2015-09-05,2015-09-05T23:59:59.999999999+00:00,placebo,,[],US generic maker not named on the FDA page,1,True,False,False,False,False
118,"Meropenem for Injection, USP","meropenem for injection, usp",VTRS,US,SPY,2015-09-05,2015-09-05,20150905134322,2015-09-05,2015-09-05T23:59:59.999999999+00:00,placebo,,[],US generic maker not named on the FDA page,1,True,False,False,False,False
134,Tretinoin Capsules,tretinoin capsules,ENDP,US,SPY,2016-03-06,2016-03-02,20160302124905,2016-03-06,2016-03-06T23:59:59.999999999+00:00,winner,ENDP,[],v4 disrupted parent (measured long; short = negative),2,True,False,False,False,False
134,Tretinoin Capsules,tretinoin capsules,TEVA,US,SPY,2016-03-06,2016-03-02,20160302124905,2016-03-06,2016-03-06T23:59:59.999999999+00:00,winner,TEVA,[],v4 disrupted parent (measured long; short = negative),2,True,False,False,False,False
134,Tretinoin Capsules,tretinoin capsules,AKRX,US,SPY,2016-03-06,2016-03-02,20160302124905,2016-03-06,2016-03-06T23:59:59.999999999+00:00,placebo,,[],US generic maker not named on the FDA page,2,True,False,False,False,False
134,Tretinoin Capsules,tretinoin capsules,AMPH,US,SPY,2016-03-06,2016-03-02,20160302124905,2016-03-06,2016-03-06T23:59:59.999999999+00:00,placebo,,[],US generic maker not named on the FDA page,2,True,False,False,False,False
134,Tretinoin Capsules,tretinoin capsules,ANIP,US,SPY,2016-03-06,2016-03-02,20160302124905,2016-03-06,2016-03-06T23:59:59.999999999+00:00,placebo,,[],US generic maker not named on the FDA page,2,True,False,False,False,False
134,Tretinoin Capsules,tretinoin capsules,BAX,US,SPY,2016-03-06,2016-03-02,20160302124905,2016-03-06,2016-03-06T23:59:59.999999999+00:00,placebo,,[],US generic maker not named on the FDA page,2,True,False,False,False,False
134,Tretinoin Capsules,tretinoin capsules,ICUI,US,SPY,2016-03-06,2016-03-02,20160302124905,2016-03-06,2016-03-06T23:59:59.999999999+00:00,placebo,,[],US generic maker not named on the FDA page,2,True,False,False,False,False
134,Tretinoin Capsules,tretinoin capsules,IPXL,US,SPY,2016-03-06,2016-03-02,20160302124905,2016-03-06,2016-03-06T23:59:59.999999999+00:00,placebo,,[],US generic maker not named on the FDA page,2,True,False,False,False,False
134,Tretinoin Capsules,tretinoin capsules,LCI,US,SPY,2016-03-06,2016-03-02,20160302124905,2016-03-06,2016-03-06T23:59:59.999999999+00:00,placebo,,[],US generic maker not named on the FDA page,2,True,False,False,False,False
134,Tretinoin Capsules,tretinoin capsules,PRGO,US,SPY,2016-03-06,2016-03-02,20160302124905,2016-03-06,2016-03-06T23:59:59.999999999+00:00,placebo,,[],US generic maker not named on the FDA page,2,True,False,False,False,False
134,Tretinoin Capsules,tretinoin capsules,RDY,US,SPY,2016-03-06,2016-03-02,20160302124905,2016-03-06,2016-03-06T23:59:59.999999999+00:00,placebo,,[],US generic maker not named on the FDA page,2,True,False,False,False,False
134,Tretinoin Capsules,tretinoin capsules,SGNT,US,SPY,2016-03-06,2016-03-02,20160302124905,2016-03-06,2016-03-06T23:59:59.999999999+00:00,placebo,,[],US generic maker not named on the FDA page,2,True,False,False,False,False
134,Tretinoin Capsules,tretinoin capsules,TLGT,US,SPY,2016-03-06,2016-03-02,20160302124905,2016-03-06,2016-03-06T23:59:59.999999999+00:00,placebo,,[],US generic maker not named on the FDA page,2,True,False,False,False,False
134,Tretinoin Capsules,tretinoin capsules,VTRS,US,SPY,2016-03-06,2016-03-02,20160302124905,2016-03-06,2016-03-06T23:59:59.999999999+00:00,placebo,,[],US generic maker not named on the FDA page,2,True,False,False,False,False
136,Theophylline Extended Release Tablets and Capsules,theophylline extended release tablets and capsules,TEVA,US,SPY,2016-04-09,2016-05-02,20160502152036,2016-05-02,2016-05-02T15:20:36+00:00,winner,TEVA,[],v4 disrupted parent (measured long; short = negative),1,False,False,False,False,False
136,Theophylline Extended Release Tablets and Capsules,theophylline extended release tablets and capsules,AKRX,US,SPY,2016-04-09,2016-05-02,20160502152036,2016-05-02,2016-05-02T15:20:36+00:00,placebo,,[],US generic maker not named on the FDA page,1,False,False,False,False,False
136,Theophylline Extended Release Tablets and Capsules,theophylline extended release tablets and capsules,AMPH,US,SPY,2016-04-09,2016-05-02,20160502152036,2016-05-02,2016-05-02T15:20:36+00:00,placebo,,[],US generic maker not named on the FDA page,1,False,False,False,False,False
136,Theophylline Extended Release Tablets and Capsules,theophylline extended release tablets and capsules,ANIP,US,SPY,2016-04-09,2016-05-02,20160502152036,2016-05-02,2016-05-02T15:20:36+00:00,placebo,,[],US generic maker not named on the FDA page,1,False,False,False,False,False
136,Theophylline Extended Release Tablets and Capsules,theophylline extended release tablets and capsules,BAX,US,SPY,2016-04-09,2016-05-02,20160502152036,2016-05-02,2016-05-02T15:20:36+00:00,placebo,,[],US generic maker not named on the FDA page,1,False,False,False,False,False
136,Theophylline Extended Release Tablets and Capsules,theophylline extended release tablets and capsules,ICUI,US,SPY,2016-04-09,2016-05-02,20160502152036,2016-05-02,2016-05-02T15:20:36+00:00,placebo,,[],US generic maker not named on the FDA page,1,False,False,False,False,False
136,Theophylline Extended Release Tablets and Capsules,theophylline extended release tablets and capsules,IPXL,US,SPY,2016-04-09,2016-05-02,20160502152036,2016-05-02,2016-05-02T15:20:36+00:00,placebo,,[],US generic maker not named on the FDA page,1,False,False,False,False,False
136,Theophylline Extended Release Tablets and Capsules,theophylline extended release tablets and capsules,LCI,US,SPY,2016-04-09,2016-05-02,20160502152036,2016-05-02,2016-05-02T15:20:36+00:00,placebo,,[],US generic maker not named on the FDA page,1,False,False,False,False,False
136,Theophylline Extended Release Tablets and Capsules,theophylline extended release tablets and capsules,PRGO,US,SPY,2016-04-09,2016-05-02,20160502152036,2016-05-02,2016-05-02T15:20:36+00:00,placebo,,[],US generic maker not named on the FDA page,1,False,False,False,False,False
136,Theophylline Extended Release Tablets and Capsules,theophylline extended release tablets and capsules,RDY,US,SPY,2016-04-09,2016-05-02,20160502152036,2016-05-02,2016-05-02T15:20:36+00:00,placebo,,[],US generic maker not named on the FDA page,1,False,False,False,False,False
136,Theophylline Extended Release Tablets and Capsules,theophylline extended release tablets and capsules,SGNT,US,SPY,2016-04-09,2016-05-02,20160502152036,2016-05-02,2016-05-02T15:20:36+00:00,placebo,,[],US generic maker not named on the FDA page,1,False,False,False,False,False
136,Theophylline Extended Release Tablets and Capsules,theophylline extended release tablets and capsules,TLGT,US,SPY,2016-04-09,2016-05-02,20160502152036,2016-05-02,2016-05-02T15:20:36+00:00,placebo,,[],US generic maker not named on the FDA page,1,False,False,False,False,False
137,Bleomycin Sulfate for Injection,bleomycin sulfate for injection,PFE,US,SPY,2016-04-22,2016-05-02,20160502152527,2016-05-02,2016-05-02T15:25:27+00:00,winner,PFE,[],v4 disrupted parent (measured long; short = negative),2,False,False,False,False,False
137,Bleomycin Sulfate for Injection,bleomycin sulfate for injection,TEVA,US,SPY,2016-04-22,2016-05-02,20160502152527,2016-05-02,2016-05-02T15:25:27+00:00,winner,TEVA,[],v4 disrupted parent (measured long; short = negative),2,False,False,False,False,False
137,Bleomycin Sulfate for Injection,bleomycin sulfate for injection,AKRX,US,SPY,2016-04-22,2016-05-02,20160502152527,2016-05-02,2016-05-02T15:25:27+00:00,placebo,,[],US generic maker not named on the FDA page,2,False,False,False,False,False
137,Bleomycin Sulfate for Injection,bleomycin sulfate for injection,AMPH,US,SPY,2016-04-22,2016-05-02,20160502152527,2016-05-02,2016-05-02T15:25:27+00:00,placebo,,[],US generic maker not named on the FDA page,2,False,False,False,False,False
137,Bleomycin Sulfate for Injection,bleomycin sulfate for injection,ANIP,US,SPY,2016-04-22,2016-05-02,20160502152527,2016-05-02,2016-05-02T15:25:27+00:00,placebo,,[],US generic maker not named on the FDA page,2,False,False,False,False,False
137,Bleomycin Sulfate for Injection,bleomycin sulfate for injection,BAX,US,SPY,2016-04-22,2016-05-02,20160502152527,2016-05-02,2016-05-02T15:25:27+00:00,placebo,,[],US generic maker not named on the FDA page,2,False,False,False,False,False
137,Bleomycin Sulfate for Injection,bleomycin sulfate for injection,ENDP,US,SPY,2016-04-22,2016-05-02,20160502152527,2016-05-02,2016-05-02T15:25:27+00:00,placebo,,[],US generic maker not named on the FDA page,2,False,False,False,False,False
137,Bleomycin Sulfate for Injection,bleomycin sulfate for injection,ICUI,US,SPY,2016-04-22,2016-05-02,20160502152527,2016-05-02,2016-05-02T15:25:27+00:00,placebo,,[],US generic maker not named on the FDA page,2,False,False,False,False,False
137,Bleomycin Sulfate for Injection,bleomycin sulfate for injection,IPXL,US,SPY,2016-04-22,2016-05-02,20160502152527,2016-05-02,2016-05-02T15:25:27+00:00,placebo,,[],US generic maker not named on the FDA page,2,False,False,False,False,False
137,Bleomycin Sulfate for Injection,bleomycin sulfate for injection,LCI,US,SPY,2016-04-22,2016-05-02,20160502152527,2016-05-02,2016-05-02T15:25:27+00:00,placebo,,[],US generic maker not named on the FDA page,2,False,False,False,False,False
137,Bleomycin Sulfate for Injection,bleomycin sulfate for injection,PRGO,US,SPY,2016-04-22,2016-05-02,20160502152527,2016-05-02,2016-05-02T15:25:27+00:00,placebo,,[],US generic maker not named on the FDA page,2,False,False,False,False,False
137,Bleomycin Sulfate for Injection,bleomycin sulfate for injection,RDY,US,SPY,2016-04-22,2016-05-02,20160502152527,2016-05-02,2016-05-02T15:25:27+00:00,placebo,,[],US generic maker not named on the FDA page,2,False,False,False,False,False
137,Bleomycin Sulfate for Injection,bleomycin sulfate for injection,SGNT,US,SPY,2016-04-22,2016-05-02,20160502152527,2016-05-02,2016-05-02T15:25:27+00:00,placebo,,[],US generic maker not named on the FDA page,2,False,False,False,False,False
137,Bleomycin Sulfate for Injection,bleomycin sulfate for injection,TLGT,US,SPY,2016-04-22,2016-05-02,20160502152527,2016-05-02,2016-05-02T15:25:27+00:00,placebo,,[],US generic maker not named on the FDA page,2,False,False,False,False,False
137,Bleomycin Sulfate for Injection,bleomycin sulfate for injection,VTRS,US,SPY,2016-04-22,2016-05-02,20160502152527,2016-05-02,2016-05-02T15:25:27+00:00,placebo,,[],US generic maker not named on the FDA page,2,False,False,False,False,False
138,Penicillin G Benzathine (Bicillin L-A) Injection,penicillin g benzathine (bicillin l-a) injection,PFE,US,SPY,2016-05-06,2016-05-10,20160510022959,2016-05-10,2016-05-10T02:29:59+00:00,winner,PFE,[],v4 disrupted parent (measured long; short = negative),1,False,False,False,False,False
138,Penicillin G Benzathine (Bicillin L-A) Injection,penicillin g benzathine (bicillin l-a) injection,AKRX,US,SPY,2016-05-06,2016-05-10,20160510022959,2016-05-10,2016-05-10T02:29:59+00:00,placebo,,[],US generic maker not named on the FDA page,1,False,False,False,False,False
138,Penicillin G Benzathine (Bicillin L-A) Injection,penicillin g benzathine (bicillin l-a) injection,AMPH,US,SPY,2016-05-06,2016-05-10,20160510022959,2016-05-10,2016-05-10T02:29:59+00:00,placebo,,[],US generic maker not named on the FDA page,1,False,False,False,False,False
138,Penicillin G Benzathine (Bicillin L-A) Injection,penicillin g benzathine (bicillin l-a) injection,ANIP,US,SPY,2016-05-06,2016-05-10,20160510022959,2016-05-10,2016-05-10T02:29:59+00:00,placebo,,[],US generic maker not named on the FDA page,1,False,False,False,False,False
138,Penicillin G Benzathine (Bicillin L-A) Injection,penicillin g benzathine (bicillin l-a) injection,BAX,US,SPY,2016-05-06,2016-05-10,20160510022959,2016-05-10,2016-05-10T02:29:59+00:00,placebo,,[],US generic maker not named on the FDA page,1,False,False,False,False,False
138,Penicillin G Benzathine (Bicillin L-A) Injection,penicillin g benzathine (bicillin l-a) injection,ENDP,US,SPY,2016-05-06,2016-05-10,20160510022959,2016-05-10,2016-05-10T02:29:59+00:00,placebo,,[],US generic maker not named on the FDA page,1,False,False,False,False,False
138,Penicillin G Benzathine (Bicillin L-A) Injection,penicillin g benzathine (bicillin l-a) injection,ICUI,US,SPY,2016-05-06,2016-05-10,20160510022959,2016-05-10,2016-05-10T02:29:59+00:00,placebo,,[],US generic maker not named on the FDA page,1,False,False,False,False,False
138,Penicillin G Benzathine (Bicillin L-A) Injection,penicillin g benzathine (bicillin l-a) injection,IPXL,US,SPY,2016-05-06,2016-05-10,20160510022959,2016-05-10,2016-05-10T02:29:59+00:00,placebo,,[],US generic maker not named on the FDA page,1,False,False,False,False,False
138,Penicillin G Benzathine (Bicillin L-A) Injection,penicillin g benzathine (bicillin l-a) injection,LCI,US,SPY,2016-05-06,2016-05-10,20160510022959,2016-05-10,2016-05-10T02:29:59+00:00,placebo,,[],US generic maker not named on the FDA page,1,False,False,False,False,False
138,Penicillin G Benzathine (Bicillin L-A) Injection,penicillin g benzathine (bicillin l-a) injection,PRGO,US,SPY,2016-05-06,2016-05-10,20160510022959,2016-05-10,2016-05-10T02:29:59+00:00,placebo,,[],US generic maker not named on the FDA page,1,False,False,False,False,False
138,Penicillin G Benzathine (Bicillin L-A) Injection,penicillin g benzathine (bicillin l-a) injection,RDY,US,SPY,2016-05-06,2016-05-10,20160510022959,2016-05-10,2016-05-10T02:29:59+00:00,placebo,,[],US generic maker not named on the FDA page,1,False,False,False,False,False
138,Penicillin G Benzathine (Bicillin L-A) Injection,penicillin g benzathine (bicillin l-a) injection,SGNT,US,SPY,2016-05-06,2016-05-10,20160510022959,2016-05-10,2016-05-10T02:29:59+00:00,placebo,,[],US generic maker not named on the FDA page,1,False,False,False,False,False
138,Penicillin G Benzathine (Bicillin L-A) Injection,penicillin g benzathine (bicillin l-a) injection,TEVA,US,SPY,2016-05-06,2016-05-10,20160510022959,2016-05-10,2016-05-10T02:29:59+00:00,placebo,,[],US generic maker not named on the FDA page,1,False,False,False,False,False
138,Penicillin G Benzathine (Bicillin L-A) Injection,penicillin g benzathine (bicillin l-a) injection,TLGT,US,SPY,2016-05-06,2016-05-10,20160510022959,2016-05-10,2016-05-10T02:29:59+00:00,placebo,,[],US generic maker not named on the FDA page,1,False,False,False,False,False
138,Penicillin G Benzathine (Bicillin L-A) Injection,penicillin g benzathine (bicillin l-a) injection,VTRS,US,SPY,2016-05-06,2016-05-10,20160510022959,2016-05-10,2016-05-10T02:29:59+00:00,placebo,,[],US generic maker not named on the FDA page,1,False,False,False,False,False
139,THAM Solution (Tromethamine Injection),tham solution (tromethamine injection),PFE,US,SPY,2016-05-06,2016-05-11,20160511100255,2016-05-11,2016-05-11T10:02:55+00:00,winner,PFE,[],v4 disrupted parent (measured long; short = negative),1,False,False,False,False,False
139,THAM Solution (Tromethamine Injection),tham solution (tromethamine injection),AKRX,US,SPY,2016-05-06,2016-05-11,20160511100255,2016-05-11,2016-05-11T10:02:55+00:00,placebo,,[],US generic maker not named on the FDA page,1,False,False,False,False,False
139,THAM Solution (Tromethamine Injection),tham solution (tromethamine injection),AMPH,US,SPY,2016-05-06,2016-05-11,20160511100255,2016-05-11,2016-05-11T10:02:55+00:00,placebo,,[],US generic maker not named on the FDA page,1,False,False,False,False,False
139,THAM Solution (Tromethamine Injection),tham solution (tromethamine injection),ANIP,US,SPY,2016-05-06,2016-05-11,20160511100255,2016-05-11,2016-05-11T10:02:55+00:00,placebo,,[],US generic maker not named on the FDA page,1,False,False,False,False,False
139,THAM Solution (Tromethamine Injection),tham solution (tromethamine injection),BAX,US,SPY,2016-05-06,2016-05-11,20160511100255,2016-05-11,2016-05-11T10:02:55+00:00,placebo,,[],US generic maker not named on the FDA page,1,False,False,False,False,False
139,THAM Solution (Tromethamine Injection),tham solution (tromethamine injection),ENDP,US,SPY,2016-05-06,2016-05-11,20160511100255,2016-05-11,2016-05-11T10:02:55+00:00,placebo,,[],US generic maker not named on the FDA page,1,False,False,False,False,False
139,THAM Solution (Tromethamine Injection),tham solution (tromethamine injection),ICUI,US,SPY,2016-05-06,2016-05-11,20160511100255,2016-05-11,2016-05-11T10:02:55+00:00,placebo,,[],US generic maker not named on the FDA page,1,False,False,False,False,False
139,THAM Solution (Tromethamine Injection),tham solution (tromethamine injection),IPXL,US,SPY,2016-05-06,2016-05-11,20160511100255,2016-05-11,2016-05-11T10:02:55+00:00,placebo,,[],US generic maker not named on the FDA page,1,False,False,False,False,False
139,THAM Solution (Tromethamine Injection),tham solution (tromethamine injection),LCI,US,SPY,2016-05-06,2016-05-11,20160511100255,2016-05-11,2016-05-11T10:02:55+00:00,placebo,,[],US generic maker not named on the FDA page,1,False,False,False,False,False
139,THAM Solution (Tromethamine Injection),tham solution (tromethamine injection),PRGO,US,SPY,2016-05-06,2016-05-11,20160511100255,2016-05-11,2016-05-11T10:02:55+00:00,placebo,,[],US generic maker not named on the FDA page,1,False,False,False,False,False
139,THAM Solution (Tromethamine Injection),tham solution (tromethamine injection),RDY,US,SPY,2016-05-06,2016-05-11,20160511100255,2016-05-11,2016-05-11T10:02:55+00:00,placebo,,[],US generic maker not named on the FDA page,1,False,False,False,False,False
139,THAM Solution (Tromethamine Injection),tham solution (tromethamine injection),SGNT,US,SPY,2016-05-06,2016-05-11,20160511100255,2016-05-11,2016-05-11T10:02:55+00:00,placebo,,[],US generic maker not named on the FDA page,1,False,False,False,False,False
139,THAM Solution (Tromethamine Injection),tham solution (tromethamine injection),TEVA,US,SPY,2016-05-06,2016-05-11,20160511100255,2016-05-11,2016-05-11T10:02:55+00:00,placebo,,[],US generic maker not named on the FDA page,1,False,False,False,False,False
139,THAM Solution (Tromethamine Injection),tham solution (tromethamine injection),TLGT,US,SPY,2016-05-06,2016-05-11,20160511100255,2016-05-11,2016-05-11T10:02:55+00:00,placebo,,[],US generic maker not named on the FDA page,1,False,False,False,False,False
139,THAM Solution (Tromethamine Injection),tham solution (tromethamine injection),VTRS,US,SPY,2016-05-06,2016-05-11,20160511100255,2016-05-11,2016-05-11T10:02:55+00:00,placebo,,[],US generic maker not named on the FDA page,1,False,False,False,False,False
142,"Estradiol Valerate Injection, USP","estradiol valerate injection, usp",ENDP,US,SPY,2016-08-13,2016-08-16,20160816164014,2016-08-16,2016-08-16T16:40:14+00:00,winner,ENDP,[],v4 disrupted parent (measured long; short = negative),2,False,False,False,False,False
142,"Estradiol Valerate Injection, USP","estradiol valerate injection, usp",PRGO,US,SPY,2016-08-13,2016-08-16,20160816164014,2016-08-16,2016-08-16T16:40:14+00:00,winner,PRGO,[],v4 disrupted parent (measured long; short = negative),2,False,False,False,False,False
142,"Estradiol Valerate Injection, USP","estradiol valerate injection, usp",AKRX,US,SPY,2016-08-13,2016-08-16,20160816164014,2016-08-16,2016-08-16T16:40:14+00:00,placebo,,[],US generic maker not named on the FDA page,2,False,False,False,False,False
142,"Estradiol Valerate Injection, USP","estradiol valerate injection, usp",AMPH,US,SPY,2016-08-13,2016-08-16,20160816164014,2016-08-16,2016-08-16T16:40:14+00:00,placebo,,[],US generic maker not named on the FDA page,2,False,False,False,False,False
142,"Estradiol Valerate Injection, USP","estradiol valerate injection, usp",ANIP,US,SPY,2016-08-13,2016-08-16,20160816164014,2016-08-16,2016-08-16T16:40:14+00:00,placebo,,[],US generic maker not named on the FDA page,2,False,False,False,False,False
142,"Estradiol Valerate Injection, USP","estradiol valerate injection, usp",BAX,US,SPY,2016-08-13,2016-08-16,20160816164014,2016-08-16,2016-08-16T16:40:14+00:00,placebo,,[],US generic maker not named on the FDA page,2,False,False,False,False,False
142,"Estradiol Valerate Injection, USP","estradiol valerate injection, usp",ICUI,US,SPY,2016-08-13,2016-08-16,20160816164014,2016-08-16,2016-08-16T16:40:14+00:00,placebo,,[],US generic maker not named on the FDA page,2,False,False,False,False,False
142,"Estradiol Valerate Injection, USP","estradiol valerate injection, usp",IPXL,US,SPY,2016-08-13,2016-08-16,20160816164014,2016-08-16,2016-08-16T16:40:14+00:00,placebo,,[],US generic maker not named on the FDA page,2,False,False,False,False,False
142,"Estradiol Valerate Injection, USP","estradiol valerate injection, usp",LCI,US,SPY,2016-08-13,2016-08-16,20160816164014,2016-08-16,2016-08-16T16:40:14+00:00,placebo,,[],US generic maker not named on the FDA page,2,False,False,False,False,False
142,"Estradiol Valerate Injection, USP","estradiol valerate injection, usp",RDY,US,SPY,2016-08-13,2016-08-16,20160816164014,2016-08-16,2016-08-16T16:40:14+00:00,placebo,,[],US generic maker not named on the FDA page,2,False,False,False,False,False
142,"Estradiol Valerate Injection, USP","estradiol valerate injection, usp",SGNT,US,SPY,2016-08-13,2016-08-16,20160816164014,2016-08-16,2016-08-16T16:40:14+00:00,placebo,,[],US generic maker not named on the FDA page,2,False,False,False,False,False
142,"Estradiol Valerate Injection, USP","estradiol valerate injection, usp",TEVA,US,SPY,2016-08-13,2016-08-16,20160816164014,2016-08-16,2016-08-16T16:40:14+00:00,placebo,,[],US generic maker not named on the FDA page,2,False,False,False,False,False
142,"Estradiol Valerate Injection, USP","estradiol valerate injection, usp",TLGT,US,SPY,2016-08-13,2016-08-16,20160816164014,2016-08-16,2016-08-16T16:40:14+00:00,placebo,,[],US generic maker not named on the FDA page,2,False,False,False,False,False
142,"Estradiol Valerate Injection, USP","estradiol valerate injection, usp",VTRS,US,SPY,2016-08-13,2016-08-16,20160816164014,2016-08-16,2016-08-16T16:40:14+00:00,placebo,,[],US generic maker not named on the FDA page,2,False,False,False,False,False
143,Penicillin G Procaine Injection,penicillin g procaine injection,PFE,US,SPY,2016-08-24,2016-09-06,20160906190629,2016-09-06,2016-09-06T19:06:29+00:00,winner,PFE,[],v4 disrupted parent (measured long; short = negative),1,False,False,False,False,False
143,Penicillin G Procaine Injection,penicillin g procaine injection,AKRX,US,SPY,2016-08-24,2016-09-06,20160906190629,2016-09-06,2016-09-06T19:06:29+00:00,placebo,,[],US generic maker not named on the FDA page,1,False,False,False,False,False
143,Penicillin G Procaine Injection,penicillin g procaine injection,AMPH,US,SPY,2016-08-24,2016-09-06,20160906190629,2016-09-06,2016-09-06T19:06:29+00:00,placebo,,[],US generic maker not named on the FDA page,1,False,False,False,False,False
143,Penicillin G Procaine Injection,penicillin g procaine injection,ANIP,US,SPY,2016-08-24,2016-09-06,20160906190629,2016-09-06,2016-09-06T19:06:29+00:00,placebo,,[],US generic maker not named on the FDA page,1,False,False,False,False,False
143,Penicillin G Procaine Injection,penicillin g procaine injection,BAX,US,SPY,2016-08-24,2016-09-06,20160906190629,2016-09-06,2016-09-06T19:06:29+00:00,placebo,,[],US generic maker not named on the FDA page,1,False,False,False,False,False
143,Penicillin G Procaine Injection,penicillin g procaine injection,ENDP,US,SPY,2016-08-24,2016-09-06,20160906190629,2016-09-06,2016-09-06T19:06:29+00:00,placebo,,[],US generic maker not named on the FDA page,1,False,False,False,False,False
143,Penicillin G Procaine Injection,penicillin g procaine injection,ICUI,US,SPY,2016-08-24,2016-09-06,20160906190629,2016-09-06,2016-09-06T19:06:29+00:00,placebo,,[],US generic maker not named on the FDA page,1,False,False,False,False,False
143,Penicillin G Procaine Injection,penicillin g procaine injection,IPXL,US,SPY,2016-08-24,2016-09-06,20160906190629,2016-09-06,2016-09-06T19:06:29+00:00,placebo,,[],US generic maker not named on the FDA page,1,False,False,False,False,False
143,Penicillin G Procaine Injection,penicillin g procaine injection,LCI,US,SPY,2016-08-24,2016-09-06,20160906190629,2016-09-06,2016-09-06T19:06:29+00:00,placebo,,[],US generic maker not named on the FDA page,1,False,False,False,False,False
143,Penicillin G Procaine Injection,penicillin g procaine injection,PRGO,US,SPY,2016-08-24,2016-09-06,20160906190629,2016-09-06,2016-09-06T19:06:29+00:00,placebo,,[],US generic maker not named on the FDA page,1,False,False,False,False,False
143,Penicillin G Procaine Injection,penicillin g procaine injection,RDY,US,SPY,2016-08-24,2016-09-06,20160906190629,2016-09-06,2016-09-06T19:06:29+00:00,placebo,,[],US generic maker not named on the FDA page,1,False,False,False,False,False
143,Penicillin G Procaine Injection,penicillin g procaine injection,TEVA,US,SPY,2016-08-24,2016-09-06,20160906190629,2016-09-06,2016-09-06T19:06:29+00:00,placebo,,[],US generic maker not named on the FDA page,1,False,False,False,False,False
143,Penicillin G Procaine Injection,penicillin g procaine injection,TLGT,US,SPY,2016-08-24,2016-09-06,20160906190629,2016-09-06,2016-09-06T19:06:29+00:00,placebo,,[],US generic maker not named on the FDA page,1,False,False,False,False,False
143,Penicillin G Procaine Injection,penicillin g procaine injection,VTRS,US,SPY,2016-08-24,2016-09-06,20160906190629,2016-09-06,2016-09-06T19:06:29+00:00,placebo,,[],US generic maker not named on the FDA page,1,False,False,False,False,False
151,Hydroxyamphetamine Hydrobromide/Tropicamide (Paremyd),hydroxyamphetamine hydrobromide/tropicamide (paremyd),AKRX,US,SPY,2016-12-14,2016-12-30,20161230025931,2016-12-30,2016-12-30T02:59:31+00:00,winner,AKRX,[],v4 disrupted parent (measured long; short = negative),1,False,False,False,False,False
151,Hydroxyamphetamine Hydrobromide/Tropicamide (Paremyd),hydroxyamphetamine hydrobromide/tropicamide (paremyd),AMPH,US,SPY,2016-12-14,2016-12-30,20161230025931,2016-12-30,2016-12-30T02:59:31+00:00,placebo,,[],US generic maker not named on the FDA page,1,False,False,False,False,False
151,Hydroxyamphetamine Hydrobromide/Tropicamide (Paremyd),hydroxyamphetamine hydrobromide/tropicamide (paremyd),ANIP,US,SPY,2016-12-14,2016-12-30,20161230025931,2016-12-30,2016-12-30T02:59:31+00:00,placebo,,[],US generic maker not named on the FDA page,1,False,False,False,False,False
151,Hydroxyamphetamine Hydrobromide/Tropicamide (Paremyd),hydroxyamphetamine hydrobromide/tropicamide (paremyd),BAX,US,SPY,2016-12-14,2016-12-30,20161230025931,2016-12-30,2016-12-30T02:59:31+00:00,placebo,,[],US generic maker not named on the FDA page,1,False,False,False,False,False
151,Hydroxyamphetamine Hydrobromide/Tropicamide (Paremyd),hydroxyamphetamine hydrobromide/tropicamide (paremyd),ENDP,US,SPY,2016-12-14,2016-12-30,20161230025931,2016-12-30,2016-12-30T02:59:31+00:00,placebo,,[],US generic maker not named on the FDA page,1,False,False,False,False,False
151,Hydroxyamphetamine Hydrobromide/Tropicamide (Paremyd),hydroxyamphetamine hydrobromide/tropicamide (paremyd),ICUI,US,SPY,2016-12-14,2016-12-30,20161230025931,2016-12-30,2016-12-30T02:59:31+00:00,placebo,,[],US generic maker not named on the FDA page,1,False,False,False,False,False
151,Hydroxyamphetamine Hydrobromide/Tropicamide (Paremyd),hydroxyamphetamine hydrobromide/tropicamide (paremyd),IPXL,US,SPY,2016-12-14,2016-12-30,20161230025931,2016-12-30,2016-12-30T02:59:31+00:00,placebo,,[],US generic maker not named on the FDA page,1,False,False,False,False,False
151,Hydroxyamphetamine Hydrobromide/Tropicamide (Paremyd),hydroxyamphetamine hydrobromide/tropicamide (paremyd),LCI,US,SPY,2016-12-14,2016-12-30,20161230025931,2016-12-30,2016-12-30T02:59:31+00:00,placebo,,[],US generic maker not named on the FDA page,1,False,False,False,False,False
151,Hydroxyamphetamine Hydrobromide/Tropicamide (Paremyd),hydroxyamphetamine hydrobromide/tropicamide (paremyd),PRGO,US,SPY,2016-12-14,2016-12-30,20161230025931,2016-12-30,2016-12-30T02:59:31+00:00,placebo,,[],US generic maker not named on the FDA page,1,False,False,False,False,False
151,Hydroxyamphetamine Hydrobromide/Tropicamide (Paremyd),hydroxyamphetamine hydrobromide/tropicamide (paremyd),RDY,US,SPY,2016-12-14,2016-12-30,20161230025931,2016-12-30,2016-12-30T02:59:31+00:00,placebo,,[],US generic maker not named on the FDA page,1,False,False,False,False,False
151,Hydroxyamphetamine Hydrobromide/Tropicamide (Paremyd),hydroxyamphetamine hydrobromide/tropicamide (paremyd),TEVA,US,SPY,2016-12-14,2016-12-30,20161230025931,2016-12-30,2016-12-30T02:59:31+00:00,placebo,,[],US generic maker not named on the FDA page,1,False,False,False,False,False
151,Hydroxyamphetamine Hydrobromide/Tropicamide (Paremyd),hydroxyamphetamine hydrobromide/tropicamide (paremyd),TLGT,US,SPY,2016-12-14,2016-12-30,20161230025931,2016-12-30,2016-12-30T02:59:31+00:00,placebo,,[],US generic maker not named on the FDA page,1,False,False,False,False,False
151,Hydroxyamphetamine Hydrobromide/Tropicamide (Paremyd),hydroxyamphetamine hydrobromide/tropicamide (paremyd),VTRS,US,SPY,2016-12-14,2016-12-30,20161230025931,2016-12-30,2016-12-30T02:59:31+00:00,placebo,,[],US generic maker not named on the FDA page,1,False,False,False,False,False
152,"Ranitidine Injection, USP","ranitidine injection, usp",TLGT,US,SPY,2016-12-14,2016-12-30,20161230030249,2016-12-30,2016-12-30T03:02:49+00:00,winner,TLGT,[],v4 disrupted parent (measured long; short = negative),1,False,False,False,False,False
152,"Ranitidine Injection, USP","ranitidine injection, usp",AKRX,US,SPY,2016-12-14,2016-12-30,20161230030249,2016-12-30,2016-12-30T03:02:49+00:00,placebo,,[],US generic maker not named on the FDA page,1,False,False,False,False,False
152,"Ranitidine Injection, USP","ranitidine injection, usp",AMPH,US,SPY,2016-12-14,2016-12-30,20161230030249,2016-12-30,2016-12-30T03:02:49+00:00,placebo,,[],US generic maker not named on the FDA page,1,False,False,False,False,False
152,"Ranitidine Injection, USP","ranitidine injection, usp",ANIP,US,SPY,2016-12-14,2016-12-30,20161230030249,2016-12-30,2016-12-30T03:02:49+00:00,placebo,,[],US generic maker not named on the FDA page,1,False,False,False,False,False
152,"Ranitidine Injection, USP","ranitidine injection, usp",BAX,US,SPY,2016-12-14,2016-12-30,20161230030249,2016-12-30,2016-12-30T03:02:49+00:00,placebo,,[],US generic maker not named on the FDA page,1,False,False,False,False,False
152,"Ranitidine Injection, USP","ranitidine injection, usp",ENDP,US,SPY,2016-12-14,2016-12-30,20161230030249,2016-12-30,2016-12-30T03:02:49+00:00,placebo,,[],US generic maker not named on the FDA page,1,False,False,False,False,False
152,"Ranitidine Injection, USP","ranitidine injection, usp",ICUI,US,SPY,2016-12-14,2016-12-30,20161230030249,2016-12-30,2016-12-30T03:02:49+00:00,placebo,,[],US generic maker not named on the FDA page,1,False,False,False,False,False
152,"Ranitidine Injection, USP","ranitidine injection, usp",IPXL,US,SPY,2016-12-14,2016-12-30,20161230030249,2016-12-30,2016-12-30T03:02:49+00:00,placebo,,[],US generic maker not named on the FDA page,1,False,False,False,False,False
152,"Ranitidine Injection, USP","ranitidine injection, usp",LCI,US,SPY,2016-12-14,2016-12-30,20161230030249,2016-12-30,2016-12-30T03:02:49+00:00,placebo,,[],US generic maker not named on the FDA page,1,False,False,False,False,False
152,"Ranitidine Injection, USP","ranitidine injection, usp",PRGO,US,SPY,2016-12-14,2016-12-30,20161230030249,2016-12-30,2016-12-30T03:02:49+00:00,placebo,,[],US generic maker not named on the FDA page,1,False,False,False,False,False
152,"Ranitidine Injection, USP","ranitidine injection, usp",RDY,US,SPY,2016-12-14,2016-12-30,20161230030249,2016-12-30,2016-12-30T03:02:49+00:00,placebo,,[],US generic maker not named on the FDA page,1,False,False,False,False,False
152,"Ranitidine Injection, USP","ranitidine injection, usp",TEVA,US,SPY,2016-12-14,2016-12-30,20161230030249,2016-12-30,2016-12-30T03:02:49+00:00,placebo,,[],US generic maker not named on the FDA page,1,False,False,False,False,False
152,"Ranitidine Injection, USP","ranitidine injection, usp",VTRS,US,SPY,2016-12-14,2016-12-30,20161230030249,2016-12-30,2016-12-30T03:02:49+00:00,placebo,,[],US generic maker not named on the FDA page,1,False,False,False,False,False
268,Alogliptin Tablets,alogliptin tablets,PRGO,US,SPY,2019-08-17,2019-09-12,20190912113528,2019-09-12,2019-09-12T11:35:28+00:00,winner,PRGO,[],v4 disrupted parent (measured long; short = negative),1,False,False,False,False,False
268,Alogliptin Tablets,alogliptin tablets,AKRX,US,SPY,2019-08-17,2019-09-12,20190912113528,2019-09-12,2019-09-12T11:35:28+00:00,placebo,,[],US generic maker not named on the FDA page,1,False,False,False,False,False
268,Alogliptin Tablets,alogliptin tablets,AMPH,US,SPY,2019-08-17,2019-09-12,20190912113528,2019-09-12,2019-09-12T11:35:28+00:00,placebo,,[],US generic maker not named on the FDA page,1,False,False,False,False,False
268,Alogliptin Tablets,alogliptin tablets,AMRX,US,SPY,2019-08-17,2019-09-12,20190912113528,2019-09-12,2019-09-12T11:35:28+00:00,placebo,,[],US generic maker not named on the FDA page,1,False,False,False,False,False
268,Alogliptin Tablets,alogliptin tablets,ANIP,US,SPY,2019-08-17,2019-09-12,20190912113528,2019-09-12,2019-09-12T11:35:28+00:00,placebo,,[],US generic maker not named on the FDA page,1,False,False,False,False,False
268,Alogliptin Tablets,alogliptin tablets,BAX,US,SPY,2019-08-17,2019-09-12,20190912113528,2019-09-12,2019-09-12T11:35:28+00:00,placebo,,[],US generic maker not named on the FDA page,1,False,False,False,False,False
268,Alogliptin Tablets,alogliptin tablets,ENDP,US,SPY,2019-08-17,2019-09-12,20190912113528,2019-09-12,2019-09-12T11:35:28+00:00,placebo,,[],US generic maker not named on the FDA page,1,False,False,False,False,False
268,Alogliptin Tablets,alogliptin tablets,ICUI,US,SPY,2019-08-17,2019-09-12,20190912113528,2019-09-12,2019-09-12T11:35:28+00:00,placebo,,[],US generic maker not named on the FDA page,1,False,False,False,False,False
268,Alogliptin Tablets,alogliptin tablets,LCI,US,SPY,2019-08-17,2019-09-12,20190912113528,2019-09-12,2019-09-12T11:35:28+00:00,placebo,,[],US generic maker not named on the FDA page,1,False,False,False,False,False
268,Alogliptin Tablets,alogliptin tablets,RDY,US,SPY,2019-08-17,2019-09-12,20190912113528,2019-09-12,2019-09-12T11:35:28+00:00,placebo,,[],US generic maker not named on the FDA page,1,False,False,False,False,False
268,Alogliptin Tablets,alogliptin tablets,TEVA,US,SPY,2019-08-17,2019-09-12,20190912113528,2019-09-12,2019-09-12T11:35:28+00:00,placebo,,[],US generic maker not named on the FDA page,1,False,False,False,False,False
268,Alogliptin Tablets,alogliptin tablets,TLGT,US,SPY,2019-08-17,2019-09-12,20190912113528,2019-09-12,2019-09-12T11:35:28+00:00,placebo,,[],US generic maker not named on the FDA page,1,False,False,False,False,False
268,Alogliptin Tablets,alogliptin tablets,VTRS,US,SPY,2019-08-17,2019-09-12,20190912113528,2019-09-12,2019-09-12T11:35:28+00:00,placebo,,[],US generic maker not named on the FDA page,1,False,False,False,False,False
274,Echothiophate Iodide (Phospholine Iodide) Ophthalmic Solution,echothiophate iodide (phospholine iodide) ophthalmic solution,PFE,US,SPY,2019-10-04,2019-10-20,20191020212818,2019-10-20,2019-10-20T21:28:18+00:00,winner,PFE,[],v4 disrupted parent (measured long; short = negative),1,True,False,False,False,False
274,Echothiophate Iodide (Phospholine Iodide) Ophthalmic Solution,echothiophate iodide (phospholine iodide) ophthalmic solution,AKRX,US,SPY,2019-10-04,2019-10-20,20191020212818,2019-10-20,2019-10-20T21:28:18+00:00,placebo,,[],US generic maker not named on the FDA page,1,True,False,False,False,False
274,Echothiophate Iodide (Phospholine Iodide) Ophthalmic Solution,echothiophate iodide (phospholine iodide) ophthalmic solution,AMPH,US,SPY,2019-10-04,2019-10-20,20191020212818,2019-10-20,2019-10-20T21:28:18+00:00,placebo,,[],US generic maker not named on the FDA page,1,True,False,False,False,False
274,Echothiophate Iodide (Phospholine Iodide) Ophthalmic Solution,echothiophate iodide (phospholine iodide) ophthalmic solution,AMRX,US,SPY,2019-10-04,2019-10-20,20191020212818,2019-10-20,2019-10-20T21:28:18+00:00,placebo,,[],US generic maker not named on the FDA page,1,True,False,False,False,False
274,Echothiophate Iodide (Phospholine Iodide) Ophthalmic Solution,echothiophate iodide (phospholine iodide) ophthalmic solution,ANIP,US,SPY,2019-10-04,2019-10-20,20191020212818,2019-10-20,2019-10-20T21:28:18+00:00,placebo,,[],US generic maker not named on the FDA page,1,True,False,False,False,False
274,Echothiophate Iodide (Phospholine Iodide) Ophthalmic Solution,echothiophate iodide (phospholine iodide) ophthalmic solution,BAX,US,SPY,2019-10-04,2019-10-20,20191020212818,2019-10-20,2019-10-20T21:28:18+00:00,placebo,,[],US generic maker not named on the FDA page,1,True,False,False,False,False
274,Echothiophate Iodide (Phospholine Iodide) Ophthalmic Solution,echothiophate iodide (phospholine iodide) ophthalmic solution,ENDP,US,SPY,2019-10-04,2019-10-20,20191020212818,2019-10-20,2019-10-20T21:28:18+00:00,placebo,,[],US generic maker not named on the FDA page,1,True,False,False,False,False
274,Echothiophate Iodide (Phospholine Iodide) Ophthalmic Solution,echothiophate iodide (phospholine iodide) ophthalmic solution,ICUI,US,SPY,2019-10-04,2019-10-20,20191020212818,2019-10-20,2019-10-20T21:28:18+00:00,placebo,,[],US generic maker not named on the FDA page,1,True,False,False,False,False
274,Echothiophate Iodide (Phospholine Iodide) Ophthalmic Solution,echothiophate iodide (phospholine iodide) ophthalmic solution,LCI,US,SPY,2019-10-04,2019-10-20,20191020212818,2019-10-20,2019-10-20T21:28:18+00:00,placebo,,[],US generic maker not named on the FDA page,1,True,False,False,False,False
274,Echothiophate Iodide (Phospholine Iodide) Ophthalmic Solution,echothiophate iodide (phospholine iodide) ophthalmic solution,PRGO,US,SPY,2019-10-04,2019-10-20,20191020212818,2019-10-20,2019-10-20T21:28:18+00:00,placebo,,[],US generic maker not named on the FDA page,1,True,False,False,False,False
274,Echothiophate Iodide (Phospholine Iodide) Ophthalmic Solution,echothiophate iodide (phospholine iodide) ophthalmic solution,RDY,US,SPY,2019-10-04,2019-10-20,20191020212818,2019-10-20,2019-10-20T21:28:18+00:00,placebo,,[],US generic maker not named on the FDA page,1,True,False,False,False,False
274,Echothiophate Iodide (Phospholine Iodide) Ophthalmic Solution,echothiophate iodide (phospholine iodide) ophthalmic solution,TEVA,US,SPY,2019-10-04,2019-10-20,20191020212818,2019-10-20,2019-10-20T21:28:18+00:00,placebo,,[],US generic maker not named on the FDA page,1,True,False,False,False,False
274,Echothiophate Iodide (Phospholine Iodide) Ophthalmic Solution,echothiophate iodide (phospholine iodide) ophthalmic solution,TLGT,US,SPY,2019-10-04,2019-10-20,20191020212818,2019-10-20,2019-10-20T21:28:18+00:00,placebo,,[],US generic maker not named on the FDA page,1,True,False,False,False,False
274,Echothiophate Iodide (Phospholine Iodide) Ophthalmic Solution,echothiophate iodide (phospholine iodide) ophthalmic solution,VTRS,US,SPY,2019-10-04,2019-10-20,20191020212818,2019-10-20,2019-10-20T21:28:18+00:00,placebo,,[],US generic maker not named on the FDA page,1,True,False,False,False,False
276,Bacitracin Ophthalmic Ointment,bacitracin ophthalmic ointment,PRGO,US,SPY,2019-11-02,2019-11-14,20191114132709,2019-11-14,2019-11-14T13:27:09+00:00,winner,PRGO,[],v4 disrupted parent (measured long; short = negative),1,True,False,False,False,False
276,Bacitracin Ophthalmic Ointment,bacitracin ophthalmic ointment,AKRX,US,SPY,2019-11-02,2019-11-14,20191114132709,2019-11-14,2019-11-14T13:27:09+00:00,placebo,,[],US generic maker not named on the FDA page,1,True,False,False,False,False
276,Bacitracin Ophthalmic Ointment,bacitracin ophthalmic ointment,AMPH,US,SPY,2019-11-02,2019-11-14,20191114132709,2019-11-14,2019-11-14T13:27:09+00:00,placebo,,[],US generic maker not named on the FDA page,1,True,False,False,False,False
276,Bacitracin Ophthalmic Ointment,bacitracin ophthalmic ointment,AMRX,US,SPY,2019-11-02,2019-11-14,20191114132709,2019-11-14,2019-11-14T13:27:09+00:00,placebo,,[],US generic maker not named on the FDA page,1,True,False,False,False,False
276,Bacitracin Ophthalmic Ointment,bacitracin ophthalmic ointment,ANIP,US,SPY,2019-11-02,2019-11-14,20191114132709,2019-11-14,2019-11-14T13:27:09+00:00,placebo,,[],US generic maker not named on the FDA page,1,True,False,False,False,False
276,Bacitracin Ophthalmic Ointment,bacitracin ophthalmic ointment,BAX,US,SPY,2019-11-02,2019-11-14,20191114132709,2019-11-14,2019-11-14T13:27:09+00:00,placebo,,[],US generic maker not named on the FDA page,1,True,False,False,False,False
276,Bacitracin Ophthalmic Ointment,bacitracin ophthalmic ointment,ENDP,US,SPY,2019-11-02,2019-11-14,20191114132709,2019-11-14,2019-11-14T13:27:09+00:00,placebo,,[],US generic maker not named on the FDA page,1,True,False,False,False,False
276,Bacitracin Ophthalmic Ointment,bacitracin ophthalmic ointment,ICUI,US,SPY,2019-11-02,2019-11-14,20191114132709,2019-11-14,2019-11-14T13:27:09+00:00,placebo,,[],US generic maker not named on the FDA page,1,True,False,False,False,False
276,Bacitracin Ophthalmic Ointment,bacitracin ophthalmic ointment,LCI,US,SPY,2019-11-02,2019-11-14,20191114132709,2019-11-14,2019-11-14T13:27:09+00:00,placebo,,[],US generic maker not named on the FDA page,1,True,False,False,False,False
276,Bacitracin Ophthalmic Ointment,bacitracin ophthalmic ointment,RDY,US,SPY,2019-11-02,2019-11-14,20191114132709,2019-11-14,2019-11-14T13:27:09+00:00,placebo,,[],US generic maker not named on the FDA page,1,True,False,False,False,False
276,Bacitracin Ophthalmic Ointment,bacitracin ophthalmic ointment,TEVA,US,SPY,2019-11-02,2019-11-14,20191114132709,2019-11-14,2019-11-14T13:27:09+00:00,placebo,,[],US generic maker not named on the FDA page,1,True,False,False,False,False
276,Bacitracin Ophthalmic Ointment,bacitracin ophthalmic ointment,TLGT,US,SPY,2019-11-02,2019-11-14,20191114132709,2019-11-14,2019-11-14T13:27:09+00:00,placebo,,[],US generic maker not named on the FDA page,1,True,False,False,False,False
276,Bacitracin Ophthalmic Ointment,bacitracin ophthalmic ointment,VTRS,US,SPY,2019-11-02,2019-11-14,20191114132709,2019-11-14,2019-11-14T13:27:09+00:00,placebo,,[],US generic maker not named on the FDA page,1,True,False,False,False,False
279,"Vincristine Sulfate Injection, USP (Preservative-Free)","vincristine sulfate injection, usp (preservative-free)",PFE,US,SPY,2019-11-02,2019-11-09,20191109051736,2019-11-09,2019-11-09T05:17:36+00:00,winner,PFE,[],v4 disrupted parent (measured long; short = negative),1,True,False,False,False,False
279,"Vincristine Sulfate Injection, USP (Preservative-Free)","vincristine sulfate injection, usp (preservative-free)",AKRX,US,SPY,2019-11-02,2019-11-09,20191109051736,2019-11-09,2019-11-09T05:17:36+00:00,placebo,,[],US generic maker not named on the FDA page,1,True,False,False,False,False
279,"Vincristine Sulfate Injection, USP (Preservative-Free)","vincristine sulfate injection, usp (preservative-free)",AMPH,US,SPY,2019-11-02,2019-11-09,20191109051736,2019-11-09,2019-11-09T05:17:36+00:00,placebo,,[],US generic maker not named on the FDA page,1,True,False,False,False,False
279,"Vincristine Sulfate Injection, USP (Preservative-Free)","vincristine sulfate injection, usp (preservative-free)",AMRX,US,SPY,2019-11-02,2019-11-09,20191109051736,2019-11-09,2019-11-09T05:17:36+00:00,placebo,,[],US generic maker not named on the FDA page,1,True,False,False,False,False
279,"Vincristine Sulfate Injection, USP (Preservative-Free)","vincristine sulfate injection, usp (preservative-free)",ANIP,US,SPY,2019-11-02,2019-11-09,20191109051736,2019-11-09,2019-11-09T05:17:36+00:00,placebo,,[],US generic maker not named on the FDA page,1,True,False,False,False,False
279,"Vincristine Sulfate Injection, USP (Preservative-Free)","vincristine sulfate injection, usp (preservative-free)",BAX,US,SPY,2019-11-02,2019-11-09,20191109051736,2019-11-09,2019-11-09T05:17:36+00:00,placebo,,[],US generic maker not named on the FDA page,1,True,False,False,False,False
279,"Vincristine Sulfate Injection, USP (Preservative-Free)","vincristine sulfate injection, usp (preservative-free)",ENDP,US,SPY,2019-11-02,2019-11-09,20191109051736,2019-11-09,2019-11-09T05:17:36+00:00,placebo,,[],US generic maker not named on the FDA page,1,True,False,False,False,False
279,"Vincristine Sulfate Injection, USP (Preservative-Free)","vincristine sulfate injection, usp (preservative-free)",ICUI,US,SPY,2019-11-02,2019-11-09,20191109051736,2019-11-09,2019-11-09T05:17:36+00:00,placebo,,[],US generic maker not named on the FDA page,1,True,False,False,False,False
279,"Vincristine Sulfate Injection, USP (Preservative-Free)","vincristine sulfate injection, usp (preservative-free)",LCI,US,SPY,2019-11-02,2019-11-09,20191109051736,2019-11-09,2019-11-09T05:17:36+00:00,placebo,,[],US generic maker not named on the FDA page,1,True,False,False,False,False
279,"Vincristine Sulfate Injection, USP (Preservative-Free)","vincristine sulfate injection, usp (preservative-free)",PRGO,US,SPY,2019-11-02,2019-11-09,20191109051736,2019-11-09,2019-11-09T05:17:36+00:00,placebo,,[],US generic maker not named on the FDA page,1,True,False,False,False,False
279,"Vincristine Sulfate Injection, USP (Preservative-Free)","vincristine sulfate injection, usp (preservative-free)",RDY,US,SPY,2019-11-02,2019-11-09,20191109051736,2019-11-09,2019-11-09T05:17:36+00:00,placebo,,[],US generic maker not named on the FDA page,1,True,False,False,False,False
279,"Vincristine Sulfate Injection, USP (Preservative-Free)","vincristine sulfate injection, usp (preservative-free)",TEVA,US,SPY,2019-11-02,2019-11-09,20191109051736,2019-11-09,2019-11-09T05:17:36+00:00,placebo,,[],US generic maker not named on the FDA page,1,True,False,False,False,False
279,"Vincristine Sulfate Injection, USP (Preservative-Free)","vincristine sulfate injection, usp (preservative-free)",TLGT,US,SPY,2019-11-02,2019-11-09,20191109051736,2019-11-09,2019-11-09T05:17:36+00:00,placebo,,[],US generic maker not named on the FDA page,1,True,False,False,False,False
279,"Vincristine Sulfate Injection, USP (Preservative-Free)","vincristine sulfate injection, usp (preservative-free)",VTRS,US,SPY,2019-11-02,2019-11-09,20191109051736,2019-11-09,2019-11-09T05:17:36+00:00,placebo,,[],US generic maker not named on the FDA page,1,True,False,False,False,False
285,Pindolol Tablets,pindolol tablets,ANIP,US,SPY,2020-02-28,2020-03-12,20200312055234,2020-03-12,2020-03-12T05:52:34+00:00,winner,ANIP,[],v4 disrupted parent (measured long; short = negative),1,False,False,False,False,False
285,Pindolol Tablets,pindolol tablets,AKRX,US,SPY,2020-02-28,2020-03-12,20200312055234,2020-03-12,2020-03-12T05:52:34+00:00,placebo,,[],US generic maker not named on the FDA page,1,False,False,False,False,False
285,Pindolol Tablets,pindolol tablets,AMPH,US,SPY,2020-02-28,2020-03-12,20200312055234,2020-03-12,2020-03-12T05:52:34+00:00,placebo,,[],US generic maker not named on the FDA page,1,False,False,False,False,False
285,Pindolol Tablets,pindolol tablets,AMRX,US,SPY,2020-02-28,2020-03-12,20200312055234,2020-03-12,2020-03-12T05:52:34+00:00,placebo,,[],US generic maker not named on the FDA page,1,False,False,False,False,False
285,Pindolol Tablets,pindolol tablets,BAX,US,SPY,2020-02-28,2020-03-12,20200312055234,2020-03-12,2020-03-12T05:52:34+00:00,placebo,,[],US generic maker not named on the FDA page,1,False,False,False,False,False
285,Pindolol Tablets,pindolol tablets,ENDP,US,SPY,2020-02-28,2020-03-12,20200312055234,2020-03-12,2020-03-12T05:52:34+00:00,placebo,,[],US generic maker not named on the FDA page,1,False,False,False,False,False
285,Pindolol Tablets,pindolol tablets,ICUI,US,SPY,2020-02-28,2020-03-12,20200312055234,2020-03-12,2020-03-12T05:52:34+00:00,placebo,,[],US generic maker not named on the FDA page,1,False,False,False,False,False
285,Pindolol Tablets,pindolol tablets,LCI,US,SPY,2020-02-28,2020-03-12,20200312055234,2020-03-12,2020-03-12T05:52:34+00:00,placebo,,[],US generic maker not named on the FDA page,1,False,False,False,False,False
285,Pindolol Tablets,pindolol tablets,PRGO,US,SPY,2020-02-28,2020-03-12,20200312055234,2020-03-12,2020-03-12T05:52:34+00:00,placebo,,[],US generic maker not named on the FDA page,1,False,False,False,False,False
285,Pindolol Tablets,pindolol tablets,RDY,US,SPY,2020-02-28,2020-03-12,20200312055234,2020-03-12,2020-03-12T05:52:34+00:00,placebo,,[],US generic maker not named on the FDA page,1,False,False,False,False,False
285,Pindolol Tablets,pindolol tablets,TEVA,US,SPY,2020-02-28,2020-03-12,20200312055234,2020-03-12,2020-03-12T05:52:34+00:00,placebo,,[],US generic maker not named on the FDA page,1,False,False,False,False,False
285,Pindolol Tablets,pindolol tablets,TLGT,US,SPY,2020-02-28,2020-03-12,20200312055234,2020-03-12,2020-03-12T05:52:34+00:00,placebo,,[],US generic maker not named on the FDA page,1,False,False,False,False,False
286,Amoxapine Tablets,amoxapine tablets,TEVA,US,SPY,2020-03-13,2020-03-12,20200312055238,2020-03-13,2020-03-13T23:59:59.999999999+00:00,winner,TEVA,[],v4 disrupted parent (measured long; short = negative),1,False,False,False,False,False
286,Amoxapine Tablets,amoxapine tablets,AKRX,US,SPY,2020-03-13,2020-03-12,20200312055238,2020-03-13,2020-03-13T23:59:59.999999999+00:00,placebo,,[],US generic maker not named on the FDA page,1,False,False,False,False,False
286,Amoxapine Tablets,amoxapine tablets,AMPH,US,SPY,2020-03-13,2020-03-12,20200312055238,2020-03-13,2020-03-13T23:59:59.999999999+00:00,placebo,,[],US generic maker not named on the FDA page,1,False,False,False,False,False
286,Amoxapine Tablets,amoxapine tablets,AMRX,US,SPY,2020-03-13,2020-03-12,20200312055238,2020-03-13,2020-03-13T23:59:59.999999999+00:00,placebo,,[],US generic maker not named on the FDA page,1,False,False,False,False,False
286,Amoxapine Tablets,amoxapine tablets,ANIP,US,SPY,2020-03-13,2020-03-12,20200312055238,2020-03-13,2020-03-13T23:59:59.999999999+00:00,placebo,,[],US generic maker not named on the FDA page,1,False,False,False,False,False
286,Amoxapine Tablets,amoxapine tablets,BAX,US,SPY,2020-03-13,2020-03-12,20200312055238,2020-03-13,2020-03-13T23:59:59.999999999+00:00,placebo,,[],US generic maker not named on the FDA page,1,False,False,False,False,False
286,Amoxapine Tablets,amoxapine tablets,ENDP,US,SPY,2020-03-13,2020-03-12,20200312055238,2020-03-13,2020-03-13T23:59:59.999999999+00:00,placebo,,[],US generic maker not named on the FDA page,1,False,False,False,False,False
286,Amoxapine Tablets,amoxapine tablets,ICUI,US,SPY,2020-03-13,2020-03-12,20200312055238,2020-03-13,2020-03-13T23:59:59.999999999+00:00,placebo,,[],US generic maker not named on the FDA page,1,False,False,False,False,False
286,Amoxapine Tablets,amoxapine tablets,LCI,US,SPY,2020-03-13,2020-03-12,20200312055238,2020-03-13,2020-03-13T23:59:59.999999999+00:00,placebo,,[],US generic maker not named on the FDA page,1,False,False,False,False,False
286,Amoxapine Tablets,amoxapine tablets,PRGO,US,SPY,2020-03-13,2020-03-12,20200312055238,2020-03-13,2020-03-13T23:59:59.999999999+00:00,placebo,,[],US generic maker not named on the FDA page,1,False,False,False,False,False
286,Amoxapine Tablets,amoxapine tablets,RDY,US,SPY,2020-03-13,2020-03-12,20200312055238,2020-03-13,2020-03-13T23:59:59.999999999+00:00,placebo,,[],US generic maker not named on the FDA page,1,False,False,False,False,False
286,Amoxapine Tablets,amoxapine tablets,TLGT,US,SPY,2020-03-13,2020-03-12,20200312055238,2020-03-13,2020-03-13T23:59:59.999999999+00:00,placebo,,[],US generic maker not named on the FDA page,1,False,False,False,False,False
286,Amoxapine Tablets,amoxapine tablets,VTRS,US,SPY,2020-03-13,2020-03-12,20200312055238,2020-03-13,2020-03-13T23:59:59.999999999+00:00,placebo,,[],US generic maker not named on the FDA page,1,False,False,False,False,False
298,Azithromycin Tablets,azithromycin tablets,TEVA,US,SPY,2020-04-17,2020-05-02,20200502112302,2020-05-02,2020-05-02T11:23:02+00:00,winner,TEVA,[],v4 disrupted parent (measured long; short = negative),1,False,False,False,False,False
298,Azithromycin Tablets,azithromycin tablets,AKRX,US,SPY,2020-04-17,2020-05-02,20200502112302,2020-05-02,2020-05-02T11:23:02+00:00,placebo,,[],US generic maker not named on the FDA page,1,False,False,False,False,False
298,Azithromycin Tablets,azithromycin tablets,AMPH,US,SPY,2020-04-17,2020-05-02,20200502112302,2020-05-02,2020-05-02T11:23:02+00:00,placebo,,[],US generic maker not named on the FDA page,1,False,False,False,False,False
298,Azithromycin Tablets,azithromycin tablets,AMRX,US,SPY,2020-04-17,2020-05-02,20200502112302,2020-05-02,2020-05-02T11:23:02+00:00,placebo,,[],US generic maker not named on the FDA page,1,False,False,False,False,False
298,Azithromycin Tablets,azithromycin tablets,ANIP,US,SPY,2020-04-17,2020-05-02,20200502112302,2020-05-02,2020-05-02T11:23:02+00:00,placebo,,[],US generic maker not named on the FDA page,1,False,False,False,False,False
298,Azithromycin Tablets,azithromycin tablets,BAX,US,SPY,2020-04-17,2020-05-02,20200502112302,2020-05-02,2020-05-02T11:23:02+00:00,placebo,,[],US generic maker not named on the FDA page,1,False,False,False,False,False
298,Azithromycin Tablets,azithromycin tablets,ENDP,US,SPY,2020-04-17,2020-05-02,20200502112302,2020-05-02,2020-05-02T11:23:02+00:00,placebo,,[],US generic maker not named on the FDA page,1,False,False,False,False,False
298,Azithromycin Tablets,azithromycin tablets,ICUI,US,SPY,2020-04-17,2020-05-02,20200502112302,2020-05-02,2020-05-02T11:23:02+00:00,placebo,,[],US generic maker not named on the FDA page,1,False,False,False,False,False
298,Azithromycin Tablets,azithromycin tablets,LCI,US,SPY,2020-04-17,2020-05-02,20200502112302,2020-05-02,2020-05-02T11:23:02+00:00,placebo,,[],US generic maker not named on the FDA page,1,False,False,False,False,False
298,Azithromycin Tablets,azithromycin tablets,PRGO,US,SPY,2020-04-17,2020-05-02,20200502112302,2020-05-02,2020-05-02T11:23:02+00:00,placebo,,[],US generic maker not named on the FDA page,1,False,False,False,False,False
298,Azithromycin Tablets,azithromycin tablets,RDY,US,SPY,2020-04-17,2020-05-02,20200502112302,2020-05-02,2020-05-02T11:23:02+00:00,placebo,,[],US generic maker not named on the FDA page,1,False,False,False,False,False
298,Azithromycin Tablets,azithromycin tablets,TLGT,US,SPY,2020-04-17,2020-05-02,20200502112302,2020-05-02,2020-05-02T11:23:02+00:00,placebo,,[],US generic maker not named on the FDA page,1,False,False,False,False,False
298,Azithromycin Tablets,azithromycin tablets,VTRS,US,SPY,2020-04-17,2020-05-02,20200502112302,2020-05-02,2020-05-02T11:23:02+00:00,placebo,,[],US generic maker not named on the FDA page,1,False,False,False,False,False
314,"Hydralazine Hydrochloride Injection, USP","hydralazine hydrochloride injection, usp",VTRS,US,SPY,2020-09-13,2020-09-15,20200915022005,2020-09-15,2020-09-15T02:20:05+00:00,winner,VTRS,[],v4 disrupted parent (measured long; short = negative),1,False,False,False,False,False
314,"Hydralazine Hydrochloride Injection, USP","hydralazine hydrochloride injection, usp",AMPH,US,SPY,2020-09-13,2020-09-15,20200915022005,2020-09-15,2020-09-15T02:20:05+00:00,placebo,,[],US generic maker not named on the FDA page,1,False,False,False,False,False
314,"Hydralazine Hydrochloride Injection, USP","hydralazine hydrochloride injection, usp",AMRX,US,SPY,2020-09-13,2020-09-15,20200915022005,2020-09-15,2020-09-15T02:20:05+00:00,placebo,,[],US generic maker not named on the FDA page,1,False,False,False,False,False
314,"Hydralazine Hydrochloride Injection, USP","hydralazine hydrochloride injection, usp",ANIP,US,SPY,2020-09-13,2020-09-15,20200915022005,2020-09-15,2020-09-15T02:20:05+00:00,placebo,,[],US generic maker not named on the FDA page,1,False,False,False,False,False
314,"Hydralazine Hydrochloride Injection, USP","hydralazine hydrochloride injection, usp",BAX,US,SPY,2020-09-13,2020-09-15,20200915022005,2020-09-15,2020-09-15T02:20:05+00:00,placebo,,[],US generic maker not named on the FDA page,1,False,False,False,False,False
314,"Hydralazine Hydrochloride Injection, USP","hydralazine hydrochloride injection, usp",ENDP,US,SPY,2020-09-13,2020-09-15,20200915022005,2020-09-15,2020-09-15T02:20:05+00:00,placebo,,[],US generic maker not named on the FDA page,1,False,False,False,False,False
314,"Hydralazine Hydrochloride Injection, USP","hydralazine hydrochloride injection, usp",ICUI,US,SPY,2020-09-13,2020-09-15,20200915022005,2020-09-15,2020-09-15T02:20:05+00:00,placebo,,[],US generic maker not named on the FDA page,1,False,False,False,False,False
314,"Hydralazine Hydrochloride Injection, USP","hydralazine hydrochloride injection, usp",LCI,US,SPY,2020-09-13,2020-09-15,20200915022005,2020-09-15,2020-09-15T02:20:05+00:00,placebo,,[],US generic maker not named on the FDA page,1,False,False,False,False,False
314,"Hydralazine Hydrochloride Injection, USP","hydralazine hydrochloride injection, usp",PRGO,US,SPY,2020-09-13,2020-09-15,20200915022005,2020-09-15,2020-09-15T02:20:05+00:00,placebo,,[],US generic maker not named on the FDA page,1,False,False,False,False,False
314,"Hydralazine Hydrochloride Injection, USP","hydralazine hydrochloride injection, usp",RDY,US,SPY,2020-09-13,2020-09-15,20200915022005,2020-09-15,2020-09-15T02:20:05+00:00,placebo,,[],US generic maker not named on the FDA page,1,False,False,False,False,False
314,"Hydralazine Hydrochloride Injection, USP","hydralazine hydrochloride injection, usp",TEVA,US,SPY,2020-09-13,2020-09-15,20200915022005,2020-09-15,2020-09-15T02:20:05+00:00,placebo,,[],US generic maker not named on the FDA page,1,False,False,False,False,False
314,"Hydralazine Hydrochloride Injection, USP","hydralazine hydrochloride injection, usp",TLGT,US,SPY,2020-09-13,2020-09-15,20200915022005,2020-09-15,2020-09-15T02:20:05+00:00,placebo,,[],US generic maker not named on the FDA page,1,False,False,False,False,False
322,Azacitidine for Injection,azacitidine for injection,VTRS,US,SPY,2020-12-23,2021-01-17,20210117154831,2021-01-17,2021-01-17T15:48:31+00:00,winner,VTRS,[],v4 disrupted parent (measured long; short = negative),1,False,False,False,False,False
322,Azacitidine for Injection,azacitidine for injection,AMPH,US,SPY,2020-12-23,2021-01-17,20210117154831,2021-01-17,2021-01-17T15:48:31+00:00,placebo,,[],US generic maker not named on the FDA page,1,False,False,False,False,False
322,Azacitidine for Injection,azacitidine for injection,AMRX,US,SPY,2020-12-23,2021-01-17,20210117154831,2021-01-17,2021-01-17T15:48:31+00:00,placebo,,[],US generic maker not named on the FDA page,1,False,False,False,False,False
322,Azacitidine for Injection,azacitidine for injection,ANIP,US,SPY,2020-12-23,2021-01-17,20210117154831,2021-01-17,2021-01-17T15:48:31+00:00,placebo,,[],US generic maker not named on the FDA page,1,False,False,False,False,False
322,Azacitidine for Injection,azacitidine for injection,BAX,US,SPY,2020-12-23,2021-01-17,20210117154831,2021-01-17,2021-01-17T15:48:31+00:00,placebo,,[],US generic maker not named on the FDA page,1,False,False,False,False,False
322,Azacitidine for Injection,azacitidine for injection,ENDP,US,SPY,2020-12-23,2021-01-17,20210117154831,2021-01-17,2021-01-17T15:48:31+00:00,placebo,,[],US generic maker not named on the FDA page,1,False,False,False,False,False
322,Azacitidine for Injection,azacitidine for injection,ICUI,US,SPY,2020-12-23,2021-01-17,20210117154831,2021-01-17,2021-01-17T15:48:31+00:00,placebo,,[],US generic maker not named on the FDA page,1,False,False,False,False,False
322,Azacitidine for Injection,azacitidine for injection,LCI,US,SPY,2020-12-23,2021-01-17,20210117154831,2021-01-17,2021-01-17T15:48:31+00:00,placebo,,[],US generic maker not named on the FDA page,1,False,False,False,False,False
322,Azacitidine for Injection,azacitidine for injection,PRGO,US,SPY,2020-12-23,2021-01-17,20210117154831,2021-01-17,2021-01-17T15:48:31+00:00,placebo,,[],US generic maker not named on the FDA page,1,False,False,False,False,False
322,Azacitidine for Injection,azacitidine for injection,TEVA,US,SPY,2020-12-23,2021-01-17,20210117154831,2021-01-17,2021-01-17T15:48:31+00:00,placebo,,[],US generic maker not named on the FDA page,1,False,False,False,False,False
322,Azacitidine for Injection,azacitidine for injection,TLGT,US,SPY,2020-12-23,2021-01-17,20210117154831,2021-01-17,2021-01-17T15:48:31+00:00,placebo,,[],US generic maker not named on the FDA page,1,False,False,False,False,False
331,Rifampin Injection,rifampin injection,VTRS,US,SPY,2021-02-21,2021-02-27,20210227063658,2021-02-27,2021-02-27T06:36:58+00:00,winner,VTRS,[],v4 disrupted parent (measured long; short = negative),1,False,False,False,False,False
331,Rifampin Injection,rifampin injection,AMPH,US,SPY,2021-02-21,2021-02-27,20210227063658,2021-02-27,2021-02-27T06:36:58+00:00,placebo,,[],US generic maker not named on the FDA page,1,False,False,False,False,False
331,Rifampin Injection,rifampin injection,AMRX,US,SPY,2021-02-21,2021-02-27,20210227063658,2021-02-27,2021-02-27T06:36:58+00:00,placebo,,[],US generic maker not named on the FDA page,1,False,False,False,False,False
331,Rifampin Injection,rifampin injection,ANIP,US,SPY,2021-02-21,2021-02-27,20210227063658,2021-02-27,2021-02-27T06:36:58+00:00,placebo,,[],US generic maker not named on the FDA page,1,False,False,False,False,False
331,Rifampin Injection,rifampin injection,BAX,US,SPY,2021-02-21,2021-02-27,20210227063658,2021-02-27,2021-02-27T06:36:58+00:00,placebo,,[],US generic maker not named on the FDA page,1,False,False,False,False,False
331,Rifampin Injection,rifampin injection,ENDP,US,SPY,2021-02-21,2021-02-27,20210227063658,2021-02-27,2021-02-27T06:36:58+00:00,placebo,,[],US generic maker not named on the FDA page,1,False,False,False,False,False
331,Rifampin Injection,rifampin injection,ICUI,US,SPY,2021-02-21,2021-02-27,20210227063658,2021-02-27,2021-02-27T06:36:58+00:00,placebo,,[],US generic maker not named on the FDA page,1,False,False,False,False,False
331,Rifampin Injection,rifampin injection,LCI,US,SPY,2021-02-21,2021-02-27,20210227063658,2021-02-27,2021-02-27T06:36:58+00:00,placebo,,[],US generic maker not named on the FDA page,1,False,False,False,False,False
331,Rifampin Injection,rifampin injection,PRGO,US,SPY,2021-02-21,2021-02-27,20210227063658,2021-02-27,2021-02-27T06:36:58+00:00,placebo,,[],US generic maker not named on the FDA page,1,False,False,False,False,False
331,Rifampin Injection,rifampin injection,RDY,US,SPY,2021-02-21,2021-02-27,20210227063658,2021-02-27,2021-02-27T06:36:58+00:00,placebo,,[],US generic maker not named on the FDA page,1,False,False,False,False,False
331,Rifampin Injection,rifampin injection,TEVA,US,SPY,2021-02-21,2021-02-27,20210227063658,2021-02-27,2021-02-27T06:36:58+00:00,placebo,,[],US generic maker not named on the FDA page,1,False,False,False,False,False
331,Rifampin Injection,rifampin injection,TLGT,US,SPY,2021-02-21,2021-02-27,20210227063658,2021-02-27,2021-02-27T06:36:58+00:00,placebo,,[],US generic maker not named on the FDA page,1,False,False,False,False,False
343,Methohexital Sodium (Brevital) Injection,methohexital sodium (brevital) injection,ENDP,US,SPY,2021-05-21,2021-06-17,20210617072827,2021-06-17,2021-06-17T07:28:27+00:00,winner,ENDP,[],v4 disrupted parent (measured long; short = negative),1,False,False,False,False,False
343,Methohexital Sodium (Brevital) Injection,methohexital sodium (brevital) injection,AMPH,US,SPY,2021-05-21,2021-06-17,20210617072827,2021-06-17,2021-06-17T07:28:27+00:00,placebo,,[],US generic maker not named on the FDA page,1,False,False,False,False,False
343,Methohexital Sodium (Brevital) Injection,methohexital sodium (brevital) injection,AMRX,US,SPY,2021-05-21,2021-06-17,20210617072827,2021-06-17,2021-06-17T07:28:27+00:00,placebo,,[],US generic maker not named on the FDA page,1,False,False,False,False,False
343,Methohexital Sodium (Brevital) Injection,methohexital sodium (brevital) injection,ANIP,US,SPY,2021-05-21,2021-06-17,20210617072827,2021-06-17,2021-06-17T07:28:27+00:00,placebo,,[],US generic maker not named on the FDA page,1,False,False,False,False,False
343,Methohexital Sodium (Brevital) Injection,methohexital sodium (brevital) injection,BAX,US,SPY,2021-05-21,2021-06-17,20210617072827,2021-06-17,2021-06-17T07:28:27+00:00,placebo,,[],US generic maker not named on the FDA page,1,False,False,False,False,False
343,Methohexital Sodium (Brevital) Injection,methohexital sodium (brevital) injection,ICUI,US,SPY,2021-05-21,2021-06-17,20210617072827,2021-06-17,2021-06-17T07:28:27+00:00,placebo,,[],US generic maker not named on the FDA page,1,False,False,False,False,False
343,Methohexital Sodium (Brevital) Injection,methohexital sodium (brevital) injection,LCI,US,SPY,2021-05-21,2021-06-17,20210617072827,2021-06-17,2021-06-17T07:28:27+00:00,placebo,,[],US generic maker not named on the FDA page,1,False,False,False,False,False
343,Methohexital Sodium (Brevital) Injection,methohexital sodium (brevital) injection,PRGO,US,SPY,2021-05-21,2021-06-17,20210617072827,2021-06-17,2021-06-17T07:28:27+00:00,placebo,,[],US generic maker not named on the FDA page,1,False,False,False,False,False
343,Methohexital Sodium (Brevital) Injection,methohexital sodium (brevital) injection,RDY,US,SPY,2021-05-21,2021-06-17,20210617072827,2021-06-17,2021-06-17T07:28:27+00:00,placebo,,[],US generic maker not named on the FDA page,1,False,False,False,False,False
343,Methohexital Sodium (Brevital) Injection,methohexital sodium (brevital) injection,TEVA,US,SPY,2021-05-21,2021-06-17,20210617072827,2021-06-17,2021-06-17T07:28:27+00:00,placebo,,[],US generic maker not named on the FDA page,1,False,False,False,False,False
343,Methohexital Sodium (Brevital) Injection,methohexital sodium (brevital) injection,TLGT,US,SPY,2021-05-21,2021-06-17,20210617072827,2021-06-17,2021-06-17T07:28:27+00:00,placebo,,[],US generic maker not named on the FDA page,1,False,False,False,False,False
343,Methohexital Sodium (Brevital) Injection,methohexital sodium (brevital) injection,VTRS,US,SPY,2021-05-21,2021-06-17,20210617072827,2021-06-17,2021-06-17T07:28:27+00:00,placebo,,[],US generic maker not named on the FDA page,1,False,False,False,False,False
346,Varenicline Tartrate (Chantix) Tablets,varenicline tartrate (chantix) tablets,PFE,US,SPY,2021-07-02,2021-07-22,20210722214620,2021-07-22,2021-07-22T21:46:20+00:00,winner,PFE,[],v4 disrupted parent (measured long; short = negative),1,False,False,False,False,False
346,Varenicline Tartrate (Chantix) Tablets,varenicline tartrate (chantix) tablets,AMPH,US,SPY,2021-07-02,2021-07-22,20210722214620,2021-07-22,2021-07-22T21:46:20+00:00,placebo,,[],US generic maker not named on the FDA page,1,False,False,False,False,False
346,Varenicline Tartrate (Chantix) Tablets,varenicline tartrate (chantix) tablets,AMRX,US,SPY,2021-07-02,2021-07-22,20210722214620,2021-07-22,2021-07-22T21:46:20+00:00,placebo,,[],US generic maker not named on the FDA page,1,False,False,False,False,False
346,Varenicline Tartrate (Chantix) Tablets,varenicline tartrate (chantix) tablets,ANIP,US,SPY,2021-07-02,2021-07-22,20210722214620,2021-07-22,2021-07-22T21:46:20+00:00,placebo,,[],US generic maker not named on the FDA page,1,False,False,False,False,False
346,Varenicline Tartrate (Chantix) Tablets,varenicline tartrate (chantix) tablets,BAX,US,SPY,2021-07-02,2021-07-22,20210722214620,2021-07-22,2021-07-22T21:46:20+00:00,placebo,,[],US generic maker not named on the FDA page,1,False,False,False,False,False
346,Varenicline Tartrate (Chantix) Tablets,varenicline tartrate (chantix) tablets,ENDP,US,SPY,2021-07-02,2021-07-22,20210722214620,2021-07-22,2021-07-22T21:46:20+00:00,placebo,,[],US generic maker not named on the FDA page,1,False,False,False,False,False
346,Varenicline Tartrate (Chantix) Tablets,varenicline tartrate (chantix) tablets,ICUI,US,SPY,2021-07-02,2021-07-22,20210722214620,2021-07-22,2021-07-22T21:46:20+00:00,placebo,,[],US generic maker not named on the FDA page,1,False,False,False,False,False
346,Varenicline Tartrate (Chantix) Tablets,varenicline tartrate (chantix) tablets,LCI,US,SPY,2021-07-02,2021-07-22,20210722214620,2021-07-22,2021-07-22T21:46:20+00:00,placebo,,[],US generic maker not named on the FDA page,1,False,False,False,False,False
346,Varenicline Tartrate (Chantix) Tablets,varenicline tartrate (chantix) tablets,PRGO,US,SPY,2021-07-02,2021-07-22,20210722214620,2021-07-22,2021-07-22T21:46:20+00:00,placebo,,[],US generic maker not named on the FDA page,1,False,False,False,False,False
346,Varenicline Tartrate (Chantix) Tablets,varenicline tartrate (chantix) tablets,RDY,US,SPY,2021-07-02,2021-07-22,20210722214620,2021-07-22,2021-07-22T21:46:20+00:00,placebo,,[],US generic maker not named on the FDA page,1,False,False,False,False,False
346,Varenicline Tartrate (Chantix) Tablets,varenicline tartrate (chantix) tablets,TEVA,US,SPY,2021-07-02,2021-07-22,20210722214620,2021-07-22,2021-07-22T21:46:20+00:00,placebo,,[],US generic maker not named on the FDA page,1,False,False,False,False,False
346,Varenicline Tartrate (Chantix) Tablets,varenicline tartrate (chantix) tablets,TLGT,US,SPY,2021-07-02,2021-07-22,20210722214620,2021-07-22,2021-07-22T21:46:20+00:00,placebo,,[],US generic maker not named on the FDA page,1,False,False,False,False,False
346,Varenicline Tartrate (Chantix) Tablets,varenicline tartrate (chantix) tablets,VTRS,US,SPY,2021-07-02,2021-07-22,20210722214620,2021-07-22,2021-07-22T21:46:20+00:00,placebo,,[],US generic maker not named on the FDA page,1,False,False,False,False,False
352,Mannitol Injection,mannitol injection,PFE,US,SPY,2021-09-27,2021-10-08,20211008224434,2021-10-08,2021-10-08T22:44:34+00:00,winner,PFE,[],v4 disrupted parent (measured long; short = negative),1,False,False,False,False,False
352,Mannitol Injection,mannitol injection,AMPH,US,SPY,2021-09-27,2021-10-08,20211008224434,2021-10-08,2021-10-08T22:44:34+00:00,placebo,,[],US generic maker not named on the FDA page,1,False,False,False,False,False
352,Mannitol Injection,mannitol injection,AMRX,US,SPY,2021-09-27,2021-10-08,20211008224434,2021-10-08,2021-10-08T22:44:34+00:00,placebo,,[],US generic maker not named on the FDA page,1,False,False,False,False,False
352,Mannitol Injection,mannitol injection,ANIP,US,SPY,2021-09-27,2021-10-08,20211008224434,2021-10-08,2021-10-08T22:44:34+00:00,placebo,,[],US generic maker not named on the FDA page,1,False,False,False,False,False
352,Mannitol Injection,mannitol injection,ENDP,US,SPY,2021-09-27,2021-10-08,20211008224434,2021-10-08,2021-10-08T22:44:34+00:00,placebo,,[],US generic maker not named on the FDA page,1,False,False,False,False,False
352,Mannitol Injection,mannitol injection,LCI,US,SPY,2021-09-27,2021-10-08,20211008224434,2021-10-08,2021-10-08T22:44:34+00:00,placebo,,[],US generic maker not named on the FDA page,1,False,False,False,False,False
352,Mannitol Injection,mannitol injection,PRGO,US,SPY,2021-09-27,2021-10-08,20211008224434,2021-10-08,2021-10-08T22:44:34+00:00,placebo,,[],US generic maker not named on the FDA page,1,False,False,False,False,False
352,Mannitol Injection,mannitol injection,RDY,US,SPY,2021-09-27,2021-10-08,20211008224434,2021-10-08,2021-10-08T22:44:34+00:00,placebo,,[],US generic maker not named on the FDA page,1,False,False,False,False,False
352,Mannitol Injection,mannitol injection,TEVA,US,SPY,2021-09-27,2021-10-08,20211008224434,2021-10-08,2021-10-08T22:44:34+00:00,placebo,,[],US generic maker not named on the FDA page,1,False,False,False,False,False
352,Mannitol Injection,mannitol injection,TLGT,US,SPY,2021-09-27,2021-10-08,20211008224434,2021-10-08,2021-10-08T22:44:34+00:00,placebo,,[],US generic maker not named on the FDA page,1,False,False,False,False,False
352,Mannitol Injection,mannitol injection,VTRS,US,SPY,2021-09-27,2021-10-08,20211008224434,2021-10-08,2021-10-08T22:44:34+00:00,placebo,,[],US generic maker not named on the FDA page,1,False,False,False,False,False
356,Dacarbazine Injection,dacarbazine injection,TEVA,US,SPY,2021-10-27,2021-11-20,20211120035721,2021-11-20,2021-11-20T03:57:21+00:00,winner,TEVA,[],v4 disrupted parent (measured long; short = negative),1,False,False,False,False,False
356,Dacarbazine Injection,dacarbazine injection,AMPH,US,SPY,2021-10-27,2021-11-20,20211120035721,2021-11-20,2021-11-20T03:57:21+00:00,placebo,,[],US generic maker not named on the FDA page,1,False,False,False,False,False
356,Dacarbazine Injection,dacarbazine injection,AMRX,US,SPY,2021-10-27,2021-11-20,20211120035721,2021-11-20,2021-11-20T03:57:21+00:00,placebo,,[],US generic maker not named on the FDA page,1,False,False,False,False,False
356,Dacarbazine Injection,dacarbazine injection,ANIP,US,SPY,2021-10-27,2021-11-20,20211120035721,2021-11-20,2021-11-20T03:57:21+00:00,placebo,,[],US generic maker not named on the FDA page,1,False,False,False,False,False
356,Dacarbazine Injection,dacarbazine injection,BAX,US,SPY,2021-10-27,2021-11-20,20211120035721,2021-11-20,2021-11-20T03:57:21+00:00,placebo,,[],US generic maker not named on the FDA page,1,False,False,False,False,False
356,Dacarbazine Injection,dacarbazine injection,ENDP,US,SPY,2021-10-27,2021-11-20,20211120035721,2021-11-20,2021-11-20T03:57:21+00:00,placebo,,[],US generic maker not named on the FDA page,1,False,False,False,False,False
356,Dacarbazine Injection,dacarbazine injection,ICUI,US,SPY,2021-10-27,2021-11-20,20211120035721,2021-11-20,2021-11-20T03:57:21+00:00,placebo,,[],US generic maker not named on the FDA page,1,False,False,False,False,False
356,Dacarbazine Injection,dacarbazine injection,LCI,US,SPY,2021-10-27,2021-11-20,20211120035721,2021-11-20,2021-11-20T03:57:21+00:00,placebo,,[],US generic maker not named on the FDA page,1,False,False,False,False,False
356,Dacarbazine Injection,dacarbazine injection,PRGO,US,SPY,2021-10-27,2021-11-20,20211120035721,2021-11-20,2021-11-20T03:57:21+00:00,placebo,,[],US generic maker not named on the FDA page,1,False,False,False,False,False
356,Dacarbazine Injection,dacarbazine injection,RDY,US,SPY,2021-10-27,2021-11-20,20211120035721,2021-11-20,2021-11-20T03:57:21+00:00,placebo,,[],US generic maker not named on the FDA page,1,False,False,False,False,False
356,Dacarbazine Injection,dacarbazine injection,VTRS,US,SPY,2021-10-27,2021-11-20,20211120035721,2021-11-20,2021-11-20T03:57:21+00:00,placebo,,[],US generic maker not named on the FDA page,1,False,False,False,False,False
359,Potassium Chloride Concentrate Injection,potassium chloride concentrate injection,PFE,US,SPY,2021-11-04,2021-11-24,20211124054817,2021-11-24,2021-11-24T05:48:17+00:00,winner,PFE,[],v4 disrupted parent (measured long; short = negative),1,False,False,False,False,False
359,Potassium Chloride Concentrate Injection,potassium chloride concentrate injection,AMPH,US,SPY,2021-11-04,2021-11-24,20211124054817,2021-11-24,2021-11-24T05:48:17+00:00,placebo,,[],US generic maker not named on the FDA page,1,False,False,False,False,False
359,Potassium Chloride Concentrate Injection,potassium chloride concentrate injection,AMRX,US,SPY,2021-11-04,2021-11-24,20211124054817,2021-11-24,2021-11-24T05:48:17+00:00,placebo,,[],US generic maker not named on the FDA page,1,False,False,False,False,False
359,Potassium Chloride Concentrate Injection,potassium chloride concentrate injection,ANIP,US,SPY,2021-11-04,2021-11-24,20211124054817,2021-11-24,2021-11-24T05:48:17+00:00,placebo,,[],US generic maker not named on the FDA page,1,False,False,False,False,False
359,Potassium Chloride Concentrate Injection,potassium chloride concentrate injection,BAX,US,SPY,2021-11-04,2021-11-24,20211124054817,2021-11-24,2021-11-24T05:48:17+00:00,placebo,,[],US generic maker not named on the FDA page,1,False,False,False,False,False
359,Potassium Chloride Concentrate Injection,potassium chloride concentrate injection,ENDP,US,SPY,2021-11-04,2021-11-24,20211124054817,2021-11-24,2021-11-24T05:48:17+00:00,placebo,,[],US generic maker not named on the FDA page,1,False,False,False,False,False
359,Potassium Chloride Concentrate Injection,potassium chloride concentrate injection,ICUI,US,SPY,2021-11-04,2021-11-24,20211124054817,2021-11-24,2021-11-24T05:48:17+00:00,placebo,,[],US generic maker not named on the FDA page,1,False,False,False,False,False
359,Potassium Chloride Concentrate Injection,potassium chloride concentrate injection,LCI,US,SPY,2021-11-04,2021-11-24,20211124054817,2021-11-24,2021-11-24T05:48:17+00:00,placebo,,[],US generic maker not named on the FDA page,1,False,False,False,False,False
359,Potassium Chloride Concentrate Injection,potassium chloride concentrate injection,PRGO,US,SPY,2021-11-04,2021-11-24,20211124054817,2021-11-24,2021-11-24T05:48:17+00:00,placebo,,[],US generic maker not named on the FDA page,1,False,False,False,False,False
359,Potassium Chloride Concentrate Injection,potassium chloride concentrate injection,RDY,US,SPY,2021-11-04,2021-11-24,20211124054817,2021-11-24,2021-11-24T05:48:17+00:00,placebo,,[],US generic maker not named on the FDA page,1,False,False,False,False,False
359,Potassium Chloride Concentrate Injection,potassium chloride concentrate injection,TEVA,US,SPY,2021-11-04,2021-11-24,20211124054817,2021-11-24,2021-11-24T05:48:17+00:00,placebo,,[],US generic maker not named on the FDA page,1,False,False,False,False,False
359,Potassium Chloride Concentrate Injection,potassium chloride concentrate injection,VTRS,US,SPY,2021-11-04,2021-11-24,20211124054817,2021-11-24,2021-11-24T05:48:17+00:00,placebo,,[],US generic maker not named on the FDA page,1,False,False,False,False,False
363,Sterile Water for Injection,sterile water for injection,PFE,US,SPY,2021-12-05,2021-12-08,20211208045350,2021-12-08,2021-12-08T04:53:50+00:00,winner,PFE,[],v4 disrupted parent (measured long; short = negative),1,True,False,False,False,False
363,Sterile Water for Injection,sterile water for injection,AMPH,US,SPY,2021-12-05,2021-12-08,20211208045350,2021-12-08,2021-12-08T04:53:50+00:00,placebo,,[],US generic maker not named on the FDA page,1,True,False,False,False,False
363,Sterile Water for Injection,sterile water for injection,AMRX,US,SPY,2021-12-05,2021-12-08,20211208045350,2021-12-08,2021-12-08T04:53:50+00:00,placebo,,[],US generic maker not named on the FDA page,1,True,False,False,False,False
363,Sterile Water for Injection,sterile water for injection,ANIP,US,SPY,2021-12-05,2021-12-08,20211208045350,2021-12-08,2021-12-08T04:53:50+00:00,placebo,,[],US generic maker not named on the FDA page,1,True,False,False,False,False
363,Sterile Water for Injection,sterile water for injection,BAX,US,SPY,2021-12-05,2021-12-08,20211208045350,2021-12-08,2021-12-08T04:53:50+00:00,placebo,,[],US generic maker not named on the FDA page,1,True,False,False,False,False
363,Sterile Water for Injection,sterile water for injection,ENDP,US,SPY,2021-12-05,2021-12-08,20211208045350,2021-12-08,2021-12-08T04:53:50+00:00,placebo,,[],US generic maker not named on the FDA page,1,True,False,False,False,False
363,Sterile Water for Injection,sterile water for injection,ICUI,US,SPY,2021-12-05,2021-12-08,20211208045350,2021-12-08,2021-12-08T04:53:50+00:00,placebo,,[],US generic maker not named on the FDA page,1,True,False,False,False,False
363,Sterile Water for Injection,sterile water for injection,LCI,US,SPY,2021-12-05,2021-12-08,20211208045350,2021-12-08,2021-12-08T04:53:50+00:00,placebo,,[],US generic maker not named on the FDA page,1,True,False,False,False,False
363,Sterile Water for Injection,sterile water for injection,PRGO,US,SPY,2021-12-05,2021-12-08,20211208045350,2021-12-08,2021-12-08T04:53:50+00:00,placebo,,[],US generic maker not named on the FDA page,1,True,False,False,False,False
363,Sterile Water for Injection,sterile water for injection,RDY,US,SPY,2021-12-05,2021-12-08,20211208045350,2021-12-08,2021-12-08T04:53:50+00:00,placebo,,[],US generic maker not named on the FDA page,1,True,False,False,False,False
363,Sterile Water for Injection,sterile water for injection,TEVA,US,SPY,2021-12-05,2021-12-08,20211208045350,2021-12-08,2021-12-08T04:53:50+00:00,placebo,,[],US generic maker not named on the FDA page,1,True,False,False,False,False
363,Sterile Water for Injection,sterile water for injection,VTRS,US,SPY,2021-12-05,2021-12-08,20211208045350,2021-12-08,2021-12-08T04:53:50+00:00,placebo,,[],US generic maker not named on the FDA page,1,True,False,False,False,False
364,Bacteriostatic 0.9% Sodium Chloride Injection,bacteriostatic 0.9% sodium chloride injection,PFE,US,SPY,2021-12-18,2021-12-15,20211215184012,2021-12-18,2021-12-18T23:59:59.999999999+00:00,winner,PFE,[],v4 disrupted parent (measured long; short = negative),1,False,False,False,False,False
364,Bacteriostatic 0.9% Sodium Chloride Injection,bacteriostatic 0.9% sodium chloride injection,AMPH,US,SPY,2021-12-18,2021-12-15,20211215184012,2021-12-18,2021-12-18T23:59:59.999999999+00:00,placebo,,[],US generic maker not named on the FDA page,1,False,False,False,False,False
364,Bacteriostatic 0.9% Sodium Chloride Injection,bacteriostatic 0.9% sodium chloride injection,AMRX,US,SPY,2021-12-18,2021-12-15,20211215184012,2021-12-18,2021-12-18T23:59:59.999999999+00:00,placebo,,[],US generic maker not named on the FDA page,1,False,False,False,False,False
364,Bacteriostatic 0.9% Sodium Chloride Injection,bacteriostatic 0.9% sodium chloride injection,ANIP,US,SPY,2021-12-18,2021-12-15,20211215184012,2021-12-18,2021-12-18T23:59:59.999999999+00:00,placebo,,[],US generic maker not named on the FDA page,1,False,False,False,False,False
364,Bacteriostatic 0.9% Sodium Chloride Injection,bacteriostatic 0.9% sodium chloride injection,BAX,US,SPY,2021-12-18,2021-12-15,20211215184012,2021-12-18,2021-12-18T23:59:59.999999999+00:00,placebo,,[],US generic maker not named on the FDA page,1,False,False,False,False,False
364,Bacteriostatic 0.9% Sodium Chloride Injection,bacteriostatic 0.9% sodium chloride injection,ENDP,US,SPY,2021-12-18,2021-12-15,20211215184012,2021-12-18,2021-12-18T23:59:59.999999999+00:00,placebo,,[],US generic maker not named on the FDA page,1,False,False,False,False,False
364,Bacteriostatic 0.9% Sodium Chloride Injection,bacteriostatic 0.9% sodium chloride injection,ICUI,US,SPY,2021-12-18,2021-12-15,20211215184012,2021-12-18,2021-12-18T23:59:59.999999999+00:00,placebo,,[],US generic maker not named on the FDA page,1,False,False,False,False,False
364,Bacteriostatic 0.9% Sodium Chloride Injection,bacteriostatic 0.9% sodium chloride injection,LCI,US,SPY,2021-12-18,2021-12-15,20211215184012,2021-12-18,2021-12-18T23:59:59.999999999+00:00,placebo,,[],US generic maker not named on the FDA page,1,False,False,False,False,False
364,Bacteriostatic 0.9% Sodium Chloride Injection,bacteriostatic 0.9% sodium chloride injection,PRGO,US,SPY,2021-12-18,2021-12-15,20211215184012,2021-12-18,2021-12-18T23:59:59.999999999+00:00,placebo,,[],US generic maker not named on the FDA page,1,False,False,False,False,False
364,Bacteriostatic 0.9% Sodium Chloride Injection,bacteriostatic 0.9% sodium chloride injection,RDY,US,SPY,2021-12-18,2021-12-15,20211215184012,2021-12-18,2021-12-18T23:59:59.999999999+00:00,placebo,,[],US generic maker not named on the FDA page,1,False,False,False,False,False
364,Bacteriostatic 0.9% Sodium Chloride Injection,bacteriostatic 0.9% sodium chloride injection,TEVA,US,SPY,2021-12-18,2021-12-15,20211215184012,2021-12-18,2021-12-18T23:59:59.999999999+00:00,placebo,,[],US generic maker not named on the FDA page,1,False,False,False,False,False
364,Bacteriostatic 0.9% Sodium Chloride Injection,bacteriostatic 0.9% sodium chloride injection,VTRS,US,SPY,2021-12-18,2021-12-15,20211215184012,2021-12-18,2021-12-18T23:59:59.999999999+00:00,placebo,,[],US generic maker not named on the FDA page,1,False,False,False,False,False
365,Methylprednisolone Acetate Injection,methylprednisolone acetate injection,AMRX,US,SPY,2021-12-18,2021-12-15,20211215183932,2021-12-18,2021-12-18T23:59:59.999999999+00:00,winner,AMRX,[],v4 disrupted parent (measured long; short = negative),3,False,False,False,False,False
365,Methylprednisolone Acetate Injection,methylprednisolone acetate injection,PFE,US,SPY,2021-12-18,2021-12-15,20211215183932,2021-12-18,2021-12-18T23:59:59.999999999+00:00,winner,PFE,[],v4 disrupted parent (measured long; short = negative),3,False,False,False,False,False
365,Methylprednisolone Acetate Injection,methylprednisolone acetate injection,TEVA,US,SPY,2021-12-18,2021-12-15,20211215183932,2021-12-18,2021-12-18T23:59:59.999999999+00:00,winner,TEVA,[],v4 disrupted parent (measured long; short = negative),3,False,False,False,False,False
365,Methylprednisolone Acetate Injection,methylprednisolone acetate injection,AMPH,US,SPY,2021-12-18,2021-12-15,20211215183932,2021-12-18,2021-12-18T23:59:59.999999999+00:00,placebo,,[],US generic maker not named on the FDA page,3,False,False,False,False,False
365,Methylprednisolone Acetate Injection,methylprednisolone acetate injection,ANIP,US,SPY,2021-12-18,2021-12-15,20211215183932,2021-12-18,2021-12-18T23:59:59.999999999+00:00,placebo,,[],US generic maker not named on the FDA page,3,False,False,False,False,False
365,Methylprednisolone Acetate Injection,methylprednisolone acetate injection,BAX,US,SPY,2021-12-18,2021-12-15,20211215183932,2021-12-18,2021-12-18T23:59:59.999999999+00:00,placebo,,[],US generic maker not named on the FDA page,3,False,False,False,False,False
365,Methylprednisolone Acetate Injection,methylprednisolone acetate injection,ENDP,US,SPY,2021-12-18,2021-12-15,20211215183932,2021-12-18,2021-12-18T23:59:59.999999999+00:00,placebo,,[],US generic maker not named on the FDA page,3,False,False,False,False,False
365,Methylprednisolone Acetate Injection,methylprednisolone acetate injection,ICUI,US,SPY,2021-12-18,2021-12-15,20211215183932,2021-12-18,2021-12-18T23:59:59.999999999+00:00,placebo,,[],US generic maker not named on the FDA page,3,False,False,False,False,False
365,Methylprednisolone Acetate Injection,methylprednisolone acetate injection,LCI,US,SPY,2021-12-18,2021-12-15,20211215183932,2021-12-18,2021-12-18T23:59:59.999999999+00:00,placebo,,[],US generic maker not named on the FDA page,3,False,False,False,False,False
365,Methylprednisolone Acetate Injection,methylprednisolone acetate injection,PRGO,US,SPY,2021-12-18,2021-12-15,20211215183932,2021-12-18,2021-12-18T23:59:59.999999999+00:00,placebo,,[],US generic maker not named on the FDA page,3,False,False,False,False,False
365,Methylprednisolone Acetate Injection,methylprednisolone acetate injection,RDY,US,SPY,2021-12-18,2021-12-15,20211215183932,2021-12-18,2021-12-18T23:59:59.999999999+00:00,placebo,,[],US generic maker not named on the FDA page,3,False,False,False,False,False
365,Methylprednisolone Acetate Injection,methylprednisolone acetate injection,VTRS,US,SPY,2021-12-18,2021-12-15,20211215183932,2021-12-18,2021-12-18T23:59:59.999999999+00:00,placebo,,[],US generic maker not named on the FDA page,3,False,False,False,False,False
367,Dextrose 50% Injection,dextrose 50% injection,AMPH,US,SPY,2022-01-22,2022-01-19,20220119133223,2022-01-22,2022-01-22T23:59:59.999999999+00:00,winner,AMPH,[],v4 disrupted parent (measured long; short = negative),2,False,False,False,False,False
367,Dextrose 50% Injection,dextrose 50% injection,PFE,US,SPY,2022-01-22,2022-01-19,20220119133223,2022-01-22,2022-01-22T23:59:59.999999999+00:00,winner,PFE,[],v4 disrupted parent (measured long; short = negative),2,False,False,False,False,False
367,Dextrose 50% Injection,dextrose 50% injection,AMRX,US,SPY,2022-01-22,2022-01-19,20220119133223,2022-01-22,2022-01-22T23:59:59.999999999+00:00,placebo,,[],US generic maker not named on the FDA page,2,False,False,False,False,False
367,Dextrose 50% Injection,dextrose 50% injection,ANIP,US,SPY,2022-01-22,2022-01-19,20220119133223,2022-01-22,2022-01-22T23:59:59.999999999+00:00,placebo,,[],US generic maker not named on the FDA page,2,False,False,False,False,False
367,Dextrose 50% Injection,dextrose 50% injection,BAX,US,SPY,2022-01-22,2022-01-19,20220119133223,2022-01-22,2022-01-22T23:59:59.999999999+00:00,placebo,,[],US generic maker not named on the FDA page,2,False,False,False,False,False
367,Dextrose 50% Injection,dextrose 50% injection,ENDP,US,SPY,2022-01-22,2022-01-19,20220119133223,2022-01-22,2022-01-22T23:59:59.999999999+00:00,placebo,,[],US generic maker not named on the FDA page,2,False,False,False,False,False
367,Dextrose 50% Injection,dextrose 50% injection,ICUI,US,SPY,2022-01-22,2022-01-19,20220119133223,2022-01-22,2022-01-22T23:59:59.999999999+00:00,placebo,,[],US generic maker not named on the FDA page,2,False,False,False,False,False
367,Dextrose 50% Injection,dextrose 50% injection,LCI,US,SPY,2022-01-22,2022-01-19,20220119133223,2022-01-22,2022-01-22T23:59:59.999999999+00:00,placebo,,[],US generic maker not named on the FDA page,2,False,False,False,False,False
367,Dextrose 50% Injection,dextrose 50% injection,PRGO,US,SPY,2022-01-22,2022-01-19,20220119133223,2022-01-22,2022-01-22T23:59:59.999999999+00:00,placebo,,[],US generic maker not named on the FDA page,2,False,False,False,False,False
367,Dextrose 50% Injection,dextrose 50% injection,RDY,US,SPY,2022-01-22,2022-01-19,20220119133223,2022-01-22,2022-01-22T23:59:59.999999999+00:00,placebo,,[],US generic maker not named on the FDA page,2,False,False,False,False,False
367,Dextrose 50% Injection,dextrose 50% injection,TEVA,US,SPY,2022-01-22,2022-01-19,20220119133223,2022-01-22,2022-01-22T23:59:59.999999999+00:00,placebo,,[],US generic maker not named on the FDA page,2,False,False,False,False,False
367,Dextrose 50% Injection,dextrose 50% injection,VTRS,US,SPY,2022-01-22,2022-01-19,20220119133223,2022-01-22,2022-01-22T23:59:59.999999999+00:00,placebo,,[],US generic maker not named on the FDA page,2,False,False,False,False,False
368,Metronidazole Injection,metronidazole injection,BAX,US,SPY,2022-01-22,2022-01-20,20220120062002,2022-01-22,2022-01-22T23:59:59.999999999+00:00,winner,BAX,[],v4 disrupted parent (measured long; short = negative),2,False,False,False,False,False
368,Metronidazole Injection,metronidazole injection,PFE,US,SPY,2022-01-22,2022-01-20,20220120062002,2022-01-22,2022-01-22T23:59:59.999999999+00:00,winner,PFE,[],v4 disrupted parent (measured long; short = negative),2,False,False,False,False,False
368,Metronidazole Injection,metronidazole injection,AMPH,US,SPY,2022-01-22,2022-01-20,20220120062002,2022-01-22,2022-01-22T23:59:59.999999999+00:00,placebo,,[],US generic maker not named on the FDA page,2,False,False,False,False,False
368,Metronidazole Injection,metronidazole injection,AMRX,US,SPY,2022-01-22,2022-01-20,20220120062002,2022-01-22,2022-01-22T23:59:59.999999999+00:00,placebo,,[],US generic maker not named on the FDA page,2,False,False,False,False,False
368,Metronidazole Injection,metronidazole injection,ANIP,US,SPY,2022-01-22,2022-01-20,20220120062002,2022-01-22,2022-01-22T23:59:59.999999999+00:00,placebo,,[],US generic maker not named on the FDA page,2,False,False,False,False,False
368,Metronidazole Injection,metronidazole injection,ENDP,US,SPY,2022-01-22,2022-01-20,20220120062002,2022-01-22,2022-01-22T23:59:59.999999999+00:00,placebo,,[],US generic maker not named on the FDA page,2,False,False,False,False,False
368,Metronidazole Injection,metronidazole injection,ICUI,US,SPY,2022-01-22,2022-01-20,20220120062002,2022-01-22,2022-01-22T23:59:59.999999999+00:00,placebo,,[],US generic maker not named on the FDA page,2,False,False,False,False,False
368,Metronidazole Injection,metronidazole injection,LCI,US,SPY,2022-01-22,2022-01-20,20220120062002,2022-01-22,2022-01-22T23:59:59.999999999+00:00,placebo,,[],US generic maker not named on the FDA page,2,False,False,False,False,False
368,Metronidazole Injection,metronidazole injection,PRGO,US,SPY,2022-01-22,2022-01-20,20220120062002,2022-01-22,2022-01-22T23:59:59.999999999+00:00,placebo,,[],US generic maker not named on the FDA page,2,False,False,False,False,False
368,Metronidazole Injection,metronidazole injection,RDY,US,SPY,2022-01-22,2022-01-20,20220120062002,2022-01-22,2022-01-22T23:59:59.999999999+00:00,placebo,,[],US generic maker not named on the FDA page,2,False,False,False,False,False
368,Metronidazole Injection,metronidazole injection,TEVA,US,SPY,2022-01-22,2022-01-20,20220120062002,2022-01-22,2022-01-22T23:59:59.999999999+00:00,placebo,,[],US generic maker not named on the FDA page,2,False,False,False,False,False
368,Metronidazole Injection,metronidazole injection,VTRS,US,SPY,2022-01-22,2022-01-20,20220120062002,2022-01-22,2022-01-22T23:59:59.999999999+00:00,placebo,,[],US generic maker not named on the FDA page,2,False,False,False,False,False
373,Pentostatin Injection,pentostatin injection,PFE,US,SPY,2022-03-26,2022-04-04,20220404054055,2022-04-04,2022-04-04T05:40:55+00:00,winner,PFE,[],v4 disrupted parent (measured long; short = negative),1,False,False,False,False,False
373,Pentostatin Injection,pentostatin injection,AMPH,US,SPY,2022-03-26,2022-04-04,20220404054055,2022-04-04,2022-04-04T05:40:55+00:00,placebo,,[],US generic maker not named on the FDA page,1,False,False,False,False,False
373,Pentostatin Injection,pentostatin injection,AMRX,US,SPY,2022-03-26,2022-04-04,20220404054055,2022-04-04,2022-04-04T05:40:55+00:00,placebo,,[],US generic maker not named on the FDA page,1,False,False,False,False,False
373,Pentostatin Injection,pentostatin injection,ANIP,US,SPY,2022-03-26,2022-04-04,20220404054055,2022-04-04,2022-04-04T05:40:55+00:00,placebo,,[],US generic maker not named on the FDA page,1,False,False,False,False,False
373,Pentostatin Injection,pentostatin injection,BAX,US,SPY,2022-03-26,2022-04-04,20220404054055,2022-04-04,2022-04-04T05:40:55+00:00,placebo,,[],US generic maker not named on the FDA page,1,False,False,False,False,False
373,Pentostatin Injection,pentostatin injection,ENDP,US,SPY,2022-03-26,2022-04-04,20220404054055,2022-04-04,2022-04-04T05:40:55+00:00,placebo,,[],US generic maker not named on the FDA page,1,False,False,False,False,False
373,Pentostatin Injection,pentostatin injection,ICUI,US,SPY,2022-03-26,2022-04-04,20220404054055,2022-04-04,2022-04-04T05:40:55+00:00,placebo,,[],US generic maker not named on the FDA page,1,False,False,False,False,False
373,Pentostatin Injection,pentostatin injection,LCI,US,SPY,2022-03-26,2022-04-04,20220404054055,2022-04-04,2022-04-04T05:40:55+00:00,placebo,,[],US generic maker not named on the FDA page,1,False,False,False,False,False
373,Pentostatin Injection,pentostatin injection,PRGO,US,SPY,2022-03-26,2022-04-04,20220404054055,2022-04-04,2022-04-04T05:40:55+00:00,placebo,,[],US generic maker not named on the FDA page,1,False,False,False,False,False
373,Pentostatin Injection,pentostatin injection,RDY,US,SPY,2022-03-26,2022-04-04,20220404054055,2022-04-04,2022-04-04T05:40:55+00:00,placebo,,[],US generic maker not named on the FDA page,1,False,False,False,False,False
373,Pentostatin Injection,pentostatin injection,TEVA,US,SPY,2022-03-26,2022-04-04,20220404054055,2022-04-04,2022-04-04T05:40:55+00:00,placebo,,[],US generic maker not named on the FDA page,1,False,False,False,False,False
373,Pentostatin Injection,pentostatin injection,VTRS,US,SPY,2022-03-26,2022-04-04,20220404054055,2022-04-04,2022-04-04T05:40:55+00:00,placebo,,[],US generic maker not named on the FDA page,1,False,False,False,False,False
376,Fludarabine Phosphate Injection,fludarabine phosphate injection,TEVA,US,SPY,2022-05-07,2022-05-20,20220520223531,2022-05-20,2022-05-20T22:35:31+00:00,winner,TEVA,[],v4 disrupted parent (measured long; short = negative),1,False,False,False,False,False
376,Fludarabine Phosphate Injection,fludarabine phosphate injection,AMPH,US,SPY,2022-05-07,2022-05-20,20220520223531,2022-05-20,2022-05-20T22:35:31+00:00,placebo,,[],US generic maker not named on the FDA page,1,False,False,False,False,False
376,Fludarabine Phosphate Injection,fludarabine phosphate injection,AMRX,US,SPY,2022-05-07,2022-05-20,20220520223531,2022-05-20,2022-05-20T22:35:31+00:00,placebo,,[],US generic maker not named on the FDA page,1,False,False,False,False,False
376,Fludarabine Phosphate Injection,fludarabine phosphate injection,ANIP,US,SPY,2022-05-07,2022-05-20,20220520223531,2022-05-20,2022-05-20T22:35:31+00:00,placebo,,[],US generic maker not named on the FDA page,1,False,False,False,False,False
376,Fludarabine Phosphate Injection,fludarabine phosphate injection,BAX,US,SPY,2022-05-07,2022-05-20,20220520223531,2022-05-20,2022-05-20T22:35:31+00:00,placebo,,[],US generic maker not named on the FDA page,1,False,False,False,False,False
376,Fludarabine Phosphate Injection,fludarabine phosphate injection,ENDP,US,SPY,2022-05-07,2022-05-20,20220520223531,2022-05-20,2022-05-20T22:35:31+00:00,placebo,,[],US generic maker not named on the FDA page,1,False,False,False,False,False
376,Fludarabine Phosphate Injection,fludarabine phosphate injection,ICUI,US,SPY,2022-05-07,2022-05-20,20220520223531,2022-05-20,2022-05-20T22:35:31+00:00,placebo,,[],US generic maker not named on the FDA page,1,False,False,False,False,False
376,Fludarabine Phosphate Injection,fludarabine phosphate injection,LCI,US,SPY,2022-05-07,2022-05-20,20220520223531,2022-05-20,2022-05-20T22:35:31+00:00,placebo,,[],US generic maker not named on the FDA page,1,False,False,False,False,False
376,Fludarabine Phosphate Injection,fludarabine phosphate injection,PRGO,US,SPY,2022-05-07,2022-05-20,20220520223531,2022-05-20,2022-05-20T22:35:31+00:00,placebo,,[],US generic maker not named on the FDA page,1,False,False,False,False,False
376,Fludarabine Phosphate Injection,fludarabine phosphate injection,RDY,US,SPY,2022-05-07,2022-05-20,20220520223531,2022-05-20,2022-05-20T22:35:31+00:00,placebo,,[],US generic maker not named on the FDA page,1,False,False,False,False,False
376,Fludarabine Phosphate Injection,fludarabine phosphate injection,VTRS,US,SPY,2022-05-07,2022-05-20,20220520223531,2022-05-20,2022-05-20T22:35:31+00:00,placebo,,[],US generic maker not named on the FDA page,1,False,False,False,False,False
378,Ibutilide Fumarate Injection,ibutilide fumarate injection,VTRS,US,SPY,2022-05-07,2022-05-23,20220523113438,2022-05-23,2022-05-23T11:34:38+00:00,winner,VTRS,[],v4 disrupted parent (measured long; short = negative),1,False,False,False,False,False
378,Ibutilide Fumarate Injection,ibutilide fumarate injection,AMPH,US,SPY,2022-05-07,2022-05-23,20220523113438,2022-05-23,2022-05-23T11:34:38+00:00,placebo,,[],US generic maker not named on the FDA page,1,False,False,False,False,False
378,Ibutilide Fumarate Injection,ibutilide fumarate injection,AMRX,US,SPY,2022-05-07,2022-05-23,20220523113438,2022-05-23,2022-05-23T11:34:38+00:00,placebo,,[],US generic maker not named on the FDA page,1,False,False,False,False,False
378,Ibutilide Fumarate Injection,ibutilide fumarate injection,ANIP,US,SPY,2022-05-07,2022-05-23,20220523113438,2022-05-23,2022-05-23T11:34:38+00:00,placebo,,[],US generic maker not named on the FDA page,1,False,False,False,False,False
378,Ibutilide Fumarate Injection,ibutilide fumarate injection,BAX,US,SPY,2022-05-07,2022-05-23,20220523113438,2022-05-23,2022-05-23T11:34:38+00:00,placebo,,[],US generic maker not named on the FDA page,1,False,False,False,False,False
378,Ibutilide Fumarate Injection,ibutilide fumarate injection,ENDP,US,SPY,2022-05-07,2022-05-23,20220523113438,2022-05-23,2022-05-23T11:34:38+00:00,placebo,,[],US generic maker not named on the FDA page,1,False,False,False,False,False
378,Ibutilide Fumarate Injection,ibutilide fumarate injection,ICUI,US,SPY,2022-05-07,2022-05-23,20220523113438,2022-05-23,2022-05-23T11:34:38+00:00,placebo,,[],US generic maker not named on the FDA page,1,False,False,False,False,False
378,Ibutilide Fumarate Injection,ibutilide fumarate injection,LCI,US,SPY,2022-05-07,2022-05-23,20220523113438,2022-05-23,2022-05-23T11:34:38+00:00,placebo,,[],US generic maker not named on the FDA page,1,False,False,False,False,False
378,Ibutilide Fumarate Injection,ibutilide fumarate injection,PRGO,US,SPY,2022-05-07,2022-05-23,20220523113438,2022-05-23,2022-05-23T11:34:38+00:00,placebo,,[],US generic maker not named on the FDA page,1,False,False,False,False,False
378,Ibutilide Fumarate Injection,ibutilide fumarate injection,RDY,US,SPY,2022-05-07,2022-05-23,20220523113438,2022-05-23,2022-05-23T11:34:38+00:00,placebo,,[],US generic maker not named on the FDA page,1,False,False,False,False,False
378,Ibutilide Fumarate Injection,ibutilide fumarate injection,TEVA,US,SPY,2022-05-07,2022-05-23,20220523113438,2022-05-23,2022-05-23T11:34:38+00:00,placebo,,[],US generic maker not named on the FDA page,1,False,False,False,False,False
379,Sufentanil Citrate Injection,sufentanil citrate injection,PFE,US,SPY,2022-05-07,2022-05-20,20220520232258,2022-05-20,2022-05-20T23:22:58+00:00,winner,PFE,[],v4 disrupted parent (measured long; short = negative),1,False,False,False,False,False
379,Sufentanil Citrate Injection,sufentanil citrate injection,AMPH,US,SPY,2022-05-07,2022-05-20,20220520232258,2022-05-20,2022-05-20T23:22:58+00:00,placebo,,[],US generic maker not named on the FDA page,1,False,False,False,False,False
379,Sufentanil Citrate Injection,sufentanil citrate injection,AMRX,US,SPY,2022-05-07,2022-05-20,20220520232258,2022-05-20,2022-05-20T23:22:58+00:00,placebo,,[],US generic maker not named on the FDA page,1,False,False,False,False,False
379,Sufentanil Citrate Injection,sufentanil citrate injection,ANIP,US,SPY,2022-05-07,2022-05-20,20220520232258,2022-05-20,2022-05-20T23:22:58+00:00,placebo,,[],US generic maker not named on the FDA page,1,False,False,False,False,False
379,Sufentanil Citrate Injection,sufentanil citrate injection,BAX,US,SPY,2022-05-07,2022-05-20,20220520232258,2022-05-20,2022-05-20T23:22:58+00:00,placebo,,[],US generic maker not named on the FDA page,1,False,False,False,False,False
379,Sufentanil Citrate Injection,sufentanil citrate injection,ENDP,US,SPY,2022-05-07,2022-05-20,20220520232258,2022-05-20,2022-05-20T23:22:58+00:00,placebo,,[],US generic maker not named on the FDA page,1,False,False,False,False,False
379,Sufentanil Citrate Injection,sufentanil citrate injection,ICUI,US,SPY,2022-05-07,2022-05-20,20220520232258,2022-05-20,2022-05-20T23:22:58+00:00,placebo,,[],US generic maker not named on the FDA page,1,False,False,False,False,False
379,Sufentanil Citrate Injection,sufentanil citrate injection,LCI,US,SPY,2022-05-07,2022-05-20,20220520232258,2022-05-20,2022-05-20T23:22:58+00:00,placebo,,[],US generic maker not named on the FDA page,1,False,False,False,False,False
379,Sufentanil Citrate Injection,sufentanil citrate injection,PRGO,US,SPY,2022-05-07,2022-05-20,20220520232258,2022-05-20,2022-05-20T23:22:58+00:00,placebo,,[],US generic maker not named on the FDA page,1,False,False,False,False,False
379,Sufentanil Citrate Injection,sufentanil citrate injection,RDY,US,SPY,2022-05-07,2022-05-20,20220520232258,2022-05-20,2022-05-20T23:22:58+00:00,placebo,,[],US generic maker not named on the FDA page,1,False,False,False,False,False
379,Sufentanil Citrate Injection,sufentanil citrate injection,TEVA,US,SPY,2022-05-07,2022-05-20,20220520232258,2022-05-20,2022-05-20T23:22:58+00:00,placebo,,[],US generic maker not named on the FDA page,1,False,False,False,False,False
379,Sufentanil Citrate Injection,sufentanil citrate injection,VTRS,US,SPY,2022-05-07,2022-05-20,20220520232258,2022-05-20,2022-05-20T23:22:58+00:00,placebo,,[],US generic maker not named on the FDA page,1,False,False,False,False,False
400,Neomycin Sulfate Tablets,neomycin sulfate tablets,TEVA,US,SPY,2022-11-19,2022-11-24,20221124053344,2022-11-24,2022-11-24T05:33:44+00:00,winner,TEVA,[],v4 disrupted parent (measured long; short = negative),1,False,False,False,False,False
400,Neomycin Sulfate Tablets,neomycin sulfate tablets,AMPH,US,SPY,2022-11-19,2022-11-24,20221124053344,2022-11-24,2022-11-24T05:33:44+00:00,placebo,,[],US generic maker not named on the FDA page,1,False,False,False,False,False
400,Neomycin Sulfate Tablets,neomycin sulfate tablets,AMRX,US,SPY,2022-11-19,2022-11-24,20221124053344,2022-11-24,2022-11-24T05:33:44+00:00,placebo,,[],US generic maker not named on the FDA page,1,False,False,False,False,False
400,Neomycin Sulfate Tablets,neomycin sulfate tablets,ANIP,US,SPY,2022-11-19,2022-11-24,20221124053344,2022-11-24,2022-11-24T05:33:44+00:00,placebo,,[],US generic maker not named on the FDA page,1,False,False,False,False,False
400,Neomycin Sulfate Tablets,neomycin sulfate tablets,BAX,US,SPY,2022-11-19,2022-11-24,20221124053344,2022-11-24,2022-11-24T05:33:44+00:00,placebo,,[],US generic maker not named on the FDA page,1,False,False,False,False,False
400,Neomycin Sulfate Tablets,neomycin sulfate tablets,ICUI,US,SPY,2022-11-19,2022-11-24,20221124053344,2022-11-24,2022-11-24T05:33:44+00:00,placebo,,[],US generic maker not named on the FDA page,1,False,False,False,False,False
400,Neomycin Sulfate Tablets,neomycin sulfate tablets,LCI,US,SPY,2022-11-19,2022-11-24,20221124053344,2022-11-24,2022-11-24T05:33:44+00:00,placebo,,[],US generic maker not named on the FDA page,1,False,False,False,False,False
400,Neomycin Sulfate Tablets,neomycin sulfate tablets,PRGO,US,SPY,2022-11-19,2022-11-24,20221124053344,2022-11-24,2022-11-24T05:33:44+00:00,placebo,,[],US generic maker not named on the FDA page,1,False,False,False,False,False
400,Neomycin Sulfate Tablets,neomycin sulfate tablets,RDY,US,SPY,2022-11-19,2022-11-24,20221124053344,2022-11-24,2022-11-24T05:33:44+00:00,placebo,,[],US generic maker not named on the FDA page,1,False,False,False,False,False
400,Neomycin Sulfate Tablets,neomycin sulfate tablets,VTRS,US,SPY,2022-11-19,2022-11-24,20221124053344,2022-11-24,2022-11-24T05:33:44+00:00,placebo,,[],US generic maker not named on the FDA page,1,False,False,False,False,False
411,Quinapril Hydrochloride Tablets,quinapril hydrochloride tablets,PFE,US,SPY,2023-01-21,2023-01-26,20230126055802,2023-01-26,2023-01-26T05:58:02+00:00,winner,PFE,[],v4 disrupted parent (measured long; short = negative),1,False,False,False,False,False
411,Quinapril Hydrochloride Tablets,quinapril hydrochloride tablets,AMPH,US,SPY,2023-01-21,2023-01-26,20230126055802,2023-01-26,2023-01-26T05:58:02+00:00,placebo,,[],US generic maker not named on the FDA page,1,False,False,False,False,False
411,Quinapril Hydrochloride Tablets,quinapril hydrochloride tablets,AMRX,US,SPY,2023-01-21,2023-01-26,20230126055802,2023-01-26,2023-01-26T05:58:02+00:00,placebo,,[],US generic maker not named on the FDA page,1,False,False,False,False,False
411,Quinapril Hydrochloride Tablets,quinapril hydrochloride tablets,ANIP,US,SPY,2023-01-21,2023-01-26,20230126055802,2023-01-26,2023-01-26T05:58:02+00:00,placebo,,[],US generic maker not named on the FDA page,1,False,False,False,False,False
411,Quinapril Hydrochloride Tablets,quinapril hydrochloride tablets,BAX,US,SPY,2023-01-21,2023-01-26,20230126055802,2023-01-26,2023-01-26T05:58:02+00:00,placebo,,[],US generic maker not named on the FDA page,1,False,False,False,False,False
411,Quinapril Hydrochloride Tablets,quinapril hydrochloride tablets,ICUI,US,SPY,2023-01-21,2023-01-26,20230126055802,2023-01-26,2023-01-26T05:58:02+00:00,placebo,,[],US generic maker not named on the FDA page,1,False,False,False,False,False
411,Quinapril Hydrochloride Tablets,quinapril hydrochloride tablets,LCI,US,SPY,2023-01-21,2023-01-26,20230126055802,2023-01-26,2023-01-26T05:58:02+00:00,placebo,,[],US generic maker not named on the FDA page,1,False,False,False,False,False
411,Quinapril Hydrochloride Tablets,quinapril hydrochloride tablets,PRGO,US,SPY,2023-01-21,2023-01-26,20230126055802,2023-01-26,2023-01-26T05:58:02+00:00,placebo,,[],US generic maker not named on the FDA page,1,False,False,False,False,False
411,Quinapril Hydrochloride Tablets,quinapril hydrochloride tablets,RDY,US,SPY,2023-01-21,2023-01-26,20230126055802,2023-01-26,2023-01-26T05:58:02+00:00,placebo,,[],US generic maker not named on the FDA page,1,False,False,False,False,False
411,Quinapril Hydrochloride Tablets,quinapril hydrochloride tablets,TEVA,US,SPY,2023-01-21,2023-01-26,20230126055802,2023-01-26,2023-01-26T05:58:02+00:00,placebo,,[],US generic maker not named on the FDA page,1,False,False,False,False,False
411,Quinapril Hydrochloride Tablets,quinapril hydrochloride tablets,VTRS,US,SPY,2023-01-21,2023-01-26,20230126055802,2023-01-26,2023-01-26T05:58:02+00:00,placebo,,[],US generic maker not named on the FDA page,1,False,False,False,False,False
421,Methotrexate Injection,methotrexate injection,PFE,US,SPY,2023-03-17,2023-03-14,20230314145505,2023-03-17,2023-03-17T23:59:59.999999999+00:00,winner,PFE,[],v4 disrupted parent (measured long; short = negative),1,False,False,False,False,False
421,Methotrexate Injection,methotrexate injection,AMPH,US,SPY,2023-03-17,2023-03-14,20230314145505,2023-03-17,2023-03-17T23:59:59.999999999+00:00,placebo,,[],US generic maker not named on the FDA page,1,False,False,False,False,False
421,Methotrexate Injection,methotrexate injection,AMRX,US,SPY,2023-03-17,2023-03-14,20230314145505,2023-03-17,2023-03-17T23:59:59.999999999+00:00,placebo,,[],US generic maker not named on the FDA page,1,False,False,False,False,False
421,Methotrexate Injection,methotrexate injection,ANIP,US,SPY,2023-03-17,2023-03-14,20230314145505,2023-03-17,2023-03-17T23:59:59.999999999+00:00,placebo,,[],US generic maker not named on the FDA page,1,False,False,False,False,False
421,Methotrexate Injection,methotrexate injection,BAX,US,SPY,2023-03-17,2023-03-14,20230314145505,2023-03-17,2023-03-17T23:59:59.999999999+00:00,placebo,,[],US generic maker not named on the FDA page,1,False,False,False,False,False
421,Methotrexate Injection,methotrexate injection,ICUI,US,SPY,2023-03-17,2023-03-14,20230314145505,2023-03-17,2023-03-17T23:59:59.999999999+00:00,placebo,,[],US generic maker not named on the FDA page,1,False,False,False,False,False
421,Methotrexate Injection,methotrexate injection,LCI,US,SPY,2023-03-17,2023-03-14,20230314145505,2023-03-17,2023-03-17T23:59:59.999999999+00:00,placebo,,[],US generic maker not named on the FDA page,1,False,False,False,False,False
421,Methotrexate Injection,methotrexate injection,PRGO,US,SPY,2023-03-17,2023-03-14,20230314145505,2023-03-17,2023-03-17T23:59:59.999999999+00:00,placebo,,[],US generic maker not named on the FDA page,1,False,False,False,False,False
421,Methotrexate Injection,methotrexate injection,RDY,US,SPY,2023-03-17,2023-03-14,20230314145505,2023-03-17,2023-03-17T23:59:59.999999999+00:00,placebo,,[],US generic maker not named on the FDA page,1,False,False,False,False,False
421,Methotrexate Injection,methotrexate injection,TEVA,US,SPY,2023-03-17,2023-03-14,20230314145505,2023-03-17,2023-03-17T23:59:59.999999999+00:00,placebo,,[],US generic maker not named on the FDA page,1,False,False,False,False,False
421,Methotrexate Injection,methotrexate injection,VTRS,US,SPY,2023-03-17,2023-03-14,20230314145505,2023-03-17,2023-03-17T23:59:59.999999999+00:00,placebo,,[],US generic maker not named on the FDA page,1,False,False,False,False,False
425,Carboplatin Injection,carboplatin injection,TEVA,US,SPY,2023-04-30,2023-05-14,20230514151132,2023-05-14,2023-05-14T15:11:32+00:00,winner,TEVA,[],v4 disrupted parent (measured long; short = negative),1,False,False,False,False,False
425,Carboplatin Injection,carboplatin injection,AMPH,US,SPY,2023-04-30,2023-05-14,20230514151132,2023-05-14,2023-05-14T15:11:32+00:00,placebo,,[],US generic maker not named on the FDA page,1,False,False,False,False,False
425,Carboplatin Injection,carboplatin injection,AMRX,US,SPY,2023-04-30,2023-05-14,20230514151132,2023-05-14,2023-05-14T15:11:32+00:00,placebo,,[],US generic maker not named on the FDA page,1,False,False,False,False,False
425,Carboplatin Injection,carboplatin injection,ANIP,US,SPY,2023-04-30,2023-05-14,20230514151132,2023-05-14,2023-05-14T15:11:32+00:00,placebo,,[],US generic maker not named on the FDA page,1,False,False,False,False,False
425,Carboplatin Injection,carboplatin injection,BAX,US,SPY,2023-04-30,2023-05-14,20230514151132,2023-05-14,2023-05-14T15:11:32+00:00,placebo,,[],US generic maker not named on the FDA page,1,False,False,False,False,False
425,Carboplatin Injection,carboplatin injection,ICUI,US,SPY,2023-04-30,2023-05-14,20230514151132,2023-05-14,2023-05-14T15:11:32+00:00,placebo,,[],US generic maker not named on the FDA page,1,False,False,False,False,False
425,Carboplatin Injection,carboplatin injection,LCI,US,SPY,2023-04-30,2023-05-14,20230514151132,2023-05-14,2023-05-14T15:11:32+00:00,placebo,,[],US generic maker not named on the FDA page,1,False,False,False,False,False
425,Carboplatin Injection,carboplatin injection,PRGO,US,SPY,2023-04-30,2023-05-14,20230514151132,2023-05-14,2023-05-14T15:11:32+00:00,placebo,,[],US generic maker not named on the FDA page,1,False,False,False,False,False
425,Carboplatin Injection,carboplatin injection,RDY,US,SPY,2023-04-30,2023-05-14,20230514151132,2023-05-14,2023-05-14T15:11:32+00:00,placebo,,[],US generic maker not named on the FDA page,1,False,False,False,False,False
425,Carboplatin Injection,carboplatin injection,VTRS,US,SPY,2023-04-30,2023-05-14,20230514151132,2023-05-14,2023-05-14T15:11:32+00:00,placebo,,[],US generic maker not named on the FDA page,1,False,False,False,False,False
426,Penicillin G Benzathine Injectable Suspension,penicillin g benzathine injectable suspension,PFE,US,SPY,2023-04-30,2023-05-06,20230506052453,2023-05-06,2023-05-06T05:24:53+00:00,winner,PFE,[],v4 disrupted parent (measured long; short = negative),1,False,False,False,False,False
426,Penicillin G Benzathine Injectable Suspension,penicillin g benzathine injectable suspension,AMPH,US,SPY,2023-04-30,2023-05-06,20230506052453,2023-05-06,2023-05-06T05:24:53+00:00,placebo,,[],US generic maker not named on the FDA page,1,False,False,False,False,False
426,Penicillin G Benzathine Injectable Suspension,penicillin g benzathine injectable suspension,AMRX,US,SPY,2023-04-30,2023-05-06,20230506052453,2023-05-06,2023-05-06T05:24:53+00:00,placebo,,[],US generic maker not named on the FDA page,1,False,False,False,False,False
426,Penicillin G Benzathine Injectable Suspension,penicillin g benzathine injectable suspension,ANIP,US,SPY,2023-04-30,2023-05-06,20230506052453,2023-05-06,2023-05-06T05:24:53+00:00,placebo,,[],US generic maker not named on the FDA page,1,False,False,False,False,False
426,Penicillin G Benzathine Injectable Suspension,penicillin g benzathine injectable suspension,BAX,US,SPY,2023-04-30,2023-05-06,20230506052453,2023-05-06,2023-05-06T05:24:53+00:00,placebo,,[],US generic maker not named on the FDA page,1,False,False,False,False,False
426,Penicillin G Benzathine Injectable Suspension,penicillin g benzathine injectable suspension,ICUI,US,SPY,2023-04-30,2023-05-06,20230506052453,2023-05-06,2023-05-06T05:24:53+00:00,placebo,,[],US generic maker not named on the FDA page,1,False,False,False,False,False
426,Penicillin G Benzathine Injectable Suspension,penicillin g benzathine injectable suspension,LCI,US,SPY,2023-04-30,2023-05-06,20230506052453,2023-05-06,2023-05-06T05:24:53+00:00,placebo,,[],US generic maker not named on the FDA page,1,False,False,False,False,False
426,Penicillin G Benzathine Injectable Suspension,penicillin g benzathine injectable suspension,PRGO,US,SPY,2023-04-30,2023-05-06,20230506052453,2023-05-06,2023-05-06T05:24:53+00:00,placebo,,[],US generic maker not named on the FDA page,1,False,False,False,False,False
426,Penicillin G Benzathine Injectable Suspension,penicillin g benzathine injectable suspension,RDY,US,SPY,2023-04-30,2023-05-06,20230506052453,2023-05-06,2023-05-06T05:24:53+00:00,placebo,,[],US generic maker not named on the FDA page,1,False,False,False,False,False
426,Penicillin G Benzathine Injectable Suspension,penicillin g benzathine injectable suspension,TEVA,US,SPY,2023-04-30,2023-05-06,20230506052453,2023-05-06,2023-05-06T05:24:53+00:00,placebo,,[],US generic maker not named on the FDA page,1,False,False,False,False,False
426,Penicillin G Benzathine Injectable Suspension,penicillin g benzathine injectable suspension,VTRS,US,SPY,2023-04-30,2023-05-06,20230506052453,2023-05-06,2023-05-06T05:24:53+00:00,placebo,,[],US generic maker not named on the FDA page,1,False,False,False,False,False
430,Methylphenidate Hydrochloride Extended Release Tablets,methylphenidate hydrochloride extended release tablets,AMRX,US,SPY,2023-07-29,2023-08-01,20230801181444,2023-08-01,2023-08-01T18:14:44+00:00,winner,AMRX,[],v4 disrupted parent (measured long; short = negative),2,False,False,False,False,False
430,Methylphenidate Hydrochloride Extended Release Tablets,methylphenidate hydrochloride extended release tablets,RDY,US,SPY,2023-07-29,2023-08-01,20230801181444,2023-08-01,2023-08-01T18:14:44+00:00,winner,RDY,[],v4 disrupted parent (measured long; short = negative),2,False,False,False,False,False
430,Methylphenidate Hydrochloride Extended Release Tablets,methylphenidate hydrochloride extended release tablets,AMPH,US,SPY,2023-07-29,2023-08-01,20230801181444,2023-08-01,2023-08-01T18:14:44+00:00,placebo,,[],US generic maker not named on the FDA page,2,False,False,False,False,False
430,Methylphenidate Hydrochloride Extended Release Tablets,methylphenidate hydrochloride extended release tablets,ANIP,US,SPY,2023-07-29,2023-08-01,20230801181444,2023-08-01,2023-08-01T18:14:44+00:00,placebo,,[],US generic maker not named on the FDA page,2,False,False,False,False,False
430,Methylphenidate Hydrochloride Extended Release Tablets,methylphenidate hydrochloride extended release tablets,BAX,US,SPY,2023-07-29,2023-08-01,20230801181444,2023-08-01,2023-08-01T18:14:44+00:00,placebo,,[],US generic maker not named on the FDA page,2,False,False,False,False,False
430,Methylphenidate Hydrochloride Extended Release Tablets,methylphenidate hydrochloride extended release tablets,ICUI,US,SPY,2023-07-29,2023-08-01,20230801181444,2023-08-01,2023-08-01T18:14:44+00:00,placebo,,[],US generic maker not named on the FDA page,2,False,False,False,False,False
430,Methylphenidate Hydrochloride Extended Release Tablets,methylphenidate hydrochloride extended release tablets,PRGO,US,SPY,2023-07-29,2023-08-01,20230801181444,2023-08-01,2023-08-01T18:14:44+00:00,placebo,,[],US generic maker not named on the FDA page,2,False,False,False,False,False
430,Methylphenidate Hydrochloride Extended Release Tablets,methylphenidate hydrochloride extended release tablets,VTRS,US,SPY,2023-07-29,2023-08-01,20230801181444,2023-08-01,2023-08-01T18:14:44+00:00,placebo,,[],US generic maker not named on the FDA page,2,False,False,False,False,False
474,Mefloquine Hydrochloride Tablet,mefloquine hydrochloride tablet,TEVA,US,SPY,2024-05-19,2024-05-15,20240515141753,2024-05-19,2024-05-19T23:59:59.999999999+00:00,winner,TEVA,[],v4 disrupted parent (measured long; short = negative),1,False,False,False,False,False
474,Mefloquine Hydrochloride Tablet,mefloquine hydrochloride tablet,AMPH,US,SPY,2024-05-19,2024-05-15,20240515141753,2024-05-19,2024-05-19T23:59:59.999999999+00:00,placebo,,[],US generic maker not named on the FDA page,1,False,False,False,False,False
474,Mefloquine Hydrochloride Tablet,mefloquine hydrochloride tablet,AMRX,US,SPY,2024-05-19,2024-05-15,20240515141753,2024-05-19,2024-05-19T23:59:59.999999999+00:00,placebo,,[],US generic maker not named on the FDA page,1,False,False,False,False,False
474,Mefloquine Hydrochloride Tablet,mefloquine hydrochloride tablet,ANIP,US,SPY,2024-05-19,2024-05-15,20240515141753,2024-05-19,2024-05-19T23:59:59.999999999+00:00,placebo,,[],US generic maker not named on the FDA page,1,False,False,False,False,False
474,Mefloquine Hydrochloride Tablet,mefloquine hydrochloride tablet,BAX,US,SPY,2024-05-19,2024-05-15,20240515141753,2024-05-19,2024-05-19T23:59:59.999999999+00:00,placebo,,[],US generic maker not named on the FDA page,1,False,False,False,False,False
474,Mefloquine Hydrochloride Tablet,mefloquine hydrochloride tablet,ICUI,US,SPY,2024-05-19,2024-05-15,20240515141753,2024-05-19,2024-05-19T23:59:59.999999999+00:00,placebo,,[],US generic maker not named on the FDA page,1,False,False,False,False,False
474,Mefloquine Hydrochloride Tablet,mefloquine hydrochloride tablet,PRGO,US,SPY,2024-05-19,2024-05-15,20240515141753,2024-05-19,2024-05-19T23:59:59.999999999+00:00,placebo,,[],US generic maker not named on the FDA page,1,False,False,False,False,False
474,Mefloquine Hydrochloride Tablet,mefloquine hydrochloride tablet,RDY,US,SPY,2024-05-19,2024-05-15,20240515141753,2024-05-19,2024-05-19T23:59:59.999999999+00:00,placebo,,[],US generic maker not named on the FDA page,1,False,False,False,False,False
474,Mefloquine Hydrochloride Tablet,mefloquine hydrochloride tablet,VTRS,US,SPY,2024-05-19,2024-05-15,20240515141753,2024-05-19,2024-05-19T23:59:59.999999999+00:00,placebo,,[],US generic maker not named on the FDA page,1,False,False,False,False,False
