event_id,product,ai_key,ticker,country,benchmark,public_date,capture_date,capture_ts,trade_ready_date,known_at,role,company,evidence,control_definition,winner_count,date_uncertain,left_censored,rename_window,spike_week,rename_suspect
84,Azathioprine Tablet,azathioprine tablet,MYL,US,SPY,2014-10-27,2014-10-15,20141015023542,2014-10-27,2014-10-27T23:59:59.999999999+00:00,winner,Mylan Institutional,"[{""presentation"": ""50 mg tablets (NDC 0378-1005-01)"", ""availability"": ""Available"", ""on_allocation"": false}]",,1,True,False,False,False,False
84,Azathioprine Tablet,azathioprine tablet,AMPH,US,SPY,2014-10-27,2014-10-15,20141015023542,2014-10-27,2014-10-27T23:59:59.999999999+00:00,placebo,,[],FDA-page nonlisted generic-maker control; manufacture absence unverified,1,True,False,False,False,False
84,Azathioprine Tablet,azathioprine tablet,BAX,US,SPY,2014-10-27,2014-10-15,20141015023542,2014-10-27,2014-10-27T23:59:59.999999999+00:00,placebo,,[],FDA-page nonlisted generic-maker control; manufacture absence unverified,1,True,False,False,False,False
84,Azathioprine Tablet,azathioprine tablet,HSP,US,SPY,2014-10-27,2014-10-15,20141015023542,2014-10-27,2014-10-27T23:59:59.999999999+00:00,placebo,,[],FDA-page nonlisted generic-maker control; manufacture absence unverified,1,True,False,False,False,False
84,Azathioprine Tablet,azathioprine tablet,ICUI,US,SPY,2014-10-27,2014-10-15,20141015023542,2014-10-27,2014-10-27T23:59:59.999999999+00:00,placebo,,[],FDA-page nonlisted generic-maker control; manufacture absence unverified,1,True,False,False,False,False
84,Azathioprine Tablet,azathioprine tablet,RDY,US,SPY,2014-10-27,2014-10-15,20141015023542,2014-10-27,2014-10-27T23:59:59.999999999+00:00,placebo,,[],FDA-page nonlisted generic-maker control; manufacture absence unverified,1,True,False,False,False,False
84,Azathioprine Tablet,azathioprine tablet,TEVA,US,SPY,2014-10-27,2014-10-15,20141015023542,2014-10-27,2014-10-27T23:59:59.999999999+00:00,placebo,,[],FDA-page nonlisted generic-maker control; manufacture absence unverified,1,True,False,False,False,False
85,Clonidine HCL Injection (Duraclon),clonidine hcl injection (duraclon),MYL,US,SPY,2014-10-27,2014-09-27,20140927020629,2014-10-27,2014-10-27T23:59:59.999999999+00:00,winner,Mylan Institutional,"[{""presentation"": ""1mg/10mL SDV; Pkg of 1 (NDC 67457-218-10)"", ""availability"": ""Available"", ""on_allocation"": false}]",,1,True,False,False,False,False
85,Clonidine HCL Injection (Duraclon),clonidine hcl injection (duraclon),AMPH,US,SPY,2014-10-27,2014-09-27,20140927020629,2014-10-27,2014-10-27T23:59:59.999999999+00:00,placebo,,[],FDA-page nonlisted generic-maker control; manufacture absence unverified,1,True,False,False,False,False
85,Clonidine HCL Injection (Duraclon),clonidine hcl injection (duraclon),BAX,US,SPY,2014-10-27,2014-09-27,20140927020629,2014-10-27,2014-10-27T23:59:59.999999999+00:00,placebo,,[],FDA-page nonlisted generic-maker control; manufacture absence unverified,1,True,False,False,False,False
85,Clonidine HCL Injection (Duraclon),clonidine hcl injection (duraclon),HSP,US,SPY,2014-10-27,2014-09-27,20140927020629,2014-10-27,2014-10-27T23:59:59.999999999+00:00,placebo,,[],FDA-page nonlisted generic-maker control; manufacture absence unverified,1,True,False,False,False,False
85,Clonidine HCL Injection (Duraclon),clonidine hcl injection (duraclon),ICUI,US,SPY,2014-10-27,2014-09-27,20140927020629,2014-10-27,2014-10-27T23:59:59.999999999+00:00,placebo,,[],FDA-page nonlisted generic-maker control; manufacture absence unverified,1,True,False,False,False,False
85,Clonidine HCL Injection (Duraclon),clonidine hcl injection (duraclon),RDY,US,SPY,2014-10-27,2014-09-27,20140927020629,2014-10-27,2014-10-27T23:59:59.999999999+00:00,placebo,,[],FDA-page nonlisted generic-maker control; manufacture absence unverified,1,True,False,False,False,False
85,Clonidine HCL Injection (Duraclon),clonidine hcl injection (duraclon),TEVA,US,SPY,2014-10-27,2014-09-27,20140927020629,2014-10-27,2014-10-27T23:59:59.999999999+00:00,placebo,,[],FDA-page nonlisted generic-maker control; manufacture absence unverified,1,True,False,False,False,False
86,Famotidine Injection,famotidine injection,MYL,US,SPY,2014-10-27,2014-11-20,20141120000248,2014-11-20,2014-11-20T00:02:48+00:00,winner,Mylan Institutional,"[{""presentation"": ""20mg/2mL SDV Pkg of 10 (NDC 67457-433-22)"", ""availability"": ""Unavailable. Estimated recovery: February 2015"", ""on_allocation"": false}, {""presentation"": ""40mg/4mL MDV Pkg of 10 (NDC67457-448-43)"", ""availability"": ""Available"", ""on_allocation"": false}, {""presentation"": ""200mg/20mL MDV Pkg of 10 (NDC 67457-457-20)"", ""availability"": ""Unavailable. Estimated recovery: February 2015"", ""on_allocation"": false}]",,1,True,False,False,False,False
86,Famotidine Injection,famotidine injection,AMPH,US,SPY,2014-10-27,2014-11-20,20141120000248,2014-11-20,2014-11-20T00:02:48+00:00,placebo,,[],FDA-page nonlisted generic-maker control; manufacture absence unverified,1,True,False,False,False,False
86,Famotidine Injection,famotidine injection,BAX,US,SPY,2014-10-27,2014-11-20,20141120000248,2014-11-20,2014-11-20T00:02:48+00:00,placebo,,[],FDA-page nonlisted generic-maker control; manufacture absence unverified,1,True,False,False,False,False
86,Famotidine Injection,famotidine injection,HSP,US,SPY,2014-10-27,2014-11-20,20141120000248,2014-11-20,2014-11-20T00:02:48+00:00,placebo,,[],FDA-page nonlisted generic-maker control; manufacture absence unverified,1,True,False,False,False,False
86,Famotidine Injection,famotidine injection,ICUI,US,SPY,2014-10-27,2014-11-20,20141120000248,2014-11-20,2014-11-20T00:02:48+00:00,placebo,,[],FDA-page nonlisted generic-maker control; manufacture absence unverified,1,True,False,False,False,False
86,Famotidine Injection,famotidine injection,RDY,US,SPY,2014-10-27,2014-11-20,20141120000248,2014-11-20,2014-11-20T00:02:48+00:00,placebo,,[],FDA-page nonlisted generic-maker control; manufacture absence unverified,1,True,False,False,False,False
86,Famotidine Injection,famotidine injection,TEVA,US,SPY,2014-10-27,2014-11-20,20141120000248,2014-11-20,2014-11-20T00:02:48+00:00,placebo,,[],FDA-page nonlisted generic-maker control; manufacture absence unverified,1,True,False,False,False,False
88,Irrigation Solutions,irrigation solutions,BAX,US,SPY,2014-10-27,2014-09-27,20140927020635,2014-10-27,2014-10-27T23:59:59.999999999+00:00,disrupted,Baxter Healthcare,"[{""presentation"": ""0.9% Sodium Chloride Irrigation USP; 5,000 mL ARTHROMATIC (NDC 0338-0047-29)"", ""availability"": ""Unavailable. Production is planned to resume in Q1 2015."", ""on_allocation"": false}, {""presentation"": ""Lactated Ringer's Irrigation; 5,000 mL ARTHROMATIC (NDC 0338-0137-29)"", ""availability"": ""Unavailable. Production is planned to resume in Q1 2015."", ""on_allocation"": false}, {""presentation"": ""0.9% Sodium Chloride Irrigation USP; 3,000 mL UROMATIC CONTAINER (NDC 0338-0047-47)"", ""availability"": ""Baxter has these products on allocation. Recovery is expected in Q1 2015."", ""on_allocation"": true}, {""presentation"": ""0.9% Sodium Chloride Irrigation USP; 3,000 mL ARTHROMATIC (NDC 0338-0047-27)"", ""availability"": ""Baxter has these products on allocation. Recovery is expected in Q1 2015."", ""on_allocation"": true}, {""presentation"": ""Lactated Ringer's Irrigation; 3,000 mL ARTHROMATIC (NDC 0338-0137-27)"", ""availability"": ""Baxter has these products on allocation. Recovery is expected in Q1 2015."", ""on_allocation"": true}, {""presentation"": ""Sterile Water for Irrigation, USP; 1,000 mL (NDC 0338-0003-44)"", ""availability"": ""Baxter has these products on allocation. Recovery is expected in Q1 2015."", ""on_allocation"": true}, {""presentation"": ""Sterile Water for Irrigation, USP; 2,000 mL UROMATIC (NDC 0338-0003-46)"", ""availability"": ""Baxter has these products on allocation. Recovery is expected in Q1 2015."", ""on_allocation"": true}, {""presentation"": ""Sterile Water for Irrigation, USP; 3,000 mL UROMAQTIC CONTAINER (NDC 0338-0003-47)"", ""availability"": ""Baxter has these products on allocation. Recovery is expected in Q1 2015."", ""on_allocation"": true}, {""presentation"": ""0.9% Sodium Chloride Irrigation USP; 1,000 mL UROMATIC CONTAINER (NDC 0338-0047-44)"", ""availability"": ""Baxter has these products on allocation. Recovery is expected in Q1 2015."", ""on_allocation"": true}, {""presentation"": ""0.9% Sodium Chloride Irrigation USP; 2,000 mL UROMATIC CONTAINER (NDC 0338-0047-46)"", ""availability"": ""Baxter has these products on allocation. Recovery is expected in Q1 2015."", ""on_allocation"": true}]",,1,True,False,False,False,False
88,Irrigation Solutions,irrigation solutions,HSP,US,SPY,2014-10-27,2014-09-27,20140927020635,2014-10-27,2014-10-27T23:59:59.999999999+00:00,winner,"Hospira, Inc.","[{""presentation"": ""0.9% Sodium Chloride Irrigation USP; 1,000 mL Flexible Container (NDC 0409-7972-05)"", ""availability"": ""Product on allocation"", ""on_allocation"": true}, {""presentation"": ""Lactated Ringer's Irrigation 3,000 mL Flexible Container (NDC 0409-7828-08)"", ""availability"": ""Product on allocation"", ""on_allocation"": true}, {""presentation"": ""0.9% Sodium Chloride Irrigation USP; 2,000 mL Flexible Container (NDC 0409-7972-07)"", ""availability"": ""Product on allocation"", ""on_allocation"": true}, {""presentation"": ""0.9% Sodium Chloride Irrigation USP; 3,000 mL Flexible Container (NDC 0409-7972-08)"", ""availability"": ""Product on allocation"", ""on_allocation"": true}, {""presentation"": ""Sterile Water for Irrigation, USP; 1,000 mL Flexible Container (NDC 0409-7973-05)"", ""availability"": ""Available"", ""on_allocation"": false}, {""presentation"": ""Sterile Water for Irrigation, USP; (NDC 0409-7973-08)"", ""availability"": ""Available"", ""on_allocation"": false}]",,1,True,False,False,False,False
88,Irrigation Solutions,irrigation solutions,AMPH,US,SPY,2014-10-27,2014-09-27,20140927020635,2014-10-27,2014-10-27T23:59:59.999999999+00:00,placebo,,[],FDA-page nonlisted generic-maker control; manufacture absence unverified,1,True,False,False,False,False
88,Irrigation Solutions,irrigation solutions,ICUI,US,SPY,2014-10-27,2014-09-27,20140927020635,2014-10-27,2014-10-27T23:59:59.999999999+00:00,placebo,,[],FDA-page nonlisted generic-maker control; manufacture absence unverified,1,True,False,False,False,False
88,Irrigation Solutions,irrigation solutions,MYL,US,SPY,2014-10-27,2014-09-27,20140927020635,2014-10-27,2014-10-27T23:59:59.999999999+00:00,placebo,,[],FDA-page nonlisted generic-maker control; manufacture absence unverified,1,True,False,False,False,False
88,Irrigation Solutions,irrigation solutions,RDY,US,SPY,2014-10-27,2014-09-27,20140927020635,2014-10-27,2014-10-27T23:59:59.999999999+00:00,placebo,,[],FDA-page nonlisted generic-maker control; manufacture absence unverified,1,True,False,False,False,False
88,Irrigation Solutions,irrigation solutions,TEVA,US,SPY,2014-10-27,2014-09-27,20140927020635,2014-10-27,2014-10-27T23:59:59.999999999+00:00,placebo,,[],FDA-page nonlisted generic-maker control; manufacture absence unverified,1,True,False,False,False,False
93,Trimipramine Maleate (SURMONTIL) Capsules,trimipramine maleate (surmontil) capsules,TEVA,US,SPY,2014-10-27,2014-11-19,20141119164018,2014-11-19,2014-11-19T16:40:18+00:00,winner,Teva Pharmaceuticals,"[{""presentation"": ""SURMONTIL(R) CAPSULES 50MG 100 (NDC 51285-0539-02)"", ""availability"": ""Product is currently available."", ""on_allocation"": false}, {""presentation"": ""SURMONTIL(R) CAPSULES 25MG 100 (NDC 51285-0538-02)"", ""availability"": ""Product is currently available."", ""on_allocation"": false}, {""presentation"": ""SURMONTIL(R) CAPSULES 100MG 100 (NDC 51285-0554-02 )"", ""availability"": ""Product is currently available."", ""on_allocation"": false}]",,1,True,False,False,False,False
93,Trimipramine Maleate (SURMONTIL) Capsules,trimipramine maleate (surmontil) capsules,AMPH,US,SPY,2014-10-27,2014-11-19,20141119164018,2014-11-19,2014-11-19T16:40:18+00:00,placebo,,[],FDA-page nonlisted generic-maker control; manufacture absence unverified,1,True,False,False,False,False
93,Trimipramine Maleate (SURMONTIL) Capsules,trimipramine maleate (surmontil) capsules,BAX,US,SPY,2014-10-27,2014-11-19,20141119164018,2014-11-19,2014-11-19T16:40:18+00:00,placebo,,[],FDA-page nonlisted generic-maker control; manufacture absence unverified,1,True,False,False,False,False
93,Trimipramine Maleate (SURMONTIL) Capsules,trimipramine maleate (surmontil) capsules,HSP,US,SPY,2014-10-27,2014-11-19,20141119164018,2014-11-19,2014-11-19T16:40:18+00:00,placebo,,[],FDA-page nonlisted generic-maker control; manufacture absence unverified,1,True,False,False,False,False
93,Trimipramine Maleate (SURMONTIL) Capsules,trimipramine maleate (surmontil) capsules,ICUI,US,SPY,2014-10-27,2014-11-19,20141119164018,2014-11-19,2014-11-19T16:40:18+00:00,placebo,,[],FDA-page nonlisted generic-maker control; manufacture absence unverified,1,True,False,False,False,False
93,Trimipramine Maleate (SURMONTIL) Capsules,trimipramine maleate (surmontil) capsules,MYL,US,SPY,2014-10-27,2014-11-19,20141119164018,2014-11-19,2014-11-19T16:40:18+00:00,placebo,,[],FDA-page nonlisted generic-maker control; manufacture absence unverified,1,True,False,False,False,False
93,Trimipramine Maleate (SURMONTIL) Capsules,trimipramine maleate (surmontil) capsules,RDY,US,SPY,2014-10-27,2014-11-19,20141119164018,2014-11-19,2014-11-19T16:40:18+00:00,placebo,,[],FDA-page nonlisted generic-maker control; manufacture absence unverified,1,True,False,False,False,False
97,"Vancomycin Hydrochloride for Injection, USP","vancomycin hydrochloride for injection, usp",BAX,US,SPY,2014-11-20,2015-01-07,20150107192747,2015-01-07,2015-01-07T19:27:47+00:00,winner,Baxter Healthcare,"[{""presentation"": ""500mg/100 mL, GALAXY Plastic Container (NDC 0338-3551-48)"", ""availability"": ""Available for existing customers"", ""on_allocation"": false}, {""presentation"": ""750 mg/150 mL (underfill in 200 mL), GALAXY Plastic Container (NDC 0338-3580-48)"", ""availability"": ""Available for existing customers"", ""on_allocation"": false}, {""presentation"": ""1 gram/200 mL, GALAXY Plastic Container (NDC 0338-3552-48)"", ""availability"": ""Available for existing customers"", ""on_allocation"": false}]",,2,True,False,False,False,False
97,"Vancomycin Hydrochloride for Injection, USP","vancomycin hydrochloride for injection, usp",HSP,US,SPY,2014-11-20,2015-01-07,20150107192747,2015-01-07,2015-01-07T19:27:47+00:00,winner,"Hospira, Inc.","[{""presentation"": ""500 mg Single Dose Glass Fliptop Vial (NDC 0409-4332-01)"", ""availability"": ""Available"", ""on_allocation"": false}, {""presentation"": ""750 mg Single Dose Glass Fliptop Vial (NDC 0409-6531-02)"", ""availability"": ""Next delivery January 2015; Estimated recovery 1Q 2015"", ""on_allocation"": false}, {""presentation"": ""500 mg Single Dose ADD-Vantage\u2122 Glass Vial (NDC 0409-6534-01)"", ""availability"": ""Next delivery January 2015; Estimated recovery 2015"", ""on_allocation"": false}, {""presentation"": ""750 mg Single Dose ADD-Vantage; Glass Vial (NDC 0409-6531-01)"", ""availability"": ""Next delivery January 2015; Estimated recovery 2015"", ""on_allocation"": false}, {""presentation"": ""1 g Single Dose Glass Fliptop Vial (NDC 0409-6533-01)"", ""availability"": ""Next delivery December 2014; Estimated recovery 1Q 2015."", ""on_allocation"": false}, {""presentation"": ""1 g Single Dose ADD-Vantage\u2122 Glass Vial (NDC 0409-6535-01)"", ""availability"": ""Available"", ""on_allocation"": false}, {""presentation"": ""5 g Pharmacy Bulk Package Glass Fliptop Vial (NDC 0409-6509-01)"", ""availability"": ""Available"", ""on_allocation"": false}, {""presentation"": ""10 g Pharmacy Bulk Package Glass Bottle (NDC 0409-6510-01)"", ""availability"": ""Available"", ""on_allocation"": false}]",,2,True,False,False,False,False
97,"Vancomycin Hydrochloride for Injection, USP","vancomycin hydrochloride for injection, usp",MYL,US,SPY,2014-11-20,2015-01-07,20150107192747,2015-01-07,2015-01-07T19:27:47+00:00,disrupted,Mylan Institutional,"[{""presentation"": ""500mg Pkg of 10 (NDC 67457-339-50)"", ""availability"": ""Limited supply, filling back orders."", ""on_allocation"": false}, {""presentation"": ""1g Pkg of 10 (NDC 67457-340-01)"", ""availability"": ""Limited supply, filling back orders."", ""on_allocation"": false}, {""presentation"": ""10g Pkg of 1 (NDC 67457-342-10)"", ""availability"": ""Limited supply, filling back orders."", ""on_allocation"": false}, {""presentation"": ""5g Pkg of 1 (NDC 67457-341-05)"", ""availability"": ""Limited supply, filling back orders."", ""on_allocation"": false}]",,2,True,False,False,False,False
97,"Vancomycin Hydrochloride for Injection, USP","vancomycin hydrochloride for injection, usp",AMPH,US,SPY,2014-11-20,2015-01-07,20150107192747,2015-01-07,2015-01-07T19:27:47+00:00,placebo,,[],FDA-page nonlisted generic-maker control; manufacture absence unverified,2,True,False,False,False,False
97,"Vancomycin Hydrochloride for Injection, USP","vancomycin hydrochloride for injection, usp",ICUI,US,SPY,2014-11-20,2015-01-07,20150107192747,2015-01-07,2015-01-07T19:27:47+00:00,placebo,,[],FDA-page nonlisted generic-maker control; manufacture absence unverified,2,True,False,False,False,False
97,"Vancomycin Hydrochloride for Injection, USP","vancomycin hydrochloride for injection, usp",RDY,US,SPY,2014-11-20,2015-01-07,20150107192747,2015-01-07,2015-01-07T19:27:47+00:00,placebo,,[],FDA-page nonlisted generic-maker control; manufacture absence unverified,2,True,False,False,False,False
97,"Vancomycin Hydrochloride for Injection, USP","vancomycin hydrochloride for injection, usp",TEVA,US,SPY,2014-11-20,2015-01-07,20150107192747,2015-01-07,2015-01-07T19:27:47+00:00,placebo,,[],FDA-page nonlisted generic-maker control; manufacture absence unverified,2,True,False,False,False,False
105,Ketorolac Tromethamine Injection,ketorolac tromethamine injection,HSP,US,SPY,2015-02-07,2015-02-22,20150222032656,2015-02-22,2015-02-22T03:26:56+00:00,winner,"Hospira, Inc.","[{""presentation"": ""30 mg/mL; 30 mg/mL iSecure\u2122 Luer Lock Glass Syringe (no needle) (NDC 0409-2287-23)"", ""availability"": ""Available"", ""on_allocation"": false}, {""presentation"": ""30 mg/mL; 30 mg/mL Carpuject\u2122 Luer Lock Glass Syringe (no needle) (NDC 0409-2287-31)"", ""availability"": ""Next delivery: February 2015; Estimated recovery: TBD"", ""on_allocation"": false}, {""presentation"": ""30 mg/mL; 60 mg/2 mL Carpuject\u2122 Luer Lock Glass Syringe (no needle) (NDC 0409-2287-61)"", ""availability"": ""Available"", ""on_allocation"": false}, {""presentation"": ""15 mg/mL; 15 mg/mL Single Dose Glass Fliptop Vial (NDC 0409-3793-01)"", ""availability"": ""Continuous Deliveries"", ""on_allocation"": false}, {""presentation"": ""30 mg/mL; 30 mg/mL Single Dose Glass Fliptop Vial (NDC 0409-3795-01)"", ""availability"": ""Continuous Deliveries"", ""on_allocation"": false}, {""presentation"": ""30 mg/mL; 60 mg/2 mL Single Dose Glass Fliptop Vial (NDC 0409-3796-01)"", ""availability"": ""Available"", ""on_allocation"": false}]",,1,False,False,False,False,False
105,Ketorolac Tromethamine Injection,ketorolac tromethamine injection,AMPH,US,SPY,2015-02-07,2015-02-22,20150222032656,2015-02-22,2015-02-22T03:26:56+00:00,placebo,,[],FDA-page nonlisted generic-maker control; manufacture absence unverified,1,False,False,False,False,False
105,Ketorolac Tromethamine Injection,ketorolac tromethamine injection,BAX,US,SPY,2015-02-07,2015-02-22,20150222032656,2015-02-22,2015-02-22T03:26:56+00:00,placebo,,[],FDA-page nonlisted generic-maker control; manufacture absence unverified,1,False,False,False,False,False
105,Ketorolac Tromethamine Injection,ketorolac tromethamine injection,ICUI,US,SPY,2015-02-07,2015-02-22,20150222032656,2015-02-22,2015-02-22T03:26:56+00:00,placebo,,[],FDA-page nonlisted generic-maker control; manufacture absence unverified,1,False,False,False,False,False
105,Ketorolac Tromethamine Injection,ketorolac tromethamine injection,MYL,US,SPY,2015-02-07,2015-02-22,20150222032656,2015-02-22,2015-02-22T03:26:56+00:00,placebo,,[],FDA-page nonlisted generic-maker control; manufacture absence unverified,1,False,False,False,False,False
105,Ketorolac Tromethamine Injection,ketorolac tromethamine injection,RDY,US,SPY,2015-02-07,2015-02-22,20150222032656,2015-02-22,2015-02-22T03:26:56+00:00,placebo,,[],FDA-page nonlisted generic-maker control; manufacture absence unverified,1,False,False,False,False,False
105,Ketorolac Tromethamine Injection,ketorolac tromethamine injection,TEVA,US,SPY,2015-02-07,2015-02-22,20150222032656,2015-02-22,2015-02-22T03:26:56+00:00,placebo,,[],FDA-page nonlisted generic-maker control; manufacture absence unverified,1,False,False,False,False,False
116,Cefepime Injection,cefepime injection,BAX,US,SPY,2015-08-01,2015-09-05,20150905092808,2015-09-05,2015-09-05T09:28:08+00:00,winner,Baxter Healthcare,"[{""presentation"": ""Cefepime Injection, 1 gram/50mL, GALAXY Container (NDC 0338-1301-41)"", ""availability"": ""Available for existing customers."", ""on_allocation"": false}, {""presentation"": ""Cefepime Injection, 2 gram/100mL, GALAXY Container (NDC 0338-1301-48)"", ""availability"": ""Available for existing customers."", ""on_allocation"": false}]",,1,True,False,False,False,False
116,Cefepime Injection,cefepime injection,PFE,US,SPY,2015-08-01,2015-09-05,20150905092808,2015-09-05,2015-09-05T09:28:08+00:00,disrupted,"Hospira, Inc.","[{""presentation"": ""2g Single Dose ADD-Vantage\u2122 Glass Vial (NDC 0409-0218-01)"", ""availability"": ""Next delivery: October 2015; Estimated Recovery: 4Q 2015"", ""on_allocation"": false}, {""presentation"": ""1g Single Dose ADD-Vantage\u2122 Glass Vial (NDC 0409-0217-01)"", ""availability"": ""Next delivery: October 2015; Estimated Recovery: 4Q 2015"", ""on_allocation"": false}, {""presentation"": ""1g Single Dose Glass Fliptop Vial (NDC 0409-0219-01)"", ""availability"": ""Next delivery: October 2015; Estimated Recovery: 4Q 2015"", ""on_allocation"": false}, {""presentation"": ""2g Single Dose Glass Fliptop Vial (NDC 0409-0220-01)"", ""availability"": ""Next delivery: October 2015; Estimated Recovery: 4Q 2015"", ""on_allocation"": false}]",,1,True,False,False,False,False
116,Cefepime Injection,cefepime injection,AMPH,US,SPY,2015-08-01,2015-09-05,20150905092808,2015-09-05,2015-09-05T09:28:08+00:00,placebo,,[],FDA-page nonlisted generic-maker control; manufacture absence unverified,1,True,False,False,False,False
116,Cefepime Injection,cefepime injection,ICUI,US,SPY,2015-08-01,2015-09-05,20150905092808,2015-09-05,2015-09-05T09:28:08+00:00,placebo,,[],FDA-page nonlisted generic-maker control; manufacture absence unverified,1,True,False,False,False,False
116,Cefepime Injection,cefepime injection,MYL,US,SPY,2015-08-01,2015-09-05,20150905092808,2015-09-05,2015-09-05T09:28:08+00:00,placebo,,[],FDA-page nonlisted generic-maker control; manufacture absence unverified,1,True,False,False,False,False
116,Cefepime Injection,cefepime injection,RDY,US,SPY,2015-08-01,2015-09-05,20150905092808,2015-09-05,2015-09-05T09:28:08+00:00,placebo,,[],FDA-page nonlisted generic-maker control; manufacture absence unverified,1,True,False,False,False,False
116,Cefepime Injection,cefepime injection,TEVA,US,SPY,2015-08-01,2015-09-05,20150905092808,2015-09-05,2015-09-05T09:28:08+00:00,placebo,,[],FDA-page nonlisted generic-maker control; manufacture absence unverified,1,True,False,False,False,False
117,Levetiracetam (Keppra) Injection,levetiracetam (keppra) injection,MYL,US,SPY,2015-08-01,2015-09-05,20150905090010,2015-09-05,2015-09-05T09:00:10+00:00,winner,Mylan Institutional,"[{""presentation"": ""5mg/mL (500mg/100mL) Pkg of 10 (NDC 67457-255-10)"", ""availability"": ""Available"", ""on_allocation"": false}, {""presentation"": ""10mg/mL (1g/100mL) Pkg of 10 (NDC 67457-265-10)"", ""availability"": ""Available"", ""on_allocation"": false}, {""presentation"": ""15mg/mL (1.5g/100mL) Pgk of 10 (NDC 67457-266-10)"", ""availability"": ""Available"", ""on_allocation"": false}]",,1,True,False,False,False,False
117,Levetiracetam (Keppra) Injection,levetiracetam (keppra) injection,PFE,US,SPY,2015-08-01,2015-09-05,20150905090010,2015-09-05,2015-09-05T09:00:10+00:00,disrupted,"Hospira, Inc.","[{""presentation"": ""100 mg/mL; 500 mg/5mL Single Dose Glass Fliptop Vial (NDC 0409-1886-02)"", ""availability"": ""Next delivery: Late August 2015. Estimated recovery: 3Q 2015"", ""on_allocation"": false}]",,1,True,False,False,False,False
117,Levetiracetam (Keppra) Injection,levetiracetam (keppra) injection,AMPH,US,SPY,2015-08-01,2015-09-05,20150905090010,2015-09-05,2015-09-05T09:00:10+00:00,placebo,,[],FDA-page nonlisted generic-maker control; manufacture absence unverified,1,True,False,False,False,False
117,Levetiracetam (Keppra) Injection,levetiracetam (keppra) injection,BAX,US,SPY,2015-08-01,2015-09-05,20150905090010,2015-09-05,2015-09-05T09:00:10+00:00,placebo,,[],FDA-page nonlisted generic-maker control; manufacture absence unverified,1,True,False,False,False,False
117,Levetiracetam (Keppra) Injection,levetiracetam (keppra) injection,ICUI,US,SPY,2015-08-01,2015-09-05,20150905090010,2015-09-05,2015-09-05T09:00:10+00:00,placebo,,[],FDA-page nonlisted generic-maker control; manufacture absence unverified,1,True,False,False,False,False
117,Levetiracetam (Keppra) Injection,levetiracetam (keppra) injection,RDY,US,SPY,2015-08-01,2015-09-05,20150905090010,2015-09-05,2015-09-05T09:00:10+00:00,placebo,,[],FDA-page nonlisted generic-maker control; manufacture absence unverified,1,True,False,False,False,False
117,Levetiracetam (Keppra) Injection,levetiracetam (keppra) injection,TEVA,US,SPY,2015-08-01,2015-09-05,20150905090010,2015-09-05,2015-09-05T09:00:10+00:00,placebo,,[],FDA-page nonlisted generic-maker control; manufacture absence unverified,1,True,False,False,False,False
131,"Potassium Acetate Injection, USP","potassium acetate injection, usp",PFE,US,SPY,2016-03-06,2016-03-02,20160302130755,2016-03-06,2016-03-06T23:59:59.999999999+00:00,winner,"Hospira, Inc.","[{""presentation"": ""2 mEq/mL; 100 mEq/50 mL Pharmacy Bulk Package Glass Fliptop Vial (NDC 0409-3294-51)"", ""availability"": ""Available, releasing product consistently"", ""on_allocation"": false}, {""presentation"": ""2 mEq/mL; 40 mEq/20 mL Single Dose Plastic Fliptop Vial (NDC 0409-8183-01)"", ""availability"": ""Available, releasing product consistently"", ""on_allocation"": false}]",,1,True,False,False,False,False
131,"Potassium Acetate Injection, USP","potassium acetate injection, usp",AMPH,US,SPY,2016-03-06,2016-03-02,20160302130755,2016-03-06,2016-03-06T23:59:59.999999999+00:00,placebo,,[],FDA-page nonlisted generic-maker control; manufacture absence unverified,1,True,False,False,False,False
131,"Potassium Acetate Injection, USP","potassium acetate injection, usp",BAX,US,SPY,2016-03-06,2016-03-02,20160302130755,2016-03-06,2016-03-06T23:59:59.999999999+00:00,placebo,,[],FDA-page nonlisted generic-maker control; manufacture absence unverified,1,True,False,False,False,False
131,"Potassium Acetate Injection, USP","potassium acetate injection, usp",ICUI,US,SPY,2016-03-06,2016-03-02,20160302130755,2016-03-06,2016-03-06T23:59:59.999999999+00:00,placebo,,[],FDA-page nonlisted generic-maker control; manufacture absence unverified,1,True,False,False,False,False
131,"Potassium Acetate Injection, USP","potassium acetate injection, usp",MYL,US,SPY,2016-03-06,2016-03-02,20160302130755,2016-03-06,2016-03-06T23:59:59.999999999+00:00,placebo,,[],FDA-page nonlisted generic-maker control; manufacture absence unverified,1,True,False,False,False,False
131,"Potassium Acetate Injection, USP","potassium acetate injection, usp",RDY,US,SPY,2016-03-06,2016-03-02,20160302130755,2016-03-06,2016-03-06T23:59:59.999999999+00:00,placebo,,[],FDA-page nonlisted generic-maker control; manufacture absence unverified,1,True,False,False,False,False
131,"Potassium Acetate Injection, USP","potassium acetate injection, usp",TEVA,US,SPY,2016-03-06,2016-03-02,20160302130755,2016-03-06,2016-03-06T23:59:59.999999999+00:00,placebo,,[],FDA-page nonlisted generic-maker control; manufacture absence unverified,1,True,False,False,False,False
132,"Sodium Acetate Injection, USP","sodium acetate injection, usp",PFE,US,SPY,2016-03-06,2016-03-02,20160302130843,2016-03-06,2016-03-06T23:59:59.999999999+00:00,winner,"Hospira, Inc.","[{""presentation"": ""2 mEq/mL; 100 mEq/50 mL Pharmacy Bulk Package Glass Fliptop Vial (NDC 0409-3299-05)"", ""availability"": ""Next delivery: Early April and estimated recovery Early 2Q 2016"", ""on_allocation"": false}, {""presentation"": ""2 mEq/mL; 200 mEq/100 mL Pharmacy Bulk Package Glass Fliptop Vial (NDC 0409-3299-06)"", ""availability"": ""Available, releasing product consistently"", ""on_allocation"": false}, {""presentation"": ""2 mEq/mL; 40 mEq/20 mL Single Dose Plastic Fliptop Vial (NDC 0409-7299-73)"", ""availability"": ""Available, releasing product consistently"", ""on_allocation"": false}]",,1,True,False,False,False,False
132,"Sodium Acetate Injection, USP","sodium acetate injection, usp",AMPH,US,SPY,2016-03-06,2016-03-02,20160302130843,2016-03-06,2016-03-06T23:59:59.999999999+00:00,placebo,,[],FDA-page nonlisted generic-maker control; manufacture absence unverified,1,True,False,False,False,False
132,"Sodium Acetate Injection, USP","sodium acetate injection, usp",BAX,US,SPY,2016-03-06,2016-03-02,20160302130843,2016-03-06,2016-03-06T23:59:59.999999999+00:00,placebo,,[],FDA-page nonlisted generic-maker control; manufacture absence unverified,1,True,False,False,False,False
132,"Sodium Acetate Injection, USP","sodium acetate injection, usp",ICUI,US,SPY,2016-03-06,2016-03-02,20160302130843,2016-03-06,2016-03-06T23:59:59.999999999+00:00,placebo,,[],FDA-page nonlisted generic-maker control; manufacture absence unverified,1,True,False,False,False,False
132,"Sodium Acetate Injection, USP","sodium acetate injection, usp",MYL,US,SPY,2016-03-06,2016-03-02,20160302130843,2016-03-06,2016-03-06T23:59:59.999999999+00:00,placebo,,[],FDA-page nonlisted generic-maker control; manufacture absence unverified,1,True,False,False,False,False
132,"Sodium Acetate Injection, USP","sodium acetate injection, usp",RDY,US,SPY,2016-03-06,2016-03-02,20160302130843,2016-03-06,2016-03-06T23:59:59.999999999+00:00,placebo,,[],FDA-page nonlisted generic-maker control; manufacture absence unverified,1,True,False,False,False,False
132,"Sodium Acetate Injection, USP","sodium acetate injection, usp",TEVA,US,SPY,2016-03-06,2016-03-02,20160302130843,2016-03-06,2016-03-06T23:59:59.999999999+00:00,placebo,,[],FDA-page nonlisted generic-maker control; manufacture absence unverified,1,True,False,False,False,False
133,"Sodium Bicarbonate Injection, USP","sodium bicarbonate injection, usp",AMPH,US,SPY,2016-03-06,2016-03-03,20160303000842,2016-03-06,2016-03-06T23:59:59.999999999+00:00,nonwinner,"Amphastar Pharmaceuticals, Inc./IMS","[{""presentation"": ""Sodium Bicarbonate Inj. USP, 8.4%, 50mL Luer-Jet Prefilled Syringe, (NDC 0548-3352-00), (new NDC 76329-3352-1)"", ""availability"": ""Amphastar will regularly release products."", ""on_allocation"": false}]",,1,True,False,False,False,False
133,"Sodium Bicarbonate Injection, USP","sodium bicarbonate injection, usp",PFE,US,SPY,2016-03-06,2016-03-03,20160303000842,2016-03-06,2016-03-06T23:59:59.999999999+00:00,winner,"Hospira, Inc.","[{""presentation"": ""[Neut\u2122 (Sodium Bicarbonate Additive Solution)] 4% (200mg/5mL) Single Dose Glass Fliptop Vial (NDC 0409-6609-02)"", ""availability"": ""Available"", ""on_allocation"": false}, {""presentation"": ""(Infant) 4.2% (0.5 mEq/mL); 5 mEq/10 mL LifeShield\u2122 Abboject\u2122 Glass Syringe with Male Luer Lock Adapter and 20-Gauge protected needle (NDC 0409-5534-34)"", ""availability"": ""Next delivery: April Estimated recovery: 2Q 2016"", ""on_allocation"": false}, {""presentation"": ""7.5% (0.9 mEq/mL); 44.6 mEq/50 mL LifeShield\u2122 Abboject\u2122 Glass Syringe with Male Luer Lock Adapter and 18-Gauge protected needle (NDC 0409-4916-34)"", ""availability"": ""Next delivery: April Estimated recovery: 2Q 2016"", ""on_allocation"": false}, {""presentation"": ""8.4% (1 mEq/mL); 50 mEq/50 mL Single Dose Glass Fliptop Vial (NDC 0409-6625-02)"", ""availability"": ""Next delivery: Early March; Estimated recovery: Early 2Q 2016"", ""on_allocation"": false}, {""presentation"": ""8.4% (1 mEq/mL); 50 mEq/50 mL LifeShield\u2122 Abboject\u2122 Glass Syringe (18 G x 1 1/2\"")(NDC 0409-6637-34)"", ""availability"": ""Next delivery: April Estimated recovery: 2Q 2016"", ""on_allocation"": false}, {""presentation"": ""(Pediatric) 8.4% (1 mEq/mL); 10 mEq/10 mL LifeShield\u2122 Abboject\u2122 Glass Syringe with Male Luer Lock Adapter and 20-Gauge protected needle (NDC 0409-4900-34)"", ""availability"": ""Next delivery: April Estimated recovery: 2Q 2016"", ""on_allocation"": false}]",,1,True,False,False,False,False
133,"Sodium Bicarbonate Injection, USP","sodium bicarbonate injection, usp",BAX,US,SPY,2016-03-06,2016-03-03,20160303000842,2016-03-06,2016-03-06T23:59:59.999999999+00:00,placebo,,[],FDA-page nonlisted generic-maker control; manufacture absence unverified,1,True,False,False,False,False
133,"Sodium Bicarbonate Injection, USP","sodium bicarbonate injection, usp",ICUI,US,SPY,2016-03-06,2016-03-03,20160303000842,2016-03-06,2016-03-06T23:59:59.999999999+00:00,placebo,,[],FDA-page nonlisted generic-maker control; manufacture absence unverified,1,True,False,False,False,False
133,"Sodium Bicarbonate Injection, USP","sodium bicarbonate injection, usp",MYL,US,SPY,2016-03-06,2016-03-03,20160303000842,2016-03-06,2016-03-06T23:59:59.999999999+00:00,placebo,,[],FDA-page nonlisted generic-maker control; manufacture absence unverified,1,True,False,False,False,False
133,"Sodium Bicarbonate Injection, USP","sodium bicarbonate injection, usp",RDY,US,SPY,2016-03-06,2016-03-03,20160303000842,2016-03-06,2016-03-06T23:59:59.999999999+00:00,placebo,,[],FDA-page nonlisted generic-maker control; manufacture absence unverified,1,True,False,False,False,False
133,"Sodium Bicarbonate Injection, USP","sodium bicarbonate injection, usp",TEVA,US,SPY,2016-03-06,2016-03-03,20160303000842,2016-03-06,2016-03-06T23:59:59.999999999+00:00,placebo,,[],FDA-page nonlisted generic-maker control; manufacture absence unverified,1,True,False,False,False,False
135,"Methylprednisolone Sodium Succinate for Injection, USP","methylprednisolone sodium succinate for injection, usp",PFE,US,SPY,2016-03-19,2016-03-27,20160327102859,2016-03-27,2016-03-27T10:28:59+00:00,winner,Pfizer Pharmaceuticals,"[{""presentation"": ""Solu-Medrol\u00ae (methylprednisolone sodium succinate, USP) Sterile Powder for Injection Rx 40 mg 1 mL ACT-O-VIAL\u00ae (NDC 0009-0039-28)"", ""availability"": ""Weekly shipments with full recovery projected beginning July 2016"", ""on_allocation"": false}, {""presentation"": ""Solu-Medrol\u00ae (methylprednisolone sodium succinate, USP) Sterile Powder for Injection Rx 125 mg 2 mL ACT-O-VIAL\u00ae (NDC 0009-0047-22)"", ""availability"": ""Weekly shipments with full recovery projected beginning July 2016"", ""on_allocation"": false}, {""presentation"": ""Solu-Medrol\u00ae (methylprednisolone sodium succinate, USP) Sterile Powder for Injection Rx 500 mg 4 mL ACT-O-VIAL\u00ae (NDC 0009-0003-02)"", ""availability"": ""Available"", ""on_allocation"": false}, {""presentation"": ""Solu-Medrol\u00ae (methylprednisolone sodium succinate, USP) Sterile Powder for Injection Rx 1 gm 8 mL ACT-O-VIAL\u00ae (NDC 0009-0758-01)"", ""availability"": ""Available"", ""on_allocation"": false}, {""presentation"": ""Solu-Medrol\u00ae (methylprednisolone sodium succinate, USP) Sterile Powder for Injection Rx 1 gm 8 mL ACT-O-VIAL\u00ae (NDC 0009-0018-20)"", ""availability"": ""Available"", ""on_allocation"": false}, {""presentation"": ""Solu-Medrol\u00ae (methylprednisolone sodium succinate, USP) Sterile Powder for Injection Rx 1 gm 16 mL Vial (NDC 0009-0698-01)"", ""availability"": ""Available"", ""on_allocation"": false}, {""presentation"": ""Solu-Medrol\u00ae (methylprednisolone sodium succinate, USP) Sterile Powder for Injection Rx 2 gm Vial w/Diluent (NDC 0009-0796-01)"", ""availability"": ""Available"", ""on_allocation"": false}, {""presentation"": ""Solu-Medrol\u00ae (methylprednisolone sodium succinate, USP) Sterile Powder for Injection for NovaPlus\u00ae Rx 40 mg 1 mL ACT-O-VIAL (NDC 0009-0039-32)"", ""availability"": ""Available"", ""on_allocation"": false}, {""presentation"": ""Solu-Medrol\u00ae (methylprednisolone sodium succinate, USP) Sterile Powder for Injection for NovaPlus\u00ae Rx 125 mg 2 mL ACT-O-VIAL\u00ae (NDC 0009-0047-26)"", ""availability"": ""Available"", ""on_allocation"": false}]",,1,False,False,False,False,False
135,"Methylprednisolone Sodium Succinate for Injection, USP","methylprednisolone sodium succinate for injection, usp",AMPH,US,SPY,2016-03-19,2016-03-27,20160327102859,2016-03-27,2016-03-27T10:28:59+00:00,placebo,,[],FDA-page nonlisted generic-maker control; manufacture absence unverified,1,False,False,False,False,False
135,"Methylprednisolone Sodium Succinate for Injection, USP","methylprednisolone sodium succinate for injection, usp",BAX,US,SPY,2016-03-19,2016-03-27,20160327102859,2016-03-27,2016-03-27T10:28:59+00:00,placebo,,[],FDA-page nonlisted generic-maker control; manufacture absence unverified,1,False,False,False,False,False
135,"Methylprednisolone Sodium Succinate for Injection, USP","methylprednisolone sodium succinate for injection, usp",ICUI,US,SPY,2016-03-19,2016-03-27,20160327102859,2016-03-27,2016-03-27T10:28:59+00:00,placebo,,[],FDA-page nonlisted generic-maker control; manufacture absence unverified,1,False,False,False,False,False
135,"Methylprednisolone Sodium Succinate for Injection, USP","methylprednisolone sodium succinate for injection, usp",MYL,US,SPY,2016-03-19,2016-03-27,20160327102859,2016-03-27,2016-03-27T10:28:59+00:00,placebo,,[],FDA-page nonlisted generic-maker control; manufacture absence unverified,1,False,False,False,False,False
135,"Methylprednisolone Sodium Succinate for Injection, USP","methylprednisolone sodium succinate for injection, usp",RDY,US,SPY,2016-03-19,2016-03-27,20160327102859,2016-03-27,2016-03-27T10:28:59+00:00,placebo,,[],FDA-page nonlisted generic-maker control; manufacture absence unverified,1,False,False,False,False,False
135,"Methylprednisolone Sodium Succinate for Injection, USP","methylprednisolone sodium succinate for injection, usp",TEVA,US,SPY,2016-03-19,2016-03-27,20160327102859,2016-03-27,2016-03-27T10:28:59+00:00,placebo,,[],FDA-page nonlisted generic-maker control; manufacture absence unverified,1,False,False,False,False,False
136,Theophylline Extended Release Tablets and Capsules,theophylline extended release tablets and capsules,MYL,US,SPY,2016-04-09,2016-05-02,20160502152036,2016-05-02,2016-05-02T15:20:36+00:00,winner,Mylan Pharmaceuticals Inc.,"[{""presentation"": ""Theophylline ER Tabs 400mg 100s (NDC 29033-001-01)"", ""availability"": ""Available"", ""on_allocation"": false}, {""presentation"": ""Theophylline ER Tabs 600mg 100s (NDC 29033-002-01"", ""availability"": ""Available"", ""on_allocation"": false}]",,1,False,False,False,False,False
136,Theophylline Extended Release Tablets and Capsules,theophylline extended release tablets and capsules,TEVA,US,SPY,2016-04-09,2016-05-02,20160502152036,2016-05-02,2016-05-02T15:20:36+00:00,disrupted,Teva Pharmaceuticals,"[{""presentation"": ""100 count, 100 mg (NDC 50111-0483-01)"", ""availability"": ""Estimated availability: 2Q 2018"", ""on_allocation"": false}, {""presentation"": ""500 count, 100 mg (NDC 50111-0483-02)"", ""availability"": ""Estimated availability: 2Q 2018"", ""on_allocation"": false}, {""presentation"": ""100 count, 200 mg (NDC 50111-0482-01)"", ""availability"": ""Estimated availability: 2Q 2018"", ""on_allocation"": false}, {""presentation"": ""500 count, 200 mg (NDC 50111-0482-02)"", ""availability"": ""Estimated availability: 2Q 2018"", ""on_allocation"": false}, {""presentation"": ""1000 count, 200 mg (NDC 50111-0482-03)"", ""availability"": ""Estimated availability: 2Q 2018"", ""on_allocation"": false}, {""presentation"": ""100 count, 300 mg (NDC 50111-0459-01)"", ""availability"": ""Estimated availability: 2Q 2018"", ""on_allocation"": false}, {""presentation"": ""500 count, 300 mg (NDC 50111-0459-02)"", ""availability"": ""Estimated availability: 2Q 2018"", ""on_allocation"": false}, {""presentation"": ""1000 count, 300 mg (NDC 50111-0459-03)"", ""availability"": ""Estimated availability: 2Q 2018"", ""on_allocation"": false}, {""presentation"": ""100 count, 450 mg (NDC 50111-0518-01)"", ""availability"": ""Estimated availability: 2Q 2018"", ""on_allocation"": false}]",,1,False,False,False,False,False
136,Theophylline Extended Release Tablets and Capsules,theophylline extended release tablets and capsules,AMPH,US,SPY,2016-04-09,2016-05-02,20160502152036,2016-05-02,2016-05-02T15:20:36+00:00,placebo,,[],FDA-page nonlisted generic-maker control; manufacture absence unverified,1,False,False,False,False,False
136,Theophylline Extended Release Tablets and Capsules,theophylline extended release tablets and capsules,BAX,US,SPY,2016-04-09,2016-05-02,20160502152036,2016-05-02,2016-05-02T15:20:36+00:00,placebo,,[],FDA-page nonlisted generic-maker control; manufacture absence unverified,1,False,False,False,False,False
136,Theophylline Extended Release Tablets and Capsules,theophylline extended release tablets and capsules,ICUI,US,SPY,2016-04-09,2016-05-02,20160502152036,2016-05-02,2016-05-02T15:20:36+00:00,placebo,,[],FDA-page nonlisted generic-maker control; manufacture absence unverified,1,False,False,False,False,False
136,Theophylline Extended Release Tablets and Capsules,theophylline extended release tablets and capsules,RDY,US,SPY,2016-04-09,2016-05-02,20160502152036,2016-05-02,2016-05-02T15:20:36+00:00,placebo,,[],FDA-page nonlisted generic-maker control; manufacture absence unverified,1,False,False,False,False,False
270,Amphetamine Aspartate; Amphetamine Sulfate; Dextroamphetamine Saccharate; Dextroamphetamine Sulfate Tablets,amphetamine aspartate; amphetamine sulfate; dextroamphetamine saccharate; dextroamphetamine sulfate tablets,MYL,US,SPY,2019-09-17,2019-10-20,20191020213318,2019-10-20,2019-10-20T21:33:18+00:00,disrupted,Mylan Pharmaceuticals Inc.,"[{""presentation"": ""5mg [1.25/1.25/1.25/1.25mg] 100s (NDC 0378-4541-01)"", ""availability"": ""Out of Stock \u2013 Resupply TBD"", ""on_allocation"": false}, {""presentation"": ""7.5mg [1.875/1.875/1.875/1.875mg] 100s (NDC 0378-4542-01)"", ""availability"": ""Out of Stock \u2013 Resupply TBD"", ""on_allocation"": false}, {""presentation"": ""10mg [2.5/2.5/2.5/2.5mg] 100s (NDC 0378-4543-01)"", ""availability"": ""Out of Stock \u2013 Resupply TBD"", ""on_allocation"": false}, {""presentation"": ""12.5mg [3.125/3.125/3.125/3.125mg] 100s (NDC 0378-4544-01)"", ""availability"": ""Out of Stock \u2013 Resupply TBD"", ""on_allocation"": false}, {""presentation"": ""15mg [3.75/3.75/3.75/3.75mg] 100s (NDC 0378-4545-01)"", ""availability"": ""Out of Stock \u2013 Resupply TBD"", ""on_allocation"": false}, {""presentation"": ""20mg [5/5/5/5mg] 100s (NDC 0378-4546-01)"", ""availability"": ""Out of Stock \u2013 Resupply TBD"", ""on_allocation"": false}, {""presentation"": ""30mg [7.5/7.5/7.5/7.5mg] 100s (NDC 0378-4547-01)"", ""availability"": ""Out of Stock \u2013 Resupply TBD"", ""on_allocation"": false}]",,1,False,False,False,False,False
270,Amphetamine Aspartate; Amphetamine Sulfate; Dextroamphetamine Saccharate; Dextroamphetamine Sulfate Tablets,amphetamine aspartate; amphetamine sulfate; dextroamphetamine saccharate; dextroamphetamine sulfate tablets,TEVA,US,SPY,2019-09-17,2019-10-20,20191020213318,2019-10-20,2019-10-20T21:33:18+00:00,winner,Teva Pharmaceuticals,"[{""presentation"": ""Adderall(R) Tablets 10mg 100 (NDC 57844-0110-01)"", ""availability"": ""Product is Available"", ""on_allocation"": false}, {""presentation"": ""Adderall(R) Tablets 12.5mg 100 (NDC 57844-0112-01)"", ""availability"": ""Product is Available"", ""on_allocation"": false}, {""presentation"": ""Adderall(R) Tablets 15mg 100 (NDC 57844-0115-01)"", ""availability"": ""Product short dates at the end of October. Recovery in November"", ""on_allocation"": false}, {""presentation"": ""Adderall(R) Tablets 20mg 100 (NDC 57844-0120-01)"", ""availability"": ""Product is Available"", ""on_allocation"": false}, {""presentation"": ""Adderall(R) Tablets 30mg 100 (NDC 57844-0130-01)"", ""availability"": ""Product is Available"", ""on_allocation"": false}, {""presentation"": ""Adderall(R) Tablets 5mg 100 (NDC 57844-0105-01)"", ""availability"": ""Product is Available"", ""on_allocation"": false}, {""presentation"": ""Adderall(R) Tablets 7.5mg 100 (NDC 57844-0117-01)"", ""availability"": ""Product is Available"", ""on_allocation"": false}, {""presentation"": ""12.5 mg 100 count (NDC 0555-0776-02)"", ""availability"": ""Product is Available"", ""on_allocation"": false}, {""presentation"": ""15 mg 100 count (NDC 0555-0777-02)"", ""availability"": ""Product is Available"", ""on_allocation"": false}, {""presentation"": ""7.5 mg 100 count (NDC 0555-0775-02)"", ""availability"": ""Product is Available"", ""on_allocation"": false}, {""presentation"": ""10 mg 100 count (NDC 0555-0972-02)"", ""availability"": ""Product is Available"", ""on_allocation"": false}, {""presentation"": ""20 mg 100 count (NDC 0555-0973-02)"", ""availability"": ""Product is Available"", ""on_allocation"": false}, {""presentation"": ""30 mg 100 count (NDC 0555-0974-02)"", ""availability"": ""Product is Available"", ""on_allocation"": false}, {""presentation"": ""5 mg 100 count (NDC 0555-0971-02)"", ""availability"": ""Product is Available"", ""on_allocation"": false}]",,1,False,False,False,False,False
270,Amphetamine Aspartate; Amphetamine Sulfate; Dextroamphetamine Saccharate; Dextroamphetamine Sulfate Tablets,amphetamine aspartate; amphetamine sulfate; dextroamphetamine saccharate; dextroamphetamine sulfate tablets,AMPH,US,SPY,2019-09-17,2019-10-20,20191020213318,2019-10-20,2019-10-20T21:33:18+00:00,placebo,,[],FDA-page nonlisted generic-maker control; manufacture absence unverified,1,False,False,False,False,False
270,Amphetamine Aspartate; Amphetamine Sulfate; Dextroamphetamine Saccharate; Dextroamphetamine Sulfate Tablets,amphetamine aspartate; amphetamine sulfate; dextroamphetamine saccharate; dextroamphetamine sulfate tablets,AMRX,US,SPY,2019-09-17,2019-10-20,20191020213318,2019-10-20,2019-10-20T21:33:18+00:00,placebo,,[],FDA-page nonlisted generic-maker control; manufacture absence unverified,1,False,False,False,False,False
270,Amphetamine Aspartate; Amphetamine Sulfate; Dextroamphetamine Saccharate; Dextroamphetamine Sulfate Tablets,amphetamine aspartate; amphetamine sulfate; dextroamphetamine saccharate; dextroamphetamine sulfate tablets,BAX,US,SPY,2019-09-17,2019-10-20,20191020213318,2019-10-20,2019-10-20T21:33:18+00:00,placebo,,[],FDA-page nonlisted generic-maker control; manufacture absence unverified,1,False,False,False,False,False
270,Amphetamine Aspartate; Amphetamine Sulfate; Dextroamphetamine Saccharate; Dextroamphetamine Sulfate Tablets,amphetamine aspartate; amphetamine sulfate; dextroamphetamine saccharate; dextroamphetamine sulfate tablets,ICUI,US,SPY,2019-09-17,2019-10-20,20191020213318,2019-10-20,2019-10-20T21:33:18+00:00,placebo,,[],FDA-page nonlisted generic-maker control; manufacture absence unverified,1,False,False,False,False,False
270,Amphetamine Aspartate; Amphetamine Sulfate; Dextroamphetamine Saccharate; Dextroamphetamine Sulfate Tablets,amphetamine aspartate; amphetamine sulfate; dextroamphetamine saccharate; dextroamphetamine sulfate tablets,RDY,US,SPY,2019-09-17,2019-10-20,20191020213318,2019-10-20,2019-10-20T21:33:18+00:00,placebo,,[],FDA-page nonlisted generic-maker control; manufacture absence unverified,1,False,False,False,False,False
285,Pindolol Tablets,pindolol tablets,MYL,US,SPY,2020-02-28,2020-03-12,20200312055234,2020-03-12,2020-03-12T05:52:34+00:00,winner,Mylan,"[{""presentation"": ""Pindolol 5mg Tabs 100s (NDC 0378-0052-01)"", ""availability"": ""Available"", ""on_allocation"": false}, {""presentation"": ""Pindolol 10mg Tabs 100s (NDC 0389-0127-01)"", ""availability"": ""Unavailable. Re-supply March 2020."", ""on_allocation"": false}]",,1,False,False,False,False,False
285,Pindolol Tablets,pindolol tablets,AMPH,US,SPY,2020-02-28,2020-03-12,20200312055234,2020-03-12,2020-03-12T05:52:34+00:00,placebo,,[],FDA-page nonlisted generic-maker control; manufacture absence unverified,1,False,False,False,False,False
285,Pindolol Tablets,pindolol tablets,AMRX,US,SPY,2020-02-28,2020-03-12,20200312055234,2020-03-12,2020-03-12T05:52:34+00:00,placebo,,[],FDA-page nonlisted generic-maker control; manufacture absence unverified,1,False,False,False,False,False
285,Pindolol Tablets,pindolol tablets,BAX,US,SPY,2020-02-28,2020-03-12,20200312055234,2020-03-12,2020-03-12T05:52:34+00:00,placebo,,[],FDA-page nonlisted generic-maker control; manufacture absence unverified,1,False,False,False,False,False
285,Pindolol Tablets,pindolol tablets,ICUI,US,SPY,2020-02-28,2020-03-12,20200312055234,2020-03-12,2020-03-12T05:52:34+00:00,placebo,,[],FDA-page nonlisted generic-maker control; manufacture absence unverified,1,False,False,False,False,False
285,Pindolol Tablets,pindolol tablets,RDY,US,SPY,2020-02-28,2020-03-12,20200312055234,2020-03-12,2020-03-12T05:52:34+00:00,placebo,,[],FDA-page nonlisted generic-maker control; manufacture absence unverified,1,False,False,False,False,False
285,Pindolol Tablets,pindolol tablets,TEVA,US,SPY,2020-02-28,2020-03-12,20200312055234,2020-03-12,2020-03-12T05:52:34+00:00,placebo,,[],FDA-page nonlisted generic-maker control; manufacture absence unverified,1,False,False,False,False,False
298,Azithromycin Tablets,azithromycin tablets,PFE,US,SPY,2020-04-17,2020-05-02,20200502112302,2020-05-02,2020-05-02T11:23:02+00:00,winner,Pfizer Pharmaceuticals,"[{""presentation"": ""Zithromax 250 mg tablets; Unit Dose package of 50 (NDC 0069-4061-89)"", ""availability"": ""Available"", ""on_allocation"": false}, {""presentation"": ""Zithromax 500 mg tablets; Unit Dose package of 50 (NDC 0069-3070-86)"", ""availability"": ""Next delivery and Estimated recovery: July 2020"", ""on_allocation"": false}, {""presentation"": ""Zithromax 250 mg tablets; bottle of 30 (NDC 0069-3060-30)"", ""availability"": ""Next delivery: May 2020 Estimated recovery: TBD"", ""on_allocation"": false}, {""presentation"": ""Zithromax 250 mg tablets; boxes of 3 (Z-PAKS of 6) (NDC 0069-3060-75)"", ""availability"": ""Next delivery: June 2020 Estimated recovery: TBD"", ""on_allocation"": false}, {""presentation"": ""Zithromax 500 mg tablets; bottles of 30 (NDC 0069-3070-30)"", ""availability"": ""Next delivery and Estimated recovery: July 2020"", ""on_allocation"": false}, {""presentation"": ""Zithromax 500 mg tablets; boxes of 3 (TRI-PAKS of 3 tablets) (NDC 0069-3070-75)"", ""availability"": ""Next delivery and Estimated recovery: July 2020"", ""on_allocation"": false}, {""presentation"": ""250 mg tablets; Blister of 3x6 (NDC 59762-2198-3)"", ""availability"": ""Next delivery: June 2020 Estimated recovery: TBD"", ""on_allocation"": false}, {""presentation"": ""250 mg talbets; Bottle of 30 (NDC 59762-2198-7)"", ""availability"": ""Next delivery: June 2020 Estimated recovery: TBD"", ""on_allocation"": false}]",,1,False,False,False,False,False
298,Azithromycin Tablets,azithromycin tablets,TEVA,US,SPY,2020-04-17,2020-05-02,20200502112302,2020-05-02,2020-05-02T11:23:02+00:00,disrupted,Teva Pharmaceuticals,"[{""presentation"": ""250 mg 30 count (NDC 50111-787-10)"", ""availability"": ""A backorder is anticipated. The estimated duration is unknown at this time. Product allocations being made based on customer Rx Trends."", ""on_allocation"": true}, {""presentation"": ""250 mg 6 x 1 blister pack (NDC 50111-787-51)"", ""availability"": ""A backorder is anticipated. The estimated duration is unknown at this time. Product allocations being made based on customer Rx Trends."", ""on_allocation"": true}, {""presentation"": ""500 mg 3 x 1 blister pack (NDC 50111-788-55)"", ""availability"": ""A backorder is anticipated. The estimated duration is unknown at this time. Product allocations being made based on customer Rx Trends."", ""on_allocation"": true}, {""presentation"": ""500 mg 30 count (NDC 50111-788-10)"", ""availability"": ""A backorder is anticipated. The estimated duration is unknown at this time. Product allocations being made based on customer Rx Trends."", ""on_allocation"": true}, {""presentation"": ""600 mg 30 count (NDC 50111-789-10)"", ""availability"": ""A backorder is anticipated. The estimated duration is unknown at this time. Product allocations being made based on customer Rx Trends."", ""on_allocation"": true}, {""presentation"": ""250 mg 18 3 x 6 blister pack (NDC 50111-787-66)"", ""availability"": ""A backorder is anticipated. The estimated duration is unknown at this time. Product allocations being made based on customer Rx Trends."", ""on_allocation"": true}, {""presentation"": ""500 mg 3 x 3 blister pack (NDC 50111-788-67)"", ""availability"": ""A backorder is anticipated. The estimated duration is unknown at this time. Product allocations being made based on customer Rx Trends."", ""on_allocation"": true}]",,1,False,False,False,False,False
298,Azithromycin Tablets,azithromycin tablets,AMPH,US,SPY,2020-04-17,2020-05-02,20200502112302,2020-05-02,2020-05-02T11:23:02+00:00,placebo,,[],FDA-page nonlisted generic-maker control; manufacture absence unverified,1,False,False,False,False,False
298,Azithromycin Tablets,azithromycin tablets,AMRX,US,SPY,2020-04-17,2020-05-02,20200502112302,2020-05-02,2020-05-02T11:23:02+00:00,placebo,,[],FDA-page nonlisted generic-maker control; manufacture absence unverified,1,False,False,False,False,False
298,Azithromycin Tablets,azithromycin tablets,BAX,US,SPY,2020-04-17,2020-05-02,20200502112302,2020-05-02,2020-05-02T11:23:02+00:00,placebo,,[],FDA-page nonlisted generic-maker control; manufacture absence unverified,1,False,False,False,False,False
298,Azithromycin Tablets,azithromycin tablets,ICUI,US,SPY,2020-04-17,2020-05-02,20200502112302,2020-05-02,2020-05-02T11:23:02+00:00,placebo,,[],FDA-page nonlisted generic-maker control; manufacture absence unverified,1,False,False,False,False,False
298,Azithromycin Tablets,azithromycin tablets,MYL,US,SPY,2020-04-17,2020-05-02,20200502112302,2020-05-02,2020-05-02T11:23:02+00:00,placebo,,[],FDA-page nonlisted generic-maker control; manufacture absence unverified,1,False,False,False,False,False
298,Azithromycin Tablets,azithromycin tablets,RDY,US,SPY,2020-04-17,2020-05-02,20200502112302,2020-05-02,2020-05-02T11:23:02+00:00,placebo,,[],FDA-page nonlisted generic-maker control; manufacture absence unverified,1,False,False,False,False,False
299,Continuous Renal Replacement Therapy (CRRT) Solutions,continuous renal replacement therapy (crrt) solutions,BAX,US,SPY,2020-04-25,2020-06-13,20200613101357,2020-06-13,2020-06-13T10:13:57+00:00,winner,Baxter Healthcare,"[{""presentation"": ""PrismaSol BK0/0/1.2 Replacement Solution for Continuous Renal Replacement Therapy, NON-PVC. (NDC 24571-113-06)"", ""availability"": ""Available"", ""on_allocation"": false}, {""presentation"": ""PrismaSol BGK0/2.5 Replacement Solution for Continuous Renal Replacement Therapy, NON PVC. (NDC 24571-108-06)"", ""availability"": ""Available"", ""on_allocation"": false}, {""presentation"": ""PrismaSol BGK4/0/1.2 Replacement Solution for Continuous Renal Replacement Therapy, NON PVC. (DC 24571-114-06)"", ""availability"": ""Available"", ""on_allocation"": false}, {""presentation"": ""PrismaSol BGK4/2.5 Replacement Solution for Continuous Renal Replacement Therapy, NON PVC. (NDC 24571-105-06)"", ""availability"": ""Available"", ""on_allocation"": false}, {""presentation"": ""PrismaSol BGK2/3.5 Replacement Solution for Continuous Renal Replacement Therapy, NON PVC. (NDC 24571-103-06)"", ""availability"": ""Available"", ""on_allocation"": false}, {""presentation"": ""PrismaSol BGK2/0 Replacement Solution for Continuous Renal Replacement Therapy, NON PVC. (NDC 24571-102-06)"", ""availability"": ""Available"", ""on_allocation"": false}, {""presentation"": ""PrismaSol B22GK4/0 Replacement Solution for Continuous Renal Replacement Therapy, NON PVC. (NDC 24571-111-06)"", ""availability"": ""Available"", ""on_allocation"": false}, {""presentation"": ""PHOXILLUM BK4/2.5 Replacement Solution for Continuous Renal Replacement Therapy (NDC 24571-116-06)"", ""availability"": ""Available"", ""on_allocation"": false}, {""presentation"": ""PHOXILLUM B22K4/0 Replacement Solution for Continuous Renal Replacement Therapy (NDC 24571-117-06)"", ""availability"": ""Available"", ""on_allocation"": false}]",,1,False,False,False,False,False
299,Continuous Renal Replacement Therapy (CRRT) Solutions,continuous renal replacement therapy (crrt) solutions,AMPH,US,SPY,2020-04-25,2020-06-13,20200613101357,2020-06-13,2020-06-13T10:13:57+00:00,placebo,,[],FDA-page nonlisted generic-maker control; manufacture absence unverified,1,False,False,False,False,False
299,Continuous Renal Replacement Therapy (CRRT) Solutions,continuous renal replacement therapy (crrt) solutions,AMRX,US,SPY,2020-04-25,2020-06-13,20200613101357,2020-06-13,2020-06-13T10:13:57+00:00,placebo,,[],FDA-page nonlisted generic-maker control; manufacture absence unverified,1,False,False,False,False,False
299,Continuous Renal Replacement Therapy (CRRT) Solutions,continuous renal replacement therapy (crrt) solutions,ICUI,US,SPY,2020-04-25,2020-06-13,20200613101357,2020-06-13,2020-06-13T10:13:57+00:00,placebo,,[],FDA-page nonlisted generic-maker control; manufacture absence unverified,1,False,False,False,False,False
299,Continuous Renal Replacement Therapy (CRRT) Solutions,continuous renal replacement therapy (crrt) solutions,MYL,US,SPY,2020-04-25,2020-06-13,20200613101357,2020-06-13,2020-06-13T10:13:57+00:00,placebo,,[],FDA-page nonlisted generic-maker control; manufacture absence unverified,1,False,False,False,False,False
299,Continuous Renal Replacement Therapy (CRRT) Solutions,continuous renal replacement therapy (crrt) solutions,RDY,US,SPY,2020-04-25,2020-06-13,20200613101357,2020-06-13,2020-06-13T10:13:57+00:00,placebo,,[],FDA-page nonlisted generic-maker control; manufacture absence unverified,1,False,False,False,False,False
299,Continuous Renal Replacement Therapy (CRRT) Solutions,continuous renal replacement therapy (crrt) solutions,TEVA,US,SPY,2020-04-25,2020-06-13,20200613101357,2020-06-13,2020-06-13T10:13:57+00:00,placebo,,[],FDA-page nonlisted generic-maker control; manufacture absence unverified,1,False,False,False,False,False
300,Sulfasalazine Tablets,sulfasalazine tablets,PFE,US,SPY,2020-04-25,2020-06-13,20200613133127,2020-06-13,2020-06-13T13:31:27+00:00,winner,Pfizer Pharmaceuticals,"[{""presentation"": ""AZULFIDINE (Sulfasalazine tablets) 500 mg tablets; Bottle of 100 (NDC 0013-0101-10)"", ""availability"": ""Available"", ""on_allocation"": false}, {""presentation"": ""AZULFIDINE (Sulfasalazine tablets) 500 mg tablets; Bottle of 300 (NDC 0013-0101-20)"", ""availability"": ""Available"", ""on_allocation"": false}, {""presentation"": ""AZULFIDINE EN-tabs\u00ae (Sulfasalazine delayed release tablets) 500 mg Delayed-Release tablets; Bottle of 100 (NDC 0013-0102-01)"", ""availability"": ""Next delivery and Estimated recovery: July 2020"", ""on_allocation"": false}, {""presentation"": ""AZULFIDINE EN-tabs\u00ae (Sulfasalazine delayed release tablets) 500 mg Delayed-Release tablets; Bottle of 300 (NDC 0013-0102-20)"", ""availability"": ""Available"", ""on_allocation"": false}, {""presentation"": ""Sulfasalazine Delayed-Release Tablets 500 mg Delayed-Release tablets; bottle of 100 (NDC 59762-0104-1/59762-0104-5)"", ""availability"": ""Limited Supply Available. Next Delivery: June 2020; Estimated recovery: August 2020"", ""on_allocation"": false}, {""presentation"": ""Sulfasalazine Delayed-Release Tablets 500 mg Delayed-Release tablets; bottle of 300 (NDC 59762-0104-6)"", ""availability"": ""Limited Supply Available. Next Delivery: June 2020; Estimated recovery: TBD"", ""on_allocation"": false}, {""presentation"": ""500 mg tablets; bottle of 100 (NDC 59762-5000-1/59762-5000-5)"", ""availability"": ""Limited Supply Available. Next Delivery: June 2020; Estimated recovery: TBD"", ""on_allocation"": false}, {""presentation"": ""500 mg tablets; bottle of 300 (NDC 59762-5000-6)"", ""availability"": ""Limited Supply Available. Next Delivery and Estimated recovery: June 2020"", ""on_allocation"": false}]",,1,False,False,False,False,False
300,Sulfasalazine Tablets,sulfasalazine tablets,TEVA,US,SPY,2020-04-25,2020-06-13,20200613133127,2020-06-13,2020-06-13T13:31:27+00:00,nonwinner,Teva Pharmaceuticals,"[{""presentation"": ""500 mg 100 Count (NDC 00591-0796-01)"", ""availability"": ""Available"", ""on_allocation"": true}, {""presentation"": ""500 mg 1000 Count (NDC 00591-0796-10)"", ""availability"": ""Available"", ""on_allocation"": true}, {""presentation"": ""500 mg 500 Count (NDC 00591-0796-05)"", ""availability"": ""Available"", ""on_allocation"": true}]",,1,False,False,False,False,False
300,Sulfasalazine Tablets,sulfasalazine tablets,AMPH,US,SPY,2020-04-25,2020-06-13,20200613133127,2020-06-13,2020-06-13T13:31:27+00:00,placebo,,[],FDA-page nonlisted generic-maker control; manufacture absence unverified,1,False,False,False,False,False
300,Sulfasalazine Tablets,sulfasalazine tablets,AMRX,US,SPY,2020-04-25,2020-06-13,20200613133127,2020-06-13,2020-06-13T13:31:27+00:00,placebo,,[],FDA-page nonlisted generic-maker control; manufacture absence unverified,1,False,False,False,False,False
300,Sulfasalazine Tablets,sulfasalazine tablets,BAX,US,SPY,2020-04-25,2020-06-13,20200613133127,2020-06-13,2020-06-13T13:31:27+00:00,placebo,,[],FDA-page nonlisted generic-maker control; manufacture absence unverified,1,False,False,False,False,False
300,Sulfasalazine Tablets,sulfasalazine tablets,ICUI,US,SPY,2020-04-25,2020-06-13,20200613133127,2020-06-13,2020-06-13T13:31:27+00:00,placebo,,[],FDA-page nonlisted generic-maker control; manufacture absence unverified,1,False,False,False,False,False
300,Sulfasalazine Tablets,sulfasalazine tablets,MYL,US,SPY,2020-04-25,2020-06-13,20200613133127,2020-06-13,2020-06-13T13:31:27+00:00,placebo,,[],FDA-page nonlisted generic-maker control; manufacture absence unverified,1,False,False,False,False,False
300,Sulfasalazine Tablets,sulfasalazine tablets,RDY,US,SPY,2020-04-25,2020-06-13,20200613133127,2020-06-13,2020-06-13T13:31:27+00:00,placebo,,[],FDA-page nonlisted generic-maker control; manufacture absence unverified,1,False,False,False,False,False
304,Vecuronium Bromide for Injection,vecuronium bromide for injection,MYL,US,SPY,2020-05-09,2020-06-13,20200613090121,2020-06-13,2020-06-13T09:01:21+00:00,disrupted,Mylan Institutional,"[{""presentation"": ""Vecuronium Bromide Injection (Lyophilizate in Single Dose Vials) [10 mg](NDC 67457-438-10)"", ""availability"": ""Intermittent supply"", ""on_allocation"": false}, {""presentation"": ""Vecuronium Bromide Injection (Lyophilizate in Single Dose Vials) [20 mg](NDC 67457-475-20)"", ""availability"": ""Intermittent supply"", ""on_allocation"": false}]",,2,False,False,False,False,False
304,Vecuronium Bromide for Injection,vecuronium bromide for injection,PFE,US,SPY,2020-05-09,2020-06-13,20200613090121,2020-06-13,2020-06-13T09:01:21+00:00,winner,"Hospira, Inc.","[{""presentation"": ""10 mg Single Dose Glass Fliptop Vial (NDC 00409-1632-01)"", ""availability"": ""Available"", ""on_allocation"": false}, {""presentation"": ""20 mg Single Dose Glass Fliptop Vial (NDC 00409-1634-01)"", ""availability"": ""Next Delivery and Estimated Recovery: February 2021"", ""on_allocation"": false}]",,2,False,False,False,False,False
304,Vecuronium Bromide for Injection,vecuronium bromide for injection,TEVA,US,SPY,2020-05-09,2020-06-13,20200613090121,2020-06-13,2020-06-13T09:01:21+00:00,winner,Teva Pharmaceuticals,"[{""presentation"": ""10 mg* 10 X 10 mL *1 mg/mL when reconstituted to 10 mL (NDC 0703-2914-03)"", ""availability"": ""Available. We are satisfying historical committed customer demand."", ""on_allocation"": false}]",,2,False,False,False,False,False
304,Vecuronium Bromide for Injection,vecuronium bromide for injection,AMPH,US,SPY,2020-05-09,2020-06-13,20200613090121,2020-06-13,2020-06-13T09:01:21+00:00,placebo,,[],FDA-page nonlisted generic-maker control; manufacture absence unverified,2,False,False,False,False,False
304,Vecuronium Bromide for Injection,vecuronium bromide for injection,AMRX,US,SPY,2020-05-09,2020-06-13,20200613090121,2020-06-13,2020-06-13T09:01:21+00:00,placebo,,[],FDA-page nonlisted generic-maker control; manufacture absence unverified,2,False,False,False,False,False
304,Vecuronium Bromide for Injection,vecuronium bromide for injection,BAX,US,SPY,2020-05-09,2020-06-13,20200613090121,2020-06-13,2020-06-13T09:01:21+00:00,placebo,,[],FDA-page nonlisted generic-maker control; manufacture absence unverified,2,False,False,False,False,False
304,Vecuronium Bromide for Injection,vecuronium bromide for injection,ICUI,US,SPY,2020-05-09,2020-06-13,20200613090121,2020-06-13,2020-06-13T09:01:21+00:00,placebo,,[],FDA-page nonlisted generic-maker control; manufacture absence unverified,2,False,False,False,False,False
304,Vecuronium Bromide for Injection,vecuronium bromide for injection,RDY,US,SPY,2020-05-09,2020-06-13,20200613090121,2020-06-13,2020-06-13T09:01:21+00:00,placebo,,[],FDA-page nonlisted generic-maker control; manufacture absence unverified,2,False,False,False,False,False
308,"Sertraline Hydrochloride Oral Solution, USP","sertraline hydrochloride oral solution, usp",PFE,US,SPY,2020-05-28,2020-06-12,20200612211239,2020-06-12,2020-06-12T21:12:39+00:00,winner,Pfizer Pharmaceuticals,"[{""presentation"": ""Sertraline Hydrochloride 60 mL (20 mg/mL) oral concentrate, with 12% alcohol; bottle with calibrated dropper (NDC 59762-0067-1)"", ""availability"": ""Next delivery: June 2020; Estimated Recovery: July 2020"", ""on_allocation"": false}, {""presentation"": ""Zoloft (sertraline hydrochloride) 60 mL (20 mg/mL) oral concentrate, with 12% alcohol; bottle with calibrated dropper (NDC 0049-0050-01)"", ""availability"": ""Available"", ""on_allocation"": false}]",,1,False,False,False,False,False
308,"Sertraline Hydrochloride Oral Solution, USP","sertraline hydrochloride oral solution, usp",AMPH,US,SPY,2020-05-28,2020-06-12,20200612211239,2020-06-12,2020-06-12T21:12:39+00:00,placebo,,[],FDA-page nonlisted generic-maker control; manufacture absence unverified,1,False,False,False,False,False
308,"Sertraline Hydrochloride Oral Solution, USP","sertraline hydrochloride oral solution, usp",AMRX,US,SPY,2020-05-28,2020-06-12,20200612211239,2020-06-12,2020-06-12T21:12:39+00:00,placebo,,[],FDA-page nonlisted generic-maker control; manufacture absence unverified,1,False,False,False,False,False
308,"Sertraline Hydrochloride Oral Solution, USP","sertraline hydrochloride oral solution, usp",BAX,US,SPY,2020-05-28,2020-06-12,20200612211239,2020-06-12,2020-06-12T21:12:39+00:00,placebo,,[],FDA-page nonlisted generic-maker control; manufacture absence unverified,1,False,False,False,False,False
308,"Sertraline Hydrochloride Oral Solution, USP","sertraline hydrochloride oral solution, usp",ICUI,US,SPY,2020-05-28,2020-06-12,20200612211239,2020-06-12,2020-06-12T21:12:39+00:00,placebo,,[],FDA-page nonlisted generic-maker control; manufacture absence unverified,1,False,False,False,False,False
308,"Sertraline Hydrochloride Oral Solution, USP","sertraline hydrochloride oral solution, usp",MYL,US,SPY,2020-05-28,2020-06-12,20200612211239,2020-06-12,2020-06-12T21:12:39+00:00,placebo,,[],FDA-page nonlisted generic-maker control; manufacture absence unverified,1,False,False,False,False,False
308,"Sertraline Hydrochloride Oral Solution, USP","sertraline hydrochloride oral solution, usp",RDY,US,SPY,2020-05-28,2020-06-12,20200612211239,2020-06-12,2020-06-12T21:12:39+00:00,placebo,,[],FDA-page nonlisted generic-maker control; manufacture absence unverified,1,False,False,False,False,False
308,"Sertraline Hydrochloride Oral Solution, USP","sertraline hydrochloride oral solution, usp",TEVA,US,SPY,2020-05-28,2020-06-12,20200612211239,2020-06-12,2020-06-12T21:12:39+00:00,placebo,,[],FDA-page nonlisted generic-maker control; manufacture absence unverified,1,False,False,False,False,False
321,Zinc Acetate Capsules,zinc acetate capsules,TEVA,US,SPY,2020-12-18,2021-01-17,20210117165625,2021-01-17,2021-01-17T16:56:25+00:00,winner,Teva Pharmaceuticals,"[{""presentation"": ""25 mg, bottle of 250 (NDC 57844-215-52)"", ""availability"": ""Unavailable"", ""on_allocation"": false}, {""presentation"": ""50 mg, bottle of 250 (NDC 57844-208-52)"", ""availability"": ""Limited short-dated stock available until early January 2021"", ""on_allocation"": false}, {""presentation"": ""25 mg zinc acetate dihydrate capsules, bottle of 250 (NDC 57844-376-25)"", ""availability"": ""Available"", ""on_allocation"": false}]",,1,False,False,False,False,False
321,Zinc Acetate Capsules,zinc acetate capsules,AMPH,US,SPY,2020-12-18,2021-01-17,20210117165625,2021-01-17,2021-01-17T16:56:25+00:00,placebo,,[],FDA-page nonlisted generic-maker control; manufacture absence unverified,1,False,False,False,False,False
321,Zinc Acetate Capsules,zinc acetate capsules,AMRX,US,SPY,2020-12-18,2021-01-17,20210117165625,2021-01-17,2021-01-17T16:56:25+00:00,placebo,,[],FDA-page nonlisted generic-maker control; manufacture absence unverified,1,False,False,False,False,False
321,Zinc Acetate Capsules,zinc acetate capsules,BAX,US,SPY,2020-12-18,2021-01-17,20210117165625,2021-01-17,2021-01-17T16:56:25+00:00,placebo,,[],FDA-page nonlisted generic-maker control; manufacture absence unverified,1,False,False,False,False,False
321,Zinc Acetate Capsules,zinc acetate capsules,ICUI,US,SPY,2020-12-18,2021-01-17,20210117165625,2021-01-17,2021-01-17T16:56:25+00:00,placebo,,[],FDA-page nonlisted generic-maker control; manufacture absence unverified,1,False,False,False,False,False
321,Zinc Acetate Capsules,zinc acetate capsules,RDY,US,SPY,2020-12-18,2021-01-17,20210117165625,2021-01-17,2021-01-17T16:56:25+00:00,placebo,,[],FDA-page nonlisted generic-maker control; manufacture absence unverified,1,False,False,False,False,False
321,Zinc Acetate Capsules,zinc acetate capsules,VTRS,US,SPY,2020-12-18,2021-01-17,20210117165625,2021-01-17,2021-01-17T16:56:25+00:00,placebo,,[],FDA-page nonlisted generic-maker control; manufacture absence unverified,1,False,False,False,False,False
338,Disopyramide Phosphate (Norpace) Capsules,disopyramide phosphate (norpace) capsules,PFE,US,SPY,2021-04-11,2021-03-29,20210329194917,2021-04-11,2021-04-11T23:59:59.999999999+00:00,winner,Pfizer Pharmaceuticals,"[{""presentation"": ""Norpace CR, 100 mg capsules, bottle of 100 (NDC 0025-2732-31)"", ""availability"": ""Limited supply available. Next Delivery and Estimated Recovery: September 2021"", ""on_allocation"": false}, {""presentation"": ""Norpace CR, 150 mg capsules, bottle of 100 (NDC 0025-2742-31)"", ""availability"": ""Limited supply available. Next Delivery and Estimated Recovery: September 2021"", ""on_allocation"": false}, {""presentation"": ""100 mg capsules, bottle of 100 (NDC 59762-0386-1)"", ""availability"": ""Available"", ""on_allocation"": false}, {""presentation"": ""150 mg capsules, bottle of 100 (NDC 59762-0400-1)"", ""availability"": ""Available"", ""on_allocation"": false}]",,2,True,False,False,False,False
338,Disopyramide Phosphate (Norpace) Capsules,disopyramide phosphate (norpace) capsules,TEVA,US,SPY,2021-04-11,2021-03-29,20210329194917,2021-04-11,2021-04-11T23:59:59.999999999+00:00,winner,Teva Pharmaceuticals,"[{""presentation"": ""100 mg capsules, bottle of 100 (NDC 0093-3127-01)"", ""availability"": ""Available"", ""on_allocation"": false}, {""presentation"": ""150 mg capsules, bottle of 100 (NDC 0093-3129-01)"", ""availability"": ""Available"", ""on_allocation"": false}]",,2,True,False,False,False,False
338,Disopyramide Phosphate (Norpace) Capsules,disopyramide phosphate (norpace) capsules,AMPH,US,SPY,2021-04-11,2021-03-29,20210329194917,2021-04-11,2021-04-11T23:59:59.999999999+00:00,placebo,,[],FDA-page nonlisted generic-maker control; manufacture absence unverified,2,True,False,False,False,False
338,Disopyramide Phosphate (Norpace) Capsules,disopyramide phosphate (norpace) capsules,AMRX,US,SPY,2021-04-11,2021-03-29,20210329194917,2021-04-11,2021-04-11T23:59:59.999999999+00:00,placebo,,[],FDA-page nonlisted generic-maker control; manufacture absence unverified,2,True,False,False,False,False
338,Disopyramide Phosphate (Norpace) Capsules,disopyramide phosphate (norpace) capsules,BAX,US,SPY,2021-04-11,2021-03-29,20210329194917,2021-04-11,2021-04-11T23:59:59.999999999+00:00,placebo,,[],FDA-page nonlisted generic-maker control; manufacture absence unverified,2,True,False,False,False,False
338,Disopyramide Phosphate (Norpace) Capsules,disopyramide phosphate (norpace) capsules,ICUI,US,SPY,2021-04-11,2021-03-29,20210329194917,2021-04-11,2021-04-11T23:59:59.999999999+00:00,placebo,,[],FDA-page nonlisted generic-maker control; manufacture absence unverified,2,True,False,False,False,False
338,Disopyramide Phosphate (Norpace) Capsules,disopyramide phosphate (norpace) capsules,RDY,US,SPY,2021-04-11,2021-03-29,20210329194917,2021-04-11,2021-04-11T23:59:59.999999999+00:00,placebo,,[],FDA-page nonlisted generic-maker control; manufacture absence unverified,2,True,False,False,False,False
338,Disopyramide Phosphate (Norpace) Capsules,disopyramide phosphate (norpace) capsules,VTRS,US,SPY,2021-04-11,2021-03-29,20210329194917,2021-04-11,2021-04-11T23:59:59.999999999+00:00,placebo,,[],FDA-page nonlisted generic-maker control; manufacture absence unverified,2,True,False,False,False,False
347,Mepivacaine Hydrochloride Injection,mepivacaine hydrochloride injection,PFE,US,SPY,2021-07-14,2021-08-17,20210817224132,2021-08-17,2021-08-17T22:41:32+00:00,winner,"Hospira, Inc.","[{""presentation"": ""300 mg/30 mL (10 mg/mL) Single Dose Glass Fliptop Vial (NDC 0409-1036-30)"", ""availability"": ""Next Delivery and estimated recovery: May 2022"", ""on_allocation"": false}, {""presentation"": ""400 mg/20 mL (20 mg/mL) Single Dose Glass Fliptop Vial (NDC 0409-1067-20)"", ""availability"": ""Next Delivery and estimated recovery: April 2022"", ""on_allocation"": false}, {""presentation"": ""450 mg/30 mL (15 mg/mL) Single Dose Glass Fliptop Vial (NDC 0409-1041-30)"", ""availability"": ""Next Delivery and estimated recovery: June 2022"", ""on_allocation"": false}, {""presentation"": ""500 mg/50 mL (10 mg/mL) Multiple Dose Glass Fliptop Vial (NDC 0409-1038-50)"", ""availability"": ""Available"", ""on_allocation"": false}]",,1,False,False,False,False,False
347,Mepivacaine Hydrochloride Injection,mepivacaine hydrochloride injection,AMPH,US,SPY,2021-07-14,2021-08-17,20210817224132,2021-08-17,2021-08-17T22:41:32+00:00,placebo,,[],FDA-page nonlisted generic-maker control; manufacture absence unverified,1,False,False,False,False,False
347,Mepivacaine Hydrochloride Injection,mepivacaine hydrochloride injection,AMRX,US,SPY,2021-07-14,2021-08-17,20210817224132,2021-08-17,2021-08-17T22:41:32+00:00,placebo,,[],FDA-page nonlisted generic-maker control; manufacture absence unverified,1,False,False,False,False,False
347,Mepivacaine Hydrochloride Injection,mepivacaine hydrochloride injection,BAX,US,SPY,2021-07-14,2021-08-17,20210817224132,2021-08-17,2021-08-17T22:41:32+00:00,placebo,,[],FDA-page nonlisted generic-maker control; manufacture absence unverified,1,False,False,False,False,False
347,Mepivacaine Hydrochloride Injection,mepivacaine hydrochloride injection,ICUI,US,SPY,2021-07-14,2021-08-17,20210817224132,2021-08-17,2021-08-17T22:41:32+00:00,placebo,,[],FDA-page nonlisted generic-maker control; manufacture absence unverified,1,False,False,False,False,False
347,Mepivacaine Hydrochloride Injection,mepivacaine hydrochloride injection,RDY,US,SPY,2021-07-14,2021-08-17,20210817224132,2021-08-17,2021-08-17T22:41:32+00:00,placebo,,[],FDA-page nonlisted generic-maker control; manufacture absence unverified,1,False,False,False,False,False
347,Mepivacaine Hydrochloride Injection,mepivacaine hydrochloride injection,TEVA,US,SPY,2021-07-14,2021-08-17,20210817224132,2021-08-17,2021-08-17T22:41:32+00:00,placebo,,[],FDA-page nonlisted generic-maker control; manufacture absence unverified,1,False,False,False,False,False
347,Mepivacaine Hydrochloride Injection,mepivacaine hydrochloride injection,VTRS,US,SPY,2021-07-14,2021-08-17,20210817224132,2021-08-17,2021-08-17T22:41:32+00:00,placebo,,[],FDA-page nonlisted generic-maker control; manufacture absence unverified,1,False,False,False,False,False
348,Gentamicin Sulfate Injection,gentamicin sulfate injection,PFE,US,SPY,2021-07-24,2021-08-17,20210817224348,2021-08-17,2021-08-17T22:43:48+00:00,winner,"Hospira, Inc.","[{""presentation"": ""80 mg/2 mL (40 mg/mL); 2 mL Single Dose Glass Fliptop Vial (NDC 00409-1207-03)"", ""availability"": ""Next Delivery and Estimated Recovery: October 2021"", ""on_allocation"": false}, {""presentation"": ""80 mg/2 mL (40 mg/mL) Single Dose Glass Fliptop Vial NovaPlus (NDC 00409-1207-25)"", ""availability"": ""Available"", ""on_allocation"": false}]",,1,False,False,False,False,False
348,Gentamicin Sulfate Injection,gentamicin sulfate injection,AMPH,US,SPY,2021-07-24,2021-08-17,20210817224348,2021-08-17,2021-08-17T22:43:48+00:00,placebo,,[],FDA-page nonlisted generic-maker control; manufacture absence unverified,1,False,False,False,False,False
348,Gentamicin Sulfate Injection,gentamicin sulfate injection,AMRX,US,SPY,2021-07-24,2021-08-17,20210817224348,2021-08-17,2021-08-17T22:43:48+00:00,placebo,,[],FDA-page nonlisted generic-maker control; manufacture absence unverified,1,False,False,False,False,False
348,Gentamicin Sulfate Injection,gentamicin sulfate injection,BAX,US,SPY,2021-07-24,2021-08-17,20210817224348,2021-08-17,2021-08-17T22:43:48+00:00,placebo,,[],FDA-page nonlisted generic-maker control; manufacture absence unverified,1,False,False,False,False,False
348,Gentamicin Sulfate Injection,gentamicin sulfate injection,ICUI,US,SPY,2021-07-24,2021-08-17,20210817224348,2021-08-17,2021-08-17T22:43:48+00:00,placebo,,[],FDA-page nonlisted generic-maker control; manufacture absence unverified,1,False,False,False,False,False
348,Gentamicin Sulfate Injection,gentamicin sulfate injection,RDY,US,SPY,2021-07-24,2021-08-17,20210817224348,2021-08-17,2021-08-17T22:43:48+00:00,placebo,,[],FDA-page nonlisted generic-maker control; manufacture absence unverified,1,False,False,False,False,False
348,Gentamicin Sulfate Injection,gentamicin sulfate injection,TEVA,US,SPY,2021-07-24,2021-08-17,20210817224348,2021-08-17,2021-08-17T22:43:48+00:00,placebo,,[],FDA-page nonlisted generic-maker control; manufacture absence unverified,1,False,False,False,False,False
348,Gentamicin Sulfate Injection,gentamicin sulfate injection,VTRS,US,SPY,2021-07-24,2021-08-17,20210817224348,2021-08-17,2021-08-17T22:43:48+00:00,placebo,,[],FDA-page nonlisted generic-maker control; manufacture absence unverified,1,False,False,False,False,False
352,Mannitol Injection,mannitol injection,BAX,US,SPY,2021-09-27,2021-10-08,20211008224434,2021-10-08,2021-10-08T22:44:34+00:00,winner,Baxter Healthcare,"[{""presentation"": ""10% OSMITROL Injection (10% Mannitol Injection, USP) 500 mL Viaflex Plastic Container Product Code 2D5613Q (NDC 0338-0535-03)"", ""availability"": ""Available"", ""on_allocation"": false}, {""presentation"": ""20% OSMITROL Injection (20% Mannitol Injection, USP) 500 mL Viaflex Plastic Container Product Code 2D5633Q (NDC 0338-0357-03); 250 mL Viaflex Plastic Container Product Code 2D5632Q (NDC 0338-0357-02)"", ""availability"": ""Available"", ""on_allocation"": false}]",,2,False,False,False,False,False
352,Mannitol Injection,mannitol injection,ICUI,US,SPY,2021-09-27,2021-10-08,20211008224434,2021-10-08,2021-10-08T22:44:34+00:00,winner,"ICU Medical, Inc.","[{""presentation"": ""20% Mannitol Injection, USP 500 mL (Legacy Hospira NDC 0409-7715-03)(ICU Medical NDC 0990-7715-03)"", ""availability"": ""Available"", ""on_allocation"": false}, {""presentation"": ""20% Mannitol Injection, USP 250 mL (Legacy Hospira NDC 0409-7715-02)(ICU Medical NDC 0990-7715-02)"", ""availability"": ""Available"", ""on_allocation"": false}]",,2,False,False,False,False,False
352,Mannitol Injection,mannitol injection,PFE,US,SPY,2021-09-27,2021-10-08,20211008224434,2021-10-08,2021-10-08T22:44:34+00:00,disrupted,"Hospira, Inc.","[{""presentation"": ""12.5 g/50 mL (25%); Single Dose Glass Fliptop Vial (NDC 0409-4031-01)"", ""availability"": ""Next Delivery: October 2021; Estimated Recovery: January 2022"", ""on_allocation"": false}]",,2,False,False,False,False,False
352,Mannitol Injection,mannitol injection,AMPH,US,SPY,2021-09-27,2021-10-08,20211008224434,2021-10-08,2021-10-08T22:44:34+00:00,placebo,,[],FDA-page nonlisted generic-maker control; manufacture absence unverified,2,False,False,False,False,False
352,Mannitol Injection,mannitol injection,AMRX,US,SPY,2021-09-27,2021-10-08,20211008224434,2021-10-08,2021-10-08T22:44:34+00:00,placebo,,[],FDA-page nonlisted generic-maker control; manufacture absence unverified,2,False,False,False,False,False
352,Mannitol Injection,mannitol injection,RDY,US,SPY,2021-09-27,2021-10-08,20211008224434,2021-10-08,2021-10-08T22:44:34+00:00,placebo,,[],FDA-page nonlisted generic-maker control; manufacture absence unverified,2,False,False,False,False,False
352,Mannitol Injection,mannitol injection,TEVA,US,SPY,2021-09-27,2021-10-08,20211008224434,2021-10-08,2021-10-08T22:44:34+00:00,placebo,,[],FDA-page nonlisted generic-maker control; manufacture absence unverified,2,False,False,False,False,False
352,Mannitol Injection,mannitol injection,VTRS,US,SPY,2021-09-27,2021-10-08,20211008224434,2021-10-08,2021-10-08T22:44:34+00:00,placebo,,[],FDA-page nonlisted generic-maker control; manufacture absence unverified,2,False,False,False,False,False
357,Lipid Injection,lipid injection,BAX,US,SPY,2021-10-27,2021-12-01,20211201184621,2021-12-01,2021-12-01T18:46:21+00:00,winner,Baxter Healthcare,"[{""presentation"": ""Clinolipid 20% (Lipid Injectable Emulsion, USP) 100 mL, Product Code EADB9520, (NDC 0338-954-005)"", ""availability"": ""Available"", ""on_allocation"": false}, {""presentation"": ""Clinolipid 20% (Lipid Injectable Emulsion, USP) 1000 mL, Product Code EADB9524, (NDC 0338-954-008)"", ""availability"": ""Available"", ""on_allocation"": false}, {""presentation"": ""Clinolipid 20% (Lipid Injectable Emulsion, USP) 250 mL, Product Code EADB9521, (NDC 0338-954-006)"", ""availability"": ""Available"", ""on_allocation"": false}, {""presentation"": ""Clinolipid 20% (Lipid Injectable Emulsion, USP) 500 mL, Product Code EADB9523, (NDC 0338-954-007)"", ""availability"": ""Available"", ""on_allocation"": false}, {""presentation"": ""Intralipid 20% IV Fat Emulsion, 100 mL, Product Code 2B6061, (NDC 0338-051-958)"", ""availability"": ""Limited Supply, on Allocation; Recovery Q4"", ""on_allocation"": true}, {""presentation"": ""Intralipid 20% IV Fat Emulsion, 250 mL, Product Code 2B6062, (NDC 0338-051-909)"", ""availability"": ""Limited Supply on Allocation, Recovery Q4"", ""on_allocation"": true}, {""presentation"": ""Intralipid 20% IV Fat Emulsion, 1000 mL, Pharmacy Bulk Package, Product Code 2B6064, (NDC 0338-051-914)"", ""availability"": ""Limited Supply on Allocation"", ""on_allocation"": true}, {""presentation"": ""Intralipid 20% IV Fat Emulsion, 500 mL, Product Code 2B6063, (NDC 0338-051-913)"", ""availability"": ""Limited Supply on Allocation"", ""on_allocation"": true}, {""presentation"": ""Intralipid 30% IV Fat Emulsion, 500 mL, Pharmacy Bulk Package, Product Code 2B6065, (NDC 0338-052-013)"", ""availability"": ""Limited Supply on Allocation"", ""on_allocation"": true}]",,1,False,False,False,False,False
357,Lipid Injection,lipid injection,AMPH,US,SPY,2021-10-27,2021-12-01,20211201184621,2021-12-01,2021-12-01T18:46:21+00:00,placebo,,[],FDA-page nonlisted generic-maker control; manufacture absence unverified,1,False,False,False,False,False
357,Lipid Injection,lipid injection,AMRX,US,SPY,2021-10-27,2021-12-01,20211201184621,2021-12-01,2021-12-01T18:46:21+00:00,placebo,,[],FDA-page nonlisted generic-maker control; manufacture absence unverified,1,False,False,False,False,False
357,Lipid Injection,lipid injection,ICUI,US,SPY,2021-10-27,2021-12-01,20211201184621,2021-12-01,2021-12-01T18:46:21+00:00,placebo,,[],FDA-page nonlisted generic-maker control; manufacture absence unverified,1,False,False,False,False,False
357,Lipid Injection,lipid injection,RDY,US,SPY,2021-10-27,2021-12-01,20211201184621,2021-12-01,2021-12-01T18:46:21+00:00,placebo,,[],FDA-page nonlisted generic-maker control; manufacture absence unverified,1,False,False,False,False,False
357,Lipid Injection,lipid injection,TEVA,US,SPY,2021-10-27,2021-12-01,20211201184621,2021-12-01,2021-12-01T18:46:21+00:00,placebo,,[],FDA-page nonlisted generic-maker control; manufacture absence unverified,1,False,False,False,False,False
357,Lipid Injection,lipid injection,VTRS,US,SPY,2021-10-27,2021-12-01,20211201184621,2021-12-01,2021-12-01T18:46:21+00:00,placebo,,[],FDA-page nonlisted generic-maker control; manufacture absence unverified,1,False,False,False,False,False
378,Ibutilide Fumarate Injection,ibutilide fumarate injection,PFE,US,SPY,2022-05-07,2022-05-23,20220523113438,2022-05-23,2022-05-23T11:34:38+00:00,winner,Pfizer Pharmaceuticals,"[{""presentation"": ""1 mg/10 mL (0.1 mg/mL), single dose vial (NDC 0009-3794-01)"", ""availability"": ""Available"", ""on_allocation"": false}, {""presentation"": ""1 mg/10 mL (0.1 mg/mL), single dose vial (NDC 0009-3794-22), Novaplus"", ""availability"": ""Next Delivery and Estimated Recovery: May 2022"", ""on_allocation"": false}]",,1,False,False,False,False,False
378,Ibutilide Fumarate Injection,ibutilide fumarate injection,VTRS,US,SPY,2022-05-07,2022-05-23,20220523113438,2022-05-23,2022-05-23T11:34:38+00:00,disrupted,"Mylan Institutional, a Viatris company","[{""presentation"": ""1 mg/10 mL (0.1 mg/mL), single dose vial (NDC 67457-366-10)"", ""availability"": ""Resupply June/July 2022"", ""on_allocation"": false}]",,1,False,False,False,False,False
378,Ibutilide Fumarate Injection,ibutilide fumarate injection,AMPH,US,SPY,2022-05-07,2022-05-23,20220523113438,2022-05-23,2022-05-23T11:34:38+00:00,placebo,,[],FDA-page nonlisted generic-maker control; manufacture absence unverified,1,False,False,False,False,False
378,Ibutilide Fumarate Injection,ibutilide fumarate injection,AMRX,US,SPY,2022-05-07,2022-05-23,20220523113438,2022-05-23,2022-05-23T11:34:38+00:00,placebo,,[],FDA-page nonlisted generic-maker control; manufacture absence unverified,1,False,False,False,False,False
378,Ibutilide Fumarate Injection,ibutilide fumarate injection,BAX,US,SPY,2022-05-07,2022-05-23,20220523113438,2022-05-23,2022-05-23T11:34:38+00:00,placebo,,[],FDA-page nonlisted generic-maker control; manufacture absence unverified,1,False,False,False,False,False
378,Ibutilide Fumarate Injection,ibutilide fumarate injection,ICUI,US,SPY,2022-05-07,2022-05-23,20220523113438,2022-05-23,2022-05-23T11:34:38+00:00,placebo,,[],FDA-page nonlisted generic-maker control; manufacture absence unverified,1,False,False,False,False,False
378,Ibutilide Fumarate Injection,ibutilide fumarate injection,RDY,US,SPY,2022-05-07,2022-05-23,20220523113438,2022-05-23,2022-05-23T11:34:38+00:00,placebo,,[],FDA-page nonlisted generic-maker control; manufacture absence unverified,1,False,False,False,False,False
378,Ibutilide Fumarate Injection,ibutilide fumarate injection,TEVA,US,SPY,2022-05-07,2022-05-23,20220523113438,2022-05-23,2022-05-23T11:34:38+00:00,placebo,,[],FDA-page nonlisted generic-maker control; manufacture absence unverified,1,False,False,False,False,False
385,Remifentanil Injection,remifentanil injection,VTRS,US,SPY,2022-07-01,2022-08-12,20220812192222,2022-08-12,2022-08-12T19:22:22+00:00,winner,"Mylan, a Viatris Company","[{""presentation"": ""1 mg (NDC 67457-198-03)"", ""availability"": ""Resupply in August 2022"", ""on_allocation"": false}, {""presentation"": ""2 mg (NDC 67457-198-05)"", ""availability"": ""Available"", ""on_allocation"": false}, {""presentation"": ""5 mg (NDC 67457-198-10)"", ""availability"": ""Available"", ""on_allocation"": false}]",,1,False,False,False,False,False
385,Remifentanil Injection,remifentanil injection,AMPH,US,SPY,2022-07-01,2022-08-12,20220812192222,2022-08-12,2022-08-12T19:22:22+00:00,placebo,,[],FDA-page nonlisted generic-maker control; manufacture absence unverified,1,False,False,False,False,False
385,Remifentanil Injection,remifentanil injection,AMRX,US,SPY,2022-07-01,2022-08-12,20220812192222,2022-08-12,2022-08-12T19:22:22+00:00,placebo,,[],FDA-page nonlisted generic-maker control; manufacture absence unverified,1,False,False,False,False,False
385,Remifentanil Injection,remifentanil injection,BAX,US,SPY,2022-07-01,2022-08-12,20220812192222,2022-08-12,2022-08-12T19:22:22+00:00,placebo,,[],FDA-page nonlisted generic-maker control; manufacture absence unverified,1,False,False,False,False,False
385,Remifentanil Injection,remifentanil injection,ICUI,US,SPY,2022-07-01,2022-08-12,20220812192222,2022-08-12,2022-08-12T19:22:22+00:00,placebo,,[],FDA-page nonlisted generic-maker control; manufacture absence unverified,1,False,False,False,False,False
385,Remifentanil Injection,remifentanil injection,RDY,US,SPY,2022-07-01,2022-08-12,20220812192222,2022-08-12,2022-08-12T19:22:22+00:00,placebo,,[],FDA-page nonlisted generic-maker control; manufacture absence unverified,1,False,False,False,False,False
385,Remifentanil Injection,remifentanil injection,TEVA,US,SPY,2022-07-01,2022-08-12,20220812192222,2022-08-12,2022-08-12T19:22:22+00:00,placebo,,[],FDA-page nonlisted generic-maker control; manufacture absence unverified,1,False,False,False,False,False
392,IV Fat Emulsion,iv fat emulsion,BAX,US,SPY,2022-09-15,2022-11-10,20221110163713,2022-11-10,2022-11-10T16:37:13+00:00,winner,Baxter Healthcare,"[{""presentation"": ""Clinolipid 20% (Lipid Injectable Emulsion, USP) 100 mL, Product Code EADB9520, (NDC 0338-954-005)"", ""availability"": ""Available"", ""on_allocation"": false}, {""presentation"": ""Clinolipid 20% (Lipid Injectable Emulsion, USP) 1000 mL, Product Code EADB9524, (NDC 0338-954-008)"", ""availability"": ""Available"", ""on_allocation"": false}, {""presentation"": ""Clinolipid 20% (Lipid Injectable Emulsion, USP) 250 mL, Product Code EADB9521, (NDC 0338-954-006)"", ""availability"": ""Available"", ""on_allocation"": false}, {""presentation"": ""Clinolipid 20% (Lipid Injectable Emulsion, USP) 500 mL, Product Code EADB9523, (NDC 0338-954-007)"", ""availability"": ""Available"", ""on_allocation"": false}, {""presentation"": ""Intralipid 20% IV Fat Emulsion, 100 mL, Product Code 2B6061, (NDC 0338-051-958)"", ""availability"": ""Available on allocation"", ""on_allocation"": true}, {""presentation"": ""Intralipid 20% IV Fat Emulsion, 250 mL, Product Code 2B6062, (NDC 0338-051-909)"", ""availability"": ""Available on allocation"", ""on_allocation"": true}, {""presentation"": ""Intralipid 20% IV Fat Emulsion, 1000 mL, Pharmacy Bulk Package, Product Code 2B6064, (NDC 0338-051-914)"", ""availability"": ""Limited Supply; Recovery December 2022"", ""on_allocation"": false}, {""presentation"": ""Intralipid 20% IV Fat Emulsion, 500 mL, Product Code 2B6063, (NDC 0338-051-913)"", ""availability"": ""Available on allocation"", ""on_allocation"": true}, {""presentation"": ""Intralipid 30% IV Fat Emulsion, 500 mL, Pharmacy Bulk Package, Product Code 2B6065, (NDC 0338-052-013)"", ""availability"": ""Available on allocation, Recovery December 2022"", ""on_allocation"": true}]",,1,False,False,False,False,False
392,IV Fat Emulsion,iv fat emulsion,AMPH,US,SPY,2022-09-15,2022-11-10,20221110163713,2022-11-10,2022-11-10T16:37:13+00:00,placebo,,[],FDA-page nonlisted generic-maker control; manufacture absence unverified,1,False,False,False,False,False
392,IV Fat Emulsion,iv fat emulsion,AMRX,US,SPY,2022-09-15,2022-11-10,20221110163713,2022-11-10,2022-11-10T16:37:13+00:00,placebo,,[],FDA-page nonlisted generic-maker control; manufacture absence unverified,1,False,False,False,False,False
392,IV Fat Emulsion,iv fat emulsion,ICUI,US,SPY,2022-09-15,2022-11-10,20221110163713,2022-11-10,2022-11-10T16:37:13+00:00,placebo,,[],FDA-page nonlisted generic-maker control; manufacture absence unverified,1,False,False,False,False,False
392,IV Fat Emulsion,iv fat emulsion,RDY,US,SPY,2022-09-15,2022-11-10,20221110163713,2022-11-10,2022-11-10T16:37:13+00:00,placebo,,[],FDA-page nonlisted generic-maker control; manufacture absence unverified,1,False,False,False,False,False
392,IV Fat Emulsion,iv fat emulsion,TEVA,US,SPY,2022-09-15,2022-11-10,20221110163713,2022-11-10,2022-11-10T16:37:13+00:00,placebo,,[],FDA-page nonlisted generic-maker control; manufacture absence unverified,1,False,False,False,False,False
392,IV Fat Emulsion,iv fat emulsion,VTRS,US,SPY,2022-09-15,2022-11-10,20221110163713,2022-11-10,2022-11-10T16:37:13+00:00,placebo,,[],FDA-page nonlisted generic-maker control; manufacture absence unverified,1,False,False,False,False,False
408,Difluprednate Ophthalmic Emulsion,difluprednate ophthalmic emulsion,AMRX,US,SPY,2022-12-24,2022-12-28,20221228160404,2022-12-28,2022-12-28T16:04:04+00:00,winner,Amneal,"[{""presentation"": ""Difluprednate Ophthalmic Emulsion, 0.05% (5 mL), single-dose bottle (NDC 69238-1380-3)"", ""availability"": ""Available"", ""on_allocation"": false}]",,1,False,False,False,False,False
408,Difluprednate Ophthalmic Emulsion,difluprednate ophthalmic emulsion,AMPH,US,SPY,2022-12-24,2022-12-28,20221228160404,2022-12-28,2022-12-28T16:04:04+00:00,placebo,,[],FDA-page nonlisted generic-maker control; manufacture absence unverified,1,False,False,False,False,False
408,Difluprednate Ophthalmic Emulsion,difluprednate ophthalmic emulsion,BAX,US,SPY,2022-12-24,2022-12-28,20221228160404,2022-12-28,2022-12-28T16:04:04+00:00,placebo,,[],FDA-page nonlisted generic-maker control; manufacture absence unverified,1,False,False,False,False,False
408,Difluprednate Ophthalmic Emulsion,difluprednate ophthalmic emulsion,ICUI,US,SPY,2022-12-24,2022-12-28,20221228160404,2022-12-28,2022-12-28T16:04:04+00:00,placebo,,[],FDA-page nonlisted generic-maker control; manufacture absence unverified,1,False,False,False,False,False
408,Difluprednate Ophthalmic Emulsion,difluprednate ophthalmic emulsion,RDY,US,SPY,2022-12-24,2022-12-28,20221228160404,2022-12-28,2022-12-28T16:04:04+00:00,placebo,,[],FDA-page nonlisted generic-maker control; manufacture absence unverified,1,False,False,False,False,False
408,Difluprednate Ophthalmic Emulsion,difluprednate ophthalmic emulsion,TEVA,US,SPY,2022-12-24,2022-12-28,20221228160404,2022-12-28,2022-12-28T16:04:04+00:00,placebo,,[],FDA-page nonlisted generic-maker control; manufacture absence unverified,1,False,False,False,False,False
408,Difluprednate Ophthalmic Emulsion,difluprednate ophthalmic emulsion,VTRS,US,SPY,2022-12-24,2022-12-28,20221228160404,2022-12-28,2022-12-28T16:04:04+00:00,placebo,,[],FDA-page nonlisted generic-maker control; manufacture absence unverified,1,False,False,False,False,False
413,Capecitabine Tablets,capecitabine tablets,TEVA,US,SPY,2023-02-10,2023-02-16,20230216203943,2023-02-16,2023-02-16T20:39:43+00:00,winner,Teva Pharmaceuticals,"[{""presentation"": ""150 mg, 60 count (NDC 0093-7473-08)"", ""availability"": ""Available"", ""on_allocation"": false}, {""presentation"": ""500 mg, 120 count (NDC 0093-7474-89)"", ""availability"": ""Available"", ""on_allocation"": false}]",,1,False,False,False,False,False
413,Capecitabine Tablets,capecitabine tablets,AMPH,US,SPY,2023-02-10,2023-02-16,20230216203943,2023-02-16,2023-02-16T20:39:43+00:00,placebo,,[],FDA-page nonlisted generic-maker control; manufacture absence unverified,1,False,False,False,False,False
413,Capecitabine Tablets,capecitabine tablets,AMRX,US,SPY,2023-02-10,2023-02-16,20230216203943,2023-02-16,2023-02-16T20:39:43+00:00,placebo,,[],FDA-page nonlisted generic-maker control; manufacture absence unverified,1,False,False,False,False,False
413,Capecitabine Tablets,capecitabine tablets,BAX,US,SPY,2023-02-10,2023-02-16,20230216203943,2023-02-16,2023-02-16T20:39:43+00:00,placebo,,[],FDA-page nonlisted generic-maker control; manufacture absence unverified,1,False,False,False,False,False
413,Capecitabine Tablets,capecitabine tablets,ICUI,US,SPY,2023-02-10,2023-02-16,20230216203943,2023-02-16,2023-02-16T20:39:43+00:00,placebo,,[],FDA-page nonlisted generic-maker control; manufacture absence unverified,1,False,False,False,False,False
413,Capecitabine Tablets,capecitabine tablets,RDY,US,SPY,2023-02-10,2023-02-16,20230216203943,2023-02-16,2023-02-16T20:39:43+00:00,placebo,,[],FDA-page nonlisted generic-maker control; manufacture absence unverified,1,False,False,False,False,False
413,Capecitabine Tablets,capecitabine tablets,VTRS,US,SPY,2023-02-10,2023-02-16,20230216203943,2023-02-16,2023-02-16T20:39:43+00:00,placebo,,[],FDA-page nonlisted generic-maker control; manufacture absence unverified,1,False,False,False,False,False
414,Cisplatin Injection,cisplatin injection,TEVA,US,SPY,2023-02-10,2023-02-16,20230216090302,2023-02-16,2023-02-16T09:03:02+00:00,winner,Teva Pharmaceuticals,"[{""presentation"": ""1 mg/mL, 50 mL, multi-dose vial (NDC 0703-5747-11)"", ""availability"": ""Available"", ""on_allocation"": false}, {""presentation"": ""1 mg/mL, 100 mL, multi-dose vial (NDC 0703-5748-11)"", ""availability"": ""Additional supply coming at the end of February 2023"", ""on_allocation"": false}]",,1,False,False,False,False,False
414,Cisplatin Injection,cisplatin injection,AMPH,US,SPY,2023-02-10,2023-02-16,20230216090302,2023-02-16,2023-02-16T09:03:02+00:00,placebo,,[],FDA-page nonlisted generic-maker control; manufacture absence unverified,1,False,False,False,False,False
414,Cisplatin Injection,cisplatin injection,AMRX,US,SPY,2023-02-10,2023-02-16,20230216090302,2023-02-16,2023-02-16T09:03:02+00:00,placebo,,[],FDA-page nonlisted generic-maker control; manufacture absence unverified,1,False,False,False,False,False
414,Cisplatin Injection,cisplatin injection,BAX,US,SPY,2023-02-10,2023-02-16,20230216090302,2023-02-16,2023-02-16T09:03:02+00:00,placebo,,[],FDA-page nonlisted generic-maker control; manufacture absence unverified,1,False,False,False,False,False
414,Cisplatin Injection,cisplatin injection,ICUI,US,SPY,2023-02-10,2023-02-16,20230216090302,2023-02-16,2023-02-16T09:03:02+00:00,placebo,,[],FDA-page nonlisted generic-maker control; manufacture absence unverified,1,False,False,False,False,False
414,Cisplatin Injection,cisplatin injection,RDY,US,SPY,2023-02-10,2023-02-16,20230216090302,2023-02-16,2023-02-16T09:03:02+00:00,placebo,,[],FDA-page nonlisted generic-maker control; manufacture absence unverified,1,False,False,False,False,False
414,Cisplatin Injection,cisplatin injection,VTRS,US,SPY,2023-02-10,2023-02-16,20230216090302,2023-02-16,2023-02-16T09:03:02+00:00,placebo,,[],FDA-page nonlisted generic-maker control; manufacture absence unverified,1,False,False,False,False,False
425,Carboplatin Injection,carboplatin injection,PFE,US,SPY,2023-04-30,2023-05-14,20230514151132,2023-05-14,2023-05-14T15:11:32+00:00,winner,"Hospira, Inc., a Pfizer company","[{""presentation"": ""50 mg/5 mL (10 mg/mL) Multiple Dose ONCO-TAIN\u2122 Glass Fliptop Vial (NDC 61703-0339-18)"", ""availability"": ""Limited Supply. Next delivery: July 2023; Estimated recovery: Q3 2023"", ""on_allocation"": false}, {""presentation"": ""50 mg/5 mL (10 mg/mL) Novaplus\u00ae Multiple Dose Vial (NDC 61703-0360-18)"", ""availability"": ""Next delivery: July 2023; Estimated recovery: Q3 2023"", ""on_allocation"": false}, {""presentation"": ""150 mg/15 mL (10 mg/mL) Multiple Dose ONCO-TAIN\u2122 Glass Fliptop Vial (NDC 61703-0339-22)"", ""availability"": ""Limited Supply. Next delivery: September 2023; Estimated recovery: Q3 2023"", ""on_allocation"": false}, {""presentation"": ""150 mg/15 mL (10 mg/mL) Novaplus\u00ae Multiple Dose Vial (NDC 61703-0150-05)"", ""availability"": ""Supply Available"", ""on_allocation"": false}, {""presentation"": ""450 mg/45 mL (10 mg/mL) Multiple Dose ONCO-TAIN\u2122 Glass Fliptop Vial (NDC 61703-0339-50)"", ""availability"": ""Limited Supply. Next delivery: May 2023; Estimated recovery: Q3 2023"", ""on_allocation"": false}, {""presentation"": ""450 mg/45 mL (10 mg/mL) Novaplus\u00ae Multiple Dose Vial (NDC 61703-0262-05)"", ""availability"": ""Supply Available"", ""on_allocation"": false}, {""presentation"": ""600 mg/60 mL (10 mg/mL) Multiple Dose ONCO-TAIN\u2122 Glass Fliptop Vial (NDC 61703-0339-56)"", ""availability"": ""Next delivery: May 2023; Estimated recovery: Q3 2023"", ""on_allocation"": false}, {""presentation"": ""600 mg/60 mL (10 mg/mL) Novaplus\u00ae Multiple Dose Vial (NDC 61703-0600-05)"", ""availability"": ""Next delivery: May 2023; Estimated recovery: Q3 2023"", ""on_allocation"": false}]",,1,False,False,False,False,False
425,Carboplatin Injection,carboplatin injection,TEVA,US,SPY,2023-04-30,2023-05-14,20230514151132,2023-05-14,2023-05-14T15:11:32+00:00,disrupted,Teva Pharmaceuticals,"[{""presentation"": ""50 mg/5 mL (10 mg/mL) 5 mL Multi-Dose Vial (NDC 0703-4244-01 )"", ""availability"": ""Limited Supply, Recovery Q4 2023"", ""on_allocation"": false}, {""presentation"": ""150 mg/15 mL (10 mg/mL) 15 mL Multi-Dose Vial (NDC 0703-4246-01)"", ""availability"": ""Limited Supply, Recovery Q4 2023"", ""on_allocation"": false}, {""presentation"": ""450 mg/45 mL (10 mg/mL) 45 mL Multi-Dose Vial (NDC 0703-4248-01)"", ""availability"": ""Unavailable, Recovery Q3 2023"", ""on_allocation"": false}, {""presentation"": ""600 mg/60 mL (10 mg/mL) 60 mL Multi-Dose Vial (NDC 0703-4239-01)"", ""availability"": ""Unavailable, Recovery Q4 2023"", ""on_allocation"": false}]",,1,False,False,False,False,False
425,Carboplatin Injection,carboplatin injection,AMPH,US,SPY,2023-04-30,2023-05-14,20230514151132,2023-05-14,2023-05-14T15:11:32+00:00,placebo,,[],FDA-page nonlisted generic-maker control; manufacture absence unverified,1,False,False,False,False,False
425,Carboplatin Injection,carboplatin injection,AMRX,US,SPY,2023-04-30,2023-05-14,20230514151132,2023-05-14,2023-05-14T15:11:32+00:00,placebo,,[],FDA-page nonlisted generic-maker control; manufacture absence unverified,1,False,False,False,False,False
425,Carboplatin Injection,carboplatin injection,BAX,US,SPY,2023-04-30,2023-05-14,20230514151132,2023-05-14,2023-05-14T15:11:32+00:00,placebo,,[],FDA-page nonlisted generic-maker control; manufacture absence unverified,1,False,False,False,False,False
425,Carboplatin Injection,carboplatin injection,ICUI,US,SPY,2023-04-30,2023-05-14,20230514151132,2023-05-14,2023-05-14T15:11:32+00:00,placebo,,[],FDA-page nonlisted generic-maker control; manufacture absence unverified,1,False,False,False,False,False
425,Carboplatin Injection,carboplatin injection,RDY,US,SPY,2023-04-30,2023-05-14,20230514151132,2023-05-14,2023-05-14T15:11:32+00:00,placebo,,[],FDA-page nonlisted generic-maker control; manufacture absence unverified,1,False,False,False,False,False
425,Carboplatin Injection,carboplatin injection,VTRS,US,SPY,2023-04-30,2023-05-14,20230514151132,2023-05-14,2023-05-14T15:11:32+00:00,placebo,,[],FDA-page nonlisted generic-maker control; manufacture absence unverified,1,False,False,False,False,False
430,Methylphenidate Hydrochloride Extended Release Tablets,methylphenidate hydrochloride extended release tablets,AMRX,US,SPY,2023-07-29,2023-08-01,20230801181444,2023-08-01,2023-08-01T18:14:44+00:00,disrupted,Amneal Pharmaceuticals,"[{""presentation"": ""5 mg; 100 count (NDC 0115-1800-01)"", ""availability"": ""Mid-August 2023"", ""on_allocation"": false}, {""presentation"": ""10 mg; 100 count (NDC 0115-1801-01)"", ""availability"": ""Mid-August 2023"", ""on_allocation"": false}, {""presentation"": ""20 mg; 100 count (NDC 0115-1802-01)"", ""availability"": ""End of August 2023"", ""on_allocation"": false}, {""presentation"": ""5 mg; 60 count (NDC 72162-2019-6)"", ""availability"": ""Mid- August 2023"", ""on_allocation"": false}, {""presentation"": ""5 mg; 100 count (NDC 72162-2019-1)"", ""availability"": ""Mid-August 2023"", ""on_allocation"": false}]",,1,False,False,False,False,False
430,Methylphenidate Hydrochloride Extended Release Tablets,methylphenidate hydrochloride extended release tablets,RDY,US,SPY,2023-07-29,2023-08-01,20230801181444,2023-08-01,2023-08-01T18:14:44+00:00,disrupted,"Dr. Reddy's Laboratories, Inc.","[{""presentation"": ""18 mg; 100 count (NDC 43598-438-01)"", ""availability"": ""Unavailable"", ""on_allocation"": false}, {""presentation"": ""27 mg; 100 count (NDC 43598-439-01)"", ""availability"": ""Unavailable"", ""on_allocation"": false}, {""presentation"": ""36 mg; 100 count (NDC 43598-440-01)"", ""availability"": ""Unavailable"", ""on_allocation"": false}, {""presentation"": ""54 mg; 100 count (NDC 43598-441-01)"", ""availability"": ""Unavailable"", ""on_allocation"": false}]",,1,False,False,False,False,False
430,Methylphenidate Hydrochloride Extended Release Tablets,methylphenidate hydrochloride extended release tablets,TEVA,US,SPY,2023-07-29,2023-08-01,20230801181444,2023-08-01,2023-08-01T18:14:44+00:00,winner,Teva Pharmaceuticals USA,"[{""presentation"": ""18 mg; 100 count (NDC 62037-725-01)"", ""availability"": ""Available"", ""on_allocation"": false}, {""presentation"": ""27 mg; 100 count (NDC 62037-734-01)"", ""availability"": ""Available"", ""on_allocation"": false}, {""presentation"": ""36 mg; 100 count (NDC 62037-726-01)"", ""availability"": ""Available"", ""on_allocation"": false}, {""presentation"": ""54 mg; 100 count (NDC 62037-727-01)"", ""availability"": ""Available"", ""on_allocation"": false}]",,1,False,False,False,False,False
430,Methylphenidate Hydrochloride Extended Release Tablets,methylphenidate hydrochloride extended release tablets,AMPH,US,SPY,2023-07-29,2023-08-01,20230801181444,2023-08-01,2023-08-01T18:14:44+00:00,placebo,,[],FDA-page nonlisted generic-maker control; manufacture absence unverified,1,False,False,False,False,False
430,Methylphenidate Hydrochloride Extended Release Tablets,methylphenidate hydrochloride extended release tablets,BAX,US,SPY,2023-07-29,2023-08-01,20230801181444,2023-08-01,2023-08-01T18:14:44+00:00,placebo,,[],FDA-page nonlisted generic-maker control; manufacture absence unverified,1,False,False,False,False,False
430,Methylphenidate Hydrochloride Extended Release Tablets,methylphenidate hydrochloride extended release tablets,ICUI,US,SPY,2023-07-29,2023-08-01,20230801181444,2023-08-01,2023-08-01T18:14:44+00:00,placebo,,[],FDA-page nonlisted generic-maker control; manufacture absence unverified,1,False,False,False,False,False
430,Methylphenidate Hydrochloride Extended Release Tablets,methylphenidate hydrochloride extended release tablets,VTRS,US,SPY,2023-07-29,2023-08-01,20230801181444,2023-08-01,2023-08-01T18:14:44+00:00,placebo,,[],FDA-page nonlisted generic-maker control; manufacture absence unverified,1,False,False,False,False,False
