date,nav,daily_return,cash,long_usd,gross_usd,net_usd,active_lots,risk_scale,hedge_carry_cost
2014-06-02,1000000.0,0.0,1000000.0,0.0,0.0,0.0,0,1.0,0.0
2014-06-03,1000000.0,0.0,1000000.0,0.0,0.0,0.0,0,1.0,0.0
2014-06-04,1000000.0,0.0,1000000.0,0.0,0.0,0.0,0,1.0,0.0
2014-06-05,1000000.0,0.0,1000000.0,0.0,0.0,0.0,0,1.0,0.0
2014-06-06,1000000.0,0.0,1000000.0,0.0,0.0,0.0,0,1.0,0.0
2014-06-09,1000000.0,0.0,1000000.0,0.0,0.0,0.0,0,1.0,0.0
2014-06-10,1000000.0,0.0,1000000.0,0.0,0.0,0.0,0,1.0,0.0
2014-06-11,1000000.0,0.0,1000000.0,0.0,0.0,0.0,0,1.0,0.0
2014-06-12,1000000.0,0.0,1000000.0,0.0,0.0,0.0,0,1.0,0.0
2014-06-13,1000000.0,0.0,1000000.0,0.0,0.0,0.0,0,1.0,0.0
2014-06-16,1000000.0,0.0,1000000.0,0.0,0.0,0.0,0,1.0,0.0
2014-06-17,1000000.0,0.0,1000000.0,0.0,0.0,0.0,0,1.0,0.0
2014-06-18,1000000.0,0.0,1000000.0,0.0,0.0,0.0,0,1.0,0.0
2014-06-19,1000000.0,0.0,1000000.0,0.0,0.0,0.0,0,1.0,0.0
2014-06-20,1000000.0,0.0,1000000.0,0.0,0.0,0.0,0,1.0,0.0
2014-06-23,1000000.0,0.0,1000000.0,0.0,0.0,0.0,0,1.0,0.0
2014-06-24,1000000.0,0.0,1000000.0,0.0,0.0,0.0,0,1.0,0.0
2014-06-25,1000000.0,0.0,1000000.0,0.0,0.0,0.0,0,1.0,0.0
2014-06-26,1000000.0,0.0,1000000.0,0.0,0.0,0.0,0,1.0,0.0
2014-06-27,1000000.0,0.0,1000000.0,0.0,0.0,0.0,0,1.0,0.0
2014-06-30,1000000.0,0.0,1000000.0,0.0,0.0,0.0,0,1.0,0.0
2014-07-01,1000000.0,0.0,1000000.0,0.0,0.0,0.0,0,1.0,0.0
2014-07-02,1000000.0,0.0,1000000.0,0.0,0.0,0.0,0,1.0,0.0
2014-07-03,1000000.0,0.0,1000000.0,0.0,0.0,0.0,0,1.0,0.0
2014-07-07,1000000.0,0.0,1000000.0,0.0,0.0,0.0,0,1.0,0.0
2014-07-08,1000000.0,0.0,1000000.0,0.0,0.0,0.0,0,1.0,0.0
2014-07-09,1000000.0,0.0,1000000.0,0.0,0.0,0.0,0,1.0,0.0
2014-07-10,1000000.0,0.0,1000000.0,0.0,0.0,0.0,0,1.0,0.0
2014-07-11,1000000.0,0.0,1000000.0,0.0,0.0,0.0,0,1.0,0.0
2014-07-14,1000000.0,0.0,1000000.0,0.0,0.0,0.0,0,1.0,0.0
2014-07-15,1000000.0,0.0,1000000.0,0.0,0.0,0.0,0,1.0,0.0
2014-07-16,1000000.0,0.0,1000000.0,0.0,0.0,0.0,0,1.0,0.0
2014-07-17,1000000.0,0.0,1000000.0,0.0,0.0,0.0,0,1.0,0.0
2014-07-18,1000000.0,0.0,1000000.0,0.0,0.0,0.0,0,1.0,0.0
2014-07-21,1000000.0,0.0,1000000.0,0.0,0.0,0.0,0,1.0,0.0
2014-07-22,1000000.0,0.0,1000000.0,0.0,0.0,0.0,0,1.0,0.0
2014-07-23,1000000.0,0.0,1000000.0,0.0,0.0,0.0,0,1.0,0.0
2014-07-24,1000000.0,0.0,1000000.0,0.0,0.0,0.0,0,1.0,0.0
2014-07-25,1000000.0,0.0,1000000.0,0.0,0.0,0.0,0,1.0,0.0
2014-07-28,1000000.0,0.0,1000000.0,0.0,0.0,0.0,0,1.0,0.0
2014-07-29,1000000.0,0.0,1000000.0,0.0,0.0,0.0,0,1.0,0.0
2014-07-30,1000000.0,0.0,1000000.0,0.0,0.0,0.0,0,1.0,0.0
2014-07-31,1000000.0,0.0,1000000.0,0.0,0.0,0.0,0,1.0,0.0
2014-08-01,1000000.0,0.0,1000000.0,0.0,0.0,0.0,0,1.0,0.0
2014-08-04,1000000.0,0.0,1000000.0,0.0,0.0,0.0,0,1.0,0.0
2014-08-05,1000000.0,0.0,1000000.0,0.0,0.0,0.0,0,1.0,0.0
2014-08-06,1000000.0,0.0,1000000.0,0.0,0.0,0.0,0,1.0,0.0
2014-08-07,1000000.0,0.0,1000000.0,0.0,0.0,0.0,0,1.0,0.0
2014-08-08,1000000.0,0.0,1000000.0,0.0,0.0,0.0,0,1.0,0.0
2014-08-11,1000000.0,0.0,1000000.0,0.0,0.0,0.0,0,1.0,0.0
2014-08-12,1000000.0,0.0,1000000.0,0.0,0.0,0.0,0,1.0,0.0
2014-08-13,1000000.0,0.0,1000000.0,0.0,0.0,0.0,0,1.0,0.0
2014-08-14,1000000.0,0.0,1000000.0,0.0,0.0,0.0,0,1.0,0.0
2014-08-15,1000000.0,0.0,1000000.0,0.0,0.0,0.0,0,1.0,0.0
2014-08-18,1000000.0,0.0,1000000.0,0.0,0.0,0.0,0,1.0,0.0
2014-08-19,1000000.0,0.0,1000000.0,0.0,0.0,0.0,0,1.0,0.0
2014-08-20,1000000.0,0.0,1000000.0,0.0,0.0,0.0,0,1.0,0.0
2014-08-21,1000000.0,0.0,1000000.0,0.0,0.0,0.0,0,1.0,0.0
2014-08-22,1000000.0,0.0,1000000.0,0.0,0.0,0.0,0,1.0,0.0
2014-08-25,1000000.0,0.0,1000000.0,0.0,0.0,0.0,0,1.0,0.0
2014-08-26,1000000.0,0.0,1000000.0,0.0,0.0,0.0,0,1.0,0.0
2014-08-27,1000000.0,0.0,1000000.0,0.0,0.0,0.0,0,1.0,0.0
2014-08-28,1000000.0,0.0,1000000.0,0.0,0.0,0.0,0,1.0,0.0
2014-08-29,1000000.0,0.0,1000000.0,0.0,0.0,0.0,0,1.0,0.0
2014-09-02,1000000.0,0.0,1000000.0,0.0,0.0,0.0,0,1.0,0.0
2014-09-03,1000000.0,0.0,1000000.0,0.0,0.0,0.0,0,1.0,0.0
2014-09-04,1000000.0,0.0,1000000.0,0.0,0.0,0.0,0,1.0,0.0
2014-09-05,1000000.0,0.0,1000000.0,0.0,0.0,0.0,0,1.0,0.0
2014-09-08,1000000.0,0.0,1000000.0,0.0,0.0,0.0,0,1.0,0.0
2014-09-09,1000000.0,0.0,1000000.0,0.0,0.0,0.0,0,1.0,0.0
2014-09-10,1000000.0,0.0,1000000.0,0.0,0.0,0.0,0,1.0,0.0
2014-09-11,1000000.0,0.0,1000000.0,0.0,0.0,0.0,0,1.0,0.0
2014-09-12,1000000.0,0.0,1000000.0,0.0,0.0,0.0,0,1.0,0.0
2014-09-15,1000000.0,0.0,1000000.0,0.0,0.0,0.0,0,1.0,0.0
2014-09-16,1000000.0,0.0,1000000.0,0.0,0.0,0.0,0,1.0,0.0
2014-09-17,1000000.0,0.0,1000000.0,0.0,0.0,0.0,0,1.0,0.0
2014-09-18,1000000.0,0.0,1000000.0,0.0,0.0,0.0,0,1.0,0.0
2014-09-19,1000000.0,0.0,1000000.0,0.0,0.0,0.0,0,1.0,0.0
2014-09-22,1000000.0,0.0,1000000.0,0.0,0.0,0.0,0,1.0,0.0
2014-09-23,1000000.0,0.0,1000000.0,0.0,0.0,0.0,0,1.0,0.0
2014-09-24,1000000.0,0.0,1000000.0,0.0,0.0,0.0,0,1.0,0.0
2014-09-25,1000000.0,0.0,1000000.0,0.0,0.0,0.0,0,1.0,0.0
2014-09-26,1000000.0,0.0,1000000.0,0.0,0.0,0.0,0,1.0,0.0
2014-09-29,1000000.0,0.0,1000000.0,0.0,0.0,0.0,0,1.0,0.0
2014-09-30,1000000.0,0.0,1000000.0,0.0,0.0,0.0,0,1.0,0.0
2014-10-01,1000000.0,0.0,1000000.0,0.0,0.0,0.0,0,1.0,0.0
2014-10-02,1000000.0,0.0,1000000.0,0.0,0.0,0.0,0,1.0,0.0
2014-10-03,1000000.0,0.0,1000000.0,0.0,0.0,0.0,0,1.0,0.0
2014-10-06,1000000.0,0.0,1000000.0,0.0,0.0,0.0,0,1.0,0.0
2014-10-07,1000000.0,0.0,1000000.0,0.0,0.0,0.0,0,1.0,0.0
2014-10-08,1000000.0,0.0,1000000.0,0.0,0.0,0.0,0,1.0,0.0
2014-10-09,1000000.0,0.0,1000000.0,0.0,0.0,0.0,0,1.0,0.0
2014-10-10,1000000.0,0.0,1000000.0,0.0,0.0,0.0,0,1.0,0.0
2014-10-13,1000000.0,0.0,1000000.0,0.0,0.0,0.0,0,1.0,0.0
2014-10-14,1000000.0,0.0,1000000.0,0.0,0.0,0.0,0,1.0,0.0
2014-10-15,1000000.0,0.0,1000000.0,0.0,0.0,0.0,0,1.0,0.0
2014-10-16,1000000.0,0.0,1000000.0,0.0,0.0,0.0,0,1.0,0.0
2014-10-17,1000000.0,0.0,1000000.0,0.0,0.0,0.0,0,1.0,0.0
2014-10-20,1000000.0,0.0,1000000.0,0.0,0.0,0.0,0,1.0,0.0
2014-10-21,1000000.0,0.0,1000000.0,0.0,0.0,0.0,0,1.0,0.0
2014-10-22,1000000.0,0.0,1000000.0,0.0,0.0,0.0,0,1.0,0.0
2014-10-23,1000000.0,0.0,1000000.0,0.0,0.0,0.0,0,1.0,0.0
2014-10-24,1000000.0,0.0,1000000.0,0.0,0.0,0.0,0,1.0,0.0
2014-10-27,1000000.0,0.0,1000000.0,0.0,0.0,0.0,0,1.0,0.0
2014-10-28,1000000.0,0.0,1000000.0,0.0,0.0,0.0,0,1.0,0.0
2014-10-29,1000000.0,0.0,1000000.0,0.0,0.0,0.0,0,1.0,0.0
2014-10-30,1000000.0,0.0,1000000.0,0.0,0.0,0.0,0,1.0,0.0
2014-10-31,1000000.0,0.0,1000000.0,0.0,0.0,0.0,0,1.0,0.0
2014-11-03,1000000.0,0.0,1000000.0,0.0,0.0,0.0,0,1.0,0.0
2014-11-04,1000000.0,0.0,1000000.0,0.0,0.0,0.0,0,1.0,0.0
2014-11-05,1000000.0,0.0,1000000.0,0.0,0.0,0.0,0,1.0,0.0
2014-11-06,1000000.0,0.0,1000000.0,0.0,0.0,0.0,0,1.0,0.0
2014-11-07,1000000.0,0.0,1000000.0,0.0,0.0,0.0,0,1.0,0.0
2014-11-10,1000000.0,0.0,1000000.0,0.0,0.0,0.0,0,1.0,0.0
2014-11-11,1000000.0,0.0,1000000.0,0.0,0.0,0.0,0,1.0,0.0
2014-11-12,1000000.0,0.0,1000000.0,0.0,0.0,0.0,0,1.0,0.0
2014-11-13,1000000.0,0.0,1000000.0,0.0,0.0,0.0,0,1.0,0.0
2014-11-14,1000000.0,0.0,1000000.0,0.0,0.0,0.0,0,1.0,0.0
2014-11-17,1000000.0,0.0,1000000.0,0.0,0.0,0.0,0,1.0,0.0
2014-11-18,1000000.0,0.0,1000000.0,0.0,0.0,0.0,0,1.0,0.0
2014-11-19,1000000.0,0.0,1000000.0,0.0,0.0,0.0,0,1.0,0.0
2014-11-20,1000000.0,0.0,1000000.0,0.0,0.0,0.0,0,1.0,0.0
2014-11-21,1000000.0,0.0,1000000.0,0.0,0.0,0.0,0,1.0,0.0
2014-11-24,1000000.0,0.0,1000000.0,0.0,0.0,0.0,0,1.0,0.0
2014-11-25,1000000.0,0.0,1000000.0,0.0,0.0,0.0,0,1.0,0.0
2014-11-26,1000000.0,0.0,1000000.0,0.0,0.0,0.0,0,1.0,0.0
2014-11-28,1000000.0,0.0,1000000.0,0.0,0.0,0.0,0,1.0,0.0
2014-12-01,1000000.0,0.0,1000000.0,0.0,0.0,0.0,0,1.0,0.0
2014-12-02,1000000.0,0.0,1000000.0,0.0,0.0,0.0,0,1.0,0.0
2014-12-03,1000000.0,0.0,1000000.0,0.0,0.0,0.0,0,1.0,0.0
2014-12-04,1000000.0,0.0,1000000.0,0.0,0.0,0.0,0,1.0,0.0
2014-12-05,1000000.0,0.0,1000000.0,0.0,0.0,0.0,0,1.0,0.0
2014-12-08,1000000.0,0.0,1000000.0,0.0,0.0,0.0,0,1.0,0.0
2014-12-09,1000000.0,0.0,1000000.0,0.0,0.0,0.0,0,1.0,0.0
2014-12-10,1000000.0,0.0,1000000.0,0.0,0.0,0.0,0,1.0,0.0
2014-12-11,1000000.0,0.0,1000000.0,0.0,0.0,0.0,0,1.0,0.0
2014-12-12,1000000.0,0.0,1000000.0,0.0,0.0,0.0,0,1.0,0.0
2014-12-15,1000000.0,0.0,1000000.0,0.0,0.0,0.0,0,1.0,0.0
2014-12-16,1000000.0,0.0,1000000.0,0.0,0.0,0.0,0,1.0,0.0
2014-12-17,1000000.0,0.0,1000000.0,0.0,0.0,0.0,0,1.0,0.0
2014-12-18,1000000.0,0.0,1000000.0,0.0,0.0,0.0,0,1.0,0.0
2014-12-19,999942.2673488503,-5.773265114972226e-05,994273.8952230675,25000.0,44331.627874217185,5668.372125782823,3,1.0,0.0
2014-12-22,999842.5317359478,-9.974137123625049e-05,994272.3074096898,24990.778449442165,44411.33257262627,5570.224326258059,3,1.0,1.5878133777591112
2014-12-23,999540.5065229955,-0.00030207277982852165,994271.7757038958,24715.49467287115,44162.258526642574,5268.730819099732,3,1.0,0.5317057939270118
2014-12-24,999679.1723893726,0.00013872961172878284,994271.2432805186,24856.565175500014,44305.201242146,5407.929108854025,3,1.0,0.5324233772422017
2014-12-26,999567.6036814421,-0.00011160451374003788,994270.1783312473,24808.777821615255,44320.130293035705,5297.425350194804,3,1.0,1.0649492712742497
2014-12-29,999426.1949005184,-0.00014146995201014256,999426.1949005184,0.0,0.0,0.0,0,1.0,1.6025751516567108
2014-12-30,999426.1949005184,0.0,999426.1949005184,0.0,0.0,0.0,0,1.0,0.0
2014-12-31,999426.1949005184,0.0,999426.1949005184,0.0,0.0,0.0,0,1.0,0.0
2015-01-02,999426.1949005184,0.0,999426.1949005184,0.0,0.0,0.0,0,1.0,0.0
2015-01-05,999426.1949005184,0.0,999426.1949005184,0.0,0.0,0.0,0,1.0,0.0
2015-01-06,999426.1949005184,0.0,999426.1949005184,0.0,0.0,0.0,0,1.0,0.0
2015-01-07,999426.1949005184,0.0,999426.1949005184,0.0,0.0,0.0,0,1.0,0.0
2015-01-08,999426.1949005184,0.0,999426.1949005184,0.0,0.0,0.0,0,1.0,0.0
2015-01-09,999426.1949005184,0.0,999426.1949005184,0.0,0.0,0.0,0,1.0,0.0
2015-01-12,999426.1949005184,0.0,999426.1949005184,0.0,0.0,0.0,0,1.0,0.0
2015-01-13,999426.1949005184,0.0,999426.1949005184,0.0,0.0,0.0,0,1.0,0.0
2015-01-14,999426.1949005184,0.0,999426.1949005184,0.0,0.0,0.0,0,1.0,0.0
2015-01-15,999426.1949005184,0.0,999426.1949005184,0.0,0.0,0.0,0,1.0,0.0
2015-01-16,999426.1949005184,0.0,999426.1949005184,0.0,0.0,0.0,0,1.0,0.0
2015-01-20,999426.1949005184,0.0,999426.1949005184,0.0,0.0,0.0,0,1.0,0.0
2015-01-21,999426.1949005184,0.0,999426.1949005184,0.0,0.0,0.0,0,1.0,0.0
2015-01-22,999426.1949005184,0.0,999426.1949005184,0.0,0.0,0.0,0,1.0,0.0
2015-01-23,999426.1949005184,0.0,999426.1949005184,0.0,0.0,0.0,0,1.0,0.0
2015-01-26,999426.1949005184,0.0,999426.1949005184,0.0,0.0,0.0,0,1.0,0.0
2015-01-27,999426.1949005184,0.0,999426.1949005184,0.0,0.0,0.0,0,1.0,0.0
2015-01-28,999426.1949005184,0.0,999426.1949005184,0.0,0.0,0.0,0,1.0,0.0
2015-01-29,999426.1949005184,0.0,999426.1949005184,0.0,0.0,0.0,0,1.0,0.0
2015-01-30,999426.1949005184,0.0,999426.1949005184,0.0,0.0,0.0,0,1.0,0.0
2015-02-02,999426.1949005184,0.0,999426.1949005184,0.0,0.0,0.0,0,1.0,0.0
2015-02-03,999426.1949005184,0.0,999426.1949005184,0.0,0.0,0.0,0,1.0,0.0
2015-02-04,999426.1949005184,0.0,999426.1949005184,0.0,0.0,0.0,0,1.0,0.0
2015-02-05,999426.1949005184,0.0,999426.1949005184,0.0,0.0,0.0,0,1.0,0.0
2015-02-06,999426.1949005184,0.0,999426.1949005184,0.0,0.0,0.0,0,1.0,0.0
2015-02-09,999426.1949005184,0.0,999426.1949005184,0.0,0.0,0.0,0,1.0,0.0
2015-02-10,999426.1949005184,0.0,999426.1949005184,0.0,0.0,0.0,0,1.0,0.0
2015-02-11,999426.1949005184,0.0,999426.1949005184,0.0,0.0,0.0,0,1.0,0.0
2015-02-12,999426.1949005184,0.0,999426.1949005184,0.0,0.0,0.0,0,1.0,0.0
2015-02-13,999426.1949005184,0.0,999426.1949005184,0.0,0.0,0.0,0,1.0,0.0
2015-02-17,999426.1949005184,0.0,999426.1949005184,0.0,0.0,0.0,0,1.0,0.0
2015-02-18,999426.1949005184,0.0,999426.1949005184,0.0,0.0,0.0,0,1.0,0.0
2015-02-19,999426.1949005184,0.0,999426.1949005184,0.0,0.0,0.0,0,1.0,0.0
2015-02-20,999426.1949005184,0.0,999426.1949005184,0.0,0.0,0.0,0,1.0,0.0
2015-02-23,999426.1949005184,0.0,999426.1949005184,0.0,0.0,0.0,0,1.0,0.0
2015-02-24,999426.1949005184,0.0,999426.1949005184,0.0,0.0,0.0,0,1.0,0.0
2015-02-25,999426.1949005184,0.0,999426.1949005184,0.0,0.0,0.0,0,1.0,0.0
2015-02-26,999426.1949005184,0.0,999426.1949005184,0.0,0.0,0.0,0,1.0,0.0
2015-02-27,999426.1949005184,0.0,999426.1949005184,0.0,0.0,0.0,0,1.0,0.0
2015-03-02,999426.1949005184,0.0,999426.1949005184,0.0,0.0,0.0,0,1.0,0.0
2015-03-03,999426.1949005184,0.0,999426.1949005184,0.0,0.0,0.0,0,1.0,0.0
2015-03-04,999426.1949005184,0.0,999426.1949005184,0.0,0.0,0.0,0,1.0,0.0
2015-03-05,999426.1949005184,0.0,999426.1949005184,0.0,0.0,0.0,0,1.0,0.0
2015-03-06,999426.1949005184,0.0,999426.1949005184,0.0,0.0,0.0,0,1.0,0.0
2015-03-09,999426.1949005184,0.0,999426.1949005184,0.0,0.0,0.0,0,1.0,0.0
2015-03-10,999426.1949005184,0.0,999426.1949005184,0.0,0.0,0.0,0,1.0,0.0
2015-03-11,999426.1949005184,0.0,999426.1949005184,0.0,0.0,0.0,0,1.0,0.0
2015-03-12,999426.1949005184,0.0,999426.1949005184,0.0,0.0,0.0,0,1.0,0.0
2015-03-13,999426.1949005184,0.0,999426.1949005184,0.0,0.0,0.0,0,1.0,0.0
2015-03-16,999426.1949005184,0.0,999426.1949005184,0.0,0.0,0.0,0,1.0,0.0
2015-03-17,999426.1949005184,0.0,999426.1949005184,0.0,0.0,0.0,0,1.0,0.0
2015-03-18,999426.1949005184,0.0,999426.1949005184,0.0,0.0,0.0,0,1.0,0.0
2015-03-19,999426.1949005184,0.0,999426.1949005184,0.0,0.0,0.0,0,1.0,0.0
2015-03-20,999426.1949005184,0.0,999426.1949005184,0.0,0.0,0.0,0,1.0,0.0
2015-03-23,999426.1949005184,0.0,999426.1949005184,0.0,0.0,0.0,0,1.0,0.0
2015-03-24,999426.1949005184,0.0,999426.1949005184,0.0,0.0,0.0,0,1.0,0.0
2015-03-25,999426.1949005184,0.0,999426.1949005184,0.0,0.0,0.0,0,1.0,0.0
2015-03-26,999426.1949005184,0.0,999426.1949005184,0.0,0.0,0.0,0,1.0,0.0
2015-03-27,999426.1949005184,0.0,999426.1949005184,0.0,0.0,0.0,0,1.0,0.0
2015-03-30,999426.1949005184,0.0,999426.1949005184,0.0,0.0,0.0,0,1.0,0.0
2015-03-31,999426.1949005184,0.0,999426.1949005184,0.0,0.0,0.0,0,1.0,0.0
2015-04-01,999426.1949005184,0.0,999426.1949005184,0.0,0.0,0.0,0,1.0,0.0
2015-04-02,999426.1949005184,0.0,999426.1949005184,0.0,0.0,0.0,0,1.0,0.0
2015-04-06,999426.1949005184,0.0,999426.1949005184,0.0,0.0,0.0,0,1.0,0.0
2015-04-07,999426.1949005184,0.0,999426.1949005184,0.0,0.0,0.0,0,1.0,0.0
2015-04-08,999426.1949005184,0.0,999426.1949005184,0.0,0.0,0.0,0,1.0,0.0
2015-04-09,999426.1949005184,0.0,999426.1949005184,0.0,0.0,0.0,0,1.0,0.0
2015-04-10,999426.1949005184,0.0,999426.1949005184,0.0,0.0,0.0,0,1.0,0.0
2015-04-13,999426.1949005184,0.0,999426.1949005184,0.0,0.0,0.0,0,1.0,0.0
2015-04-14,999426.1949005184,0.0,999426.1949005184,0.0,0.0,0.0,0,1.0,0.0
2015-04-15,999426.1949005184,0.0,999426.1949005184,0.0,0.0,0.0,0,1.0,0.0
2015-04-16,999426.1949005184,0.0,999426.1949005184,0.0,0.0,0.0,0,1.0,0.0
2015-04-17,999426.1949005184,0.0,999426.1949005184,0.0,0.0,0.0,0,1.0,0.0
2015-04-20,999426.1949005184,0.0,999426.1949005184,0.0,0.0,0.0,0,1.0,0.0
2015-04-21,999426.1949005184,0.0,999426.1949005184,0.0,0.0,0.0,0,1.0,0.0
2015-04-22,999426.1949005184,0.0,999426.1949005184,0.0,0.0,0.0,0,1.0,0.0
2015-04-23,999426.1949005184,0.0,999426.1949005184,0.0,0.0,0.0,0,1.0,0.0
2015-04-24,999426.1949005184,0.0,999426.1949005184,0.0,0.0,0.0,0,1.0,0.0
2015-04-27,999426.1949005184,0.0,999426.1949005184,0.0,0.0,0.0,0,1.0,0.0
2015-04-28,999426.1949005184,0.0,999426.1949005184,0.0,0.0,0.0,0,1.0,0.0
2015-04-29,999426.1949005184,0.0,999426.1949005184,0.0,0.0,0.0,0,1.0,0.0
2015-04-30,999426.1949005184,0.0,999426.1949005184,0.0,0.0,0.0,0,1.0,0.0
2015-05-01,999426.1949005184,0.0,999426.1949005184,0.0,0.0,0.0,0,1.0,0.0
2015-05-04,999426.1949005184,0.0,999426.1949005184,0.0,0.0,0.0,0,1.0,0.0
2015-05-05,999426.1949005184,0.0,999426.1949005184,0.0,0.0,0.0,0,1.0,0.0
2015-05-06,999426.1949005184,0.0,999426.1949005184,0.0,0.0,0.0,0,1.0,0.0
2015-05-07,999426.1949005184,0.0,999426.1949005184,0.0,0.0,0.0,0,1.0,0.0
2015-05-08,999426.1949005184,0.0,999426.1949005184,0.0,0.0,0.0,0,1.0,0.0
2015-05-11,999426.1949005184,0.0,999426.1949005184,0.0,0.0,0.0,0,1.0,0.0
2015-05-12,999426.1949005184,0.0,999426.1949005184,0.0,0.0,0.0,0,1.0,0.0
2015-05-13,999426.1949005184,0.0,999426.1949005184,0.0,0.0,0.0,0,1.0,0.0
2015-05-14,999426.1949005184,0.0,999426.1949005184,0.0,0.0,0.0,0,1.0,0.0
2015-05-15,999426.1949005184,0.0,999426.1949005184,0.0,0.0,0.0,0,1.0,0.0
2015-05-18,999426.1949005184,0.0,999426.1949005184,0.0,0.0,0.0,0,1.0,0.0
2015-05-19,999426.1949005184,0.0,999426.1949005184,0.0,0.0,0.0,0,1.0,0.0
2015-05-20,999426.1949005184,0.0,999426.1949005184,0.0,0.0,0.0,0,1.0,0.0
2015-05-21,999426.1949005184,0.0,999426.1949005184,0.0,0.0,0.0,0,1.0,0.0
2015-05-22,999426.1949005184,0.0,999426.1949005184,0.0,0.0,0.0,0,1.0,0.0
2015-05-26,999426.1949005184,0.0,999426.1949005184,0.0,0.0,0.0,0,1.0,0.0
2015-05-27,999426.1949005184,0.0,999426.1949005184,0.0,0.0,0.0,0,1.0,0.0
2015-05-28,999426.1949005184,0.0,999426.1949005184,0.0,0.0,0.0,0,1.0,0.0
2015-05-29,999426.1949005184,0.0,999426.1949005184,0.0,0.0,0.0,0,1.0,0.0
2015-06-01,999426.1949005184,0.0,999426.1949005184,0.0,0.0,0.0,0,1.0,0.0
2015-06-02,999426.1949005184,0.0,999426.1949005184,0.0,0.0,0.0,0,1.0,0.0
2015-06-03,999426.1949005184,0.0,999426.1949005184,0.0,0.0,0.0,0,1.0,0.0
2015-06-04,999426.1949005184,0.0,999426.1949005184,0.0,0.0,0.0,0,1.0,0.0
2015-06-05,999426.1949005184,0.0,999426.1949005184,0.0,0.0,0.0,0,1.0,0.0
2015-06-08,999426.1949005184,0.0,999426.1949005184,0.0,0.0,0.0,0,1.0,0.0
2015-06-09,999426.1949005184,0.0,999426.1949005184,0.0,0.0,0.0,0,1.0,0.0
2015-06-10,999426.1949005184,0.0,999426.1949005184,0.0,0.0,0.0,0,1.0,0.0
2015-06-11,999426.1949005184,0.0,999426.1949005184,0.0,0.0,0.0,0,1.0,0.0
2015-06-12,999426.1949005184,0.0,999426.1949005184,0.0,0.0,0.0,0,1.0,0.0
2015-06-15,999426.1949005184,0.0,999426.1949005184,0.0,0.0,0.0,0,1.0,0.0
2015-06-16,999426.1949005184,0.0,999426.1949005184,0.0,0.0,0.0,0,1.0,0.0
2015-06-17,999426.1949005184,0.0,999426.1949005184,0.0,0.0,0.0,0,1.0,0.0
2015-06-18,999426.1949005184,0.0,999426.1949005184,0.0,0.0,0.0,0,1.0,0.0
2015-06-19,999426.1949005184,0.0,999426.1949005184,0.0,0.0,0.0,0,1.0,0.0
2015-06-22,999426.1949005184,0.0,999426.1949005184,0.0,0.0,0.0,0,1.0,0.0
2015-06-23,999426.1949005184,0.0,999426.1949005184,0.0,0.0,0.0,0,1.0,0.0
2015-06-24,999426.1949005184,0.0,999426.1949005184,0.0,0.0,0.0,0,1.0,0.0
2015-06-25,999426.1949005184,0.0,999426.1949005184,0.0,0.0,0.0,0,1.0,0.0
2015-06-26,999426.1949005184,0.0,999426.1949005184,0.0,0.0,0.0,0,1.0,0.0
2015-06-29,999426.1949005184,0.0,999426.1949005184,0.0,0.0,0.0,0,1.0,0.0
2015-06-30,999426.1949005184,0.0,999426.1949005184,0.0,0.0,0.0,0,1.0,0.0
2015-07-01,999426.1949005184,0.0,999426.1949005184,0.0,0.0,0.0,0,1.0,0.0
2015-07-02,999426.1949005184,0.0,999426.1949005184,0.0,0.0,0.0,0,1.0,0.0
2015-07-06,999426.1949005184,0.0,999426.1949005184,0.0,0.0,0.0,0,1.0,0.0
2015-07-07,999426.1949005184,0.0,999426.1949005184,0.0,0.0,0.0,0,1.0,0.0
2015-07-08,999426.1949005184,0.0,999426.1949005184,0.0,0.0,0.0,0,1.0,0.0
2015-07-09,999426.1949005184,0.0,999426.1949005184,0.0,0.0,0.0,0,1.0,0.0
2015-07-10,999426.1949005184,0.0,999426.1949005184,0.0,0.0,0.0,0,1.0,0.0
2015-07-13,999426.1949005184,0.0,999426.1949005184,0.0,0.0,0.0,0,1.0,0.0
2015-07-14,999426.1949005184,0.0,999426.1949005184,0.0,0.0,0.0,0,1.0,0.0
2015-07-15,999426.1949005184,0.0,999426.1949005184,0.0,0.0,0.0,0,1.0,0.0
2015-07-16,999426.1949005184,0.0,999426.1949005184,0.0,0.0,0.0,0,1.0,0.0
2015-07-17,999426.1949005184,0.0,999426.1949005184,0.0,0.0,0.0,0,1.0,0.0
2015-07-20,999426.1949005184,0.0,999426.1949005184,0.0,0.0,0.0,0,1.0,0.0
2015-07-21,999426.1949005184,0.0,999426.1949005184,0.0,0.0,0.0,0,1.0,0.0
2015-07-22,999426.1949005184,0.0,999426.1949005184,0.0,0.0,0.0,0,1.0,0.0
2015-07-23,999426.1949005184,0.0,999426.1949005184,0.0,0.0,0.0,0,1.0,0.0
2015-07-24,999426.1949005184,0.0,999426.1949005184,0.0,0.0,0.0,0,1.0,0.0
2015-07-27,999426.1949005184,0.0,999426.1949005184,0.0,0.0,0.0,0,1.0,0.0
2015-07-28,999426.1949005184,0.0,999426.1949005184,0.0,0.0,0.0,0,1.0,0.0
2015-07-29,999426.1949005184,0.0,999426.1949005184,0.0,0.0,0.0,0,1.0,0.0
2015-07-30,999426.1949005184,0.0,999426.1949005184,0.0,0.0,0.0,0,1.0,0.0
2015-07-31,999426.1949005184,0.0,999426.1949005184,0.0,0.0,0.0,0,1.0,0.0
2015-08-03,999426.1949005184,0.0,999426.1949005184,0.0,0.0,0.0,0,1.0,0.0
2015-08-04,999426.1949005184,0.0,999426.1949005184,0.0,0.0,0.0,0,1.0,0.0
2015-08-05,999426.1949005184,0.0,999426.1949005184,0.0,0.0,0.0,0,1.0,0.0
2015-08-06,999426.1949005184,0.0,999426.1949005184,0.0,0.0,0.0,0,1.0,0.0
2015-08-07,999426.1949005184,0.0,999426.1949005184,0.0,0.0,0.0,0,1.0,0.0
2015-08-10,999426.1949005184,0.0,999426.1949005184,0.0,0.0,0.0,0,1.0,0.0
2015-08-11,999426.1949005184,0.0,999426.1949005184,0.0,0.0,0.0,0,1.0,0.0
2015-08-12,999426.1949005184,0.0,999426.1949005184,0.0,0.0,0.0,0,1.0,0.0
2015-08-13,999426.1949005184,0.0,999426.1949005184,0.0,0.0,0.0,0,1.0,0.0
2015-08-14,999426.1949005184,0.0,999426.1949005184,0.0,0.0,0.0,0,1.0,0.0
2015-08-17,999426.1949005184,0.0,999426.1949005184,0.0,0.0,0.0,0,1.0,0.0
2015-08-18,999426.1949005184,0.0,999426.1949005184,0.0,0.0,0.0,0,1.0,0.0
2015-08-19,999426.1949005184,0.0,999426.1949005184,0.0,0.0,0.0,0,1.0,0.0
2015-08-20,999426.1949005184,0.0,999426.1949005184,0.0,0.0,0.0,0,1.0,0.0
2015-08-21,999426.1949005184,0.0,999426.1949005184,0.0,0.0,0.0,0,1.0,0.0
2015-08-24,999426.1949005184,0.0,999426.1949005184,0.0,0.0,0.0,0,1.0,0.0
2015-08-25,999426.1949005184,0.0,999426.1949005184,0.0,0.0,0.0,0,1.0,0.0
2015-08-26,999426.1949005184,0.0,999426.1949005184,0.0,0.0,0.0,0,1.0,0.0
2015-08-27,999426.1949005184,0.0,999426.1949005184,0.0,0.0,0.0,0,1.0,0.0
2015-08-28,999426.1949005184,0.0,999426.1949005184,0.0,0.0,0.0,0,1.0,0.0
2015-08-31,999426.1949005184,0.0,999426.1949005184,0.0,0.0,0.0,0,1.0,0.0
2015-09-01,999426.1949005184,0.0,999426.1949005184,0.0,0.0,0.0,0,1.0,0.0
2015-09-02,999426.1949005184,0.0,999426.1949005184,0.0,0.0,0.0,0,1.0,0.0
2015-09-03,999426.1949005184,0.0,999426.1949005184,0.0,0.0,0.0,0,1.0,0.0
2015-09-04,999426.1949005184,0.0,999426.1949005184,0.0,0.0,0.0,0,1.0,0.0
2015-09-08,999426.1949005184,0.0,999426.1949005184,0.0,0.0,0.0,0,1.0,0.0
2015-09-09,999426.1949005184,0.0,999426.1949005184,0.0,0.0,0.0,0,1.0,0.0
2015-09-10,999426.1949005184,0.0,999426.1949005184,0.0,0.0,0.0,0,1.0,0.0
2015-09-11,999426.1949005184,0.0,999426.1949005184,0.0,0.0,0.0,0,1.0,0.0
2015-09-14,999426.1949005184,0.0,999426.1949005184,0.0,0.0,0.0,0,1.0,0.0
2015-09-15,999426.1949005184,0.0,999426.1949005184,0.0,0.0,0.0,0,1.0,0.0
2015-09-16,999426.1949005184,0.0,999426.1949005184,0.0,0.0,0.0,0,1.0,0.0
2015-09-17,999426.1949005184,0.0,999426.1949005184,0.0,0.0,0.0,0,1.0,0.0
2015-09-18,999426.1949005184,0.0,999426.1949005184,0.0,0.0,0.0,0,1.0,0.0
2015-09-21,999426.1949005184,0.0,999426.1949005184,0.0,0.0,0.0,0,1.0,0.0
2015-09-22,999426.1949005184,0.0,999426.1949005184,0.0,0.0,0.0,0,1.0,0.0
2015-09-23,999426.1949005184,0.0,999426.1949005184,0.0,0.0,0.0,0,1.0,0.0
2015-09-24,999426.1949005184,0.0,999426.1949005184,0.0,0.0,0.0,0,1.0,0.0
2015-09-25,999426.1949005184,0.0,999426.1949005184,0.0,0.0,0.0,0,1.0,0.0
2015-09-28,999426.1949005184,0.0,999426.1949005184,0.0,0.0,0.0,0,1.0,0.0
2015-09-29,999426.1949005184,0.0,999426.1949005184,0.0,0.0,0.0,0,1.0,0.0
2015-09-30,999426.1949005184,0.0,999426.1949005184,0.0,0.0,0.0,0,1.0,0.0
2015-10-01,999426.1949005184,0.0,999426.1949005184,0.0,0.0,0.0,0,1.0,0.0
2015-10-02,999426.1949005184,0.0,999426.1949005184,0.0,0.0,0.0,0,1.0,0.0
2015-10-05,999426.1949005184,0.0,999426.1949005184,0.0,0.0,0.0,0,1.0,0.0
2015-10-06,999426.1949005184,0.0,999426.1949005184,0.0,0.0,0.0,0,1.0,0.0
2015-10-07,999426.1949005184,0.0,999426.1949005184,0.0,0.0,0.0,0,1.0,0.0
2015-10-08,999426.1949005184,0.0,999426.1949005184,0.0,0.0,0.0,0,1.0,0.0
2015-10-09,999426.1949005184,0.0,999426.1949005184,0.0,0.0,0.0,0,1.0,0.0
2015-10-12,999426.1949005184,0.0,999426.1949005184,0.0,0.0,0.0,0,1.0,0.0
2015-10-13,999426.1949005184,0.0,999426.1949005184,0.0,0.0,0.0,0,1.0,0.0
2015-10-14,999426.1949005184,0.0,999426.1949005184,0.0,0.0,0.0,0,1.0,0.0
2015-10-15,999426.1949005184,0.0,999426.1949005184,0.0,0.0,0.0,0,1.0,0.0
2015-10-16,999426.1949005184,0.0,999426.1949005184,0.0,0.0,0.0,0,1.0,0.0
2015-10-19,999426.1949005184,0.0,999426.1949005184,0.0,0.0,0.0,0,1.0,0.0
2015-10-20,999426.1949005184,0.0,999426.1949005184,0.0,0.0,0.0,0,1.0,0.0
2015-10-21,999426.1949005184,0.0,999426.1949005184,0.0,0.0,0.0,0,1.0,0.0
2015-10-22,999426.1949005184,0.0,999426.1949005184,0.0,0.0,0.0,0,1.0,0.0
2015-10-23,999426.1949005184,0.0,999426.1949005184,0.0,0.0,0.0,0,1.0,0.0
2015-10-26,999426.1949005184,0.0,999426.1949005184,0.0,0.0,0.0,0,1.0,0.0
2015-10-27,999426.1949005184,0.0,999426.1949005184,0.0,0.0,0.0,0,1.0,0.0
2015-10-28,999426.1949005184,0.0,999426.1949005184,0.0,0.0,0.0,0,1.0,0.0
2015-10-29,999426.1949005184,0.0,999426.1949005184,0.0,0.0,0.0,0,1.0,0.0
2015-10-30,999426.1949005184,0.0,999426.1949005184,0.0,0.0,0.0,0,1.0,0.0
2015-11-02,999426.1949005184,0.0,999426.1949005184,0.0,0.0,0.0,0,1.0,0.0
2015-11-03,999426.1949005184,0.0,999426.1949005184,0.0,0.0,0.0,0,1.0,0.0
2015-11-04,999426.1949005184,0.0,999426.1949005184,0.0,0.0,0.0,0,1.0,0.0
2015-11-05,999426.1949005184,0.0,999426.1949005184,0.0,0.0,0.0,0,1.0,0.0
2015-11-06,999426.1949005184,0.0,999426.1949005184,0.0,0.0,0.0,0,1.0,0.0
2015-11-09,999426.1949005184,0.0,999426.1949005184,0.0,0.0,0.0,0,1.0,0.0
2015-11-10,999426.1949005184,0.0,999426.1949005184,0.0,0.0,0.0,0,1.0,0.0
2015-11-11,999426.1949005184,0.0,999426.1949005184,0.0,0.0,0.0,0,1.0,0.0
2015-11-12,999426.1949005184,0.0,999426.1949005184,0.0,0.0,0.0,0,1.0,0.0
2015-11-13,999426.1949005184,0.0,999426.1949005184,0.0,0.0,0.0,0,1.0,0.0
2015-11-16,999426.1949005184,0.0,999426.1949005184,0.0,0.0,0.0,0,1.0,0.0
2015-11-17,999426.1949005184,0.0,999426.1949005184,0.0,0.0,0.0,0,1.0,0.0
2015-11-18,999426.1949005184,0.0,999426.1949005184,0.0,0.0,0.0,0,1.0,0.0
2015-11-19,999426.1949005184,0.0,999426.1949005184,0.0,0.0,0.0,0,1.0,0.0
2015-11-20,999426.1949005184,0.0,999426.1949005184,0.0,0.0,0.0,0,1.0,0.0
2015-11-23,999426.1949005184,0.0,999426.1949005184,0.0,0.0,0.0,0,1.0,0.0
2015-11-24,999426.1949005184,0.0,999426.1949005184,0.0,0.0,0.0,0,1.0,0.0
2015-11-25,999426.1949005184,0.0,999426.1949005184,0.0,0.0,0.0,0,1.0,0.0
2015-11-27,999426.1949005184,0.0,999426.1949005184,0.0,0.0,0.0,0,1.0,0.0
2015-11-30,999426.1949005184,0.0,999426.1949005184,0.0,0.0,0.0,0,1.0,0.0
2015-12-01,999426.1949005184,0.0,999426.1949005184,0.0,0.0,0.0,0,1.0,0.0
2015-12-02,999426.1949005184,0.0,999426.1949005184,0.0,0.0,0.0,0,1.0,0.0
2015-12-03,999426.1949005184,0.0,999426.1949005184,0.0,0.0,0.0,0,1.0,0.0
2015-12-04,999426.1949005184,0.0,999426.1949005184,0.0,0.0,0.0,0,1.0,0.0
2015-12-07,999426.1949005184,0.0,999426.1949005184,0.0,0.0,0.0,0,1.0,0.0
2015-12-08,999426.1949005184,0.0,999426.1949005184,0.0,0.0,0.0,0,1.0,0.0
2015-12-09,999426.1949005184,0.0,999426.1949005184,0.0,0.0,0.0,0,1.0,0.0
2015-12-10,999426.1949005184,0.0,999426.1949005184,0.0,0.0,0.0,0,1.0,0.0
2015-12-11,999426.1949005184,0.0,999426.1949005184,0.0,0.0,0.0,0,1.0,0.0
2015-12-14,999426.1949005184,0.0,999426.1949005184,0.0,0.0,0.0,0,1.0,0.0
2015-12-15,999426.1949005184,0.0,999426.1949005184,0.0,0.0,0.0,0,1.0,0.0
2015-12-16,999426.1949005184,0.0,999426.1949005184,0.0,0.0,0.0,0,1.0,0.0
2015-12-17,999426.1949005184,0.0,999426.1949005184,0.0,0.0,0.0,0,1.0,0.0
2015-12-18,999426.1949005184,0.0,999426.1949005184,0.0,0.0,0.0,0,1.0,0.0
2015-12-21,999426.1949005184,0.0,999426.1949005184,0.0,0.0,0.0,0,1.0,0.0
2015-12-22,999426.1949005184,0.0,999426.1949005184,0.0,0.0,0.0,0,1.0,0.0
2015-12-23,999426.1949005184,0.0,999426.1949005184,0.0,0.0,0.0,0,1.0,0.0
2015-12-24,999426.1949005184,0.0,999426.1949005184,0.0,0.0,0.0,0,1.0,0.0
2015-12-28,999426.1949005184,0.0,999426.1949005184,0.0,0.0,0.0,0,1.0,0.0
2015-12-29,999426.1949005184,0.0,999426.1949005184,0.0,0.0,0.0,0,1.0,0.0
2015-12-30,999426.1949005184,0.0,999426.1949005184,0.0,0.0,0.0,0,1.0,0.0
2015-12-31,999426.1949005184,0.0,999426.1949005184,0.0,0.0,0.0,0,1.0,0.0
2016-01-04,999426.1949005184,0.0,999426.1949005184,0.0,0.0,0.0,0,1.0,0.0
2016-01-05,999426.1949005184,0.0,999426.1949005184,0.0,0.0,0.0,0,1.0,0.0
2016-01-06,999426.1949005184,0.0,999426.1949005184,0.0,0.0,0.0,0,1.0,0.0
2016-01-07,999426.1949005184,0.0,999426.1949005184,0.0,0.0,0.0,0,1.0,0.0
2016-01-08,999426.1949005184,0.0,999426.1949005184,0.0,0.0,0.0,0,1.0,0.0
2016-01-11,999426.1949005184,0.0,999426.1949005184,0.0,0.0,0.0,0,1.0,0.0
2016-01-12,999426.1949005184,0.0,999426.1949005184,0.0,0.0,0.0,0,1.0,0.0
2016-01-13,999426.1949005184,0.0,999426.1949005184,0.0,0.0,0.0,0,1.0,0.0
2016-01-14,999426.1949005184,0.0,999426.1949005184,0.0,0.0,0.0,0,1.0,0.0
2016-01-15,999426.1949005184,0.0,999426.1949005184,0.0,0.0,0.0,0,1.0,0.0
2016-01-19,999426.1949005184,0.0,999426.1949005184,0.0,0.0,0.0,0,1.0,0.0
2016-01-20,999426.1949005184,0.0,999426.1949005184,0.0,0.0,0.0,0,1.0,0.0
2016-01-21,999426.1949005184,0.0,999426.1949005184,0.0,0.0,0.0,0,1.0,0.0
2016-01-22,999426.1949005184,0.0,999426.1949005184,0.0,0.0,0.0,0,1.0,0.0
2016-01-25,999426.1949005184,0.0,999426.1949005184,0.0,0.0,0.0,0,1.0,0.0
2016-01-26,999426.1949005184,0.0,999426.1949005184,0.0,0.0,0.0,0,1.0,0.0
2016-01-27,999426.1949005184,0.0,999426.1949005184,0.0,0.0,0.0,0,1.0,0.0
2016-01-28,999426.1949005184,0.0,999426.1949005184,0.0,0.0,0.0,0,1.0,0.0
2016-01-29,999426.1949005184,0.0,999426.1949005184,0.0,0.0,0.0,0,1.0,0.0
2016-02-01,999426.1949005184,0.0,999426.1949005184,0.0,0.0,0.0,0,1.0,0.0
2016-02-02,999426.1949005184,0.0,999426.1949005184,0.0,0.0,0.0,0,1.0,0.0
2016-02-03,999426.1949005184,0.0,999426.1949005184,0.0,0.0,0.0,0,1.0,0.0
2016-02-04,999426.1949005184,0.0,999426.1949005184,0.0,0.0,0.0,0,1.0,0.0
2016-02-05,999426.1949005184,0.0,999426.1949005184,0.0,0.0,0.0,0,1.0,0.0
2016-02-08,999426.1949005184,0.0,999426.1949005184,0.0,0.0,0.0,0,1.0,0.0
2016-02-09,999426.1949005184,0.0,999426.1949005184,0.0,0.0,0.0,0,1.0,0.0
2016-02-10,999426.1949005184,0.0,999426.1949005184,0.0,0.0,0.0,0,1.0,0.0
2016-02-11,999426.1949005184,0.0,999426.1949005184,0.0,0.0,0.0,0,1.0,0.0
2016-02-12,999426.1949005184,0.0,999426.1949005184,0.0,0.0,0.0,0,1.0,0.0
2016-02-16,999426.1949005184,0.0,999426.1949005184,0.0,0.0,0.0,0,1.0,0.0
2016-02-17,999426.1949005184,0.0,999426.1949005184,0.0,0.0,0.0,0,1.0,0.0
2016-02-18,999426.1949005184,0.0,999426.1949005184,0.0,0.0,0.0,0,1.0,0.0
2016-02-19,999426.1949005184,0.0,999426.1949005184,0.0,0.0,0.0,0,1.0,0.0
2016-02-22,999426.1949005184,0.0,999426.1949005184,0.0,0.0,0.0,0,1.0,0.0
2016-02-23,999426.1949005184,0.0,999426.1949005184,0.0,0.0,0.0,0,1.0,0.0
2016-02-24,999426.1949005184,0.0,999426.1949005184,0.0,0.0,0.0,0,1.0,0.0
2016-02-25,999426.1949005184,0.0,999426.1949005184,0.0,0.0,0.0,0,1.0,0.0
2016-02-26,999426.1949005184,0.0,999426.1949005184,0.0,0.0,0.0,0,1.0,0.0
2016-02-29,999426.1949005184,0.0,999426.1949005184,0.0,0.0,0.0,0,1.0,0.0
2016-03-01,999426.1949005184,0.0,999426.1949005184,0.0,0.0,0.0,0,1.0,0.0
2016-03-02,999426.1949005184,0.0,999426.1949005184,0.0,0.0,0.0,0,1.0,0.0
2016-03-03,999426.1949005184,0.0,999426.1949005184,0.0,0.0,0.0,0,1.0,0.0
2016-03-04,999426.1949005184,0.0,999426.1949005184,0.0,0.0,0.0,0,1.0,0.0
2016-03-07,999426.1949005184,0.0,999426.1949005184,0.0,0.0,0.0,0,1.0,0.0
2016-03-08,999426.1949005184,0.0,999426.1949005184,0.0,0.0,0.0,0,1.0,0.0
2016-03-09,999426.1949005184,0.0,999426.1949005184,0.0,0.0,0.0,0,1.0,0.0
2016-03-10,999426.1949005184,0.0,999426.1949005184,0.0,0.0,0.0,0,1.0,0.0
2016-03-11,999426.1949005184,0.0,999426.1949005184,0.0,0.0,0.0,0,1.0,0.0
2016-03-14,999426.1949005184,0.0,999426.1949005184,0.0,0.0,0.0,0,1.0,0.0
2016-03-15,999426.1949005184,0.0,999426.1949005184,0.0,0.0,0.0,0,1.0,0.0
2016-03-16,999426.1949005184,0.0,999426.1949005184,0.0,0.0,0.0,0,1.0,0.0
2016-03-17,999426.1949005184,0.0,999426.1949005184,0.0,0.0,0.0,0,1.0,0.0
2016-03-18,999426.1949005184,0.0,999426.1949005184,0.0,0.0,0.0,0,1.0,0.0
2016-03-21,999426.1949005184,0.0,999426.1949005184,0.0,0.0,0.0,0,1.0,0.0
2016-03-22,999426.1949005184,0.0,999426.1949005184,0.0,0.0,0.0,0,1.0,0.0
2016-03-23,999426.1949005184,0.0,999426.1949005184,0.0,0.0,0.0,0,1.0,0.0
2016-03-24,999426.1949005184,0.0,999426.1949005184,0.0,0.0,0.0,0,1.0,0.0
2016-03-28,999426.1949005184,0.0,999426.1949005184,0.0,0.0,0.0,0,1.0,0.0
2016-03-29,999426.1949005184,0.0,999426.1949005184,0.0,0.0,0.0,0,1.0,0.0
2016-03-30,999426.1949005184,0.0,999426.1949005184,0.0,0.0,0.0,0,1.0,0.0
2016-03-31,999426.1949005184,0.0,999426.1949005184,0.0,0.0,0.0,0,1.0,0.0
2016-04-01,999426.1949005184,0.0,999426.1949005184,0.0,0.0,0.0,0,1.0,0.0
2016-04-04,999426.1949005184,0.0,999426.1949005184,0.0,0.0,0.0,0,1.0,0.0
2016-04-05,999329.8958525934,-9.63543365346542e-05,990220.9669393869,41642.75812085493,74176.58732850345,9108.928913206415,5,1.0,0.0
2016-04-06,1000002.8093495195,0.0006733647214187677,990220.0762116879,42671.999637435954,75561.26613704026,9782.733137831648,5,1.0,0.8907276990458183
2016-04-07,1000129.3576797318,0.00012654797469480172,990219.1757526462,42405.89884003111,74901.61575297655,9910.181927085656,5,1.0,0.9004590417413909
2016-04-08,999937.5774889363,-0.00019175538576376994,990218.2860684049,42302.51334934232,74885.73527815325,9719.29142053138,5,1.0,0.8896842412852963
2016-04-11,999542.8350488634,-0.0003947670824253624,990215.6098284108,41834.11135022589,74340.99747999912,9327.225220452663,5,1.0,2.676239994152849
2016-04-12,999296.7144935649,-0.00024623312445282153,999296.7144935649,0.0,0.0,0.0,0,1.0,0.889990037776132
2016-04-13,999296.7144935649,0.0,999296.7144935649,0.0,0.0,0.0,0,1.0,0.0
2016-04-14,999296.7144935649,0.0,999296.7144935649,0.0,0.0,0.0,0,1.0,0.0
2016-04-15,999296.7144935649,0.0,999296.7144935649,0.0,0.0,0.0,0,1.0,0.0
2016-04-18,999296.7144935649,0.0,999296.7144935649,0.0,0.0,0.0,0,1.0,0.0
2016-04-19,999296.7144935649,0.0,999296.7144935649,0.0,0.0,0.0,0,1.0,0.0
2016-04-20,999296.7144935649,0.0,999296.7144935649,0.0,0.0,0.0,0,1.0,0.0
2016-04-21,999296.7144935649,0.0,999296.7144935649,0.0,0.0,0.0,0,1.0,0.0
2016-04-22,999296.7144935649,0.0,999296.7144935649,0.0,0.0,0.0,0,1.0,0.0
2016-04-25,999296.7144935649,0.0,999296.7144935649,0.0,0.0,0.0,0,1.0,0.0
2016-04-26,999296.7144935649,0.0,999296.7144935649,0.0,0.0,0.0,0,1.0,0.0
2016-04-27,999296.7144935649,0.0,999296.7144935649,0.0,0.0,0.0,0,1.0,0.0
2016-04-28,999296.7144935649,0.0,999296.7144935649,0.0,0.0,0.0,0,1.0,0.0
2016-04-29,999296.7144935649,0.0,999296.7144935649,0.0,0.0,0.0,0,1.0,0.0
2016-05-02,999296.7144935649,0.0,999296.7144935649,0.0,0.0,0.0,0,1.0,0.0
2016-05-03,999296.7144935649,0.0,999296.7144935649,0.0,0.0,0.0,0,1.0,0.0
2016-05-04,999296.7144935649,0.0,999296.7144935649,0.0,0.0,0.0,0,1.0,0.0
2016-05-05,999296.7144935649,0.0,999296.7144935649,0.0,0.0,0.0,0,1.0,0.0
2016-05-06,999296.7144935649,0.0,999296.7144935649,0.0,0.0,0.0,0,1.0,0.0
2016-05-09,999296.7144935649,0.0,999296.7144935649,0.0,0.0,0.0,0,1.0,0.0
2016-05-10,999296.7144935649,0.0,999296.7144935649,0.0,0.0,0.0,0,1.0,0.0
2016-05-11,999296.7144935649,0.0,999296.7144935649,0.0,0.0,0.0,0,1.0,0.0
2016-05-12,999296.7144935649,0.0,999296.7144935649,0.0,0.0,0.0,0,1.0,0.0
2016-05-13,999296.7144935649,0.0,999296.7144935649,0.0,0.0,0.0,0,1.0,0.0
2016-05-16,999296.7144935649,0.0,999296.7144935649,0.0,0.0,0.0,0,1.0,0.0
2016-05-17,999296.7144935649,0.0,999296.7144935649,0.0,0.0,0.0,0,1.0,0.0
2016-05-18,999296.7144935649,0.0,999296.7144935649,0.0,0.0,0.0,0,1.0,0.0
2016-05-19,999296.7144935649,0.0,999296.7144935649,0.0,0.0,0.0,0,1.0,0.0
2016-05-20,999296.7144935649,0.0,999296.7144935649,0.0,0.0,0.0,0,1.0,0.0
2016-05-23,999296.7144935649,0.0,999296.7144935649,0.0,0.0,0.0,0,1.0,0.0
2016-05-24,999296.7144935649,0.0,999296.7144935649,0.0,0.0,0.0,0,1.0,0.0
2016-05-25,999296.7144935649,0.0,999296.7144935649,0.0,0.0,0.0,0,1.0,0.0
2016-05-26,999296.7144935649,0.0,999296.7144935649,0.0,0.0,0.0,0,1.0,0.0
2016-05-27,999296.7144935649,0.0,999296.7144935649,0.0,0.0,0.0,0,1.0,0.0
2016-05-31,999296.7144935649,0.0,999296.7144935649,0.0,0.0,0.0,0,1.0,0.0
2016-06-01,999296.7144935649,0.0,999296.7144935649,0.0,0.0,0.0,0,1.0,0.0
2016-06-02,999296.7144935649,0.0,999296.7144935649,0.0,0.0,0.0,0,1.0,0.0
2016-06-03,999296.7144935649,0.0,999296.7144935649,0.0,0.0,0.0,0,1.0,0.0
2016-06-06,999296.7144935649,0.0,999296.7144935649,0.0,0.0,0.0,0,1.0,0.0
2016-06-07,999296.7144935649,0.0,999296.7144935649,0.0,0.0,0.0,0,1.0,0.0
2016-06-08,999296.7144935649,0.0,999296.7144935649,0.0,0.0,0.0,0,1.0,0.0
2016-06-09,999296.7144935649,0.0,999296.7144935649,0.0,0.0,0.0,0,1.0,0.0
2016-06-10,999296.7144935649,0.0,999296.7144935649,0.0,0.0,0.0,0,1.0,0.0
2016-06-13,999296.7144935649,0.0,999296.7144935649,0.0,0.0,0.0,0,1.0,0.0
2016-06-14,999296.7144935649,0.0,999296.7144935649,0.0,0.0,0.0,0,1.0,0.0
2016-06-15,999296.7144935649,0.0,999296.7144935649,0.0,0.0,0.0,0,1.0,0.0
2016-06-16,999296.7144935649,0.0,999296.7144935649,0.0,0.0,0.0,0,1.0,0.0
2016-06-17,999296.7144935649,0.0,999296.7144935649,0.0,0.0,0.0,0,1.0,0.0
2016-06-20,999296.7144935649,0.0,999296.7144935649,0.0,0.0,0.0,0,1.0,0.0
2016-06-21,999296.7144935649,0.0,999296.7144935649,0.0,0.0,0.0,0,1.0,0.0
2016-06-22,999296.7144935649,0.0,999296.7144935649,0.0,0.0,0.0,0,1.0,0.0
2016-06-23,999296.7144935649,0.0,999296.7144935649,0.0,0.0,0.0,0,1.0,0.0
2016-06-24,999296.7144935649,0.0,999296.7144935649,0.0,0.0,0.0,0,1.0,0.0
2016-06-27,999296.7144935649,0.0,999296.7144935649,0.0,0.0,0.0,0,1.0,0.0
2016-06-28,999296.7144935649,0.0,999296.7144935649,0.0,0.0,0.0,0,1.0,0.0
2016-06-29,999296.7144935649,0.0,999296.7144935649,0.0,0.0,0.0,0,1.0,0.0
2016-06-30,999296.7144935649,0.0,999296.7144935649,0.0,0.0,0.0,0,1.0,0.0
2016-07-01,999296.7144935649,0.0,999296.7144935649,0.0,0.0,0.0,0,1.0,0.0
2016-07-05,999296.7144935649,0.0,999296.7144935649,0.0,0.0,0.0,0,1.0,0.0
2016-07-06,999296.7144935649,0.0,999296.7144935649,0.0,0.0,0.0,0,1.0,0.0
2016-07-07,999296.7144935649,0.0,999296.7144935649,0.0,0.0,0.0,0,1.0,0.0
2016-07-08,999296.7144935649,0.0,999296.7144935649,0.0,0.0,0.0,0,1.0,0.0
2016-07-11,999296.7144935649,0.0,999296.7144935649,0.0,0.0,0.0,0,1.0,0.0
2016-07-12,999296.7144935649,0.0,999296.7144935649,0.0,0.0,0.0,0,1.0,0.0
2016-07-13,999296.7144935649,0.0,999296.7144935649,0.0,0.0,0.0,0,1.0,0.0
2016-07-14,999296.7144935649,0.0,999296.7144935649,0.0,0.0,0.0,0,1.0,0.0
2016-07-15,999296.7144935649,0.0,999296.7144935649,0.0,0.0,0.0,0,1.0,0.0
2016-07-18,999296.7144935649,0.0,999296.7144935649,0.0,0.0,0.0,0,1.0,0.0
2016-07-19,999296.7144935649,0.0,999296.7144935649,0.0,0.0,0.0,0,1.0,0.0
2016-07-20,999296.7144935649,0.0,999296.7144935649,0.0,0.0,0.0,0,1.0,0.0
2016-07-21,999296.7144935649,0.0,999296.7144935649,0.0,0.0,0.0,0,1.0,0.0
2016-07-22,999296.7144935649,0.0,999296.7144935649,0.0,0.0,0.0,0,1.0,0.0
2016-07-25,999296.7144935649,0.0,999296.7144935649,0.0,0.0,0.0,0,1.0,0.0
2016-07-26,999296.7144935649,0.0,999296.7144935649,0.0,0.0,0.0,0,1.0,0.0
2016-07-27,999296.7144935649,0.0,999296.7144935649,0.0,0.0,0.0,0,1.0,0.0
2016-07-28,999296.7144935649,0.0,999296.7144935649,0.0,0.0,0.0,0,1.0,0.0
2016-07-29,999296.7144935649,0.0,999296.7144935649,0.0,0.0,0.0,0,1.0,0.0
2016-08-01,999296.7144935649,0.0,999296.7144935649,0.0,0.0,0.0,0,1.0,0.0
2016-08-02,999296.7144935649,0.0,999296.7144935649,0.0,0.0,0.0,0,1.0,0.0
2016-08-03,999296.7144935649,0.0,999296.7144935649,0.0,0.0,0.0,0,1.0,0.0
2016-08-04,999296.7144935649,0.0,999296.7144935649,0.0,0.0,0.0,0,1.0,0.0
2016-08-05,999296.7144935649,0.0,999296.7144935649,0.0,0.0,0.0,0,1.0,0.0
2016-08-08,999296.7144935649,0.0,999296.7144935649,0.0,0.0,0.0,0,1.0,0.0
2016-08-09,999296.7144935649,0.0,999296.7144935649,0.0,0.0,0.0,0,1.0,0.0
2016-08-10,999296.7144935649,0.0,999296.7144935649,0.0,0.0,0.0,0,1.0,0.0
2016-08-11,999296.7144935649,0.0,999296.7144935649,0.0,0.0,0.0,0,1.0,0.0
2016-08-12,999296.7144935649,0.0,999296.7144935649,0.0,0.0,0.0,0,1.0,0.0
2016-08-15,999296.7144935649,0.0,999296.7144935649,0.0,0.0,0.0,0,1.0,0.0
2016-08-16,999296.7144935649,0.0,999296.7144935649,0.0,0.0,0.0,0,1.0,0.0
2016-08-17,999296.7144935649,0.0,999296.7144935649,0.0,0.0,0.0,0,1.0,0.0
2016-08-18,999296.7144935649,0.0,999296.7144935649,0.0,0.0,0.0,0,1.0,0.0
2016-08-19,999296.7144935649,0.0,999296.7144935649,0.0,0.0,0.0,0,1.0,0.0
2016-08-22,999296.7144935649,0.0,999296.7144935649,0.0,0.0,0.0,0,1.0,0.0
2016-08-23,999296.7144935649,0.0,999296.7144935649,0.0,0.0,0.0,0,1.0,0.0
2016-08-24,999296.7144935649,0.0,999296.7144935649,0.0,0.0,0.0,0,1.0,0.0
2016-08-25,999296.7144935649,0.0,999296.7144935649,0.0,0.0,0.0,0,1.0,0.0
2016-08-26,999296.7144935649,0.0,999296.7144935649,0.0,0.0,0.0,0,1.0,0.0
2016-08-29,999296.7144935649,0.0,999296.7144935649,0.0,0.0,0.0,0,1.0,0.0
2016-08-30,999296.7144935649,0.0,999296.7144935649,0.0,0.0,0.0,0,1.0,0.0
2016-08-31,999296.7144935649,0.0,999296.7144935649,0.0,0.0,0.0,0,1.0,0.0
2016-09-01,999296.7144935649,0.0,999296.7144935649,0.0,0.0,0.0,0,1.0,0.0
2016-09-02,999296.7144935649,0.0,999296.7144935649,0.0,0.0,0.0,0,1.0,0.0
2016-09-06,999296.7144935649,0.0,999296.7144935649,0.0,0.0,0.0,0,1.0,0.0
2016-09-07,999296.7144935649,0.0,999296.7144935649,0.0,0.0,0.0,0,1.0,0.0
2016-09-08,999296.7144935649,0.0,999296.7144935649,0.0,0.0,0.0,0,1.0,0.0
2016-09-09,999296.7144935649,0.0,999296.7144935649,0.0,0.0,0.0,0,1.0,0.0
2016-09-12,999296.7144935649,0.0,999296.7144935649,0.0,0.0,0.0,0,1.0,0.0
2016-09-13,999296.7144935649,0.0,999296.7144935649,0.0,0.0,0.0,0,1.0,0.0
2016-09-14,999296.7144935649,0.0,999296.7144935649,0.0,0.0,0.0,0,1.0,0.0
2016-09-15,999296.7144935649,0.0,999296.7144935649,0.0,0.0,0.0,0,1.0,0.0
2016-09-16,999296.7144935649,0.0,999296.7144935649,0.0,0.0,0.0,0,1.0,0.0
2016-09-19,999296.7144935649,0.0,999296.7144935649,0.0,0.0,0.0,0,1.0,0.0
2016-09-20,999296.7144935649,0.0,999296.7144935649,0.0,0.0,0.0,0,1.0,0.0
2016-09-21,999296.7144935649,0.0,999296.7144935649,0.0,0.0,0.0,0,1.0,0.0
2016-09-22,999296.7144935649,0.0,999296.7144935649,0.0,0.0,0.0,0,1.0,0.0
2016-09-23,999296.7144935649,0.0,999296.7144935649,0.0,0.0,0.0,0,1.0,0.0
2016-09-26,999296.7144935649,0.0,999296.7144935649,0.0,0.0,0.0,0,1.0,0.0
2016-09-27,999296.7144935649,0.0,999296.7144935649,0.0,0.0,0.0,0,1.0,0.0
2016-09-28,999296.7144935649,0.0,999296.7144935649,0.0,0.0,0.0,0,1.0,0.0
2016-09-29,999296.7144935649,0.0,999296.7144935649,0.0,0.0,0.0,0,1.0,0.0
2016-09-30,999296.7144935649,0.0,999296.7144935649,0.0,0.0,0.0,0,1.0,0.0
2016-10-03,999296.7144935649,0.0,999296.7144935649,0.0,0.0,0.0,0,1.0,0.0
2016-10-04,999296.7144935649,0.0,999296.7144935649,0.0,0.0,0.0,0,1.0,0.0
2016-10-05,999296.7144935649,0.0,999296.7144935649,0.0,0.0,0.0,0,1.0,0.0
2016-10-06,999296.7144935649,0.0,999296.7144935649,0.0,0.0,0.0,0,1.0,0.0
2016-10-07,999296.7144935649,0.0,999296.7144935649,0.0,0.0,0.0,0,1.0,0.0
2016-10-10,999296.7144935649,0.0,999296.7144935649,0.0,0.0,0.0,0,1.0,0.0
2016-10-11,999296.7144935649,0.0,999296.7144935649,0.0,0.0,0.0,0,1.0,0.0
2016-10-12,999296.7144935649,0.0,999296.7144935649,0.0,0.0,0.0,0,1.0,0.0
2016-10-13,999296.7144935649,0.0,999296.7144935649,0.0,0.0,0.0,0,1.0,0.0
2016-10-14,999296.7144935649,0.0,999296.7144935649,0.0,0.0,0.0,0,1.0,0.0
2016-10-17,999296.7144935649,0.0,999296.7144935649,0.0,0.0,0.0,0,1.0,0.0
2016-10-18,999296.7144935649,0.0,999296.7144935649,0.0,0.0,0.0,0,1.0,0.0
2016-10-19,999296.7144935649,0.0,999296.7144935649,0.0,0.0,0.0,0,1.0,0.0
2016-10-20,999296.7144935649,0.0,999296.7144935649,0.0,0.0,0.0,0,1.0,0.0
2016-10-21,999296.7144935649,0.0,999296.7144935649,0.0,0.0,0.0,0,1.0,0.0
2016-10-24,999296.7144935649,0.0,999296.7144935649,0.0,0.0,0.0,0,1.0,0.0
2016-10-25,999296.7144935649,0.0,999296.7144935649,0.0,0.0,0.0,0,1.0,0.0
2016-10-26,999296.7144935649,0.0,999296.7144935649,0.0,0.0,0.0,0,1.0,0.0
2016-10-27,999296.7144935649,0.0,999296.7144935649,0.0,0.0,0.0,0,1.0,0.0
2016-10-28,999296.7144935649,0.0,999296.7144935649,0.0,0.0,0.0,0,1.0,0.0
2016-10-31,999296.7144935649,0.0,999296.7144935649,0.0,0.0,0.0,0,1.0,0.0
2016-11-01,999296.7144935649,0.0,999296.7144935649,0.0,0.0,0.0,0,1.0,0.0
2016-11-02,999296.7144935649,0.0,999296.7144935649,0.0,0.0,0.0,0,1.0,0.0
2016-11-03,999296.7144935649,0.0,999296.7144935649,0.0,0.0,0.0,0,1.0,0.0
2016-11-04,999296.7144935649,0.0,999296.7144935649,0.0,0.0,0.0,0,1.0,0.0
2016-11-07,999296.7144935649,0.0,999296.7144935649,0.0,0.0,0.0,0,1.0,0.0
2016-11-08,999296.7144935649,0.0,999296.7144935649,0.0,0.0,0.0,0,1.0,0.0
2016-11-09,999296.7144935649,0.0,999296.7144935649,0.0,0.0,0.0,0,1.0,0.0
2016-11-10,999296.7144935649,0.0,999296.7144935649,0.0,0.0,0.0,0,1.0,0.0
2016-11-11,999296.7144935649,0.0,999296.7144935649,0.0,0.0,0.0,0,1.0,0.0
2016-11-14,999296.7144935649,0.0,999296.7144935649,0.0,0.0,0.0,0,1.0,0.0
2016-11-15,999296.7144935649,0.0,999296.7144935649,0.0,0.0,0.0,0,1.0,0.0
2016-11-16,999296.7144935649,0.0,999296.7144935649,0.0,0.0,0.0,0,1.0,0.0
2016-11-17,999296.7144935649,0.0,999296.7144935649,0.0,0.0,0.0,0,1.0,0.0
2016-11-18,999296.7144935649,0.0,999296.7144935649,0.0,0.0,0.0,0,1.0,0.0
2016-11-21,999296.7144935649,0.0,999296.7144935649,0.0,0.0,0.0,0,1.0,0.0
2016-11-22,999296.7144935649,0.0,999296.7144935649,0.0,0.0,0.0,0,1.0,0.0
2016-11-23,999296.7144935649,0.0,999296.7144935649,0.0,0.0,0.0,0,1.0,0.0
2016-11-25,999296.7144935649,0.0,999296.7144935649,0.0,0.0,0.0,0,1.0,0.0
2016-11-28,999296.7144935649,0.0,999296.7144935649,0.0,0.0,0.0,0,1.0,0.0
2016-11-29,999296.7144935649,0.0,999296.7144935649,0.0,0.0,0.0,0,1.0,0.0
2016-11-30,999296.7144935649,0.0,999296.7144935649,0.0,0.0,0.0,0,1.0,0.0
2016-12-01,999296.7144935649,0.0,999296.7144935649,0.0,0.0,0.0,0,1.0,0.0
2016-12-02,999296.7144935649,0.0,999296.7144935649,0.0,0.0,0.0,0,1.0,0.0
2016-12-05,999296.7144935649,0.0,999296.7144935649,0.0,0.0,0.0,0,1.0,0.0
2016-12-06,999296.7144935649,0.0,999296.7144935649,0.0,0.0,0.0,0,1.0,0.0
2016-12-07,999296.7144935649,0.0,999296.7144935649,0.0,0.0,0.0,0,1.0,0.0
2016-12-08,999296.7144935649,0.0,999296.7144935649,0.0,0.0,0.0,0,1.0,0.0
2016-12-09,999296.7144935649,0.0,999296.7144935649,0.0,0.0,0.0,0,1.0,0.0
2016-12-12,999296.7144935649,0.0,999296.7144935649,0.0,0.0,0.0,0,1.0,0.0
2016-12-13,999296.7144935649,0.0,999296.7144935649,0.0,0.0,0.0,0,1.0,0.0
2016-12-14,999296.7144935649,0.0,999296.7144935649,0.0,0.0,0.0,0,1.0,0.0
2016-12-15,999296.7144935649,0.0,999296.7144935649,0.0,0.0,0.0,0,1.0,0.0
2016-12-16,999296.7144935649,0.0,999296.7144935649,0.0,0.0,0.0,0,1.0,0.0
2016-12-19,999296.7144935649,0.0,999296.7144935649,0.0,0.0,0.0,0,1.0,0.0
2016-12-20,999296.7144935649,0.0,999296.7144935649,0.0,0.0,0.0,0,1.0,0.0
2016-12-21,999296.7144935649,0.0,999296.7144935649,0.0,0.0,0.0,0,1.0,0.0
2016-12-22,999296.7144935649,0.0,999296.7144935649,0.0,0.0,0.0,0,1.0,0.0
2016-12-23,999296.7144935649,0.0,999296.7144935649,0.0,0.0,0.0,0,1.0,0.0
2016-12-27,999296.7144935649,0.0,999296.7144935649,0.0,0.0,0.0,0,1.0,0.0
2016-12-28,999296.7144935649,0.0,999296.7144935649,0.0,0.0,0.0,0,1.0,0.0
2016-12-29,999296.7144935649,0.0,999296.7144935649,0.0,0.0,0.0,0,1.0,0.0
2016-12-30,999296.7144935649,0.0,999296.7144935649,0.0,0.0,0.0,0,1.0,0.0
2017-01-03,999296.7144935649,0.0,999296.7144935649,0.0,0.0,0.0,0,1.0,0.0
2017-01-04,999296.7144935649,0.0,999296.7144935649,0.0,0.0,0.0,0,1.0,0.0
2017-01-05,999296.7144935649,0.0,999296.7144935649,0.0,0.0,0.0,0,1.0,0.0
2017-01-06,999296.7144935649,0.0,999296.7144935649,0.0,0.0,0.0,0,1.0,0.0
2017-01-09,999296.7144935649,0.0,999296.7144935649,0.0,0.0,0.0,0,1.0,0.0
2017-01-10,999296.7144935649,0.0,999296.7144935649,0.0,0.0,0.0,0,1.0,0.0
2017-01-11,999296.7144935649,0.0,999296.7144935649,0.0,0.0,0.0,0,1.0,0.0
2017-01-12,999296.7144935649,0.0,999296.7144935649,0.0,0.0,0.0,0,1.0,0.0
2017-01-13,999296.7144935649,0.0,999296.7144935649,0.0,0.0,0.0,0,1.0,0.0
2017-01-17,999296.7144935649,0.0,999296.7144935649,0.0,0.0,0.0,0,1.0,0.0
2017-01-18,999296.7144935649,0.0,999296.7144935649,0.0,0.0,0.0,0,1.0,0.0
2017-01-19,999296.7144935649,0.0,999296.7144935649,0.0,0.0,0.0,0,1.0,0.0
2017-01-20,999296.7144935649,0.0,999296.7144935649,0.0,0.0,0.0,0,1.0,0.0
2017-01-23,999296.7144935649,0.0,999296.7144935649,0.0,0.0,0.0,0,1.0,0.0
2017-01-24,999296.7144935649,0.0,999296.7144935649,0.0,0.0,0.0,0,1.0,0.0
2017-01-25,999296.7144935649,0.0,999296.7144935649,0.0,0.0,0.0,0,1.0,0.0
2017-01-26,999296.7144935649,0.0,999296.7144935649,0.0,0.0,0.0,0,1.0,0.0
2017-01-27,999296.7144935649,0.0,999296.7144935649,0.0,0.0,0.0,0,1.0,0.0
2017-01-30,999296.7144935649,0.0,999296.7144935649,0.0,0.0,0.0,0,1.0,0.0
2017-01-31,999296.7144935649,0.0,999296.7144935649,0.0,0.0,0.0,0,1.0,0.0
2017-02-01,999296.7144935649,0.0,999296.7144935649,0.0,0.0,0.0,0,1.0,0.0
2017-02-02,999296.7144935649,0.0,999296.7144935649,0.0,0.0,0.0,0,1.0,0.0
2017-02-03,999296.7144935649,0.0,999296.7144935649,0.0,0.0,0.0,0,1.0,0.0
2017-02-06,999296.7144935649,0.0,999296.7144935649,0.0,0.0,0.0,0,1.0,0.0
2017-02-07,999296.7144935649,0.0,999296.7144935649,0.0,0.0,0.0,0,1.0,0.0
2017-02-08,999296.7144935649,0.0,999296.7144935649,0.0,0.0,0.0,0,1.0,0.0
2017-02-09,999296.7144935649,0.0,999296.7144935649,0.0,0.0,0.0,0,1.0,0.0
2017-02-10,999296.7144935649,0.0,999296.7144935649,0.0,0.0,0.0,0,1.0,0.0
2017-02-13,999296.7144935649,0.0,999296.7144935649,0.0,0.0,0.0,0,1.0,0.0
2017-02-14,999296.7144935649,0.0,999296.7144935649,0.0,0.0,0.0,0,1.0,0.0
2017-02-15,999296.7144935649,0.0,999296.7144935649,0.0,0.0,0.0,0,1.0,0.0
2017-02-16,999296.7144935649,0.0,999296.7144935649,0.0,0.0,0.0,0,1.0,0.0
2017-02-17,999296.7144935649,0.0,999296.7144935649,0.0,0.0,0.0,0,1.0,0.0
2017-02-21,999296.7144935649,0.0,999296.7144935649,0.0,0.0,0.0,0,1.0,0.0
2017-02-22,999296.7144935649,0.0,999296.7144935649,0.0,0.0,0.0,0,1.0,0.0
2017-02-23,999296.7144935649,0.0,999296.7144935649,0.0,0.0,0.0,0,1.0,0.0
2017-02-24,999296.7144935649,0.0,999296.7144935649,0.0,0.0,0.0,0,1.0,0.0
2017-02-27,999296.7144935649,0.0,999296.7144935649,0.0,0.0,0.0,0,1.0,0.0
2017-02-28,999296.7144935649,0.0,999296.7144935649,0.0,0.0,0.0,0,1.0,0.0
2017-03-01,999296.7144935649,0.0,999296.7144935649,0.0,0.0,0.0,0,1.0,0.0
2017-03-02,999296.7144935649,0.0,999296.7144935649,0.0,0.0,0.0,0,1.0,0.0
2017-03-03,999296.7144935649,0.0,999296.7144935649,0.0,0.0,0.0,0,1.0,0.0
2017-03-06,999296.7144935649,0.0,999296.7144935649,0.0,0.0,0.0,0,1.0,0.0
2017-03-07,999296.7144935649,0.0,999296.7144935649,0.0,0.0,0.0,0,1.0,0.0
2017-03-08,999296.7144935649,0.0,999296.7144935649,0.0,0.0,0.0,0,1.0,0.0
2017-03-09,999296.7144935649,0.0,999296.7144935649,0.0,0.0,0.0,0,1.0,0.0
2017-03-10,999296.7144935649,0.0,999296.7144935649,0.0,0.0,0.0,0,1.0,0.0
2017-03-13,999296.7144935649,0.0,999296.7144935649,0.0,0.0,0.0,0,1.0,0.0
2017-03-14,999296.7144935649,0.0,999296.7144935649,0.0,0.0,0.0,0,1.0,0.0
2017-03-15,999296.7144935649,0.0,999296.7144935649,0.0,0.0,0.0,0,1.0,0.0
2017-03-16,999296.7144935649,0.0,999296.7144935649,0.0,0.0,0.0,0,1.0,0.0
2017-03-17,999296.7144935649,0.0,999296.7144935649,0.0,0.0,0.0,0,1.0,0.0
2017-03-20,999296.7144935649,0.0,999296.7144935649,0.0,0.0,0.0,0,1.0,0.0
2017-03-21,999296.7144935649,0.0,999296.7144935649,0.0,0.0,0.0,0,1.0,0.0
2017-03-22,999296.7144935649,0.0,999296.7144935649,0.0,0.0,0.0,0,1.0,0.0
2017-03-23,999296.7144935649,0.0,999296.7144935649,0.0,0.0,0.0,0,1.0,0.0
2017-03-24,999296.7144935649,0.0,999296.7144935649,0.0,0.0,0.0,0,1.0,0.0
2017-03-27,999296.7144935649,0.0,999296.7144935649,0.0,0.0,0.0,0,1.0,0.0
2017-03-28,999296.7144935649,0.0,999296.7144935649,0.0,0.0,0.0,0,1.0,0.0
2017-03-29,999296.7144935649,0.0,999296.7144935649,0.0,0.0,0.0,0,1.0,0.0
2017-03-30,999296.7144935649,0.0,999296.7144935649,0.0,0.0,0.0,0,1.0,0.0
2017-03-31,999296.7144935649,0.0,999296.7144935649,0.0,0.0,0.0,0,1.0,0.0
2017-04-03,999296.7144935649,0.0,999296.7144935649,0.0,0.0,0.0,0,1.0,0.0
2017-04-04,999296.7144935649,0.0,999296.7144935649,0.0,0.0,0.0,0,1.0,0.0
2017-04-05,999296.7144935649,0.0,999296.7144935649,0.0,0.0,0.0,0,1.0,0.0
2017-04-06,999296.7144935649,0.0,999296.7144935649,0.0,0.0,0.0,0,1.0,0.0
2017-04-07,999296.7144935649,0.0,999296.7144935649,0.0,0.0,0.0,0,1.0,0.0
2017-04-10,999296.7144935649,0.0,999296.7144935649,0.0,0.0,0.0,0,1.0,0.0
2017-04-11,999296.7144935649,0.0,999296.7144935649,0.0,0.0,0.0,0,1.0,0.0
2017-04-12,999296.7144935649,0.0,999296.7144935649,0.0,0.0,0.0,0,1.0,0.0
2017-04-13,999296.7144935649,0.0,999296.7144935649,0.0,0.0,0.0,0,1.0,0.0
2017-04-17,999296.7144935649,0.0,999296.7144935649,0.0,0.0,0.0,0,1.0,0.0
2017-04-18,999296.7144935649,0.0,999296.7144935649,0.0,0.0,0.0,0,1.0,0.0
2017-04-19,999296.7144935649,0.0,999296.7144935649,0.0,0.0,0.0,0,1.0,0.0
2017-04-20,999296.7144935649,0.0,999296.7144935649,0.0,0.0,0.0,0,1.0,0.0
2017-04-21,999296.7144935649,0.0,999296.7144935649,0.0,0.0,0.0,0,1.0,0.0
2017-04-24,999296.7144935649,0.0,999296.7144935649,0.0,0.0,0.0,0,1.0,0.0
2017-04-25,999296.7144935649,0.0,999296.7144935649,0.0,0.0,0.0,0,1.0,0.0
2017-04-26,999296.7144935649,0.0,999296.7144935649,0.0,0.0,0.0,0,1.0,0.0
2017-04-27,999296.7144935649,0.0,999296.7144935649,0.0,0.0,0.0,0,1.0,0.0
2017-04-28,999296.7144935649,0.0,999296.7144935649,0.0,0.0,0.0,0,1.0,0.0
2017-05-01,999296.7144935649,0.0,999296.7144935649,0.0,0.0,0.0,0,1.0,0.0
2017-05-02,999296.7144935649,0.0,999296.7144935649,0.0,0.0,0.0,0,1.0,0.0
2017-05-03,999296.7144935649,0.0,999296.7144935649,0.0,0.0,0.0,0,1.0,0.0
2017-05-04,999296.7144935649,0.0,999296.7144935649,0.0,0.0,0.0,0,1.0,0.0
2017-05-05,999296.7144935649,0.0,999296.7144935649,0.0,0.0,0.0,0,1.0,0.0
2017-05-08,999296.7144935649,0.0,999296.7144935649,0.0,0.0,0.0,0,1.0,0.0
2017-05-09,999296.7144935649,0.0,999296.7144935649,0.0,0.0,0.0,0,1.0,0.0
2017-05-10,999296.7144935649,0.0,999296.7144935649,0.0,0.0,0.0,0,1.0,0.0
2017-05-11,999296.7144935649,0.0,999296.7144935649,0.0,0.0,0.0,0,1.0,0.0
2017-05-12,999296.7144935649,0.0,999296.7144935649,0.0,0.0,0.0,0,1.0,0.0
2017-05-15,999296.7144935649,0.0,999296.7144935649,0.0,0.0,0.0,0,1.0,0.0
2017-05-16,999296.7144935649,0.0,999296.7144935649,0.0,0.0,0.0,0,1.0,0.0
2017-05-17,999296.7144935649,0.0,999296.7144935649,0.0,0.0,0.0,0,1.0,0.0
2017-05-18,999296.7144935649,0.0,999296.7144935649,0.0,0.0,0.0,0,1.0,0.0
2017-05-19,999296.7144935649,0.0,999296.7144935649,0.0,0.0,0.0,0,1.0,0.0
2017-05-22,999296.7144935649,0.0,999296.7144935649,0.0,0.0,0.0,0,1.0,0.0
2017-05-23,999296.7144935649,0.0,999296.7144935649,0.0,0.0,0.0,0,1.0,0.0
2017-05-24,999296.7144935649,0.0,999296.7144935649,0.0,0.0,0.0,0,1.0,0.0
2017-05-25,999296.7144935649,0.0,999296.7144935649,0.0,0.0,0.0,0,1.0,0.0
2017-05-26,999296.7144935649,0.0,999296.7144935649,0.0,0.0,0.0,0,1.0,0.0
2017-05-30,999296.7144935649,0.0,999296.7144935649,0.0,0.0,0.0,0,1.0,0.0
2017-05-31,999296.7144935649,0.0,999296.7144935649,0.0,0.0,0.0,0,1.0,0.0
2017-06-01,999296.7144935649,0.0,999296.7144935649,0.0,0.0,0.0,0,1.0,0.0
2017-06-02,999296.7144935649,0.0,999296.7144935649,0.0,0.0,0.0,0,1.0,0.0
2017-06-05,999296.7144935649,0.0,999296.7144935649,0.0,0.0,0.0,0,1.0,0.0
2017-06-06,999296.7144935649,0.0,999296.7144935649,0.0,0.0,0.0,0,1.0,0.0
2017-06-07,999296.7144935649,0.0,999296.7144935649,0.0,0.0,0.0,0,1.0,0.0
2017-06-08,999296.7144935649,0.0,999296.7144935649,0.0,0.0,0.0,0,1.0,0.0
2017-06-09,999296.7144935649,0.0,999296.7144935649,0.0,0.0,0.0,0,1.0,0.0
2017-06-12,999296.7144935649,0.0,999296.7144935649,0.0,0.0,0.0,0,1.0,0.0
2017-06-13,999296.7144935649,0.0,999296.7144935649,0.0,0.0,0.0,0,1.0,0.0
2017-06-14,999296.7144935649,0.0,999296.7144935649,0.0,0.0,0.0,0,1.0,0.0
2017-06-15,999296.7144935649,0.0,999296.7144935649,0.0,0.0,0.0,0,1.0,0.0
2017-06-16,999296.7144935649,0.0,999296.7144935649,0.0,0.0,0.0,0,1.0,0.0
2017-06-19,999296.7144935649,0.0,999296.7144935649,0.0,0.0,0.0,0,1.0,0.0
2017-06-20,999296.7144935649,0.0,999296.7144935649,0.0,0.0,0.0,0,1.0,0.0
2017-06-21,999296.7144935649,0.0,999296.7144935649,0.0,0.0,0.0,0,1.0,0.0
2017-06-22,999296.7144935649,0.0,999296.7144935649,0.0,0.0,0.0,0,1.0,0.0
2017-06-23,999296.7144935649,0.0,999296.7144935649,0.0,0.0,0.0,0,1.0,0.0
2017-06-26,999296.7144935649,0.0,999296.7144935649,0.0,0.0,0.0,0,1.0,0.0
2017-06-27,999296.7144935649,0.0,999296.7144935649,0.0,0.0,0.0,0,1.0,0.0
2017-06-28,999296.7144935649,0.0,999296.7144935649,0.0,0.0,0.0,0,1.0,0.0
2017-06-29,999296.7144935649,0.0,999296.7144935649,0.0,0.0,0.0,0,1.0,0.0
2017-06-30,999296.7144935649,0.0,999296.7144935649,0.0,0.0,0.0,0,1.0,0.0
2017-07-03,999296.7144935649,0.0,999296.7144935649,0.0,0.0,0.0,0,1.0,0.0
2017-07-05,999296.7144935649,0.0,999296.7144935649,0.0,0.0,0.0,0,1.0,0.0
2017-07-06,999296.7144935649,0.0,999296.7144935649,0.0,0.0,0.0,0,1.0,0.0
2017-07-07,999296.7144935649,0.0,999296.7144935649,0.0,0.0,0.0,0,1.0,0.0
2017-07-10,999296.7144935649,0.0,999296.7144935649,0.0,0.0,0.0,0,1.0,0.0
2017-07-11,999296.7144935649,0.0,999296.7144935649,0.0,0.0,0.0,0,1.0,0.0
2017-07-12,999296.7144935649,0.0,999296.7144935649,0.0,0.0,0.0,0,1.0,0.0
2017-07-13,999296.7144935649,0.0,999296.7144935649,0.0,0.0,0.0,0,1.0,0.0
2017-07-14,999296.7144935649,0.0,999296.7144935649,0.0,0.0,0.0,0,1.0,0.0
2017-07-17,999296.7144935649,0.0,999296.7144935649,0.0,0.0,0.0,0,1.0,0.0
2017-07-18,999296.7144935649,0.0,999296.7144935649,0.0,0.0,0.0,0,1.0,0.0
2017-07-19,999296.7144935649,0.0,999296.7144935649,0.0,0.0,0.0,0,1.0,0.0
2017-07-20,999296.7144935649,0.0,999296.7144935649,0.0,0.0,0.0,0,1.0,0.0
2017-07-21,999296.7144935649,0.0,999296.7144935649,0.0,0.0,0.0,0,1.0,0.0
2017-07-24,999296.7144935649,0.0,999296.7144935649,0.0,0.0,0.0,0,1.0,0.0
2017-07-25,999296.7144935649,0.0,999296.7144935649,0.0,0.0,0.0,0,1.0,0.0
2017-07-26,999296.7144935649,0.0,999296.7144935649,0.0,0.0,0.0,0,1.0,0.0
2017-07-27,999296.7144935649,0.0,999296.7144935649,0.0,0.0,0.0,0,1.0,0.0
2017-07-28,999296.7144935649,0.0,999296.7144935649,0.0,0.0,0.0,0,1.0,0.0
2017-07-31,999296.7144935649,0.0,999296.7144935649,0.0,0.0,0.0,0,1.0,0.0
2017-08-01,999296.7144935649,0.0,999296.7144935649,0.0,0.0,0.0,0,1.0,0.0
2017-08-02,999296.7144935649,0.0,999296.7144935649,0.0,0.0,0.0,0,1.0,0.0
2017-08-03,999296.7144935649,0.0,999296.7144935649,0.0,0.0,0.0,0,1.0,0.0
2017-08-04,999296.7144935649,0.0,999296.7144935649,0.0,0.0,0.0,0,1.0,0.0
2017-08-07,999296.7144935649,0.0,999296.7144935649,0.0,0.0,0.0,0,1.0,0.0
2017-08-08,999296.7144935649,0.0,999296.7144935649,0.0,0.0,0.0,0,1.0,0.0
2017-08-09,999296.7144935649,0.0,999296.7144935649,0.0,0.0,0.0,0,1.0,0.0
2017-08-10,999296.7144935649,0.0,999296.7144935649,0.0,0.0,0.0,0,1.0,0.0
2017-08-11,999296.7144935649,0.0,999296.7144935649,0.0,0.0,0.0,0,1.0,0.0
2017-08-14,999296.7144935649,0.0,999296.7144935649,0.0,0.0,0.0,0,1.0,0.0
2017-08-15,999296.7144935649,0.0,999296.7144935649,0.0,0.0,0.0,0,1.0,0.0
2017-08-16,999296.7144935649,0.0,999296.7144935649,0.0,0.0,0.0,0,1.0,0.0
2017-08-17,999296.7144935649,0.0,999296.7144935649,0.0,0.0,0.0,0,1.0,0.0
2017-08-18,999296.7144935649,0.0,999296.7144935649,0.0,0.0,0.0,0,1.0,0.0
2017-08-21,999296.7144935649,0.0,999296.7144935649,0.0,0.0,0.0,0,1.0,0.0
2017-08-22,999296.7144935649,0.0,999296.7144935649,0.0,0.0,0.0,0,1.0,0.0
2017-08-23,999296.7144935649,0.0,999296.7144935649,0.0,0.0,0.0,0,1.0,0.0
2017-08-24,999296.7144935649,0.0,999296.7144935649,0.0,0.0,0.0,0,1.0,0.0
2017-08-25,999296.7144935649,0.0,999296.7144935649,0.0,0.0,0.0,0,1.0,0.0
2017-08-28,999296.7144935649,0.0,999296.7144935649,0.0,0.0,0.0,0,1.0,0.0
2017-08-29,999296.7144935649,0.0,999296.7144935649,0.0,0.0,0.0,0,1.0,0.0
2017-08-30,999296.7144935649,0.0,999296.7144935649,0.0,0.0,0.0,0,1.0,0.0
2017-08-31,999296.7144935649,0.0,999296.7144935649,0.0,0.0,0.0,0,1.0,0.0
2017-09-01,999296.7144935649,0.0,999296.7144935649,0.0,0.0,0.0,0,1.0,0.0
2017-09-05,999296.7144935649,0.0,999296.7144935649,0.0,0.0,0.0,0,1.0,0.0
2017-09-06,999296.7144935649,0.0,999296.7144935649,0.0,0.0,0.0,0,1.0,0.0
2017-09-07,999296.7144935649,0.0,999296.7144935649,0.0,0.0,0.0,0,1.0,0.0
2017-09-08,999296.7144935649,0.0,999296.7144935649,0.0,0.0,0.0,0,1.0,0.0
2017-09-11,999296.7144935649,0.0,999296.7144935649,0.0,0.0,0.0,0,1.0,0.0
2017-09-12,999296.7144935649,0.0,999296.7144935649,0.0,0.0,0.0,0,1.0,0.0
2017-09-13,999296.7144935649,0.0,999296.7144935649,0.0,0.0,0.0,0,1.0,0.0
2017-09-14,999296.7144935649,0.0,999296.7144935649,0.0,0.0,0.0,0,1.0,0.0
2017-09-15,999296.7144935649,0.0,999296.7144935649,0.0,0.0,0.0,0,1.0,0.0
2017-09-18,999296.7144935649,0.0,999296.7144935649,0.0,0.0,0.0,0,1.0,0.0
2017-09-19,999296.7144935649,0.0,999296.7144935649,0.0,0.0,0.0,0,1.0,0.0
2017-09-20,999296.7144935649,0.0,999296.7144935649,0.0,0.0,0.0,0,1.0,0.0
2017-09-21,999296.7144935649,0.0,999296.7144935649,0.0,0.0,0.0,0,1.0,0.0
2017-09-22,999296.7144935649,0.0,999296.7144935649,0.0,0.0,0.0,0,1.0,0.0
2017-09-25,999296.7144935649,0.0,999296.7144935649,0.0,0.0,0.0,0,1.0,0.0
2017-09-26,999296.7144935649,0.0,999296.7144935649,0.0,0.0,0.0,0,1.0,0.0
2017-09-27,999296.7144935649,0.0,999296.7144935649,0.0,0.0,0.0,0,1.0,0.0
2017-09-28,999296.7144935649,0.0,999296.7144935649,0.0,0.0,0.0,0,1.0,0.0
2017-09-29,999296.7144935649,0.0,999296.7144935649,0.0,0.0,0.0,0,1.0,0.0
2017-10-02,999296.7144935649,0.0,999296.7144935649,0.0,0.0,0.0,0,1.0,0.0
2017-10-03,999296.7144935649,0.0,999296.7144935649,0.0,0.0,0.0,0,1.0,0.0
2017-10-04,999296.7144935649,0.0,999296.7144935649,0.0,0.0,0.0,0,1.0,0.0
2017-10-05,999296.7144935649,0.0,999296.7144935649,0.0,0.0,0.0,0,1.0,0.0
2017-10-06,999296.7144935649,0.0,999296.7144935649,0.0,0.0,0.0,0,1.0,0.0
2017-10-09,999296.7144935649,0.0,999296.7144935649,0.0,0.0,0.0,0,1.0,0.0
2017-10-10,999296.7144935649,0.0,999296.7144935649,0.0,0.0,0.0,0,1.0,0.0
2017-10-11,999296.7144935649,0.0,999296.7144935649,0.0,0.0,0.0,0,1.0,0.0
2017-10-12,999296.7144935649,0.0,999296.7144935649,0.0,0.0,0.0,0,1.0,0.0
2017-10-13,999296.7144935649,0.0,999296.7144935649,0.0,0.0,0.0,0,1.0,0.0
2017-10-16,999296.7144935649,0.0,999296.7144935649,0.0,0.0,0.0,0,1.0,0.0
2017-10-17,999296.7144935649,0.0,999296.7144935649,0.0,0.0,0.0,0,1.0,0.0
2017-10-18,999296.7144935649,0.0,999296.7144935649,0.0,0.0,0.0,0,1.0,0.0
2017-10-19,999296.7144935649,0.0,999296.7144935649,0.0,0.0,0.0,0,1.0,0.0
2017-10-20,999296.7144935649,0.0,999296.7144935649,0.0,0.0,0.0,0,1.0,0.0
2017-10-23,999296.7144935649,0.0,999296.7144935649,0.0,0.0,0.0,0,1.0,0.0
2017-10-24,999296.7144935649,0.0,999296.7144935649,0.0,0.0,0.0,0,1.0,0.0
2017-10-25,999296.7144935649,0.0,999296.7144935649,0.0,0.0,0.0,0,1.0,0.0
2017-10-26,999296.7144935649,0.0,999296.7144935649,0.0,0.0,0.0,0,1.0,0.0
2017-10-27,999296.7144935649,0.0,999296.7144935649,0.0,0.0,0.0,0,1.0,0.0
2017-10-30,999296.7144935649,0.0,999296.7144935649,0.0,0.0,0.0,0,1.0,0.0
2017-10-31,999296.7144935649,0.0,999296.7144935649,0.0,0.0,0.0,0,1.0,0.0
2017-11-01,999296.7144935649,0.0,999296.7144935649,0.0,0.0,0.0,0,1.0,0.0
2017-11-02,999296.7144935649,0.0,999296.7144935649,0.0,0.0,0.0,0,1.0,0.0
2017-11-03,999296.7144935649,0.0,999296.7144935649,0.0,0.0,0.0,0,1.0,0.0
2017-11-06,999296.7144935649,0.0,999296.7144935649,0.0,0.0,0.0,0,1.0,0.0
2017-11-07,999296.7144935649,0.0,999296.7144935649,0.0,0.0,0.0,0,1.0,0.0
2017-11-08,999296.7144935649,0.0,999296.7144935649,0.0,0.0,0.0,0,1.0,0.0
2017-11-09,999296.7144935649,0.0,999296.7144935649,0.0,0.0,0.0,0,1.0,0.0
2017-11-10,999296.7144935649,0.0,999296.7144935649,0.0,0.0,0.0,0,1.0,0.0
2017-11-13,999296.7144935649,0.0,999296.7144935649,0.0,0.0,0.0,0,1.0,0.0
2017-11-14,999296.7144935649,0.0,999296.7144935649,0.0,0.0,0.0,0,1.0,0.0
2017-11-15,999296.7144935649,0.0,999296.7144935649,0.0,0.0,0.0,0,1.0,0.0
2017-11-16,999296.7144935649,0.0,999296.7144935649,0.0,0.0,0.0,0,1.0,0.0
2017-11-17,999296.7144935649,0.0,999296.7144935649,0.0,0.0,0.0,0,1.0,0.0
2017-11-20,999296.7144935649,0.0,999296.7144935649,0.0,0.0,0.0,0,1.0,0.0
2017-11-21,999296.7144935649,0.0,999296.7144935649,0.0,0.0,0.0,0,1.0,0.0
2017-11-22,999296.7144935649,0.0,999296.7144935649,0.0,0.0,0.0,0,1.0,0.0
2017-11-24,999296.7144935649,0.0,999296.7144935649,0.0,0.0,0.0,0,1.0,0.0
2017-11-27,999296.7144935649,0.0,999296.7144935649,0.0,0.0,0.0,0,1.0,0.0
2017-11-28,999296.7144935649,0.0,999296.7144935649,0.0,0.0,0.0,0,1.0,0.0
2017-11-29,999296.7144935649,0.0,999296.7144935649,0.0,0.0,0.0,0,1.0,0.0
2017-11-30,999296.7144935649,0.0,999296.7144935649,0.0,0.0,0.0,0,1.0,0.0
2017-12-01,999296.7144935649,0.0,999296.7144935649,0.0,0.0,0.0,0,1.0,0.0
2017-12-04,999296.7144935649,0.0,999296.7144935649,0.0,0.0,0.0,0,1.0,0.0
2017-12-05,999296.7144935649,0.0,999296.7144935649,0.0,0.0,0.0,0,1.0,0.0
2017-12-06,999296.7144935649,0.0,999296.7144935649,0.0,0.0,0.0,0,1.0,0.0
2017-12-07,999296.7144935649,0.0,999296.7144935649,0.0,0.0,0.0,0,1.0,0.0
2017-12-08,999296.7144935649,0.0,999296.7144935649,0.0,0.0,0.0,0,1.0,0.0
2017-12-11,999296.7144935649,0.0,999296.7144935649,0.0,0.0,0.0,0,1.0,0.0
2017-12-12,999296.7144935649,0.0,999296.7144935649,0.0,0.0,0.0,0,1.0,0.0
2017-12-13,999296.7144935649,0.0,999296.7144935649,0.0,0.0,0.0,0,1.0,0.0
2017-12-14,999296.7144935649,0.0,999296.7144935649,0.0,0.0,0.0,0,1.0,0.0
2017-12-15,999296.7144935649,0.0,999296.7144935649,0.0,0.0,0.0,0,1.0,0.0
2017-12-18,999296.7144935649,0.0,999296.7144935649,0.0,0.0,0.0,0,1.0,0.0
2017-12-19,999296.7144935649,0.0,999296.7144935649,0.0,0.0,0.0,0,1.0,0.0
2017-12-20,999296.7144935649,0.0,999296.7144935649,0.0,0.0,0.0,0,1.0,0.0
2017-12-21,999296.7144935649,0.0,999296.7144935649,0.0,0.0,0.0,0,1.0,0.0
2017-12-22,999296.7144935649,0.0,999296.7144935649,0.0,0.0,0.0,0,1.0,0.0
2017-12-26,999296.7144935649,0.0,999296.7144935649,0.0,0.0,0.0,0,1.0,0.0
2017-12-27,999296.7144935649,0.0,999296.7144935649,0.0,0.0,0.0,0,1.0,0.0
2017-12-28,999296.7144935649,0.0,999296.7144935649,0.0,0.0,0.0,0,1.0,0.0
2017-12-29,999296.7144935649,0.0,999296.7144935649,0.0,0.0,0.0,0,1.0,0.0
2018-01-02,999296.7144935649,0.0,999296.7144935649,0.0,0.0,0.0,0,1.0,0.0
2018-01-03,999296.7144935649,0.0,999296.7144935649,0.0,0.0,0.0,0,1.0,0.0
2018-01-04,999296.7144935649,0.0,999296.7144935649,0.0,0.0,0.0,0,1.0,0.0
2018-01-05,999296.7144935649,0.0,999296.7144935649,0.0,0.0,0.0,0,1.0,0.0
2018-01-08,999296.7144935649,0.0,999296.7144935649,0.0,0.0,0.0,0,1.0,0.0
2018-01-09,999296.7144935649,0.0,999296.7144935649,0.0,0.0,0.0,0,1.0,0.0
2018-01-10,999296.7144935649,0.0,999296.7144935649,0.0,0.0,0.0,0,1.0,0.0
2018-01-11,999296.7144935649,0.0,999296.7144935649,0.0,0.0,0.0,0,1.0,0.0
2018-01-12,999296.7144935649,0.0,999296.7144935649,0.0,0.0,0.0,0,1.0,0.0
2018-01-16,999296.7144935649,0.0,999296.7144935649,0.0,0.0,0.0,0,1.0,0.0
2018-01-17,999296.7144935649,0.0,999296.7144935649,0.0,0.0,0.0,0,1.0,0.0
2018-01-18,999296.7144935649,0.0,999296.7144935649,0.0,0.0,0.0,0,1.0,0.0
2018-01-19,999296.7144935649,0.0,999296.7144935649,0.0,0.0,0.0,0,1.0,0.0
2018-01-22,999296.7144935649,0.0,999296.7144935649,0.0,0.0,0.0,0,1.0,0.0
2018-01-23,999296.7144935649,0.0,999296.7144935649,0.0,0.0,0.0,0,1.0,0.0
2018-01-24,999296.7144935649,0.0,999296.7144935649,0.0,0.0,0.0,0,1.0,0.0
2018-01-25,999296.7144935649,0.0,999296.7144935649,0.0,0.0,0.0,0,1.0,0.0
2018-01-26,999296.7144935649,0.0,999296.7144935649,0.0,0.0,0.0,0,1.0,0.0
2018-01-29,999296.7144935649,0.0,999296.7144935649,0.0,0.0,0.0,0,1.0,0.0
2018-01-30,999296.7144935649,0.0,999296.7144935649,0.0,0.0,0.0,0,1.0,0.0
2018-01-31,999296.7144935649,0.0,999296.7144935649,0.0,0.0,0.0,0,1.0,0.0
2018-02-01,999296.7144935649,0.0,999296.7144935649,0.0,0.0,0.0,0,1.0,0.0
2018-02-02,999296.7144935649,0.0,999296.7144935649,0.0,0.0,0.0,0,1.0,0.0
2018-02-05,999296.7144935649,0.0,999296.7144935649,0.0,0.0,0.0,0,1.0,0.0
2018-02-06,999296.7144935649,0.0,999296.7144935649,0.0,0.0,0.0,0,1.0,0.0
2018-02-07,999296.7144935649,0.0,999296.7144935649,0.0,0.0,0.0,0,1.0,0.0
2018-02-08,999296.7144935649,0.0,999296.7144935649,0.0,0.0,0.0,0,1.0,0.0
2018-02-09,999296.7144935649,0.0,999296.7144935649,0.0,0.0,0.0,0,1.0,0.0
2018-02-12,999296.7144935649,0.0,999296.7144935649,0.0,0.0,0.0,0,1.0,0.0
2018-02-13,999296.7144935649,0.0,999296.7144935649,0.0,0.0,0.0,0,1.0,0.0
2018-02-14,999296.7144935649,0.0,999296.7144935649,0.0,0.0,0.0,0,1.0,0.0
2018-02-15,999296.7144935649,0.0,999296.7144935649,0.0,0.0,0.0,0,1.0,0.0
2018-02-16,999296.7144935649,0.0,999296.7144935649,0.0,0.0,0.0,0,1.0,0.0
2018-02-20,999296.7144935649,0.0,999296.7144935649,0.0,0.0,0.0,0,1.0,0.0
2018-02-21,999296.7144935649,0.0,999296.7144935649,0.0,0.0,0.0,0,1.0,0.0
2018-02-22,999296.7144935649,0.0,999296.7144935649,0.0,0.0,0.0,0,1.0,0.0
2018-02-23,999296.7144935649,0.0,999296.7144935649,0.0,0.0,0.0,0,1.0,0.0
2018-02-26,999296.7144935649,0.0,999296.7144935649,0.0,0.0,0.0,0,1.0,0.0
2018-02-27,999296.7144935649,0.0,999296.7144935649,0.0,0.0,0.0,0,1.0,0.0
2018-02-28,999296.7144935649,0.0,999296.7144935649,0.0,0.0,0.0,0,1.0,0.0
2018-03-01,999296.7144935649,0.0,999296.7144935649,0.0,0.0,0.0,0,1.0,0.0
2018-03-02,999296.7144935649,0.0,999296.7144935649,0.0,0.0,0.0,0,1.0,0.0
2018-03-05,999296.7144935649,0.0,999296.7144935649,0.0,0.0,0.0,0,1.0,0.0
2018-03-06,999296.7144935649,0.0,999296.7144935649,0.0,0.0,0.0,0,1.0,0.0
2018-03-07,999296.7144935649,0.0,999296.7144935649,0.0,0.0,0.0,0,1.0,0.0
2018-03-08,999296.7144935649,0.0,999296.7144935649,0.0,0.0,0.0,0,1.0,0.0
2018-03-09,999296.7144935649,0.0,999296.7144935649,0.0,0.0,0.0,0,1.0,0.0
2018-03-12,999296.7144935649,0.0,999296.7144935649,0.0,0.0,0.0,0,1.0,0.0
2018-03-13,999296.7144935649,0.0,999296.7144935649,0.0,0.0,0.0,0,1.0,0.0
2018-03-14,999296.7144935649,0.0,999296.7144935649,0.0,0.0,0.0,0,1.0,0.0
2018-03-15,999296.7144935649,0.0,999296.7144935649,0.0,0.0,0.0,0,1.0,0.0
2018-03-16,999296.7144935649,0.0,999296.7144935649,0.0,0.0,0.0,0,1.0,0.0
2018-03-19,999296.7144935649,0.0,999296.7144935649,0.0,0.0,0.0,0,1.0,0.0
2018-03-20,999296.7144935649,0.0,999296.7144935649,0.0,0.0,0.0,0,1.0,0.0
2018-03-21,999296.7144935649,0.0,999296.7144935649,0.0,0.0,0.0,0,1.0,0.0
2018-03-22,999296.7144935649,0.0,999296.7144935649,0.0,0.0,0.0,0,1.0,0.0
2018-03-23,999296.7144935649,0.0,999296.7144935649,0.0,0.0,0.0,0,1.0,0.0
2018-03-26,999296.7144935649,0.0,999296.7144935649,0.0,0.0,0.0,0,1.0,0.0
2018-03-27,999296.7144935649,0.0,999296.7144935649,0.0,0.0,0.0,0,1.0,0.0
2018-03-28,999296.7144935649,0.0,999296.7144935649,0.0,0.0,0.0,0,1.0,0.0
2018-03-29,999296.7144935649,0.0,999296.7144935649,0.0,0.0,0.0,0,1.0,0.0
2018-04-02,999296.7144935649,0.0,999296.7144935649,0.0,0.0,0.0,0,1.0,0.0
2018-04-03,999296.7144935649,0.0,999296.7144935649,0.0,0.0,0.0,0,1.0,0.0
2018-04-04,999296.7144935649,0.0,999296.7144935649,0.0,0.0,0.0,0,1.0,0.0
2018-04-05,999296.7144935649,0.0,999296.7144935649,0.0,0.0,0.0,0,1.0,0.0
2018-04-06,999296.7144935649,0.0,999296.7144935649,0.0,0.0,0.0,0,1.0,0.0
2018-04-09,999296.7144935649,0.0,999296.7144935649,0.0,0.0,0.0,0,1.0,0.0
2018-04-10,999296.7144935649,0.0,999296.7144935649,0.0,0.0,0.0,0,1.0,0.0
2018-04-11,999296.7144935649,0.0,999296.7144935649,0.0,0.0,0.0,0,1.0,0.0
2018-04-12,999296.7144935649,0.0,999296.7144935649,0.0,0.0,0.0,0,1.0,0.0
2018-04-13,999296.7144935649,0.0,999296.7144935649,0.0,0.0,0.0,0,1.0,0.0
2018-04-16,999296.7144935649,0.0,999296.7144935649,0.0,0.0,0.0,0,1.0,0.0
2018-04-17,999296.7144935649,0.0,999296.7144935649,0.0,0.0,0.0,0,1.0,0.0
2018-04-18,999296.7144935649,0.0,999296.7144935649,0.0,0.0,0.0,0,1.0,0.0
2018-04-19,999296.7144935649,0.0,999296.7144935649,0.0,0.0,0.0,0,1.0,0.0
2018-04-20,999296.7144935649,0.0,999296.7144935649,0.0,0.0,0.0,0,1.0,0.0
2018-04-23,999296.7144935649,0.0,999296.7144935649,0.0,0.0,0.0,0,1.0,0.0
2018-04-24,999296.7144935649,0.0,999296.7144935649,0.0,0.0,0.0,0,1.0,0.0
2018-04-25,999296.7144935649,0.0,999296.7144935649,0.0,0.0,0.0,0,1.0,0.0
2018-04-26,999296.7144935649,0.0,999296.7144935649,0.0,0.0,0.0,0,1.0,0.0
2018-04-27,999296.7144935649,0.0,999296.7144935649,0.0,0.0,0.0,0,1.0,0.0
2018-04-30,999296.7144935649,0.0,999296.7144935649,0.0,0.0,0.0,0,1.0,0.0
2018-05-01,999296.7144935649,0.0,999296.7144935649,0.0,0.0,0.0,0,1.0,0.0
2018-05-02,999296.7144935649,0.0,999296.7144935649,0.0,0.0,0.0,0,1.0,0.0
2018-05-03,999296.7144935649,0.0,999296.7144935649,0.0,0.0,0.0,0,1.0,0.0
2018-05-04,999296.7144935649,0.0,999296.7144935649,0.0,0.0,0.0,0,1.0,0.0
2018-05-07,999296.7144935649,0.0,999296.7144935649,0.0,0.0,0.0,0,1.0,0.0
2018-05-08,999296.7144935649,0.0,999296.7144935649,0.0,0.0,0.0,0,1.0,0.0
2018-05-09,999296.7144935649,0.0,999296.7144935649,0.0,0.0,0.0,0,1.0,0.0
2018-05-10,999296.7144935649,0.0,999296.7144935649,0.0,0.0,0.0,0,1.0,0.0
2018-05-11,999296.7144935649,0.0,999296.7144935649,0.0,0.0,0.0,0,1.0,0.0
2018-05-14,999296.7144935649,0.0,999296.7144935649,0.0,0.0,0.0,0,1.0,0.0
2018-05-15,999296.7144935649,0.0,999296.7144935649,0.0,0.0,0.0,0,1.0,0.0
2018-05-16,999296.7144935649,0.0,999296.7144935649,0.0,0.0,0.0,0,1.0,0.0
2018-05-17,999296.7144935649,0.0,999296.7144935649,0.0,0.0,0.0,0,1.0,0.0
2018-05-18,999296.7144935649,0.0,999296.7144935649,0.0,0.0,0.0,0,1.0,0.0
2018-05-21,999296.7144935649,0.0,999296.7144935649,0.0,0.0,0.0,0,1.0,0.0
2018-05-22,999296.7144935649,0.0,999296.7144935649,0.0,0.0,0.0,0,1.0,0.0
2018-05-23,999296.7144935649,0.0,999296.7144935649,0.0,0.0,0.0,0,1.0,0.0
2018-05-24,999296.7144935649,0.0,999296.7144935649,0.0,0.0,0.0,0,1.0,0.0
2018-05-25,999296.7144935649,0.0,999296.7144935649,0.0,0.0,0.0,0,1.0,0.0
2018-05-29,999296.7144935649,0.0,999296.7144935649,0.0,0.0,0.0,0,1.0,0.0
2018-05-30,999296.7144935649,0.0,999296.7144935649,0.0,0.0,0.0,0,1.0,0.0
2018-05-31,999296.7144935649,0.0,999296.7144935649,0.0,0.0,0.0,0,1.0,0.0
2018-06-01,999296.7144935649,0.0,999296.7144935649,0.0,0.0,0.0,0,1.0,0.0
2018-06-04,999296.7144935649,0.0,999296.7144935649,0.0,0.0,0.0,0,1.0,0.0
2018-06-05,999296.7144935649,0.0,999296.7144935649,0.0,0.0,0.0,0,1.0,0.0
2018-06-06,999296.7144935649,0.0,999296.7144935649,0.0,0.0,0.0,0,1.0,0.0
2018-06-07,999296.7144935649,0.0,999296.7144935649,0.0,0.0,0.0,0,1.0,0.0
2018-06-08,999296.7144935649,0.0,999296.7144935649,0.0,0.0,0.0,0,1.0,0.0
2018-06-11,999296.7144935649,0.0,999296.7144935649,0.0,0.0,0.0,0,1.0,0.0
2018-06-12,999296.7144935649,0.0,999296.7144935649,0.0,0.0,0.0,0,1.0,0.0
2018-06-13,999296.7144935649,0.0,999296.7144935649,0.0,0.0,0.0,0,1.0,0.0
2018-06-14,999296.7144935649,0.0,999296.7144935649,0.0,0.0,0.0,0,1.0,0.0
2018-06-15,999296.7144935649,0.0,999296.7144935649,0.0,0.0,0.0,0,1.0,0.0
2018-06-18,999296.7144935649,0.0,999296.7144935649,0.0,0.0,0.0,0,1.0,0.0
2018-06-19,999296.7144935649,0.0,999296.7144935649,0.0,0.0,0.0,0,1.0,0.0
2018-06-20,999296.7144935649,0.0,999296.7144935649,0.0,0.0,0.0,0,1.0,0.0
2018-06-21,999296.7144935649,0.0,999296.7144935649,0.0,0.0,0.0,0,1.0,0.0
2018-06-22,999296.7144935649,0.0,999296.7144935649,0.0,0.0,0.0,0,1.0,0.0
2018-06-25,999296.7144935649,0.0,999296.7144935649,0.0,0.0,0.0,0,1.0,0.0
2018-06-26,999296.7144935649,0.0,999296.7144935649,0.0,0.0,0.0,0,1.0,0.0
2018-06-27,999296.7144935649,0.0,999296.7144935649,0.0,0.0,0.0,0,1.0,0.0
2018-06-28,999296.7144935649,0.0,999296.7144935649,0.0,0.0,0.0,0,1.0,0.0
2018-06-29,999296.7144935649,0.0,999296.7144935649,0.0,0.0,0.0,0,1.0,0.0
2018-07-02,999296.7144935649,0.0,999296.7144935649,0.0,0.0,0.0,0,1.0,0.0
2018-07-03,999296.7144935649,0.0,999296.7144935649,0.0,0.0,0.0,0,1.0,0.0
2018-07-05,999296.7144935649,0.0,999296.7144935649,0.0,0.0,0.0,0,1.0,0.0
2018-07-06,999296.7144935649,0.0,999296.7144935649,0.0,0.0,0.0,0,1.0,0.0
2018-07-09,999296.7144935649,0.0,999296.7144935649,0.0,0.0,0.0,0,1.0,0.0
2018-07-10,999296.7144935649,0.0,999296.7144935649,0.0,0.0,0.0,0,1.0,0.0
2018-07-11,999296.7144935649,0.0,999296.7144935649,0.0,0.0,0.0,0,1.0,0.0
2018-07-12,999296.7144935649,0.0,999296.7144935649,0.0,0.0,0.0,0,1.0,0.0
2018-07-13,999296.7144935649,0.0,999296.7144935649,0.0,0.0,0.0,0,1.0,0.0
2018-07-16,999296.7144935649,0.0,999296.7144935649,0.0,0.0,0.0,0,1.0,0.0
2018-07-17,999296.7144935649,0.0,999296.7144935649,0.0,0.0,0.0,0,1.0,0.0
2018-07-18,999296.7144935649,0.0,999296.7144935649,0.0,0.0,0.0,0,1.0,0.0
2018-07-19,999296.7144935649,0.0,999296.7144935649,0.0,0.0,0.0,0,1.0,0.0
2018-07-20,999296.7144935649,0.0,999296.7144935649,0.0,0.0,0.0,0,1.0,0.0
2018-07-23,999296.7144935649,0.0,999296.7144935649,0.0,0.0,0.0,0,1.0,0.0
2018-07-24,999296.7144935649,0.0,999296.7144935649,0.0,0.0,0.0,0,1.0,0.0
2018-07-25,999296.7144935649,0.0,999296.7144935649,0.0,0.0,0.0,0,1.0,0.0
2018-07-26,999296.7144935649,0.0,999296.7144935649,0.0,0.0,0.0,0,1.0,0.0
2018-07-27,999296.7144935649,0.0,999296.7144935649,0.0,0.0,0.0,0,1.0,0.0
2018-07-30,999296.7144935649,0.0,999296.7144935649,0.0,0.0,0.0,0,1.0,0.0
2018-07-31,999296.7144935649,0.0,999296.7144935649,0.0,0.0,0.0,0,1.0,0.0
2018-08-01,999296.7144935649,0.0,999296.7144935649,0.0,0.0,0.0,0,1.0,0.0
2018-08-02,999296.7144935649,0.0,999296.7144935649,0.0,0.0,0.0,0,1.0,0.0
2018-08-03,999296.7144935649,0.0,999296.7144935649,0.0,0.0,0.0,0,1.0,0.0
2018-08-06,999296.7144935649,0.0,999296.7144935649,0.0,0.0,0.0,0,1.0,0.0
2018-08-07,999296.7144935649,0.0,999296.7144935649,0.0,0.0,0.0,0,1.0,0.0
2018-08-08,999296.7144935649,0.0,999296.7144935649,0.0,0.0,0.0,0,1.0,0.0
2018-08-09,999296.7144935649,0.0,999296.7144935649,0.0,0.0,0.0,0,1.0,0.0
2018-08-10,999296.7144935649,0.0,999296.7144935649,0.0,0.0,0.0,0,1.0,0.0
2018-08-13,999296.7144935649,0.0,999296.7144935649,0.0,0.0,0.0,0,1.0,0.0
2018-08-14,999296.7144935649,0.0,999296.7144935649,0.0,0.0,0.0,0,1.0,0.0
2018-08-15,999296.7144935649,0.0,999296.7144935649,0.0,0.0,0.0,0,1.0,0.0
2018-08-16,999296.7144935649,0.0,999296.7144935649,0.0,0.0,0.0,0,1.0,0.0
2018-08-17,999296.7144935649,0.0,999296.7144935649,0.0,0.0,0.0,0,1.0,0.0
2018-08-20,999296.7144935649,0.0,999296.7144935649,0.0,0.0,0.0,0,1.0,0.0
2018-08-21,999296.7144935649,0.0,999296.7144935649,0.0,0.0,0.0,0,1.0,0.0
2018-08-22,999296.7144935649,0.0,999296.7144935649,0.0,0.0,0.0,0,1.0,0.0
2018-08-23,999296.7144935649,0.0,999296.7144935649,0.0,0.0,0.0,0,1.0,0.0
2018-08-24,999296.7144935649,0.0,999296.7144935649,0.0,0.0,0.0,0,1.0,0.0
2018-08-27,999296.7144935649,0.0,999296.7144935649,0.0,0.0,0.0,0,1.0,0.0
2018-08-28,999296.7144935649,0.0,999296.7144935649,0.0,0.0,0.0,0,1.0,0.0
2018-08-29,999296.7144935649,0.0,999296.7144935649,0.0,0.0,0.0,0,1.0,0.0
2018-08-30,999296.7144935649,0.0,999296.7144935649,0.0,0.0,0.0,0,1.0,0.0
2018-08-31,999296.7144935649,0.0,999296.7144935649,0.0,0.0,0.0,0,1.0,0.0
2018-09-04,999296.7144935649,0.0,999296.7144935649,0.0,0.0,0.0,0,1.0,0.0
2018-09-05,999296.7144935649,0.0,999296.7144935649,0.0,0.0,0.0,0,1.0,0.0
2018-09-06,999296.7144935649,0.0,999296.7144935649,0.0,0.0,0.0,0,1.0,0.0
2018-09-07,999296.7144935649,0.0,999296.7144935649,0.0,0.0,0.0,0,1.0,0.0
2018-09-10,999296.7144935649,0.0,999296.7144935649,0.0,0.0,0.0,0,1.0,0.0
2018-09-11,999296.7144935649,0.0,999296.7144935649,0.0,0.0,0.0,0,1.0,0.0
2018-09-12,999296.7144935649,0.0,999296.7144935649,0.0,0.0,0.0,0,1.0,0.0
2018-09-13,999296.7144935649,0.0,999296.7144935649,0.0,0.0,0.0,0,1.0,0.0
2018-09-14,999296.7144935649,0.0,999296.7144935649,0.0,0.0,0.0,0,1.0,0.0
2018-09-17,999296.7144935649,0.0,999296.7144935649,0.0,0.0,0.0,0,1.0,0.0
2018-09-18,999296.7144935649,0.0,999296.7144935649,0.0,0.0,0.0,0,1.0,0.0
2018-09-19,999296.7144935649,0.0,999296.7144935649,0.0,0.0,0.0,0,1.0,0.0
2018-09-20,999296.7144935649,0.0,999296.7144935649,0.0,0.0,0.0,0,1.0,0.0
2018-09-21,999296.7144935649,0.0,999296.7144935649,0.0,0.0,0.0,0,1.0,0.0
2018-09-24,999296.7144935649,0.0,999296.7144935649,0.0,0.0,0.0,0,1.0,0.0
2018-09-25,999296.7144935649,0.0,999296.7144935649,0.0,0.0,0.0,0,1.0,0.0
2018-09-26,999296.7144935649,0.0,999296.7144935649,0.0,0.0,0.0,0,1.0,0.0
2018-09-27,999296.7144935649,0.0,999296.7144935649,0.0,0.0,0.0,0,1.0,0.0
2018-09-28,999296.7144935649,0.0,999296.7144935649,0.0,0.0,0.0,0,1.0,0.0
2018-10-01,999296.7144935649,0.0,999296.7144935649,0.0,0.0,0.0,0,1.0,0.0
2018-10-02,999296.7144935649,0.0,999296.7144935649,0.0,0.0,0.0,0,1.0,0.0
2018-10-03,999296.7144935649,0.0,999296.7144935649,0.0,0.0,0.0,0,1.0,0.0
2018-10-04,999296.7144935649,0.0,999296.7144935649,0.0,0.0,0.0,0,1.0,0.0
2018-10-05,999296.7144935649,0.0,999296.7144935649,0.0,0.0,0.0,0,1.0,0.0
2018-10-08,999296.7144935649,0.0,999296.7144935649,0.0,0.0,0.0,0,1.0,0.0
2018-10-09,999296.7144935649,0.0,999296.7144935649,0.0,0.0,0.0,0,1.0,0.0
2018-10-10,999296.7144935649,0.0,999296.7144935649,0.0,0.0,0.0,0,1.0,0.0
2018-10-11,999296.7144935649,0.0,999296.7144935649,0.0,0.0,0.0,0,1.0,0.0
2018-10-12,999296.7144935649,0.0,999296.7144935649,0.0,0.0,0.0,0,1.0,0.0
2018-10-15,999296.7144935649,0.0,999296.7144935649,0.0,0.0,0.0,0,1.0,0.0
2018-10-16,999296.7144935649,0.0,999296.7144935649,0.0,0.0,0.0,0,1.0,0.0
2018-10-17,999296.7144935649,0.0,999296.7144935649,0.0,0.0,0.0,0,1.0,0.0
2018-10-18,999296.7144935649,0.0,999296.7144935649,0.0,0.0,0.0,0,1.0,0.0
2018-10-19,999296.7144935649,0.0,999296.7144935649,0.0,0.0,0.0,0,1.0,0.0
2018-10-22,999296.7144935649,0.0,999296.7144935649,0.0,0.0,0.0,0,1.0,0.0
2018-10-23,999296.7144935649,0.0,999296.7144935649,0.0,0.0,0.0,0,1.0,0.0
2018-10-24,999296.7144935649,0.0,999296.7144935649,0.0,0.0,0.0,0,1.0,0.0
2018-10-25,999296.7144935649,0.0,999296.7144935649,0.0,0.0,0.0,0,1.0,0.0
2018-10-26,999296.7144935649,0.0,999296.7144935649,0.0,0.0,0.0,0,1.0,0.0
2018-10-29,999296.7144935649,0.0,999296.7144935649,0.0,0.0,0.0,0,1.0,0.0
2018-10-30,999296.7144935649,0.0,999296.7144935649,0.0,0.0,0.0,0,1.0,0.0
2018-10-31,999296.7144935649,0.0,999296.7144935649,0.0,0.0,0.0,0,1.0,0.0
2018-11-01,999296.7144935649,0.0,999296.7144935649,0.0,0.0,0.0,0,1.0,0.0
2018-11-02,999296.7144935649,0.0,999296.7144935649,0.0,0.0,0.0,0,1.0,0.0
2018-11-05,999296.7144935649,0.0,999296.7144935649,0.0,0.0,0.0,0,1.0,0.0
2018-11-06,999296.7144935649,0.0,999296.7144935649,0.0,0.0,0.0,0,1.0,0.0
2018-11-07,999296.7144935649,0.0,999296.7144935649,0.0,0.0,0.0,0,1.0,0.0
2018-11-08,999296.7144935649,0.0,999296.7144935649,0.0,0.0,0.0,0,1.0,0.0
2018-11-09,999296.7144935649,0.0,999296.7144935649,0.0,0.0,0.0,0,1.0,0.0
2018-11-12,999296.7144935649,0.0,999296.7144935649,0.0,0.0,0.0,0,1.0,0.0
2018-11-13,999296.7144935649,0.0,999296.7144935649,0.0,0.0,0.0,0,1.0,0.0
2018-11-14,999296.7144935649,0.0,999296.7144935649,0.0,0.0,0.0,0,1.0,0.0
2018-11-15,999296.7144935649,0.0,999296.7144935649,0.0,0.0,0.0,0,1.0,0.0
2018-11-16,999296.7144935649,0.0,999296.7144935649,0.0,0.0,0.0,0,1.0,0.0
2018-11-19,999296.7144935649,0.0,999296.7144935649,0.0,0.0,0.0,0,1.0,0.0
2018-11-20,999296.7144935649,0.0,999296.7144935649,0.0,0.0,0.0,0,1.0,0.0
2018-11-21,999296.7144935649,0.0,999296.7144935649,0.0,0.0,0.0,0,1.0,0.0
2018-11-23,999296.7144935649,0.0,999296.7144935649,0.0,0.0,0.0,0,1.0,0.0
2018-11-26,999296.7144935649,0.0,999296.7144935649,0.0,0.0,0.0,0,1.0,0.0
2018-11-27,999296.7144935649,0.0,999296.7144935649,0.0,0.0,0.0,0,1.0,0.0
2018-11-28,999296.7144935649,0.0,999296.7144935649,0.0,0.0,0.0,0,1.0,0.0
2018-11-29,999296.7144935649,0.0,999296.7144935649,0.0,0.0,0.0,0,1.0,0.0
2018-11-30,999296.7144935649,0.0,999296.7144935649,0.0,0.0,0.0,0,1.0,0.0
2018-12-03,999296.7144935649,0.0,999296.7144935649,0.0,0.0,0.0,0,1.0,0.0
2018-12-04,999296.7144935649,0.0,999296.7144935649,0.0,0.0,0.0,0,1.0,0.0
2018-12-06,999296.7144935649,0.0,999296.7144935649,0.0,0.0,0.0,0,1.0,0.0
2018-12-07,999296.7144935649,0.0,999296.7144935649,0.0,0.0,0.0,0,1.0,0.0
2018-12-10,999296.7144935649,0.0,999296.7144935649,0.0,0.0,0.0,0,1.0,0.0
2018-12-11,999296.7144935649,0.0,999296.7144935649,0.0,0.0,0.0,0,1.0,0.0
2018-12-12,999296.7144935649,0.0,999296.7144935649,0.0,0.0,0.0,0,1.0,0.0
2018-12-13,999296.7144935649,0.0,999296.7144935649,0.0,0.0,0.0,0,1.0,0.0
2018-12-14,999296.7144935649,0.0,999296.7144935649,0.0,0.0,0.0,0,1.0,0.0
2018-12-17,999296.7144935649,0.0,999296.7144935649,0.0,0.0,0.0,0,1.0,0.0
2018-12-18,999296.7144935649,0.0,999296.7144935649,0.0,0.0,0.0,0,1.0,0.0
2018-12-19,999296.7144935649,0.0,999296.7144935649,0.0,0.0,0.0,0,1.0,0.0
2018-12-20,999296.7144935649,0.0,999296.7144935649,0.0,0.0,0.0,0,1.0,0.0
2018-12-21,999296.7144935649,0.0,999296.7144935649,0.0,0.0,0.0,0,1.0,0.0
2018-12-24,999296.7144935649,0.0,999296.7144935649,0.0,0.0,0.0,0,1.0,0.0
2018-12-26,999296.7144935649,0.0,999296.7144935649,0.0,0.0,0.0,0,1.0,0.0
2018-12-27,999296.7144935649,0.0,999296.7144935649,0.0,0.0,0.0,0,1.0,0.0
2018-12-28,999296.7144935649,0.0,999296.7144935649,0.0,0.0,0.0,0,1.0,0.0
2018-12-31,999296.7144935649,0.0,999296.7144935649,0.0,0.0,0.0,0,1.0,0.0
2019-01-02,999296.7144935649,0.0,999296.7144935649,0.0,0.0,0.0,0,1.0,0.0
2019-01-03,999296.7144935649,0.0,999296.7144935649,0.0,0.0,0.0,0,1.0,0.0
2019-01-04,999296.7144935649,0.0,999296.7144935649,0.0,0.0,0.0,0,1.0,0.0
2019-01-07,999296.7144935649,0.0,999296.7144935649,0.0,0.0,0.0,0,1.0,0.0
2019-01-08,999296.7144935649,0.0,999296.7144935649,0.0,0.0,0.0,0,1.0,0.0
2019-01-09,999296.7144935649,0.0,999296.7144935649,0.0,0.0,0.0,0,1.0,0.0
2019-01-10,999296.7144935649,0.0,999296.7144935649,0.0,0.0,0.0,0,1.0,0.0
2019-01-11,999296.7144935649,0.0,999296.7144935649,0.0,0.0,0.0,0,1.0,0.0
2019-01-14,999296.7144935649,0.0,999296.7144935649,0.0,0.0,0.0,0,1.0,0.0
2019-01-15,999296.7144935649,0.0,999296.7144935649,0.0,0.0,0.0,0,1.0,0.0
2019-01-16,999296.7144935649,0.0,999296.7144935649,0.0,0.0,0.0,0,1.0,0.0
2019-01-17,999296.7144935649,0.0,999296.7144935649,0.0,0.0,0.0,0,1.0,0.0
2019-01-18,999296.7144935649,0.0,999296.7144935649,0.0,0.0,0.0,0,1.0,0.0
2019-01-22,999296.7144935649,0.0,999296.7144935649,0.0,0.0,0.0,0,1.0,0.0
2019-01-23,999296.7144935649,0.0,999296.7144935649,0.0,0.0,0.0,0,1.0,0.0
2019-01-24,999296.7144935649,0.0,999296.7144935649,0.0,0.0,0.0,0,1.0,0.0
2019-01-25,999296.7144935649,0.0,999296.7144935649,0.0,0.0,0.0,0,1.0,0.0
2019-01-28,999296.7144935649,0.0,999296.7144935649,0.0,0.0,0.0,0,1.0,0.0
2019-01-29,999296.7144935649,0.0,999296.7144935649,0.0,0.0,0.0,0,1.0,0.0
2019-01-30,999296.7144935649,0.0,999296.7144935649,0.0,0.0,0.0,0,1.0,0.0
2019-01-31,999296.7144935649,0.0,999296.7144935649,0.0,0.0,0.0,0,1.0,0.0
2019-02-01,999296.7144935649,0.0,999296.7144935649,0.0,0.0,0.0,0,1.0,0.0
2019-02-04,999296.7144935649,0.0,999296.7144935649,0.0,0.0,0.0,0,1.0,0.0
2019-02-05,999296.7144935649,0.0,999296.7144935649,0.0,0.0,0.0,0,1.0,0.0
2019-02-06,999296.7144935649,0.0,999296.7144935649,0.0,0.0,0.0,0,1.0,0.0
2019-02-07,999296.7144935649,0.0,999296.7144935649,0.0,0.0,0.0,0,1.0,0.0
2019-02-08,999296.7144935649,0.0,999296.7144935649,0.0,0.0,0.0,0,1.0,0.0
2019-02-11,999296.7144935649,0.0,999296.7144935649,0.0,0.0,0.0,0,1.0,0.0
2019-02-12,999296.7144935649,0.0,999296.7144935649,0.0,0.0,0.0,0,1.0,0.0
2019-02-13,999296.7144935649,0.0,999296.7144935649,0.0,0.0,0.0,0,1.0,0.0
2019-02-14,999296.7144935649,0.0,999296.7144935649,0.0,0.0,0.0,0,1.0,0.0
2019-02-15,999296.7144935649,0.0,999296.7144935649,0.0,0.0,0.0,0,1.0,0.0
2019-02-19,999296.7144935649,0.0,999296.7144935649,0.0,0.0,0.0,0,1.0,0.0
2019-02-20,999296.7144935649,0.0,999296.7144935649,0.0,0.0,0.0,0,1.0,0.0
2019-02-21,999296.7144935649,0.0,999296.7144935649,0.0,0.0,0.0,0,1.0,0.0
2019-02-22,999296.7144935649,0.0,999296.7144935649,0.0,0.0,0.0,0,1.0,0.0
2019-02-25,999296.7144935649,0.0,999296.7144935649,0.0,0.0,0.0,0,1.0,0.0
2019-02-26,999296.7144935649,0.0,999296.7144935649,0.0,0.0,0.0,0,1.0,0.0
2019-02-27,999296.7144935649,0.0,999296.7144935649,0.0,0.0,0.0,0,1.0,0.0
2019-02-28,999296.7144935649,0.0,999296.7144935649,0.0,0.0,0.0,0,1.0,0.0
2019-03-01,999296.7144935649,0.0,999296.7144935649,0.0,0.0,0.0,0,1.0,0.0
2019-03-04,999296.7144935649,0.0,999296.7144935649,0.0,0.0,0.0,0,1.0,0.0
2019-03-05,999296.7144935649,0.0,999296.7144935649,0.0,0.0,0.0,0,1.0,0.0
2019-03-06,999296.7144935649,0.0,999296.7144935649,0.0,0.0,0.0,0,1.0,0.0
2019-03-07,999296.7144935649,0.0,999296.7144935649,0.0,0.0,0.0,0,1.0,0.0
2019-03-08,999296.7144935649,0.0,999296.7144935649,0.0,0.0,0.0,0,1.0,0.0
2019-03-11,999296.7144935649,0.0,999296.7144935649,0.0,0.0,0.0,0,1.0,0.0
2019-03-12,999296.7144935649,0.0,999296.7144935649,0.0,0.0,0.0,0,1.0,0.0
2019-03-13,999296.7144935649,0.0,999296.7144935649,0.0,0.0,0.0,0,1.0,0.0
2019-03-14,999296.7144935649,0.0,999296.7144935649,0.0,0.0,0.0,0,1.0,0.0
2019-03-15,999296.7144935649,0.0,999296.7144935649,0.0,0.0,0.0,0,1.0,0.0
2019-03-18,999296.7144935649,0.0,999296.7144935649,0.0,0.0,0.0,0,1.0,0.0
2019-03-19,999296.7144935649,0.0,999296.7144935649,0.0,0.0,0.0,0,1.0,0.0
2019-03-20,999296.7144935649,0.0,999296.7144935649,0.0,0.0,0.0,0,1.0,0.0
2019-03-21,999296.7144935649,0.0,999296.7144935649,0.0,0.0,0.0,0,1.0,0.0
2019-03-22,999296.7144935649,0.0,999296.7144935649,0.0,0.0,0.0,0,1.0,0.0
2019-03-25,999296.7144935649,0.0,999296.7144935649,0.0,0.0,0.0,0,1.0,0.0
2019-03-26,999296.7144935649,0.0,999296.7144935649,0.0,0.0,0.0,0,1.0,0.0
2019-03-27,999296.7144935649,0.0,999296.7144935649,0.0,0.0,0.0,0,1.0,0.0
2019-03-28,999296.7144935649,0.0,999296.7144935649,0.0,0.0,0.0,0,1.0,0.0
2019-03-29,999296.7144935649,0.0,999296.7144935649,0.0,0.0,0.0,0,1.0,0.0
2019-04-01,999296.7144935649,0.0,999296.7144935649,0.0,0.0,0.0,0,1.0,0.0
2019-04-02,999296.7144935649,0.0,999296.7144935649,0.0,0.0,0.0,0,1.0,0.0
2019-04-03,999296.7144935649,0.0,999296.7144935649,0.0,0.0,0.0,0,1.0,0.0
2019-04-04,999296.7144935649,0.0,999296.7144935649,0.0,0.0,0.0,0,1.0,0.0
2019-04-05,999296.7144935649,0.0,999296.7144935649,0.0,0.0,0.0,0,1.0,0.0
2019-04-08,999296.7144935649,0.0,999296.7144935649,0.0,0.0,0.0,0,1.0,0.0
2019-04-09,999296.7144935649,0.0,999296.7144935649,0.0,0.0,0.0,0,1.0,0.0
2019-04-10,999296.7144935649,0.0,999296.7144935649,0.0,0.0,0.0,0,1.0,0.0
2019-04-11,999296.7144935649,0.0,999296.7144935649,0.0,0.0,0.0,0,1.0,0.0
2019-04-12,999296.7144935649,0.0,999296.7144935649,0.0,0.0,0.0,0,1.0,0.0
2019-04-15,999296.7144935649,0.0,999296.7144935649,0.0,0.0,0.0,0,1.0,0.0
2019-04-16,999296.7144935649,0.0,999296.7144935649,0.0,0.0,0.0,0,1.0,0.0
2019-04-17,999296.7144935649,0.0,999296.7144935649,0.0,0.0,0.0,0,1.0,0.0
2019-04-18,999296.7144935649,0.0,999296.7144935649,0.0,0.0,0.0,0,1.0,0.0
2019-04-22,999296.7144935649,0.0,999296.7144935649,0.0,0.0,0.0,0,1.0,0.0
2019-04-23,999296.7144935649,0.0,999296.7144935649,0.0,0.0,0.0,0,1.0,0.0
2019-04-24,999296.7144935649,0.0,999296.7144935649,0.0,0.0,0.0,0,1.0,0.0
2019-04-25,999296.7144935649,0.0,999296.7144935649,0.0,0.0,0.0,0,1.0,0.0
2019-04-26,999296.7144935649,0.0,999296.7144935649,0.0,0.0,0.0,0,1.0,0.0
2019-04-29,999296.7144935649,0.0,999296.7144935649,0.0,0.0,0.0,0,1.0,0.0
2019-04-30,999296.7144935649,0.0,999296.7144935649,0.0,0.0,0.0,0,1.0,0.0
2019-05-01,999296.7144935649,0.0,999296.7144935649,0.0,0.0,0.0,0,1.0,0.0
2019-05-02,999296.7144935649,0.0,999296.7144935649,0.0,0.0,0.0,0,1.0,0.0
2019-05-03,999296.7144935649,0.0,999296.7144935649,0.0,0.0,0.0,0,1.0,0.0
2019-05-06,999296.7144935649,0.0,999296.7144935649,0.0,0.0,0.0,0,1.0,0.0
2019-05-07,999296.7144935649,0.0,999296.7144935649,0.0,0.0,0.0,0,1.0,0.0
2019-05-08,999296.7144935649,0.0,999296.7144935649,0.0,0.0,0.0,0,1.0,0.0
2019-05-09,999296.7144935649,0.0,999296.7144935649,0.0,0.0,0.0,0,1.0,0.0
2019-05-10,999296.7144935649,0.0,999296.7144935649,0.0,0.0,0.0,0,1.0,0.0
2019-05-13,999296.7144935649,0.0,999296.7144935649,0.0,0.0,0.0,0,1.0,0.0
2019-05-14,999296.7144935649,0.0,999296.7144935649,0.0,0.0,0.0,0,1.0,0.0
2019-05-15,999296.7144935649,0.0,999296.7144935649,0.0,0.0,0.0,0,1.0,0.0
2019-05-16,999296.7144935649,0.0,999296.7144935649,0.0,0.0,0.0,0,1.0,0.0
2019-05-17,999296.7144935649,0.0,999296.7144935649,0.0,0.0,0.0,0,1.0,0.0
2019-05-20,999296.7144935649,0.0,999296.7144935649,0.0,0.0,0.0,0,1.0,0.0
2019-05-21,999296.7144935649,0.0,999296.7144935649,0.0,0.0,0.0,0,1.0,0.0
2019-05-22,999296.7144935649,0.0,999296.7144935649,0.0,0.0,0.0,0,1.0,0.0
2019-05-23,999296.7144935649,0.0,999296.7144935649,0.0,0.0,0.0,0,1.0,0.0
2019-05-24,999296.7144935649,0.0,999296.7144935649,0.0,0.0,0.0,0,1.0,0.0
2019-05-28,999296.7144935649,0.0,999296.7144935649,0.0,0.0,0.0,0,1.0,0.0
2019-05-29,999296.7144935649,0.0,999296.7144935649,0.0,0.0,0.0,0,1.0,0.0
2019-05-30,999296.7144935649,0.0,999296.7144935649,0.0,0.0,0.0,0,1.0,0.0
2019-05-31,999296.7144935649,0.0,999296.7144935649,0.0,0.0,0.0,0,1.0,0.0
2019-06-03,999296.7144935649,0.0,999296.7144935649,0.0,0.0,0.0,0,1.0,0.0
2019-06-04,999296.7144935649,0.0,999296.7144935649,0.0,0.0,0.0,0,1.0,0.0
2019-06-05,999296.7144935649,0.0,999296.7144935649,0.0,0.0,0.0,0,1.0,0.0
2019-06-06,999296.7144935649,0.0,999296.7144935649,0.0,0.0,0.0,0,1.0,0.0
2019-06-07,999296.7144935649,0.0,999296.7144935649,0.0,0.0,0.0,0,1.0,0.0
2019-06-10,999296.7144935649,0.0,999296.7144935649,0.0,0.0,0.0,0,1.0,0.0
2019-06-11,999296.7144935649,0.0,999296.7144935649,0.0,0.0,0.0,0,1.0,0.0
2019-06-12,999296.7144935649,0.0,999296.7144935649,0.0,0.0,0.0,0,1.0,0.0
2019-06-13,999296.7144935649,0.0,999296.7144935649,0.0,0.0,0.0,0,1.0,0.0
2019-06-14,999296.7144935649,0.0,999296.7144935649,0.0,0.0,0.0,0,1.0,0.0
2019-06-17,999296.7144935649,0.0,999296.7144935649,0.0,0.0,0.0,0,1.0,0.0
2019-06-18,999296.7144935649,0.0,999296.7144935649,0.0,0.0,0.0,0,1.0,0.0
2019-06-19,999296.7144935649,0.0,999296.7144935649,0.0,0.0,0.0,0,1.0,0.0
2019-06-20,999296.7144935649,0.0,999296.7144935649,0.0,0.0,0.0,0,1.0,0.0
2019-06-21,999296.7144935649,0.0,999296.7144935649,0.0,0.0,0.0,0,1.0,0.0
2019-06-24,999296.7144935649,0.0,999296.7144935649,0.0,0.0,0.0,0,1.0,0.0
2019-06-25,999296.7144935649,0.0,999296.7144935649,0.0,0.0,0.0,0,1.0,0.0
2019-06-26,999296.7144935649,0.0,999296.7144935649,0.0,0.0,0.0,0,1.0,0.0
2019-06-27,999296.7144935649,0.0,999296.7144935649,0.0,0.0,0.0,0,1.0,0.0
2019-06-28,999296.7144935649,0.0,999296.7144935649,0.0,0.0,0.0,0,1.0,0.0
2019-07-01,999296.7144935649,0.0,999296.7144935649,0.0,0.0,0.0,0,1.0,0.0
2019-07-02,999296.7144935649,0.0,999296.7144935649,0.0,0.0,0.0,0,1.0,0.0
2019-07-03,999296.7144935649,0.0,999296.7144935649,0.0,0.0,0.0,0,1.0,0.0
2019-07-05,999296.7144935649,0.0,999296.7144935649,0.0,0.0,0.0,0,1.0,0.0
2019-07-08,999296.7144935649,0.0,999296.7144935649,0.0,0.0,0.0,0,1.0,0.0
2019-07-09,999296.7144935649,0.0,999296.7144935649,0.0,0.0,0.0,0,1.0,0.0
2019-07-10,999296.7144935649,0.0,999296.7144935649,0.0,0.0,0.0,0,1.0,0.0
2019-07-11,999296.7144935649,0.0,999296.7144935649,0.0,0.0,0.0,0,1.0,0.0
2019-07-12,999296.7144935649,0.0,999296.7144935649,0.0,0.0,0.0,0,1.0,0.0
2019-07-15,999296.7144935649,0.0,999296.7144935649,0.0,0.0,0.0,0,1.0,0.0
2019-07-16,999296.7144935649,0.0,999296.7144935649,0.0,0.0,0.0,0,1.0,0.0
2019-07-17,999296.7144935649,0.0,999296.7144935649,0.0,0.0,0.0,0,1.0,0.0
2019-07-18,999296.7144935649,0.0,999296.7144935649,0.0,0.0,0.0,0,1.0,0.0
2019-07-19,999296.7144935649,0.0,999296.7144935649,0.0,0.0,0.0,0,1.0,0.0
2019-07-22,999296.7144935649,0.0,999296.7144935649,0.0,0.0,0.0,0,1.0,0.0
2019-07-23,999296.7144935649,0.0,999296.7144935649,0.0,0.0,0.0,0,1.0,0.0
2019-07-24,999296.7144935649,0.0,999296.7144935649,0.0,0.0,0.0,0,1.0,0.0
2019-07-25,999296.7144935649,0.0,999296.7144935649,0.0,0.0,0.0,0,1.0,0.0
2019-07-26,999296.7144935649,0.0,999296.7144935649,0.0,0.0,0.0,0,1.0,0.0
2019-07-29,999296.7144935649,0.0,999296.7144935649,0.0,0.0,0.0,0,1.0,0.0
2019-07-30,999296.7144935649,0.0,999296.7144935649,0.0,0.0,0.0,0,1.0,0.0
2019-07-31,999296.7144935649,0.0,999296.7144935649,0.0,0.0,0.0,0,1.0,0.0
2019-08-01,999296.7144935649,0.0,999296.7144935649,0.0,0.0,0.0,0,1.0,0.0
2019-08-02,999296.7144935649,0.0,999296.7144935649,0.0,0.0,0.0,0,1.0,0.0
2019-08-05,999296.7144935649,0.0,999296.7144935649,0.0,0.0,0.0,0,1.0,0.0
2019-08-06,999296.7144935649,0.0,999296.7144935649,0.0,0.0,0.0,0,1.0,0.0
2019-08-07,999296.7144935649,0.0,999296.7144935649,0.0,0.0,0.0,0,1.0,0.0
2019-08-08,999296.7144935649,0.0,999296.7144935649,0.0,0.0,0.0,0,1.0,0.0
2019-08-09,999296.7144935649,0.0,999296.7144935649,0.0,0.0,0.0,0,1.0,0.0
2019-08-12,999296.7144935649,0.0,999296.7144935649,0.0,0.0,0.0,0,1.0,0.0
2019-08-13,999296.7144935649,0.0,999296.7144935649,0.0,0.0,0.0,0,1.0,0.0
2019-08-14,999296.7144935649,0.0,999296.7144935649,0.0,0.0,0.0,0,1.0,0.0
2019-08-15,999296.7144935649,0.0,999296.7144935649,0.0,0.0,0.0,0,1.0,0.0
2019-08-16,999296.7144935649,0.0,999296.7144935649,0.0,0.0,0.0,0,1.0,0.0
2019-08-19,999296.7144935649,0.0,999296.7144935649,0.0,0.0,0.0,0,1.0,0.0
2019-08-20,999296.7144935649,0.0,999296.7144935649,0.0,0.0,0.0,0,1.0,0.0
2019-08-21,999296.7144935649,0.0,999296.7144935649,0.0,0.0,0.0,0,1.0,0.0
2019-08-22,999296.7144935649,0.0,999296.7144935649,0.0,0.0,0.0,0,1.0,0.0
2019-08-23,999296.7144935649,0.0,999296.7144935649,0.0,0.0,0.0,0,1.0,0.0
2019-08-26,999296.7144935649,0.0,999296.7144935649,0.0,0.0,0.0,0,1.0,0.0
2019-08-27,999296.7144935649,0.0,999296.7144935649,0.0,0.0,0.0,0,1.0,0.0
2019-08-28,999296.7144935649,0.0,999296.7144935649,0.0,0.0,0.0,0,1.0,0.0
2019-08-29,999296.7144935649,0.0,999296.7144935649,0.0,0.0,0.0,0,1.0,0.0
2019-08-30,999296.7144935649,0.0,999296.7144935649,0.0,0.0,0.0,0,1.0,0.0
2019-09-03,999296.7144935649,0.0,999296.7144935649,0.0,0.0,0.0,0,1.0,0.0
2019-09-04,999296.7144935649,0.0,999296.7144935649,0.0,0.0,0.0,0,1.0,0.0
2019-09-05,999296.7144935649,0.0,999296.7144935649,0.0,0.0,0.0,0,1.0,0.0
2019-09-06,999296.7144935649,0.0,999296.7144935649,0.0,0.0,0.0,0,1.0,0.0
2019-09-09,999296.7144935649,0.0,999296.7144935649,0.0,0.0,0.0,0,1.0,0.0
2019-09-10,999296.7144935649,0.0,999296.7144935649,0.0,0.0,0.0,0,1.0,0.0
2019-09-11,999296.7144935649,0.0,999296.7144935649,0.0,0.0,0.0,0,1.0,0.0
2019-09-12,999296.7144935649,0.0,999296.7144935649,0.0,0.0,0.0,0,1.0,0.0
2019-09-13,999296.7144935649,0.0,999296.7144935649,0.0,0.0,0.0,0,1.0,0.0
2019-09-16,999296.7144935649,0.0,999296.7144935649,0.0,0.0,0.0,0,1.0,0.0
2019-09-17,999296.7144935649,0.0,999296.7144935649,0.0,0.0,0.0,0,1.0,0.0
2019-09-18,999296.7144935649,0.0,999296.7144935649,0.0,0.0,0.0,0,1.0,0.0
2019-09-19,999296.7144935649,0.0,999296.7144935649,0.0,0.0,0.0,0,1.0,0.0
2019-09-20,999296.7144935649,0.0,999296.7144935649,0.0,0.0,0.0,0,1.0,0.0
2019-09-23,999296.7144935649,0.0,999296.7144935649,0.0,0.0,0.0,0,1.0,0.0
2019-09-24,999296.7144935649,0.0,999296.7144935649,0.0,0.0,0.0,0,1.0,0.0
2019-09-25,999296.7144935649,0.0,999296.7144935649,0.0,0.0,0.0,0,1.0,0.0
2019-09-26,999296.7144935649,0.0,999296.7144935649,0.0,0.0,0.0,0,1.0,0.0
2019-09-27,999296.7144935649,0.0,999296.7144935649,0.0,0.0,0.0,0,1.0,0.0
2019-09-30,999296.7144935649,0.0,999296.7144935649,0.0,0.0,0.0,0,1.0,0.0
2019-10-01,999296.7144935649,0.0,999296.7144935649,0.0,0.0,0.0,0,1.0,0.0
2019-10-02,999296.7144935649,0.0,999296.7144935649,0.0,0.0,0.0,0,1.0,0.0
2019-10-03,999296.7144935649,0.0,999296.7144935649,0.0,0.0,0.0,0,1.0,0.0
2019-10-04,999296.7144935649,0.0,999296.7144935649,0.0,0.0,0.0,0,1.0,0.0
2019-10-07,999296.7144935649,0.0,999296.7144935649,0.0,0.0,0.0,0,1.0,0.0
2019-10-08,999296.7144935649,0.0,999296.7144935649,0.0,0.0,0.0,0,1.0,0.0
2019-10-09,999296.7144935649,0.0,999296.7144935649,0.0,0.0,0.0,0,1.0,0.0
2019-10-10,999296.7144935649,0.0,999296.7144935649,0.0,0.0,0.0,0,1.0,0.0
2019-10-11,999296.7144935649,0.0,999296.7144935649,0.0,0.0,0.0,0,1.0,0.0
2019-10-14,999296.7144935649,0.0,999296.7144935649,0.0,0.0,0.0,0,1.0,0.0
2019-10-15,999296.7144935649,0.0,999296.7144935649,0.0,0.0,0.0,0,1.0,0.0
2019-10-16,999296.7144935649,0.0,999296.7144935649,0.0,0.0,0.0,0,1.0,0.0
2019-10-17,999296.7144935649,0.0,999296.7144935649,0.0,0.0,0.0,0,1.0,0.0
2019-10-18,999296.7144935649,0.0,999296.7144935649,0.0,0.0,0.0,0,1.0,0.0
2019-10-21,999296.7144935649,0.0,999296.7144935649,0.0,0.0,0.0,0,1.0,0.0
2019-10-22,999296.7144935649,0.0,999296.7144935649,0.0,0.0,0.0,0,1.0,0.0
2019-10-23,999296.7144935649,0.0,999296.7144935649,0.0,0.0,0.0,0,1.0,0.0
2019-10-24,999296.7144935649,0.0,999296.7144935649,0.0,0.0,0.0,0,1.0,0.0
2019-10-25,999296.7144935649,0.0,999296.7144935649,0.0,0.0,0.0,0,1.0,0.0
2019-10-28,999296.7144935649,0.0,999296.7144935649,0.0,0.0,0.0,0,1.0,0.0
2019-10-29,999296.7144935649,0.0,999296.7144935649,0.0,0.0,0.0,0,1.0,0.0
2019-10-30,999296.7144935649,0.0,999296.7144935649,0.0,0.0,0.0,0,1.0,0.0
2019-10-31,999296.7144935649,0.0,999296.7144935649,0.0,0.0,0.0,0,1.0,0.0
2019-11-01,999296.7144935649,0.0,999296.7144935649,0.0,0.0,0.0,0,1.0,0.0
2019-11-04,999296.7144935649,0.0,999296.7144935649,0.0,0.0,0.0,0,1.0,0.0
2019-11-05,999296.7144935649,0.0,999296.7144935649,0.0,0.0,0.0,0,1.0,0.0
2019-11-06,999296.7144935649,0.0,999296.7144935649,0.0,0.0,0.0,0,1.0,0.0
2019-11-07,999296.7144935649,0.0,999296.7144935649,0.0,0.0,0.0,0,1.0,0.0
2019-11-08,999296.7144935649,0.0,999296.7144935649,0.0,0.0,0.0,0,1.0,0.0
2019-11-11,999296.7144935649,0.0,999296.7144935649,0.0,0.0,0.0,0,1.0,0.0
2019-11-12,999296.7144935649,0.0,999296.7144935649,0.0,0.0,0.0,0,1.0,0.0
2019-11-13,999296.7144935649,0.0,999296.7144935649,0.0,0.0,0.0,0,1.0,0.0
2019-11-14,999296.7144935649,0.0,999296.7144935649,0.0,0.0,0.0,0,1.0,0.0
2019-11-15,999296.7144935649,0.0,999296.7144935649,0.0,0.0,0.0,0,1.0,0.0
2019-11-18,999296.7144935649,0.0,999296.7144935649,0.0,0.0,0.0,0,1.0,0.0
2019-11-19,999296.7144935649,0.0,999296.7144935649,0.0,0.0,0.0,0,1.0,0.0
2019-11-20,999296.7144935649,0.0,999296.7144935649,0.0,0.0,0.0,0,1.0,0.0
2019-11-21,999296.7144935649,0.0,999296.7144935649,0.0,0.0,0.0,0,1.0,0.0
2019-11-22,999296.7144935649,0.0,999296.7144935649,0.0,0.0,0.0,0,1.0,0.0
2019-11-25,999296.7144935649,0.0,999296.7144935649,0.0,0.0,0.0,0,1.0,0.0
2019-11-26,999296.7144935649,0.0,999296.7144935649,0.0,0.0,0.0,0,1.0,0.0
2019-11-27,999296.7144935649,0.0,999296.7144935649,0.0,0.0,0.0,0,1.0,0.0
2019-11-29,999296.7144935649,0.0,999296.7144935649,0.0,0.0,0.0,0,1.0,0.0
2019-12-02,999296.7144935649,0.0,999296.7144935649,0.0,0.0,0.0,0,1.0,0.0
2019-12-03,999296.7144935649,0.0,999296.7144935649,0.0,0.0,0.0,0,1.0,0.0
2019-12-04,999296.7144935649,0.0,999296.7144935649,0.0,0.0,0.0,0,1.0,0.0
2019-12-05,999296.7144935649,0.0,999296.7144935649,0.0,0.0,0.0,0,1.0,0.0
2019-12-06,999296.7144935649,0.0,999296.7144935649,0.0,0.0,0.0,0,1.0,0.0
2019-12-09,999296.7144935649,0.0,999296.7144935649,0.0,0.0,0.0,0,1.0,0.0
2019-12-10,999296.7144935649,0.0,999296.7144935649,0.0,0.0,0.0,0,1.0,0.0
2019-12-11,999296.7144935649,0.0,999296.7144935649,0.0,0.0,0.0,0,1.0,0.0
2019-12-12,999296.7144935649,0.0,999296.7144935649,0.0,0.0,0.0,0,1.0,0.0
2019-12-13,999296.7144935649,0.0,999296.7144935649,0.0,0.0,0.0,0,1.0,0.0
2019-12-16,999296.7144935649,0.0,999296.7144935649,0.0,0.0,0.0,0,1.0,0.0
2019-12-17,999296.7144935649,0.0,999296.7144935649,0.0,0.0,0.0,0,1.0,0.0
2019-12-18,999296.7144935649,0.0,999296.7144935649,0.0,0.0,0.0,0,1.0,0.0
2019-12-19,999296.7144935649,0.0,999296.7144935649,0.0,0.0,0.0,0,1.0,0.0
2019-12-20,999296.7144935649,0.0,999296.7144935649,0.0,0.0,0.0,0,1.0,0.0
2019-12-23,999296.7144935649,0.0,999296.7144935649,0.0,0.0,0.0,0,1.0,0.0
2019-12-24,999296.7144935649,0.0,999296.7144935649,0.0,0.0,0.0,0,1.0,0.0
2019-12-26,999296.7144935649,0.0,999296.7144935649,0.0,0.0,0.0,0,1.0,0.0
2019-12-27,999296.7144935649,0.0,999296.7144935649,0.0,0.0,0.0,0,1.0,0.0
2019-12-30,999296.7144935649,0.0,999296.7144935649,0.0,0.0,0.0,0,1.0,0.0
2019-12-31,999296.7144935649,0.0,999296.7144935649,0.0,0.0,0.0,0,1.0,0.0
2020-01-02,999296.7144935649,0.0,999296.7144935649,0.0,0.0,0.0,0,1.0,0.0
2020-01-03,999296.7144935649,0.0,999296.7144935649,0.0,0.0,0.0,0,1.0,0.0
2020-01-06,999296.7144935649,0.0,999296.7144935649,0.0,0.0,0.0,0,1.0,0.0
2020-01-07,999296.7144935649,0.0,999296.7144935649,0.0,0.0,0.0,0,1.0,0.0
2020-01-08,999296.7144935649,0.0,999296.7144935649,0.0,0.0,0.0,0,1.0,0.0
2020-01-09,999296.7144935649,0.0,999296.7144935649,0.0,0.0,0.0,0,1.0,0.0
2020-01-10,999296.7144935649,0.0,999296.7144935649,0.0,0.0,0.0,0,1.0,0.0
2020-01-13,999296.7144935649,0.0,999296.7144935649,0.0,0.0,0.0,0,1.0,0.0
2020-01-14,999296.7144935649,0.0,999296.7144935649,0.0,0.0,0.0,0,1.0,0.0
2020-01-15,999296.7144935649,0.0,999296.7144935649,0.0,0.0,0.0,0,1.0,0.0
2020-01-16,999296.7144935649,0.0,999296.7144935649,0.0,0.0,0.0,0,1.0,0.0
2020-01-17,999296.7144935649,0.0,999296.7144935649,0.0,0.0,0.0,0,1.0,0.0
2020-01-21,999296.7144935649,0.0,999296.7144935649,0.0,0.0,0.0,0,1.0,0.0
2020-01-22,999296.7144935649,0.0,999296.7144935649,0.0,0.0,0.0,0,1.0,0.0
2020-01-23,999296.7144935649,0.0,999296.7144935649,0.0,0.0,0.0,0,1.0,0.0
2020-01-24,999296.7144935649,0.0,999296.7144935649,0.0,0.0,0.0,0,1.0,0.0
2020-01-27,999296.7144935649,0.0,999296.7144935649,0.0,0.0,0.0,0,1.0,0.0
2020-01-28,999296.7144935649,0.0,999296.7144935649,0.0,0.0,0.0,0,1.0,0.0
2020-01-29,999296.7144935649,0.0,999296.7144935649,0.0,0.0,0.0,0,1.0,0.0
2020-01-30,999296.7144935649,0.0,999296.7144935649,0.0,0.0,0.0,0,1.0,0.0
2020-01-31,999296.7144935649,0.0,999296.7144935649,0.0,0.0,0.0,0,1.0,0.0
2020-02-03,999296.7144935649,0.0,999296.7144935649,0.0,0.0,0.0,0,1.0,0.0
2020-02-04,999296.7144935649,0.0,999296.7144935649,0.0,0.0,0.0,0,1.0,0.0
2020-02-05,999296.7144935649,0.0,999296.7144935649,0.0,0.0,0.0,0,1.0,0.0
2020-02-06,999296.7144935649,0.0,999296.7144935649,0.0,0.0,0.0,0,1.0,0.0
2020-02-07,999296.7144935649,0.0,999296.7144935649,0.0,0.0,0.0,0,1.0,0.0
2020-02-10,999296.7144935649,0.0,999296.7144935649,0.0,0.0,0.0,0,1.0,0.0
2020-02-11,999296.7144935649,0.0,999296.7144935649,0.0,0.0,0.0,0,1.0,0.0
2020-02-12,999296.7144935649,0.0,999296.7144935649,0.0,0.0,0.0,0,1.0,0.0
2020-02-13,999296.7144935649,0.0,999296.7144935649,0.0,0.0,0.0,0,1.0,0.0
2020-02-14,999296.7144935649,0.0,999296.7144935649,0.0,0.0,0.0,0,1.0,0.0
2020-02-18,999296.7144935649,0.0,999296.7144935649,0.0,0.0,0.0,0,1.0,0.0
2020-02-19,999296.7144935649,0.0,999296.7144935649,0.0,0.0,0.0,0,1.0,0.0
2020-02-20,999296.7144935649,0.0,999296.7144935649,0.0,0.0,0.0,0,1.0,0.0
2020-02-21,999296.7144935649,0.0,999296.7144935649,0.0,0.0,0.0,0,1.0,0.0
2020-02-24,999296.7144935649,0.0,999296.7144935649,0.0,0.0,0.0,0,1.0,0.0
2020-02-25,999296.7144935649,0.0,999296.7144935649,0.0,0.0,0.0,0,1.0,0.0
2020-02-26,999296.7144935649,0.0,999296.7144935649,0.0,0.0,0.0,0,1.0,0.0
2020-02-27,999296.7144935649,0.0,999296.7144935649,0.0,0.0,0.0,0,1.0,0.0
2020-02-28,999296.7144935649,0.0,999296.7144935649,0.0,0.0,0.0,0,1.0,0.0
2020-03-02,999296.7144935649,0.0,999296.7144935649,0.0,0.0,0.0,0,1.0,0.0
2020-03-03,999296.7144935649,0.0,999296.7144935649,0.0,0.0,0.0,0,1.0,0.0
2020-03-04,999296.7144935649,0.0,999296.7144935649,0.0,0.0,0.0,0,1.0,0.0
2020-03-05,999296.7144935649,0.0,999296.7144935649,0.0,0.0,0.0,0,1.0,0.0
2020-03-06,999296.7144935649,0.0,999296.7144935649,0.0,0.0,0.0,0,1.0,0.0
2020-03-09,999296.7144935649,0.0,999296.7144935649,0.0,0.0,0.0,0,1.0,0.0
2020-03-10,999296.7144935649,0.0,999296.7144935649,0.0,0.0,0.0,0,1.0,0.0
2020-03-11,999296.7144935649,0.0,999296.7144935649,0.0,0.0,0.0,0,1.0,0.0
2020-03-12,999296.7144935649,0.0,999296.7144935649,0.0,0.0,0.0,0,1.0,0.0
2020-03-13,999296.7144935649,0.0,999296.7144935649,0.0,0.0,0.0,0,1.0,0.0
2020-03-16,999296.7144935649,0.0,999296.7144935649,0.0,0.0,0.0,0,1.0,0.0
2020-03-17,999296.7144935649,0.0,999296.7144935649,0.0,0.0,0.0,0,1.0,0.0
2020-03-18,999296.7144935649,0.0,999296.7144935649,0.0,0.0,0.0,0,1.0,0.0
2020-03-19,999296.7144935649,0.0,999296.7144935649,0.0,0.0,0.0,0,1.0,0.0
2020-03-20,999296.7144935649,0.0,999296.7144935649,0.0,0.0,0.0,0,1.0,0.0
2020-03-23,999296.7144935649,0.0,999296.7144935649,0.0,0.0,0.0,0,1.0,0.0
2020-03-24,999296.7144935649,0.0,999296.7144935649,0.0,0.0,0.0,0,1.0,0.0
2020-03-25,999296.7144935649,0.0,999296.7144935649,0.0,0.0,0.0,0,1.0,0.0
2020-03-26,999296.7144935649,0.0,999296.7144935649,0.0,0.0,0.0,0,1.0,0.0
2020-03-27,999296.7144935649,0.0,999296.7144935649,0.0,0.0,0.0,0,1.0,0.0
2020-03-30,999296.7144935649,0.0,999296.7144935649,0.0,0.0,0.0,0,1.0,0.0
2020-03-31,999296.7144935649,0.0,999296.7144935649,0.0,0.0,0.0,0,1.0,0.0
2020-04-01,999296.7144935649,0.0,999296.7144935649,0.0,0.0,0.0,0,1.0,0.0
2020-04-02,999296.7144935649,0.0,999296.7144935649,0.0,0.0,0.0,0,1.0,0.0
2020-04-03,999296.7144935649,0.0,999296.7144935649,0.0,0.0,0.0,0,1.0,0.0
2020-04-06,999296.7144935649,0.0,999296.7144935649,0.0,0.0,0.0,0,1.0,0.0
2020-04-07,999296.7144935649,0.0,999296.7144935649,0.0,0.0,0.0,0,1.0,0.0
2020-04-08,999296.7144935649,0.0,999296.7144935649,0.0,0.0,0.0,0,1.0,0.0
2020-04-09,999296.7144935649,0.0,999296.7144935649,0.0,0.0,0.0,0,1.0,0.0
2020-04-13,999296.7144935649,0.0,999296.7144935649,0.0,0.0,0.0,0,1.0,0.0
2020-04-14,999296.7144935649,0.0,999296.7144935649,0.0,0.0,0.0,0,1.0,0.0
2020-04-15,999296.7144935649,0.0,999296.7144935649,0.0,0.0,0.0,0,1.0,0.0
2020-04-16,999296.7144935649,0.0,999296.7144935649,0.0,0.0,0.0,0,1.0,0.0
2020-04-17,999296.7144935649,0.0,999296.7144935649,0.0,0.0,0.0,0,1.0,0.0
2020-04-20,999296.7144935649,0.0,999296.7144935649,0.0,0.0,0.0,0,1.0,0.0
2020-04-21,999296.7144935649,0.0,999296.7144935649,0.0,0.0,0.0,0,1.0,0.0
2020-04-22,999296.7144935649,0.0,999296.7144935649,0.0,0.0,0.0,0,1.0,0.0
2020-04-23,999296.7144935649,0.0,999296.7144935649,0.0,0.0,0.0,0,1.0,0.0
2020-04-24,999296.7144935649,0.0,999296.7144935649,0.0,0.0,0.0,0,1.0,0.0
2020-04-27,999296.7144935649,0.0,999296.7144935649,0.0,0.0,0.0,0,1.0,0.0
2020-04-28,999296.7144935649,0.0,999296.7144935649,0.0,0.0,0.0,0,1.0,0.0
2020-04-29,999296.7144935649,0.0,999296.7144935649,0.0,0.0,0.0,0,1.0,0.0
2020-04-30,999296.7144935649,0.0,999296.7144935649,0.0,0.0,0.0,0,1.0,0.0
2020-05-01,999296.7144935649,0.0,999296.7144935649,0.0,0.0,0.0,0,1.0,0.0
2020-05-04,999296.7144935649,0.0,999296.7144935649,0.0,0.0,0.0,0,1.0,0.0
2020-05-05,999296.7144935649,0.0,999296.7144935649,0.0,0.0,0.0,0,1.0,0.0
2020-05-06,999296.7144935649,0.0,999296.7144935649,0.0,0.0,0.0,0,1.0,0.0
2020-05-07,999296.7144935649,0.0,999296.7144935649,0.0,0.0,0.0,0,1.0,0.0
2020-05-08,999296.7144935649,0.0,999296.7144935649,0.0,0.0,0.0,0,1.0,0.0
2020-05-11,999296.7144935649,0.0,999296.7144935649,0.0,0.0,0.0,0,1.0,0.0
2020-05-12,999296.7144935649,0.0,999296.7144935649,0.0,0.0,0.0,0,1.0,0.0
2020-05-13,999296.7144935649,0.0,999296.7144935649,0.0,0.0,0.0,0,1.0,0.0
2020-05-14,999296.7144935649,0.0,999296.7144935649,0.0,0.0,0.0,0,1.0,0.0
2020-05-15,999296.7144935649,0.0,999296.7144935649,0.0,0.0,0.0,0,1.0,0.0
2020-05-18,999296.7144935649,0.0,999296.7144935649,0.0,0.0,0.0,0,1.0,0.0
2020-05-19,999296.7144935649,0.0,999296.7144935649,0.0,0.0,0.0,0,1.0,0.0
2020-05-20,999296.7144935649,0.0,999296.7144935649,0.0,0.0,0.0,0,1.0,0.0
2020-05-21,999296.7144935649,0.0,999296.7144935649,0.0,0.0,0.0,0,1.0,0.0
2020-05-22,999296.7144935649,0.0,999296.7144935649,0.0,0.0,0.0,0,1.0,0.0
2020-05-26,999296.7144935649,0.0,999296.7144935649,0.0,0.0,0.0,0,1.0,0.0
2020-05-27,999296.7144935649,0.0,999296.7144935649,0.0,0.0,0.0,0,1.0,0.0
2020-05-28,999296.7144935649,0.0,999296.7144935649,0.0,0.0,0.0,0,1.0,0.0
2020-05-29,999296.7144935649,0.0,999296.7144935649,0.0,0.0,0.0,0,1.0,0.0
2020-06-01,999296.7144935649,0.0,999296.7144935649,0.0,0.0,0.0,0,1.0,0.0
2020-06-02,999296.7144935649,0.0,999296.7144935649,0.0,0.0,0.0,0,1.0,0.0
2020-06-03,999296.7144935649,0.0,999296.7144935649,0.0,0.0,0.0,0,1.0,0.0
2020-06-04,999296.7144935649,0.0,999296.7144935649,0.0,0.0,0.0,0,1.0,0.0
2020-06-05,999296.7144935649,0.0,999296.7144935649,0.0,0.0,0.0,0,1.0,0.0
2020-06-08,999296.7144935649,0.0,999296.7144935649,0.0,0.0,0.0,0,1.0,0.0
2020-06-09,999296.7144935649,0.0,999296.7144935649,0.0,0.0,0.0,0,1.0,0.0
2020-06-10,999296.7144935649,0.0,999296.7144935649,0.0,0.0,0.0,0,1.0,0.0
2020-06-11,999296.7144935649,0.0,999296.7144935649,0.0,0.0,0.0,0,1.0,0.0
2020-06-12,999296.7144935649,0.0,999296.7144935649,0.0,0.0,0.0,0,1.0,0.0
2020-06-15,999296.7144935649,0.0,999296.7144935649,0.0,0.0,0.0,0,1.0,0.0
2020-06-16,999296.7144935649,0.0,999296.7144935649,0.0,0.0,0.0,0,1.0,0.0
2020-06-17,999296.7144935649,0.0,999296.7144935649,0.0,0.0,0.0,0,1.0,0.0
2020-06-18,999296.7144935649,0.0,999296.7144935649,0.0,0.0,0.0,0,1.0,0.0
2020-06-19,999296.7144935649,0.0,999296.7144935649,0.0,0.0,0.0,0,1.0,0.0
2020-06-22,999296.7144935649,0.0,999296.7144935649,0.0,0.0,0.0,0,1.0,0.0
2020-06-23,999296.7144935649,0.0,999296.7144935649,0.0,0.0,0.0,0,1.0,0.0
2020-06-24,999296.7144935649,0.0,999296.7144935649,0.0,0.0,0.0,0,1.0,0.0
2020-06-25,999296.7144935649,0.0,999296.7144935649,0.0,0.0,0.0,0,1.0,0.0
2020-06-26,999296.7144935649,0.0,999296.7144935649,0.0,0.0,0.0,0,1.0,0.0
2020-06-29,999296.7144935649,0.0,999296.7144935649,0.0,0.0,0.0,0,1.0,0.0
2020-06-30,999296.7144935649,0.0,999296.7144935649,0.0,0.0,0.0,0,1.0,0.0
2020-07-01,999296.7144935649,0.0,999296.7144935649,0.0,0.0,0.0,0,1.0,0.0
2020-07-02,999296.7144935649,0.0,999296.7144935649,0.0,0.0,0.0,0,1.0,0.0
2020-07-06,999296.7144935649,0.0,999296.7144935649,0.0,0.0,0.0,0,1.0,0.0
2020-07-07,999296.7144935649,0.0,999296.7144935649,0.0,0.0,0.0,0,1.0,0.0
2020-07-08,999296.7144935649,0.0,999296.7144935649,0.0,0.0,0.0,0,1.0,0.0
2020-07-09,999296.7144935649,0.0,999296.7144935649,0.0,0.0,0.0,0,1.0,0.0
2020-07-10,999296.7144935649,0.0,999296.7144935649,0.0,0.0,0.0,0,1.0,0.0
2020-07-13,999296.7144935649,0.0,999296.7144935649,0.0,0.0,0.0,0,1.0,0.0
2020-07-14,999296.7144935649,0.0,999296.7144935649,0.0,0.0,0.0,0,1.0,0.0
2020-07-15,999296.7144935649,0.0,999296.7144935649,0.0,0.0,0.0,0,1.0,0.0
2020-07-16,999296.7144935649,0.0,999296.7144935649,0.0,0.0,0.0,0,1.0,0.0
2020-07-17,999296.7144935649,0.0,999296.7144935649,0.0,0.0,0.0,0,1.0,0.0
2020-07-20,999296.7144935649,0.0,999296.7144935649,0.0,0.0,0.0,0,1.0,0.0
2020-07-21,999296.7144935649,0.0,999296.7144935649,0.0,0.0,0.0,0,1.0,0.0
2020-07-22,999296.7144935649,0.0,999296.7144935649,0.0,0.0,0.0,0,1.0,0.0
2020-07-23,999296.7144935649,0.0,999296.7144935649,0.0,0.0,0.0,0,1.0,0.0
2020-07-24,999296.7144935649,0.0,999296.7144935649,0.0,0.0,0.0,0,1.0,0.0
2020-07-27,999296.7144935649,0.0,999296.7144935649,0.0,0.0,0.0,0,1.0,0.0
2020-07-28,999296.7144935649,0.0,999296.7144935649,0.0,0.0,0.0,0,1.0,0.0
2020-07-29,999296.7144935649,0.0,999296.7144935649,0.0,0.0,0.0,0,1.0,0.0
2020-07-30,999296.7144935649,0.0,999296.7144935649,0.0,0.0,0.0,0,1.0,0.0
2020-07-31,999296.7144935649,0.0,999296.7144935649,0.0,0.0,0.0,0,1.0,0.0
2020-08-03,999296.7144935649,0.0,999296.7144935649,0.0,0.0,0.0,0,1.0,0.0
2020-08-04,999296.7144935649,0.0,999296.7144935649,0.0,0.0,0.0,0,1.0,0.0
2020-08-05,999296.7144935649,0.0,999296.7144935649,0.0,0.0,0.0,0,1.0,0.0
2020-08-06,999296.7144935649,0.0,999296.7144935649,0.0,0.0,0.0,0,1.0,0.0
2020-08-07,999296.7144935649,0.0,999296.7144935649,0.0,0.0,0.0,0,1.0,0.0
2020-08-10,999296.7144935649,0.0,999296.7144935649,0.0,0.0,0.0,0,1.0,0.0
2020-08-11,999296.7144935649,0.0,999296.7144935649,0.0,0.0,0.0,0,1.0,0.0
2020-08-12,999296.7144935649,0.0,999296.7144935649,0.0,0.0,0.0,0,1.0,0.0
2020-08-13,999296.7144935649,0.0,999296.7144935649,0.0,0.0,0.0,0,1.0,0.0
2020-08-14,999296.7144935649,0.0,999296.7144935649,0.0,0.0,0.0,0,1.0,0.0
2020-08-17,999296.7144935649,0.0,999296.7144935649,0.0,0.0,0.0,0,1.0,0.0
2020-08-18,999296.7144935649,0.0,999296.7144935649,0.0,0.0,0.0,0,1.0,0.0
2020-08-19,999296.7144935649,0.0,999296.7144935649,0.0,0.0,0.0,0,1.0,0.0
2020-08-20,999296.7144935649,0.0,999296.7144935649,0.0,0.0,0.0,0,1.0,0.0
2020-08-21,999296.7144935649,0.0,999296.7144935649,0.0,0.0,0.0,0,1.0,0.0
2020-08-24,999296.7144935649,0.0,999296.7144935649,0.0,0.0,0.0,0,1.0,0.0
2020-08-25,999296.7144935649,0.0,999296.7144935649,0.0,0.0,0.0,0,1.0,0.0
2020-08-26,999296.7144935649,0.0,999296.7144935649,0.0,0.0,0.0,0,1.0,0.0
2020-08-27,999296.7144935649,0.0,999296.7144935649,0.0,0.0,0.0,0,1.0,0.0
2020-08-28,999296.7144935649,0.0,999296.7144935649,0.0,0.0,0.0,0,1.0,0.0
2020-08-31,999296.7144935649,0.0,999296.7144935649,0.0,0.0,0.0,0,1.0,0.0
2020-09-01,999296.7144935649,0.0,999296.7144935649,0.0,0.0,0.0,0,1.0,0.0
2020-09-02,999296.7144935649,0.0,999296.7144935649,0.0,0.0,0.0,0,1.0,0.0
2020-09-03,999296.7144935649,0.0,999296.7144935649,0.0,0.0,0.0,0,1.0,0.0
2020-09-04,999296.7144935649,0.0,999296.7144935649,0.0,0.0,0.0,0,1.0,0.0
2020-09-08,999296.7144935649,0.0,999296.7144935649,0.0,0.0,0.0,0,1.0,0.0
2020-09-09,999296.7144935649,0.0,999296.7144935649,0.0,0.0,0.0,0,1.0,0.0
2020-09-10,999296.7144935649,0.0,999296.7144935649,0.0,0.0,0.0,0,1.0,0.0
2020-09-11,999296.7144935649,0.0,999296.7144935649,0.0,0.0,0.0,0,1.0,0.0
2020-09-14,999296.7144935649,0.0,999296.7144935649,0.0,0.0,0.0,0,1.0,0.0
2020-09-15,999296.7144935649,0.0,999296.7144935649,0.0,0.0,0.0,0,1.0,0.0
2020-09-16,999296.7144935649,0.0,999296.7144935649,0.0,0.0,0.0,0,1.0,0.0
2020-09-17,999296.7144935649,0.0,999296.7144935649,0.0,0.0,0.0,0,1.0,0.0
2020-09-18,999296.7144935649,0.0,999296.7144935649,0.0,0.0,0.0,0,1.0,0.0
2020-09-21,999296.7144935649,0.0,999296.7144935649,0.0,0.0,0.0,0,1.0,0.0
2020-09-22,999296.7144935649,0.0,999296.7144935649,0.0,0.0,0.0,0,1.0,0.0
2020-09-23,999296.7144935649,0.0,999296.7144935649,0.0,0.0,0.0,0,1.0,0.0
2020-09-24,999296.7144935649,0.0,999296.7144935649,0.0,0.0,0.0,0,1.0,0.0
2020-09-25,999296.7144935649,0.0,999296.7144935649,0.0,0.0,0.0,0,1.0,0.0
2020-09-28,999296.7144935649,0.0,999296.7144935649,0.0,0.0,0.0,0,1.0,0.0
2020-09-29,999296.7144935649,0.0,999296.7144935649,0.0,0.0,0.0,0,1.0,0.0
2020-09-30,999296.7144935649,0.0,999296.7144935649,0.0,0.0,0.0,0,1.0,0.0
2020-10-01,999296.7144935649,0.0,999296.7144935649,0.0,0.0,0.0,0,1.0,0.0
2020-10-02,999296.7144935649,0.0,999296.7144935649,0.0,0.0,0.0,0,1.0,0.0
2020-10-05,999296.7144935649,0.0,999296.7144935649,0.0,0.0,0.0,0,1.0,0.0
2020-10-06,999296.7144935649,0.0,999296.7144935649,0.0,0.0,0.0,0,1.0,0.0
2020-10-07,999296.7144935649,0.0,999296.7144935649,0.0,0.0,0.0,0,1.0,0.0
2020-10-08,999296.7144935649,0.0,999296.7144935649,0.0,0.0,0.0,0,1.0,0.0
2020-10-09,999296.7144935649,0.0,999296.7144935649,0.0,0.0,0.0,0,1.0,0.0
2020-10-12,999296.7144935649,0.0,999296.7144935649,0.0,0.0,0.0,0,1.0,0.0
2020-10-13,999296.7144935649,0.0,999296.7144935649,0.0,0.0,0.0,0,1.0,0.0
2020-10-14,999296.7144935649,0.0,999296.7144935649,0.0,0.0,0.0,0,1.0,0.0
2020-10-15,999296.7144935649,0.0,999296.7144935649,0.0,0.0,0.0,0,1.0,0.0
2020-10-16,999296.7144935649,0.0,999296.7144935649,0.0,0.0,0.0,0,1.0,0.0
2020-10-19,999296.7144935649,0.0,999296.7144935649,0.0,0.0,0.0,0,1.0,0.0
2020-10-20,999296.7144935649,0.0,999296.7144935649,0.0,0.0,0.0,0,1.0,0.0
2020-10-21,999296.7144935649,0.0,999296.7144935649,0.0,0.0,0.0,0,1.0,0.0
2020-10-22,999296.7144935649,0.0,999296.7144935649,0.0,0.0,0.0,0,1.0,0.0
2020-10-23,999296.7144935649,0.0,999296.7144935649,0.0,0.0,0.0,0,1.0,0.0
2020-10-26,999296.7144935649,0.0,999296.7144935649,0.0,0.0,0.0,0,1.0,0.0
2020-10-27,999296.7144935649,0.0,999296.7144935649,0.0,0.0,0.0,0,1.0,0.0
2020-10-28,999296.7144935649,0.0,999296.7144935649,0.0,0.0,0.0,0,1.0,0.0
2020-10-29,999296.7144935649,0.0,999296.7144935649,0.0,0.0,0.0,0,1.0,0.0
2020-10-30,999296.7144935649,0.0,999296.7144935649,0.0,0.0,0.0,0,1.0,0.0
2020-11-02,999296.7144935649,0.0,999296.7144935649,0.0,0.0,0.0,0,1.0,0.0
2020-11-03,999296.7144935649,0.0,999296.7144935649,0.0,0.0,0.0,0,1.0,0.0
2020-11-04,999296.7144935649,0.0,999296.7144935649,0.0,0.0,0.0,0,1.0,0.0
2020-11-05,999296.7144935649,0.0,999296.7144935649,0.0,0.0,0.0,0,1.0,0.0
2020-11-06,999296.7144935649,0.0,999296.7144935649,0.0,0.0,0.0,0,1.0,0.0
2020-11-09,999296.7144935649,0.0,999296.7144935649,0.0,0.0,0.0,0,1.0,0.0
2020-11-10,999296.7144935649,0.0,999296.7144935649,0.0,0.0,0.0,0,1.0,0.0
2020-11-11,999296.7144935649,0.0,999296.7144935649,0.0,0.0,0.0,0,1.0,0.0
2020-11-12,999296.7144935649,0.0,999296.7144935649,0.0,0.0,0.0,0,1.0,0.0
2020-11-13,999296.7144935649,0.0,999296.7144935649,0.0,0.0,0.0,0,1.0,0.0
2020-11-16,999296.7144935649,0.0,999296.7144935649,0.0,0.0,0.0,0,1.0,0.0
2020-11-17,999296.7144935649,0.0,999296.7144935649,0.0,0.0,0.0,0,1.0,0.0
2020-11-18,999296.7144935649,0.0,999296.7144935649,0.0,0.0,0.0,0,1.0,0.0
2020-11-19,999296.7144935649,0.0,999296.7144935649,0.0,0.0,0.0,0,1.0,0.0
2020-11-20,999296.7144935649,0.0,999296.7144935649,0.0,0.0,0.0,0,1.0,0.0
2020-11-23,999296.7144935649,0.0,999296.7144935649,0.0,0.0,0.0,0,1.0,0.0
2020-11-24,999296.7144935649,0.0,999296.7144935649,0.0,0.0,0.0,0,1.0,0.0
2020-11-25,999296.7144935649,0.0,999296.7144935649,0.0,0.0,0.0,0,1.0,0.0
2020-11-27,999296.7144935649,0.0,999296.7144935649,0.0,0.0,0.0,0,1.0,0.0
2020-11-30,999296.7144935649,0.0,999296.7144935649,0.0,0.0,0.0,0,1.0,0.0
2020-12-01,999296.7144935649,0.0,999296.7144935649,0.0,0.0,0.0,0,1.0,0.0
2020-12-02,999296.7144935649,0.0,999296.7144935649,0.0,0.0,0.0,0,1.0,0.0
2020-12-03,999296.7144935649,0.0,999296.7144935649,0.0,0.0,0.0,0,1.0,0.0
2020-12-04,999296.7144935649,0.0,999296.7144935649,0.0,0.0,0.0,0,1.0,0.0
2020-12-07,999296.7144935649,0.0,999296.7144935649,0.0,0.0,0.0,0,1.0,0.0
2020-12-08,999296.7144935649,0.0,999296.7144935649,0.0,0.0,0.0,0,1.0,0.0
2020-12-09,999296.7144935649,0.0,999296.7144935649,0.0,0.0,0.0,0,1.0,0.0
2020-12-10,999296.7144935649,0.0,999296.7144935649,0.0,0.0,0.0,0,1.0,0.0
2020-12-11,999296.7144935649,0.0,999296.7144935649,0.0,0.0,0.0,0,1.0,0.0
2020-12-14,999296.7144935649,0.0,999296.7144935649,0.0,0.0,0.0,0,1.0,0.0
2020-12-15,999296.7144935649,0.0,999296.7144935649,0.0,0.0,0.0,0,1.0,0.0
2020-12-16,999296.7144935649,0.0,999296.7144935649,0.0,0.0,0.0,0,1.0,0.0
2020-12-17,999296.7144935649,0.0,999296.7144935649,0.0,0.0,0.0,0,1.0,0.0
2020-12-18,999296.7144935649,0.0,999296.7144935649,0.0,0.0,0.0,0,1.0,0.0
2020-12-21,999296.7144935649,0.0,999296.7144935649,0.0,0.0,0.0,0,1.0,0.0
2020-12-22,999296.7144935649,0.0,999296.7144935649,0.0,0.0,0.0,0,1.0,0.0
2020-12-23,999296.7144935649,0.0,999296.7144935649,0.0,0.0,0.0,0,1.0,0.0
2020-12-24,999296.7144935649,0.0,999296.7144935649,0.0,0.0,0.0,0,1.0,0.0
2020-12-28,999296.7144935649,0.0,999296.7144935649,0.0,0.0,0.0,0,1.0,0.0
2020-12-29,999296.7144935649,0.0,999296.7144935649,0.0,0.0,0.0,0,1.0,0.0
2020-12-30,999296.7144935649,0.0,999296.7144935649,0.0,0.0,0.0,0,1.0,0.0
2020-12-31,999296.7144935649,0.0,999296.7144935649,0.0,0.0,0.0,0,1.0,0.0
2021-01-04,999296.7144935649,0.0,999296.7144935649,0.0,0.0,0.0,0,1.0,0.0
2021-01-05,999296.7144935649,0.0,999296.7144935649,0.0,0.0,0.0,0,1.0,0.0
2021-01-06,999296.7144935649,0.0,999296.7144935649,0.0,0.0,0.0,0,1.0,0.0
2021-01-07,999296.7144935649,0.0,999296.7144935649,0.0,0.0,0.0,0,1.0,0.0
2021-01-08,999296.7144935649,0.0,999296.7144935649,0.0,0.0,0.0,0,1.0,0.0
2021-01-11,999296.7144935649,0.0,999296.7144935649,0.0,0.0,0.0,0,1.0,0.0
2021-01-12,999296.7144935649,0.0,999296.7144935649,0.0,0.0,0.0,0,1.0,0.0
2021-01-13,999296.7144935649,0.0,999296.7144935649,0.0,0.0,0.0,0,1.0,0.0
2021-01-14,999296.7144935649,0.0,999296.7144935649,0.0,0.0,0.0,0,1.0,0.0
2021-01-15,999296.7144935649,0.0,999296.7144935649,0.0,0.0,0.0,0,1.0,0.0
2021-01-19,999296.7144935649,0.0,999296.7144935649,0.0,0.0,0.0,0,1.0,0.0
2021-01-20,999296.7144935649,0.0,999296.7144935649,0.0,0.0,0.0,0,1.0,0.0
2021-01-21,999296.7144935649,0.0,999296.7144935649,0.0,0.0,0.0,0,1.0,0.0
2021-01-22,999296.7144935649,0.0,999296.7144935649,0.0,0.0,0.0,0,1.0,0.0
2021-01-25,999296.7144935649,0.0,999296.7144935649,0.0,0.0,0.0,0,1.0,0.0
2021-01-26,999296.7144935649,0.0,999296.7144935649,0.0,0.0,0.0,0,1.0,0.0
2021-01-27,999296.7144935649,0.0,999296.7144935649,0.0,0.0,0.0,0,1.0,0.0
2021-01-28,999296.7144935649,0.0,999296.7144935649,0.0,0.0,0.0,0,1.0,0.0
2021-01-29,999296.7144935649,0.0,999296.7144935649,0.0,0.0,0.0,0,1.0,0.0
2021-02-01,999296.7144935649,0.0,999296.7144935649,0.0,0.0,0.0,0,1.0,0.0
2021-02-02,999296.7144935649,0.0,999296.7144935649,0.0,0.0,0.0,0,1.0,0.0
2021-02-03,999296.7144935649,0.0,999296.7144935649,0.0,0.0,0.0,0,1.0,0.0
2021-02-04,999296.7144935649,0.0,999296.7144935649,0.0,0.0,0.0,0,1.0,0.0
2021-02-05,999296.7144935649,0.0,999296.7144935649,0.0,0.0,0.0,0,1.0,0.0
2021-02-08,999296.7144935649,0.0,999296.7144935649,0.0,0.0,0.0,0,1.0,0.0
2021-02-09,999296.7144935649,0.0,999296.7144935649,0.0,0.0,0.0,0,1.0,0.0
2021-02-10,999296.7144935649,0.0,999296.7144935649,0.0,0.0,0.0,0,1.0,0.0
2021-02-11,999296.7144935649,0.0,999296.7144935649,0.0,0.0,0.0,0,1.0,0.0
2021-02-12,999296.7144935649,0.0,999296.7144935649,0.0,0.0,0.0,0,1.0,0.0
2021-02-16,999296.7144935649,0.0,999296.7144935649,0.0,0.0,0.0,0,1.0,0.0
2021-02-17,999296.7144935649,0.0,999296.7144935649,0.0,0.0,0.0,0,1.0,0.0
2021-02-18,999296.7144935649,0.0,999296.7144935649,0.0,0.0,0.0,0,1.0,0.0
2021-02-19,999296.7144935649,0.0,999296.7144935649,0.0,0.0,0.0,0,1.0,0.0
2021-02-22,999296.7144935649,0.0,999296.7144935649,0.0,0.0,0.0,0,1.0,0.0
2021-02-23,999296.7144935649,0.0,999296.7144935649,0.0,0.0,0.0,0,1.0,0.0
2021-02-24,999296.7144935649,0.0,999296.7144935649,0.0,0.0,0.0,0,1.0,0.0
2021-02-25,999296.7144935649,0.0,999296.7144935649,0.0,0.0,0.0,0,1.0,0.0
2021-02-26,999296.7144935649,0.0,999296.7144935649,0.0,0.0,0.0,0,1.0,0.0
2021-03-01,999296.7144935649,0.0,999296.7144935649,0.0,0.0,0.0,0,1.0,0.0
2021-03-02,999296.7144935649,0.0,999296.7144935649,0.0,0.0,0.0,0,1.0,0.0
2021-03-03,999296.7144935649,0.0,999296.7144935649,0.0,0.0,0.0,0,1.0,0.0
2021-03-04,999296.7144935649,0.0,999296.7144935649,0.0,0.0,0.0,0,1.0,0.0
2021-03-05,999296.7144935649,0.0,999296.7144935649,0.0,0.0,0.0,0,1.0,0.0
2021-03-08,999296.7144935649,0.0,999296.7144935649,0.0,0.0,0.0,0,1.0,0.0
2021-03-09,999296.7144935649,0.0,999296.7144935649,0.0,0.0,0.0,0,1.0,0.0
2021-03-10,999296.7144935649,0.0,999296.7144935649,0.0,0.0,0.0,0,1.0,0.0
2021-03-11,999296.7144935649,0.0,999296.7144935649,0.0,0.0,0.0,0,1.0,0.0
2021-03-12,999296.7144935649,0.0,999296.7144935649,0.0,0.0,0.0,0,1.0,0.0
2021-03-15,999296.7144935649,0.0,999296.7144935649,0.0,0.0,0.0,0,1.0,0.0
2021-03-16,999296.7144935649,0.0,999296.7144935649,0.0,0.0,0.0,0,1.0,0.0
2021-03-17,999296.7144935649,0.0,999296.7144935649,0.0,0.0,0.0,0,1.0,0.0
2021-03-18,999296.7144935649,0.0,999296.7144935649,0.0,0.0,0.0,0,1.0,0.0
2021-03-19,999296.7144935649,0.0,999296.7144935649,0.0,0.0,0.0,0,1.0,0.0
2021-03-22,999296.7144935649,0.0,999296.7144935649,0.0,0.0,0.0,0,1.0,0.0
2021-03-23,999296.7144935649,0.0,999296.7144935649,0.0,0.0,0.0,0,1.0,0.0
2021-03-24,999296.7144935649,0.0,999296.7144935649,0.0,0.0,0.0,0,1.0,0.0
2021-03-25,999296.7144935649,0.0,999296.7144935649,0.0,0.0,0.0,0,1.0,0.0
2021-03-26,999296.7144935649,0.0,999296.7144935649,0.0,0.0,0.0,0,1.0,0.0
2021-03-29,999296.7144935649,0.0,999296.7144935649,0.0,0.0,0.0,0,1.0,0.0
2021-03-30,999296.7144935649,0.0,999296.7144935649,0.0,0.0,0.0,0,1.0,0.0
2021-03-31,999296.7144935649,0.0,999296.7144935649,0.0,0.0,0.0,0,1.0,0.0
2021-04-01,999296.7144935649,0.0,999296.7144935649,0.0,0.0,0.0,0,1.0,0.0
2021-04-05,999296.7144935649,0.0,999296.7144935649,0.0,0.0,0.0,0,1.0,0.0
2021-04-06,999296.7144935649,0.0,999296.7144935649,0.0,0.0,0.0,0,1.0,0.0
2021-04-07,999296.7144935649,0.0,999296.7144935649,0.0,0.0,0.0,0,1.0,0.0
2021-04-08,999296.7144935649,0.0,999296.7144935649,0.0,0.0,0.0,0,1.0,0.0
2021-04-09,999296.7144935649,0.0,999296.7144935649,0.0,0.0,0.0,0,1.0,0.0
2021-04-12,999296.7144935649,0.0,999296.7144935649,0.0,0.0,0.0,0,1.0,0.0
2021-04-13,999296.7144935649,0.0,999296.7144935649,0.0,0.0,0.0,0,1.0,0.0
2021-04-14,999296.7144935649,0.0,999296.7144935649,0.0,0.0,0.0,0,1.0,0.0
2021-04-15,999296.7144935649,0.0,999296.7144935649,0.0,0.0,0.0,0,1.0,0.0
2021-04-16,999296.7144935649,0.0,999296.7144935649,0.0,0.0,0.0,0,1.0,0.0
2021-04-19,999296.7144935649,0.0,999296.7144935649,0.0,0.0,0.0,0,1.0,0.0
2021-04-20,999296.7144935649,0.0,999296.7144935649,0.0,0.0,0.0,0,1.0,0.0
2021-04-21,999296.7144935649,0.0,999296.7144935649,0.0,0.0,0.0,0,1.0,0.0
2021-04-22,999296.7144935649,0.0,999296.7144935649,0.0,0.0,0.0,0,1.0,0.0
2021-04-23,999296.7144935649,0.0,999296.7144935649,0.0,0.0,0.0,0,1.0,0.0
2021-04-26,999296.7144935649,0.0,999296.7144935649,0.0,0.0,0.0,0,1.0,0.0
2021-04-27,999296.7144935649,0.0,999296.7144935649,0.0,0.0,0.0,0,1.0,0.0
2021-04-28,999296.7144935649,0.0,999296.7144935649,0.0,0.0,0.0,0,1.0,0.0
2021-04-29,999296.7144935649,0.0,999296.7144935649,0.0,0.0,0.0,0,1.0,0.0
2021-04-30,999296.7144935649,0.0,999296.7144935649,0.0,0.0,0.0,0,1.0,0.0
2021-05-03,999296.7144935649,0.0,999296.7144935649,0.0,0.0,0.0,0,1.0,0.0
2021-05-04,999296.7144935649,0.0,999296.7144935649,0.0,0.0,0.0,0,1.0,0.0
2021-05-05,999296.7144935649,0.0,999296.7144935649,0.0,0.0,0.0,0,1.0,0.0
2021-05-06,999296.7144935649,0.0,999296.7144935649,0.0,0.0,0.0,0,1.0,0.0
2021-05-07,999296.7144935649,0.0,999296.7144935649,0.0,0.0,0.0,0,1.0,0.0
2021-05-10,999201.1029054886,-9.567887764427851e-05,988405.8944727749,41637.36310389853,72479.51777508341,10795.208432713658,5,1.0,0.0
2021-05-11,999133.2814101578,-6.787572104716144e-05,988405.0500606005,41295.1282085714,71862.02506758545,10728.231349557338,5,1.0,0.8444121744335352
2021-05-12,999295.1745137676,0.00016203354109212142,988404.2131845743,40830.59512036867,70770.22891154404,10890.96132919331,5,1.0,0.836876026256374
2021-05-13,999762.681465732,0.00046783669519068205,988403.3934820748,41636.16794340302,71913.04790314884,11359.287983657214,5,1.0,0.8197024994161632
2021-05-14,999854.7292655197,9.206964962182873e-05,988402.5645462786,42193.95731227781,72935.74990531453,11452.164719241093,5,1.0,0.8289357962969421
2021-05-17,1000001.3685763966,0.00014666061637247374,1000001.3685763966,0.0,0.0,0.0,0,1.0,2.5249932314609214
2021-05-18,1000001.3685763966,0.0,1000001.3685763966,0.0,0.0,0.0,0,1.0,0.0
2021-05-19,1000001.3685763966,0.0,1000001.3685763966,0.0,0.0,0.0,0,1.0,0.0
2021-05-20,1000001.3685763966,0.0,1000001.3685763966,0.0,0.0,0.0,0,1.0,0.0
2021-05-21,1000001.3685763966,0.0,1000001.3685763966,0.0,0.0,0.0,0,1.0,0.0
2021-05-24,1000001.3685763966,0.0,1000001.3685763966,0.0,0.0,0.0,0,1.0,0.0
2021-05-25,1000001.3685763966,0.0,1000001.3685763966,0.0,0.0,0.0,0,1.0,0.0
2021-05-26,1000001.3685763966,0.0,1000001.3685763966,0.0,0.0,0.0,0,1.0,0.0
2021-05-27,1000001.3685763966,0.0,1000001.3685763966,0.0,0.0,0.0,0,1.0,0.0
2021-05-28,1000001.3685763966,0.0,1000001.3685763966,0.0,0.0,0.0,0,1.0,0.0
2021-06-01,1000001.3685763966,0.0,1000001.3685763966,0.0,0.0,0.0,0,1.0,0.0
2021-06-02,1000001.3685763966,0.0,1000001.3685763966,0.0,0.0,0.0,0,1.0,0.0
2021-06-03,1000001.3685763966,0.0,1000001.3685763966,0.0,0.0,0.0,0,1.0,0.0
2021-06-04,1000001.3685763966,0.0,1000001.3685763966,0.0,0.0,0.0,0,1.0,0.0
2021-06-07,1000001.3685763966,0.0,1000001.3685763966,0.0,0.0,0.0,0,1.0,0.0
2021-06-08,1000001.3685763966,0.0,1000001.3685763966,0.0,0.0,0.0,0,1.0,0.0
2021-06-09,1000001.3685763966,0.0,1000001.3685763966,0.0,0.0,0.0,0,1.0,0.0
2021-06-10,1000001.3685763966,0.0,1000001.3685763966,0.0,0.0,0.0,0,1.0,0.0
2021-06-11,1000001.3685763966,0.0,1000001.3685763966,0.0,0.0,0.0,0,1.0,0.0
2021-06-14,1000001.3685763966,0.0,1000001.3685763966,0.0,0.0,0.0,0,1.0,0.0
2021-06-15,1000001.3685763966,0.0,1000001.3685763966,0.0,0.0,0.0,0,1.0,0.0
2021-06-16,1000001.3685763966,0.0,1000001.3685763966,0.0,0.0,0.0,0,1.0,0.0
2021-06-17,1000001.3685763966,0.0,1000001.3685763966,0.0,0.0,0.0,0,1.0,0.0
2021-06-18,1000001.3685763966,0.0,1000001.3685763966,0.0,0.0,0.0,0,1.0,0.0
2021-06-21,1000001.3685763966,0.0,1000001.3685763966,0.0,0.0,0.0,0,1.0,0.0
2021-06-22,1000001.3685763966,0.0,1000001.3685763966,0.0,0.0,0.0,0,1.0,0.0
2021-06-23,1000001.3685763966,0.0,1000001.3685763966,0.0,0.0,0.0,0,1.0,0.0
2021-06-24,1000001.3685763966,0.0,1000001.3685763966,0.0,0.0,0.0,0,1.0,0.0
2021-06-25,1000001.3685763966,0.0,1000001.3685763966,0.0,0.0,0.0,0,1.0,0.0
2021-06-28,1000001.3685763966,0.0,1000001.3685763966,0.0,0.0,0.0,0,1.0,0.0
2021-06-29,1000001.3685763966,0.0,1000001.3685763966,0.0,0.0,0.0,0,1.0,0.0
2021-06-30,1000001.3685763966,0.0,1000001.3685763966,0.0,0.0,0.0,0,1.0,0.0
2021-07-01,1000001.3685763966,0.0,1000001.3685763966,0.0,0.0,0.0,0,1.0,0.0
2021-07-02,1000001.3685763966,0.0,1000001.3685763966,0.0,0.0,0.0,0,1.0,0.0
2021-07-06,1000001.3685763966,0.0,1000001.3685763966,0.0,0.0,0.0,0,1.0,0.0
2021-07-07,1000001.3685763966,0.0,1000001.3685763966,0.0,0.0,0.0,0,1.0,0.0
2021-07-08,1000001.3685763966,0.0,1000001.3685763966,0.0,0.0,0.0,0,1.0,0.0
2021-07-09,1000001.3685763966,0.0,1000001.3685763966,0.0,0.0,0.0,0,1.0,0.0
2021-07-12,1000001.3685763966,0.0,1000001.3685763966,0.0,0.0,0.0,0,1.0,0.0
2021-07-13,1000001.3685763966,0.0,1000001.3685763966,0.0,0.0,0.0,0,1.0,0.0
2021-07-14,1000001.3685763966,0.0,1000001.3685763966,0.0,0.0,0.0,0,1.0,0.0
2021-07-15,1000001.3685763966,0.0,1000001.3685763966,0.0,0.0,0.0,0,1.0,0.0
2021-07-16,1000001.3685763966,0.0,1000001.3685763966,0.0,0.0,0.0,0,1.0,0.0
2021-07-19,1000001.3685763966,0.0,1000001.3685763966,0.0,0.0,0.0,0,1.0,0.0
2021-07-20,1000001.3685763966,0.0,1000001.3685763966,0.0,0.0,0.0,0,1.0,0.0
2021-07-21,1000001.3685763966,0.0,1000001.3685763966,0.0,0.0,0.0,0,1.0,0.0
2021-07-22,1000001.3685763966,0.0,1000001.3685763966,0.0,0.0,0.0,0,1.0,0.0
2021-07-23,1000001.3685763966,0.0,1000001.3685763966,0.0,0.0,0.0,0,1.0,0.0
2021-07-26,1000001.3685763966,0.0,1000001.3685763966,0.0,0.0,0.0,0,1.0,0.0
2021-07-27,1000001.3685763966,0.0,1000001.3685763966,0.0,0.0,0.0,0,1.0,0.0
2021-07-28,1000001.3685763966,0.0,1000001.3685763966,0.0,0.0,0.0,0,1.0,0.0
2021-07-29,1000001.3685763966,0.0,1000001.3685763966,0.0,0.0,0.0,0,1.0,0.0
2021-07-30,1000001.3685763966,0.0,1000001.3685763966,0.0,0.0,0.0,0,1.0,0.0
2021-08-02,1000001.3685763966,0.0,1000001.3685763966,0.0,0.0,0.0,0,1.0,0.0
2021-08-03,1000001.3685763966,0.0,1000001.3685763966,0.0,0.0,0.0,0,1.0,0.0
2021-08-04,1000001.3685763966,0.0,1000001.3685763966,0.0,0.0,0.0,0,1.0,0.0
2021-08-05,1000001.3685763966,0.0,1000001.3685763966,0.0,0.0,0.0,0,1.0,0.0
2021-08-06,1000001.3685763966,0.0,1000001.3685763966,0.0,0.0,0.0,0,1.0,0.0
2021-08-09,1000001.3685763966,0.0,1000001.3685763966,0.0,0.0,0.0,0,1.0,0.0
2021-08-10,1000001.3685763966,0.0,1000001.3685763966,0.0,0.0,0.0,0,1.0,0.0
2021-08-11,1000001.3685763966,0.0,1000001.3685763966,0.0,0.0,0.0,0,1.0,0.0
2021-08-12,1000001.3685763966,0.0,1000001.3685763966,0.0,0.0,0.0,0,1.0,0.0
2021-08-13,1000001.3685763966,0.0,1000001.3685763966,0.0,0.0,0.0,0,1.0,0.0
2021-08-16,1000001.3685763966,0.0,1000001.3685763966,0.0,0.0,0.0,0,1.0,0.0
2021-08-17,1000001.3685763966,0.0,1000001.3685763966,0.0,0.0,0.0,0,1.0,0.0
2021-08-18,1000001.3685763966,0.0,1000001.3685763966,0.0,0.0,0.0,0,1.0,0.0
2021-08-19,1000001.3685763966,0.0,1000001.3685763966,0.0,0.0,0.0,0,1.0,0.0
2021-08-20,1000001.3685763966,0.0,1000001.3685763966,0.0,0.0,0.0,0,1.0,0.0
2021-08-23,1000001.3685763966,0.0,1000001.3685763966,0.0,0.0,0.0,0,1.0,0.0
2021-08-24,1000001.3685763966,0.0,1000001.3685763966,0.0,0.0,0.0,0,1.0,0.0
2021-08-25,1000001.3685763966,0.0,1000001.3685763966,0.0,0.0,0.0,0,1.0,0.0
2021-08-26,1000001.3685763966,0.0,1000001.3685763966,0.0,0.0,0.0,0,1.0,0.0
2021-08-27,1000001.3685763966,0.0,1000001.3685763966,0.0,0.0,0.0,0,1.0,0.0
2021-08-30,1000001.3685763966,0.0,1000001.3685763966,0.0,0.0,0.0,0,1.0,0.0
2021-08-31,1000001.3685763966,0.0,1000001.3685763966,0.0,0.0,0.0,0,1.0,0.0
2021-09-01,1000001.3685763966,0.0,1000001.3685763966,0.0,0.0,0.0,0,1.0,0.0
2021-09-02,1000001.3685763966,0.0,1000001.3685763966,0.0,0.0,0.0,0,1.0,0.0
2021-09-03,1000001.3685763966,0.0,1000001.3685763966,0.0,0.0,0.0,0,1.0,0.0
2021-09-07,1000001.3685763966,0.0,1000001.3685763966,0.0,0.0,0.0,0,1.0,0.0
2021-09-08,1000001.3685763966,0.0,1000001.3685763966,0.0,0.0,0.0,0,1.0,0.0
2021-09-09,1000001.3685763966,0.0,1000001.3685763966,0.0,0.0,0.0,0,1.0,0.0
2021-09-10,1000001.3685763966,0.0,1000001.3685763966,0.0,0.0,0.0,0,1.0,0.0
2021-09-13,1000001.3685763966,0.0,1000001.3685763966,0.0,0.0,0.0,0,1.0,0.0
2021-09-14,1000001.3685763966,0.0,1000001.3685763966,0.0,0.0,0.0,0,1.0,0.0
2021-09-15,1000001.3685763966,0.0,1000001.3685763966,0.0,0.0,0.0,0,1.0,0.0
2021-09-16,1000001.3685763966,0.0,1000001.3685763966,0.0,0.0,0.0,0,1.0,0.0
2021-09-17,1000001.3685763966,0.0,1000001.3685763966,0.0,0.0,0.0,0,1.0,0.0
2021-09-20,1000001.3685763966,0.0,1000001.3685763966,0.0,0.0,0.0,0,1.0,0.0
2021-09-21,1000001.3685763966,0.0,1000001.3685763966,0.0,0.0,0.0,0,1.0,0.0
2021-09-22,1000001.3685763966,0.0,1000001.3685763966,0.0,0.0,0.0,0,1.0,0.0
2021-09-23,1000001.3685763966,0.0,1000001.3685763966,0.0,0.0,0.0,0,1.0,0.0
2021-09-24,1000001.3685763966,0.0,1000001.3685763966,0.0,0.0,0.0,0,1.0,0.0
2021-09-27,1000001.3685763966,0.0,1000001.3685763966,0.0,0.0,0.0,0,1.0,0.0
2021-09-28,1000001.3685763966,0.0,1000001.3685763966,0.0,0.0,0.0,0,1.0,0.0
2021-09-29,1000001.3685763966,0.0,1000001.3685763966,0.0,0.0,0.0,0,1.0,0.0
2021-09-30,1000001.3685763966,0.0,1000001.3685763966,0.0,0.0,0.0,0,1.0,0.0
2021-10-01,1000001.3685763966,0.0,1000001.3685763966,0.0,0.0,0.0,0,1.0,0.0
2021-10-04,1000001.3685763966,0.0,1000001.3685763966,0.0,0.0,0.0,0,1.0,0.0
2021-10-05,1000001.3685763966,0.0,1000001.3685763966,0.0,0.0,0.0,0,1.0,0.0
2021-10-06,1000001.3685763966,0.0,1000001.3685763966,0.0,0.0,0.0,0,1.0,0.0
2021-10-07,1000001.3685763966,0.0,1000001.3685763966,0.0,0.0,0.0,0,1.0,0.0
2021-10-08,1000001.3685763966,0.0,1000001.3685763966,0.0,0.0,0.0,0,1.0,0.0
2021-10-11,1000001.3685763966,0.0,1000001.3685763966,0.0,0.0,0.0,0,1.0,0.0
2021-10-12,1000001.3685763966,0.0,1000001.3685763966,0.0,0.0,0.0,0,1.0,0.0
2021-10-13,1000001.3685763966,0.0,1000001.3685763966,0.0,0.0,0.0,0,1.0,0.0
2021-10-14,1000001.3685763966,0.0,1000001.3685763966,0.0,0.0,0.0,0,1.0,0.0
2021-10-15,1000001.3685763966,0.0,1000001.3685763966,0.0,0.0,0.0,0,1.0,0.0
2021-10-18,1000001.3685763966,0.0,1000001.3685763966,0.0,0.0,0.0,0,1.0,0.0
2021-10-19,1000001.3685763966,0.0,1000001.3685763966,0.0,0.0,0.0,0,1.0,0.0
2021-10-20,1000001.3685763966,0.0,1000001.3685763966,0.0,0.0,0.0,0,1.0,0.0
2021-10-21,1000001.3685763966,0.0,1000001.3685763966,0.0,0.0,0.0,0,1.0,0.0
2021-10-22,1000001.3685763966,0.0,1000001.3685763966,0.0,0.0,0.0,0,1.0,0.0
2021-10-25,1000001.3685763966,0.0,1000001.3685763966,0.0,0.0,0.0,0,1.0,0.0
2021-10-26,1000001.3685763966,0.0,1000001.3685763966,0.0,0.0,0.0,0,1.0,0.0
2021-10-27,1000001.3685763966,0.0,1000001.3685763966,0.0,0.0,0.0,0,1.0,0.0
2021-10-28,1000001.3685763966,0.0,1000001.3685763966,0.0,0.0,0.0,0,1.0,0.0
2021-10-29,1000001.3685763966,0.0,1000001.3685763966,0.0,0.0,0.0,0,1.0,0.0
2021-11-01,1000001.3685763966,0.0,1000001.3685763966,0.0,0.0,0.0,0,1.0,0.0
2021-11-02,1000001.3685763966,0.0,1000001.3685763966,0.0,0.0,0.0,0,1.0,0.0
2021-11-03,1000001.3685763966,0.0,1000001.3685763966,0.0,0.0,0.0,0,1.0,0.0
2021-11-04,1000001.3685763966,0.0,1000001.3685763966,0.0,0.0,0.0,0,1.0,0.0
2021-11-05,1000001.3685763966,0.0,1000001.3685763966,0.0,0.0,0.0,0,1.0,0.0
2021-11-08,999910.0038631258,-9.13645882313352e-05,988321.4585816273,40000.054743055865,68411.56420461323,11588.545281498504,4,1.0,0.0
2021-11-09,1000532.9001719212,0.0006229523721024144,988320.6807168919,40529.81756311597,68847.41567120256,12212.219455029372,4,1.0,0.7778647354293597
2021-11-10,1000934.4810022353,0.0004013669418017063,988319.9054233092,40704.362958333426,68794.15033774072,12614.575578926131,4,1.0,0.7752935826991538
2021-11-11,1001112.0101002356,0.00017736335531415293,988319.1363668443,40891.74929366815,68990.62485394499,12792.873733391327,4,1.0,0.7690564648708365
2021-11-12,1000847.3314837095,-0.00026438461816036263,988318.3670615586,40839.89781676142,69150.83121137202,12528.96442215081,4,1.0,0.7693052857023089
2021-11-15,1000546.520961182,-0.0003005558520914331,1000546.520961182,0.0,0.0,0.0,0,1.0,2.325333338366374
2021-11-16,1000546.520961182,0.0,1000546.520961182,0.0,0.0,0.0,0,1.0,0.0
2021-11-17,1000546.520961182,0.0,1000546.520961182,0.0,0.0,0.0,0,1.0,0.0
2021-11-18,1000546.520961182,0.0,1000546.520961182,0.0,0.0,0.0,0,1.0,0.0
2021-11-19,1000546.520961182,0.0,1000546.520961182,0.0,0.0,0.0,0,1.0,0.0
2021-11-22,1000546.520961182,0.0,1000546.520961182,0.0,0.0,0.0,0,1.0,0.0
2021-11-23,1000546.520961182,0.0,1000546.520961182,0.0,0.0,0.0,0,1.0,0.0
2021-11-24,1000546.520961182,0.0,1000546.520961182,0.0,0.0,0.0,0,1.0,0.0
2021-11-26,1000546.520961182,0.0,1000546.520961182,0.0,0.0,0.0,0,1.0,0.0
2021-11-29,1000546.520961182,0.0,1000546.520961182,0.0,0.0,0.0,0,1.0,0.0
2021-11-30,1000546.520961182,0.0,1000546.520961182,0.0,0.0,0.0,0,1.0,0.0
2021-12-01,1000546.520961182,0.0,1000546.520961182,0.0,0.0,0.0,0,1.0,0.0
2021-12-02,1000546.520961182,0.0,1000546.520961182,0.0,0.0,0.0,0,1.0,0.0
2021-12-03,1000546.520961182,0.0,1000546.520961182,0.0,0.0,0.0,0,1.0,0.0
2021-12-06,1000546.520961182,0.0,1000546.520961182,0.0,0.0,0.0,0,1.0,0.0
2021-12-07,1000546.520961182,0.0,1000546.520961182,0.0,0.0,0.0,0,1.0,0.0
2021-12-08,1000546.520961182,0.0,1000546.520961182,0.0,0.0,0.0,0,1.0,0.0
2021-12-09,1000546.520961182,0.0,1000546.520961182,0.0,0.0,0.0,0,1.0,0.0
2021-12-10,1000546.520961182,0.0,1000546.520961182,0.0,0.0,0.0,0,1.0,0.0
2021-12-13,1000546.520961182,0.0,1000546.520961182,0.0,0.0,0.0,0,1.0,0.0
2021-12-14,1000546.520961182,0.0,1000546.520961182,0.0,0.0,0.0,0,1.0,0.0
2021-12-15,1000546.520961182,0.0,1000546.520961182,0.0,0.0,0.0,0,1.0,0.0
2021-12-16,1000546.520961182,0.0,1000546.520961182,0.0,0.0,0.0,0,1.0,0.0
2021-12-17,1000546.520961182,0.0,1000546.520961182,0.0,0.0,0.0,0,1.0,0.0
2021-12-20,1000546.520961182,0.0,1000546.520961182,0.0,0.0,0.0,0,1.0,0.0
2021-12-21,1000546.520961182,0.0,1000546.520961182,0.0,0.0,0.0,0,1.0,0.0
2021-12-22,1000546.520961182,0.0,1000546.520961182,0.0,0.0,0.0,0,1.0,0.0
2021-12-23,1000546.520961182,0.0,1000546.520961182,0.0,0.0,0.0,0,1.0,0.0
2021-12-27,1000546.520961182,0.0,1000546.520961182,0.0,0.0,0.0,0,1.0,0.0
2021-12-28,1000546.520961182,0.0,1000546.520961182,0.0,0.0,0.0,0,1.0,0.0
2021-12-29,1000546.520961182,0.0,1000546.520961182,0.0,0.0,0.0,0,1.0,0.0
2021-12-30,1000546.520961182,0.0,1000546.520961182,0.0,0.0,0.0,0,1.0,0.0
2021-12-31,1000546.520961182,0.0,1000546.520961182,0.0,0.0,0.0,0,1.0,0.0
2022-01-03,1000546.520961182,0.0,1000546.520961182,0.0,0.0,0.0,0,1.0,0.0
2022-01-04,1000546.520961182,0.0,1000546.520961182,0.0,0.0,0.0,0,1.0,0.0
2022-01-05,1000546.520961182,0.0,1000546.520961182,0.0,0.0,0.0,0,1.0,0.0
2022-01-06,1000546.520961182,0.0,1000546.520961182,0.0,0.0,0.0,0,1.0,0.0
2022-01-07,1000546.520961182,0.0,1000546.520961182,0.0,0.0,0.0,0,1.0,0.0
2022-01-10,1000546.520961182,0.0,1000546.520961182,0.0,0.0,0.0,0,1.0,0.0
2022-01-11,1000546.520961182,0.0,1000546.520961182,0.0,0.0,0.0,0,1.0,0.0
2022-01-12,1000546.520961182,0.0,1000546.520961182,0.0,0.0,0.0,0,1.0,0.0
2022-01-13,1000546.520961182,0.0,1000546.520961182,0.0,0.0,0.0,0,1.0,0.0
2022-01-14,1000546.520961182,0.0,1000546.520961182,0.0,0.0,0.0,0,1.0,0.0
2022-01-18,1000546.520961182,0.0,1000546.520961182,0.0,0.0,0.0,0,1.0,0.0
2022-01-19,1000546.520961182,0.0,1000546.520961182,0.0,0.0,0.0,0,1.0,0.0
2022-01-20,1000546.520961182,0.0,1000546.520961182,0.0,0.0,0.0,0,1.0,0.0
2022-01-21,1000546.520961182,0.0,1000546.520961182,0.0,0.0,0.0,0,1.0,0.0
2022-01-24,1000546.520961182,0.0,1000546.520961182,0.0,0.0,0.0,0,1.0,0.0
2022-01-25,1000546.520961182,0.0,1000546.520961182,0.0,0.0,0.0,0,1.0,0.0
2022-01-26,1000546.520961182,0.0,1000546.520961182,0.0,0.0,0.0,0,1.0,0.0
2022-01-27,1000546.520961182,0.0,1000546.520961182,0.0,0.0,0.0,0,1.0,0.0
2022-01-28,1000546.520961182,0.0,1000546.520961182,0.0,0.0,0.0,0,1.0,0.0
2022-01-31,1000546.520961182,0.0,1000546.520961182,0.0,0.0,0.0,0,1.0,0.0
2022-02-01,1000546.520961182,0.0,1000546.520961182,0.0,0.0,0.0,0,1.0,0.0
2022-02-02,1000546.520961182,0.0,1000546.520961182,0.0,0.0,0.0,0,1.0,0.0
2022-02-03,1000546.520961182,0.0,1000546.520961182,0.0,0.0,0.0,0,1.0,0.0
2022-02-04,1000546.520961182,0.0,1000546.520961182,0.0,0.0,0.0,0,1.0,0.0
2022-02-07,1000546.520961182,0.0,1000546.520961182,0.0,0.0,0.0,0,1.0,0.0
2022-02-08,1000546.520961182,0.0,1000546.520961182,0.0,0.0,0.0,0,1.0,0.0
2022-02-09,1000546.520961182,0.0,1000546.520961182,0.0,0.0,0.0,0,1.0,0.0
2022-02-10,1000546.520961182,0.0,1000546.520961182,0.0,0.0,0.0,0,1.0,0.0
2022-02-11,1000546.520961182,0.0,1000546.520961182,0.0,0.0,0.0,0,1.0,0.0
2022-02-14,1000546.520961182,0.0,1000546.520961182,0.0,0.0,0.0,0,1.0,0.0
2022-02-15,1000546.520961182,0.0,1000546.520961182,0.0,0.0,0.0,0,1.0,0.0
2022-02-16,1000546.520961182,0.0,1000546.520961182,0.0,0.0,0.0,0,1.0,0.0
2022-02-17,1000546.520961182,0.0,1000546.520961182,0.0,0.0,0.0,0,1.0,0.0
2022-02-18,1000546.520961182,0.0,1000546.520961182,0.0,0.0,0.0,0,1.0,0.0
2022-02-22,1000546.520961182,0.0,1000546.520961182,0.0,0.0,0.0,0,1.0,0.0
2022-02-23,1000546.520961182,0.0,1000546.520961182,0.0,0.0,0.0,0,1.0,0.0
2022-02-24,1000546.520961182,0.0,1000546.520961182,0.0,0.0,0.0,0,1.0,0.0
2022-02-25,1000546.520961182,0.0,1000546.520961182,0.0,0.0,0.0,0,1.0,0.0
2022-02-28,1000546.520961182,0.0,1000546.520961182,0.0,0.0,0.0,0,1.0,0.0
2022-03-01,1000546.520961182,0.0,1000546.520961182,0.0,0.0,0.0,0,1.0,0.0
2022-03-02,1000546.520961182,0.0,1000546.520961182,0.0,0.0,0.0,0,1.0,0.0
2022-03-03,1000546.520961182,0.0,1000546.520961182,0.0,0.0,0.0,0,1.0,0.0
2022-03-04,1000546.520961182,0.0,1000546.520961182,0.0,0.0,0.0,0,1.0,0.0
2022-03-07,1000546.520961182,0.0,1000546.520961182,0.0,0.0,0.0,0,1.0,0.0
2022-03-08,1000546.520961182,0.0,1000546.520961182,0.0,0.0,0.0,0,1.0,0.0
2022-03-09,1000546.520961182,0.0,1000546.520961182,0.0,0.0,0.0,0,1.0,0.0
2022-03-10,1000546.520961182,0.0,1000546.520961182,0.0,0.0,0.0,0,1.0,0.0
2022-03-11,1000546.520961182,0.0,1000546.520961182,0.0,0.0,0.0,0,1.0,0.0
2022-03-14,1000546.520961182,0.0,1000546.520961182,0.0,0.0,0.0,0,1.0,0.0
2022-03-15,1000546.520961182,0.0,1000546.520961182,0.0,0.0,0.0,0,1.0,0.0
2022-03-16,1000546.520961182,0.0,1000546.520961182,0.0,0.0,0.0,0,1.0,0.0
2022-03-17,1000546.520961182,0.0,1000546.520961182,0.0,0.0,0.0,0,1.0,0.0
2022-03-18,1000546.520961182,0.0,1000546.520961182,0.0,0.0,0.0,0,1.0,0.0
2022-03-21,1000546.520961182,0.0,1000546.520961182,0.0,0.0,0.0,0,1.0,0.0
2022-03-22,1000546.520961182,0.0,1000546.520961182,0.0,0.0,0.0,0,1.0,0.0
2022-03-23,1000546.520961182,0.0,1000546.520961182,0.0,0.0,0.0,0,1.0,0.0
2022-03-24,1000546.520961182,0.0,1000546.520961182,0.0,0.0,0.0,0,1.0,0.0
2022-03-25,1000546.520961182,0.0,1000546.520961182,0.0,0.0,0.0,0,1.0,0.0
2022-03-28,1000546.520961182,0.0,1000546.520961182,0.0,0.0,0.0,0,1.0,0.0
2022-03-29,1000546.520961182,0.0,1000546.520961182,0.0,0.0,0.0,0,1.0,0.0
2022-03-30,1000546.520961182,0.0,1000546.520961182,0.0,0.0,0.0,0,1.0,0.0
2022-03-31,1000546.520961182,0.0,1000546.520961182,0.0,0.0,0.0,0,1.0,0.0
2022-04-01,1000546.520961182,0.0,1000546.520961182,0.0,0.0,0.0,0,1.0,0.0
2022-04-04,1000546.520961182,0.0,1000546.520961182,0.0,0.0,0.0,0,1.0,0.0
2022-04-05,1000546.520961182,0.0,1000546.520961182,0.0,0.0,0.0,0,1.0,0.0
2022-04-06,1000546.520961182,0.0,1000546.520961182,0.0,0.0,0.0,0,1.0,0.0
2022-04-07,1000546.520961182,0.0,1000546.520961182,0.0,0.0,0.0,0,1.0,0.0
2022-04-08,1000546.520961182,0.0,1000546.520961182,0.0,0.0,0.0,0,1.0,0.0
2022-04-11,1000546.520961182,0.0,1000546.520961182,0.0,0.0,0.0,0,1.0,0.0
2022-04-12,1000546.520961182,0.0,1000546.520961182,0.0,0.0,0.0,0,1.0,0.0
2022-04-13,1000546.520961182,0.0,1000546.520961182,0.0,0.0,0.0,0,1.0,0.0
2022-04-14,1000546.520961182,0.0,1000546.520961182,0.0,0.0,0.0,0,1.0,0.0
2022-04-18,1000546.520961182,0.0,1000546.520961182,0.0,0.0,0.0,0,1.0,0.0
2022-04-19,1000546.520961182,0.0,1000546.520961182,0.0,0.0,0.0,0,1.0,0.0
2022-04-20,1000546.520961182,0.0,1000546.520961182,0.0,0.0,0.0,0,1.0,0.0
2022-04-21,1000546.520961182,0.0,1000546.520961182,0.0,0.0,0.0,0,1.0,0.0
2022-04-22,1000546.520961182,0.0,1000546.520961182,0.0,0.0,0.0,0,1.0,0.0
2022-04-25,1000546.520961182,0.0,1000546.520961182,0.0,0.0,0.0,0,1.0,0.0
2022-04-26,1000546.520961182,0.0,1000546.520961182,0.0,0.0,0.0,0,1.0,0.0
2022-04-27,1000546.520961182,0.0,1000546.520961182,0.0,0.0,0.0,0,1.0,0.0
2022-04-28,1000546.520961182,0.0,1000546.520961182,0.0,0.0,0.0,0,1.0,0.0
2022-04-29,1000546.520961182,0.0,1000546.520961182,0.0,0.0,0.0,0,1.0,0.0
2022-05-02,1000546.520961182,0.0,1000546.520961182,0.0,0.0,0.0,0,1.0,0.0
2022-05-03,1000546.520961182,0.0,1000546.520961182,0.0,0.0,0.0,0,1.0,0.0
2022-05-04,1000546.520961182,0.0,1000546.520961182,0.0,0.0,0.0,0,1.0,0.0
2022-05-05,1000546.520961182,0.0,1000546.520961182,0.0,0.0,0.0,0,1.0,0.0
2022-05-06,1000546.520961182,0.0,1000546.520961182,0.0,0.0,0.0,0,1.0,0.0
2022-05-09,1000546.520961182,0.0,1000546.520961182,0.0,0.0,0.0,0,1.0,0.0
2022-05-10,1000546.520961182,0.0,1000546.520961182,0.0,0.0,0.0,0,1.0,0.0
2022-05-11,1000546.520961182,0.0,1000546.520961182,0.0,0.0,0.0,0,1.0,0.0
2022-05-12,1000546.520961182,0.0,1000546.520961182,0.0,0.0,0.0,0,1.0,0.0
2022-05-13,1000546.520961182,0.0,1000546.520961182,0.0,0.0,0.0,0,1.0,0.0
2022-05-16,1000546.520961182,0.0,1000546.520961182,0.0,0.0,0.0,0,1.0,0.0
2022-05-17,1000546.520961182,0.0,1000546.520961182,0.0,0.0,0.0,0,1.0,0.0
2022-05-18,1000546.520961182,0.0,1000546.520961182,0.0,0.0,0.0,0,1.0,0.0
2022-05-19,1000546.520961182,0.0,1000546.520961182,0.0,0.0,0.0,0,1.0,0.0
2022-05-20,1000546.520961182,0.0,1000546.520961182,0.0,0.0,0.0,0,1.0,0.0
2022-05-23,1000546.520961182,0.0,1000546.520961182,0.0,0.0,0.0,0,1.0,0.0
2022-05-24,1000546.520961182,0.0,1000546.520961182,0.0,0.0,0.0,0,1.0,0.0
2022-05-25,1000546.520961182,0.0,1000546.520961182,0.0,0.0,0.0,0,1.0,0.0
2022-05-26,1000546.520961182,0.0,1000546.520961182,0.0,0.0,0.0,0,1.0,0.0
2022-05-27,1000546.520961182,0.0,1000546.520961182,0.0,0.0,0.0,0,1.0,0.0
2022-05-31,1000546.520961182,0.0,1000546.520961182,0.0,0.0,0.0,0,1.0,0.0
2022-06-01,1000546.520961182,0.0,1000546.520961182,0.0,0.0,0.0,0,1.0,0.0
2022-06-02,1000546.520961182,0.0,1000546.520961182,0.0,0.0,0.0,0,1.0,0.0
2022-06-03,1000546.520961182,0.0,1000546.520961182,0.0,0.0,0.0,0,1.0,0.0
2022-06-06,1000546.520961182,0.0,1000546.520961182,0.0,0.0,0.0,0,1.0,0.0
2022-06-07,1000546.520961182,0.0,1000546.520961182,0.0,0.0,0.0,0,1.0,0.0
2022-06-08,1000546.520961182,0.0,1000546.520961182,0.0,0.0,0.0,0,1.0,0.0
2022-06-09,1000546.520961182,0.0,1000546.520961182,0.0,0.0,0.0,0,1.0,0.0
2022-06-10,1000546.520961182,0.0,1000546.520961182,0.0,0.0,0.0,0,1.0,0.0
2022-06-13,1000546.520961182,0.0,1000546.520961182,0.0,0.0,0.0,0,1.0,0.0
2022-06-14,1000546.520961182,0.0,1000546.520961182,0.0,0.0,0.0,0,1.0,0.0
2022-06-15,1000546.520961182,0.0,1000546.520961182,0.0,0.0,0.0,0,1.0,0.0
2022-06-16,1000546.520961182,0.0,1000546.520961182,0.0,0.0,0.0,0,1.0,0.0
2022-06-17,1000546.520961182,0.0,1000546.520961182,0.0,0.0,0.0,0,1.0,0.0
2022-06-21,1000546.520961182,0.0,1000546.520961182,0.0,0.0,0.0,0,1.0,0.0
2022-06-22,1000546.520961182,0.0,1000546.520961182,0.0,0.0,0.0,0,1.0,0.0
2022-06-23,1000546.520961182,0.0,1000546.520961182,0.0,0.0,0.0,0,1.0,0.0
2022-06-24,1000546.520961182,0.0,1000546.520961182,0.0,0.0,0.0,0,1.0,0.0
2022-06-27,1000546.520961182,0.0,1000546.520961182,0.0,0.0,0.0,0,1.0,0.0
2022-06-28,1000546.520961182,0.0,1000546.520961182,0.0,0.0,0.0,0,1.0,0.0
2022-06-29,1000546.520961182,0.0,1000546.520961182,0.0,0.0,0.0,0,1.0,0.0
2022-06-30,1000546.520961182,0.0,1000546.520961182,0.0,0.0,0.0,0,1.0,0.0
2022-07-01,1000546.520961182,0.0,1000546.520961182,0.0,0.0,0.0,0,1.0,0.0
2022-07-05,1000546.520961182,0.0,1000546.520961182,0.0,0.0,0.0,0,1.0,0.0
2022-07-06,1000546.520961182,0.0,1000546.520961182,0.0,0.0,0.0,0,1.0,0.0
2022-07-07,1000546.520961182,0.0,1000546.520961182,0.0,0.0,0.0,0,1.0,0.0
2022-07-08,1000546.520961182,0.0,1000546.520961182,0.0,0.0,0.0,0,1.0,0.0
2022-07-11,1000546.520961182,0.0,1000546.520961182,0.0,0.0,0.0,0,1.0,0.0
2022-07-12,1000546.520961182,0.0,1000546.520961182,0.0,0.0,0.0,0,1.0,0.0
2022-07-13,1000546.520961182,0.0,1000546.520961182,0.0,0.0,0.0,0,1.0,0.0
2022-07-14,1000546.520961182,0.0,1000546.520961182,0.0,0.0,0.0,0,1.0,0.0
2022-07-15,1000546.520961182,0.0,1000546.520961182,0.0,0.0,0.0,0,1.0,0.0
2022-07-18,1000546.520961182,0.0,1000546.520961182,0.0,0.0,0.0,0,1.0,0.0
2022-07-19,1000546.520961182,0.0,1000546.520961182,0.0,0.0,0.0,0,1.0,0.0
2022-07-20,1000546.520961182,0.0,1000546.520961182,0.0,0.0,0.0,0,1.0,0.0
2022-07-21,1000546.520961182,0.0,1000546.520961182,0.0,0.0,0.0,0,1.0,0.0
2022-07-22,1000546.520961182,0.0,1000546.520961182,0.0,0.0,0.0,0,1.0,0.0
2022-07-25,1000546.520961182,0.0,1000546.520961182,0.0,0.0,0.0,0,1.0,0.0
2022-07-26,1000546.520961182,0.0,1000546.520961182,0.0,0.0,0.0,0,1.0,0.0
2022-07-27,1000546.520961182,0.0,1000546.520961182,0.0,0.0,0.0,0,1.0,0.0
2022-07-28,1000546.520961182,0.0,1000546.520961182,0.0,0.0,0.0,0,1.0,0.0
2022-07-29,1000546.520961182,0.0,1000546.520961182,0.0,0.0,0.0,0,1.0,0.0
2022-08-01,1000546.520961182,0.0,1000546.520961182,0.0,0.0,0.0,0,1.0,0.0
2022-08-02,1000546.520961182,0.0,1000546.520961182,0.0,0.0,0.0,0,1.0,0.0
2022-08-03,1000546.520961182,0.0,1000546.520961182,0.0,0.0,0.0,0,1.0,0.0
2022-08-04,1000546.520961182,0.0,1000546.520961182,0.0,0.0,0.0,0,1.0,0.0
2022-08-05,1000546.520961182,0.0,1000546.520961182,0.0,0.0,0.0,0,1.0,0.0
2022-08-08,1000546.520961182,0.0,1000546.520961182,0.0,0.0,0.0,0,1.0,0.0
2022-08-09,1000546.520961182,0.0,1000546.520961182,0.0,0.0,0.0,0,1.0,0.0
2022-08-10,1000546.520961182,0.0,1000546.520961182,0.0,0.0,0.0,0,1.0,0.0
2022-08-11,1000546.520961182,0.0,1000546.520961182,0.0,0.0,0.0,0,1.0,0.0
2022-08-12,1000546.520961182,0.0,1000546.520961182,0.0,0.0,0.0,0,1.0,0.0
2022-08-15,1000546.520961182,0.0,1000546.520961182,0.0,0.0,0.0,0,1.0,0.0
2022-08-16,1000546.520961182,0.0,1000546.520961182,0.0,0.0,0.0,0,1.0,0.0
2022-08-17,1000546.520961182,0.0,1000546.520961182,0.0,0.0,0.0,0,1.0,0.0
2022-08-18,1000546.520961182,0.0,1000546.520961182,0.0,0.0,0.0,0,1.0,0.0
2022-08-19,1000546.520961182,0.0,1000546.520961182,0.0,0.0,0.0,0,1.0,0.0
2022-08-22,1000546.520961182,0.0,1000546.520961182,0.0,0.0,0.0,0,1.0,0.0
2022-08-23,1000546.520961182,0.0,1000546.520961182,0.0,0.0,0.0,0,1.0,0.0
2022-08-24,1000546.520961182,0.0,1000546.520961182,0.0,0.0,0.0,0,1.0,0.0
2022-08-25,1000546.520961182,0.0,1000546.520961182,0.0,0.0,0.0,0,1.0,0.0
2022-08-26,1000546.520961182,0.0,1000546.520961182,0.0,0.0,0.0,0,1.0,0.0
2022-08-29,1000546.520961182,0.0,1000546.520961182,0.0,0.0,0.0,0,1.0,0.0
2022-08-30,1000546.520961182,0.0,1000546.520961182,0.0,0.0,0.0,0,1.0,0.0
2022-08-31,1000546.520961182,0.0,1000546.520961182,0.0,0.0,0.0,0,1.0,0.0
2022-09-01,1000546.520961182,0.0,1000546.520961182,0.0,0.0,0.0,0,1.0,0.0
2022-09-02,1000546.520961182,0.0,1000546.520961182,0.0,0.0,0.0,0,1.0,0.0
2022-09-06,1000546.520961182,0.0,1000546.520961182,0.0,0.0,0.0,0,1.0,0.0
2022-09-07,1000546.520961182,0.0,1000546.520961182,0.0,0.0,0.0,0,1.0,0.0
2022-09-08,1000546.520961182,0.0,1000546.520961182,0.0,0.0,0.0,0,1.0,0.0
2022-09-09,1000546.520961182,0.0,1000546.520961182,0.0,0.0,0.0,0,1.0,0.0
2022-09-12,1000546.520961182,0.0,1000546.520961182,0.0,0.0,0.0,0,1.0,0.0
2022-09-13,1000546.520961182,0.0,1000546.520961182,0.0,0.0,0.0,0,1.0,0.0
2022-09-14,1000546.520961182,0.0,1000546.520961182,0.0,0.0,0.0,0,1.0,0.0
2022-09-15,1000546.520961182,0.0,1000546.520961182,0.0,0.0,0.0,0,1.0,0.0
2022-09-16,1000546.520961182,0.0,1000546.520961182,0.0,0.0,0.0,0,1.0,0.0
2022-09-19,1000546.520961182,0.0,1000546.520961182,0.0,0.0,0.0,0,1.0,0.0
2022-09-20,1000546.520961182,0.0,1000546.520961182,0.0,0.0,0.0,0,1.0,0.0
2022-09-21,1000546.520961182,0.0,1000546.520961182,0.0,0.0,0.0,0,1.0,0.0
2022-09-22,1000546.520961182,0.0,1000546.520961182,0.0,0.0,0.0,0,1.0,0.0
2022-09-23,1000546.520961182,0.0,1000546.520961182,0.0,0.0,0.0,0,1.0,0.0
2022-09-26,1000546.520961182,0.0,1000546.520961182,0.0,0.0,0.0,0,1.0,0.0
2022-09-27,1000546.520961182,0.0,1000546.520961182,0.0,0.0,0.0,0,1.0,0.0
2022-09-28,1000546.520961182,0.0,1000546.520961182,0.0,0.0,0.0,0,1.0,0.0
2022-09-29,1000546.520961182,0.0,1000546.520961182,0.0,0.0,0.0,0,1.0,0.0
2022-09-30,1000546.520961182,0.0,1000546.520961182,0.0,0.0,0.0,0,1.0,0.0
2022-10-03,1000546.520961182,0.0,1000546.520961182,0.0,0.0,0.0,0,1.0,0.0
2022-10-04,1000546.520961182,0.0,1000546.520961182,0.0,0.0,0.0,0,1.0,0.0
2022-10-05,1000546.520961182,0.0,1000546.520961182,0.0,0.0,0.0,0,1.0,0.0
2022-10-06,1000546.520961182,0.0,1000546.520961182,0.0,0.0,0.0,0,1.0,0.0
2022-10-07,1000546.520961182,0.0,1000546.520961182,0.0,0.0,0.0,0,1.0,0.0
2022-10-10,1000546.520961182,0.0,1000546.520961182,0.0,0.0,0.0,0,1.0,0.0
2022-10-11,1000546.520961182,0.0,1000546.520961182,0.0,0.0,0.0,0,1.0,0.0
2022-10-12,1000546.520961182,0.0,1000546.520961182,0.0,0.0,0.0,0,1.0,0.0
2022-10-13,1000546.520961182,0.0,1000546.520961182,0.0,0.0,0.0,0,1.0,0.0
2022-10-14,1000546.520961182,0.0,1000546.520961182,0.0,0.0,0.0,0,1.0,0.0
2022-10-17,1000546.520961182,0.0,1000546.520961182,0.0,0.0,0.0,0,1.0,0.0
2022-10-18,1000546.520961182,0.0,1000546.520961182,0.0,0.0,0.0,0,1.0,0.0
2022-10-19,1000546.520961182,0.0,1000546.520961182,0.0,0.0,0.0,0,1.0,0.0
2022-10-20,1000546.520961182,0.0,1000546.520961182,0.0,0.0,0.0,0,1.0,0.0
2022-10-21,1000546.520961182,0.0,1000546.520961182,0.0,0.0,0.0,0,1.0,0.0
2022-10-24,1000546.520961182,0.0,1000546.520961182,0.0,0.0,0.0,0,1.0,0.0
2022-10-25,1000546.520961182,0.0,1000546.520961182,0.0,0.0,0.0,0,1.0,0.0
2022-10-26,1000546.520961182,0.0,1000546.520961182,0.0,0.0,0.0,0,1.0,0.0
2022-10-27,1000546.520961182,0.0,1000546.520961182,0.0,0.0,0.0,0,1.0,0.0
2022-10-28,1000546.520961182,0.0,1000546.520961182,0.0,0.0,0.0,0,1.0,0.0
2022-10-31,1000546.520961182,0.0,1000546.520961182,0.0,0.0,0.0,0,1.0,0.0
2022-11-01,1000546.520961182,0.0,1000546.520961182,0.0,0.0,0.0,0,1.0,0.0
2022-11-02,1000546.520961182,0.0,1000546.520961182,0.0,0.0,0.0,0,1.0,0.0
2022-11-03,1000546.520961182,0.0,1000546.520961182,0.0,0.0,0.0,0,1.0,0.0
2022-11-04,1000546.520961182,0.0,1000546.520961182,0.0,0.0,0.0,0,1.0,0.0
2022-11-07,1000546.520961182,0.0,1000546.520961182,0.0,0.0,0.0,0,1.0,0.0
2022-11-08,1000546.520961182,0.0,1000546.520961182,0.0,0.0,0.0,0,1.0,0.0
2022-11-09,1000546.520961182,0.0,1000546.520961182,0.0,0.0,0.0,0,1.0,0.0
2022-11-10,1000546.520961182,0.0,1000546.520961182,0.0,0.0,0.0,0,1.0,0.0
2022-11-11,1000546.520961182,0.0,1000546.520961182,0.0,0.0,0.0,0,1.0,0.0
2022-11-14,1000546.520961182,0.0,1000546.520961182,0.0,0.0,0.0,0,1.0,0.0
2022-11-15,1000546.520961182,0.0,1000546.520961182,0.0,0.0,0.0,0,1.0,0.0
2022-11-16,1000546.520961182,0.0,1000546.520961182,0.0,0.0,0.0,0,1.0,0.0
2022-11-17,1000546.520961182,0.0,1000546.520961182,0.0,0.0,0.0,0,1.0,0.0
2022-11-18,1000546.520961182,0.0,1000546.520961182,0.0,0.0,0.0,0,1.0,0.0
2022-11-21,1000546.520961182,0.0,1000546.520961182,0.0,0.0,0.0,0,1.0,0.0
2022-11-22,1000546.520961182,0.0,1000546.520961182,0.0,0.0,0.0,0,1.0,0.0
2022-11-23,1000546.520961182,0.0,1000546.520961182,0.0,0.0,0.0,0,1.0,0.0
2022-11-25,1000546.520961182,0.0,1000546.520961182,0.0,0.0,0.0,0,1.0,0.0
2022-11-28,1000546.520961182,0.0,1000546.520961182,0.0,0.0,0.0,0,1.0,0.0
2022-11-29,1000546.520961182,0.0,1000546.520961182,0.0,0.0,0.0,0,1.0,0.0
2022-11-30,1000546.520961182,0.0,1000546.520961182,0.0,0.0,0.0,0,1.0,0.0
2022-12-01,1000546.520961182,0.0,1000546.520961182,0.0,0.0,0.0,0,1.0,0.0
2022-12-02,1000546.520961182,0.0,1000546.520961182,0.0,0.0,0.0,0,1.0,0.0
2022-12-05,1000546.520961182,0.0,1000546.520961182,0.0,0.0,0.0,0,1.0,0.0
2022-12-06,1000546.520961182,0.0,1000546.520961182,0.0,0.0,0.0,0,1.0,0.0
2022-12-07,1000546.520961182,0.0,1000546.520961182,0.0,0.0,0.0,0,1.0,0.0
2022-12-08,1000546.520961182,0.0,1000546.520961182,0.0,0.0,0.0,0,1.0,0.0
2022-12-09,1000546.520961182,0.0,1000546.520961182,0.0,0.0,0.0,0,1.0,0.0
2022-12-12,1000546.520961182,0.0,1000546.520961182,0.0,0.0,0.0,0,1.0,0.0
2022-12-13,1000546.520961182,0.0,1000546.520961182,0.0,0.0,0.0,0,1.0,0.0
2022-12-14,1000546.520961182,0.0,1000546.520961182,0.0,0.0,0.0,0,1.0,0.0
2022-12-15,1000546.520961182,0.0,1000546.520961182,0.0,0.0,0.0,0,1.0,0.0
2022-12-16,1000546.520961182,0.0,1000546.520961182,0.0,0.0,0.0,0,1.0,0.0
2022-12-19,1000546.520961182,0.0,1000546.520961182,0.0,0.0,0.0,0,1.0,0.0
2022-12-20,1000546.520961182,0.0,1000546.520961182,0.0,0.0,0.0,0,1.0,0.0
2022-12-21,1000546.520961182,0.0,1000546.520961182,0.0,0.0,0.0,0,1.0,0.0
2022-12-22,1000546.520961182,0.0,1000546.520961182,0.0,0.0,0.0,0,1.0,0.0
2022-12-23,1000546.520961182,0.0,1000546.520961182,0.0,0.0,0.0,0,1.0,0.0
2022-12-27,1000546.520961182,0.0,1000546.520961182,0.0,0.0,0.0,0,1.0,0.0
2022-12-28,1000546.520961182,0.0,1000546.520961182,0.0,0.0,0.0,0,1.0,0.0
2022-12-29,1000546.520961182,0.0,1000546.520961182,0.0,0.0,0.0,0,1.0,0.0
2022-12-30,1000546.520961182,0.0,1000546.520961182,0.0,0.0,0.0,0,1.0,0.0
2023-01-03,1000546.520961182,0.0,1000546.520961182,0.0,0.0,0.0,0,1.0,0.0
2023-01-04,1000546.520961182,0.0,1000546.520961182,0.0,0.0,0.0,0,1.0,0.0
2023-01-05,1000546.520961182,0.0,1000546.520961182,0.0,0.0,0.0,0,1.0,0.0
2023-01-06,1000546.520961182,0.0,1000546.520961182,0.0,0.0,0.0,0,1.0,0.0
2023-01-09,1000546.520961182,0.0,1000546.520961182,0.0,0.0,0.0,0,1.0,0.0
2023-01-10,1000546.520961182,0.0,1000546.520961182,0.0,0.0,0.0,0,1.0,0.0
2023-01-11,1000546.520961182,0.0,1000546.520961182,0.0,0.0,0.0,0,1.0,0.0
2023-01-12,1000546.520961182,0.0,1000546.520961182,0.0,0.0,0.0,0,1.0,0.0
2023-01-13,1000546.520961182,0.0,1000546.520961182,0.0,0.0,0.0,0,1.0,0.0
2023-01-17,1000546.520961182,0.0,1000546.520961182,0.0,0.0,0.0,0,1.0,0.0
2023-01-18,1000546.520961182,0.0,1000546.520961182,0.0,0.0,0.0,0,1.0,0.0
2023-01-19,1000546.520961182,0.0,1000546.520961182,0.0,0.0,0.0,0,1.0,0.0
2023-01-20,1000546.520961182,0.0,1000546.520961182,0.0,0.0,0.0,0,1.0,0.0
2023-01-23,1000546.520961182,0.0,1000546.520961182,0.0,0.0,0.0,0,1.0,0.0
2023-01-24,1000546.520961182,0.0,1000546.520961182,0.0,0.0,0.0,0,1.0,0.0
2023-01-25,1000546.520961182,0.0,1000546.520961182,0.0,0.0,0.0,0,1.0,0.0
2023-01-26,1000546.520961182,0.0,1000546.520961182,0.0,0.0,0.0,0,1.0,0.0
2023-01-27,1000546.520961182,0.0,1000546.520961182,0.0,0.0,0.0,0,1.0,0.0
2023-01-30,1000431.9175928485,-0.00011454076940198288,986776.3821379426,50027.3260480591,86399.11664121225,13655.535454905943,6,1.0,0.0
2023-01-31,1000513.8224345049,8.186948078736656e-05,986775.3863325876,50645.0125838482,87551.5890657791,13738.436101917297,6,1.0,0.9958053550486833
2023-02-01,1000531.6212963767,1.778972111399213e-05,986774.3758855929,51056.058677044726,88354.8719433057,13757.24541078375,6,1.0,1.010446994714056
2023-02-02,1000452.1376737519,-7.944138989013361e-05,986773.3546997403,51520.55359188548,89362.32420975938,13678.782974011576,6,1.0,1.0211858526012587
2023-02-03,1000672.8440346856,0.00022060661637146595,986772.3186485256,51340.07168585477,88779.61798554956,13900.52538615997,6,1.0,1.0360512147261849
2023-02-06,1000168.1415455638,-0.0005043631313975672,1000168.1415455638,0.0,0.0,0.0,0,1.0,3.0751167391946446
2023-02-07,1000168.1415455638,0.0,1000168.1415455638,0.0,0.0,0.0,0,1.0,0.0
2023-02-08,1000168.1415455638,0.0,1000168.1415455638,0.0,0.0,0.0,0,1.0,0.0
2023-02-09,1000168.1415455638,0.0,1000168.1415455638,0.0,0.0,0.0,0,1.0,0.0
2023-02-10,1000168.1415455638,0.0,1000168.1415455638,0.0,0.0,0.0,0,1.0,0.0
2023-02-13,1000168.1415455638,0.0,1000168.1415455638,0.0,0.0,0.0,0,1.0,0.0
2023-02-14,1000168.1415455638,0.0,1000168.1415455638,0.0,0.0,0.0,0,1.0,0.0
2023-02-15,1000168.1415455638,0.0,1000168.1415455638,0.0,0.0,0.0,0,1.0,0.0
2023-02-16,1000168.1415455638,0.0,1000168.1415455638,0.0,0.0,0.0,0,1.0,0.0
2023-02-17,1000168.1415455638,0.0,1000168.1415455638,0.0,0.0,0.0,0,1.0,0.0
2023-02-21,1000168.1415455638,0.0,1000168.1415455638,0.0,0.0,0.0,0,1.0,0.0
2023-02-22,1000168.1415455638,0.0,1000168.1415455638,0.0,0.0,0.0,0,1.0,0.0
2023-02-23,1000168.1415455638,0.0,1000168.1415455638,0.0,0.0,0.0,0,1.0,0.0
2023-02-24,1000168.1415455638,0.0,1000168.1415455638,0.0,0.0,0.0,0,1.0,0.0
2023-02-27,1000168.1415455638,0.0,1000168.1415455638,0.0,0.0,0.0,0,1.0,0.0
2023-02-28,1000168.1415455638,0.0,1000168.1415455638,0.0,0.0,0.0,0,1.0,0.0
2023-03-01,1000168.1415455638,0.0,1000168.1415455638,0.0,0.0,0.0,0,1.0,0.0
2023-03-02,1000168.1415455638,0.0,1000168.1415455638,0.0,0.0,0.0,0,1.0,0.0
2023-03-03,1000168.1415455638,0.0,1000168.1415455638,0.0,0.0,0.0,0,1.0,0.0
2023-03-06,1000168.1415455638,0.0,1000168.1415455638,0.0,0.0,0.0,0,1.0,0.0
2023-03-07,1000168.1415455638,0.0,1000168.1415455638,0.0,0.0,0.0,0,1.0,0.0
2023-03-08,1000168.1415455638,0.0,1000168.1415455638,0.0,0.0,0.0,0,1.0,0.0
2023-03-09,1000168.1415455638,0.0,1000168.1415455638,0.0,0.0,0.0,0,1.0,0.0
2023-03-10,1000168.1415455638,0.0,1000168.1415455638,0.0,0.0,0.0,0,1.0,0.0
2023-03-13,1000168.1415455638,0.0,1000168.1415455638,0.0,0.0,0.0,0,1.0,0.0
2023-03-14,1000168.1415455638,0.0,1000168.1415455638,0.0,0.0,0.0,0,1.0,0.0
2023-03-15,1000168.1415455638,0.0,1000168.1415455638,0.0,0.0,0.0,0,1.0,0.0
2023-03-16,1000168.1415455638,0.0,1000168.1415455638,0.0,0.0,0.0,0,1.0,0.0
2023-03-17,1000168.1415455638,0.0,1000168.1415455638,0.0,0.0,0.0,0,1.0,0.0
2023-03-20,1000053.2478499373,-0.00011487438047064202,987237.0444533986,50008.40707727819,87200.61075801769,12816.203396538687,6,1.0,0.0
2023-03-21,1000723.4043882458,0.0006701208558137495,987236.0261863574,51167.93380684052,88848.48941179265,13487.378201888392,6,1.0,1.0182670412249009
2023-03-22,999732.9771534402,-0.000989711273327365,987234.9945489691,49536.218402398496,86574.45420032587,12497.982604471119,6,1.0,1.0316373882259309
2023-03-23,998691.2114379308,-0.0010420439650552504,987233.9804973388,48595.59304454955,85733.95514850711,11457.230940591973,6,1.0,1.0140516303333986
2023-03-24,999249.538253147,0.0005590585045924801,987232.9637043996,49398.64039816438,86780.70624758136,12016.574548747405,6,1.0,1.016792939191172
2023-03-27,999324.9794693474,7.549787446703426e-05,999324.9794693474,0.0,0.0,0.0,0,1.0,3.0703955523135096
2023-03-28,999324.9794693474,0.0,999324.9794693474,0.0,0.0,0.0,0,1.0,0.0
2023-03-29,999324.9794693474,0.0,999324.9794693474,0.0,0.0,0.0,0,1.0,0.0
2023-03-30,999324.9794693474,0.0,999324.9794693474,0.0,0.0,0.0,0,1.0,0.0
2023-03-31,999324.9794693474,0.0,999324.9794693474,0.0,0.0,0.0,0,1.0,0.0
2023-04-03,999324.9794693474,0.0,999324.9794693474,0.0,0.0,0.0,0,1.0,0.0
2023-04-04,999324.9794693474,0.0,999324.9794693474,0.0,0.0,0.0,0,1.0,0.0
2023-04-05,999324.9794693474,0.0,999324.9794693474,0.0,0.0,0.0,0,1.0,0.0
2023-04-06,999324.9794693474,0.0,999324.9794693474,0.0,0.0,0.0,0,1.0,0.0
2023-04-10,999324.9794693474,0.0,999324.9794693474,0.0,0.0,0.0,0,1.0,0.0
2023-04-11,999324.9794693474,0.0,999324.9794693474,0.0,0.0,0.0,0,1.0,0.0
2023-04-12,999324.9794693474,0.0,999324.9794693474,0.0,0.0,0.0,0,1.0,0.0
2023-04-13,999324.9794693474,0.0,999324.9794693474,0.0,0.0,0.0,0,1.0,0.0
2023-04-14,999324.9794693474,0.0,999324.9794693474,0.0,0.0,0.0,0,1.0,0.0
2023-04-17,999324.9794693474,0.0,999324.9794693474,0.0,0.0,0.0,0,1.0,0.0
2023-04-18,999324.9794693474,0.0,999324.9794693474,0.0,0.0,0.0,0,1.0,0.0
2023-04-19,999324.9794693474,0.0,999324.9794693474,0.0,0.0,0.0,0,1.0,0.0
2023-04-20,999324.9794693474,0.0,999324.9794693474,0.0,0.0,0.0,0,1.0,0.0
2023-04-21,999324.9794693474,0.0,999324.9794693474,0.0,0.0,0.0,0,1.0,0.0
2023-04-24,999324.9794693474,0.0,999324.9794693474,0.0,0.0,0.0,0,1.0,0.0
2023-04-25,999324.9794693474,0.0,999324.9794693474,0.0,0.0,0.0,0,1.0,0.0
2023-04-26,999324.9794693474,0.0,999324.9794693474,0.0,0.0,0.0,0,1.0,0.0
2023-04-27,999324.9794693474,0.0,999324.9794693474,0.0,0.0,0.0,0,1.0,0.0
2023-04-28,999324.9794693474,0.0,999324.9794693474,0.0,0.0,0.0,0,1.0,0.0
2023-05-01,999324.9794693474,0.0,999324.9794693474,0.0,0.0,0.0,0,1.0,0.0
2023-05-02,999324.9794693474,0.0,999324.9794693474,0.0,0.0,0.0,0,1.0,0.0
2023-05-03,999324.9794693474,0.0,999324.9794693474,0.0,0.0,0.0,0,1.0,0.0
2023-05-04,999324.9794693474,0.0,999324.9794693474,0.0,0.0,0.0,0,1.0,0.0
2023-05-05,999324.9794693474,0.0,999324.9794693474,0.0,0.0,0.0,0,1.0,0.0
2023-05-08,999324.9794693474,0.0,999324.9794693474,0.0,0.0,0.0,0,1.0,0.0
2023-05-09,999324.9794693474,0.0,999324.9794693474,0.0,0.0,0.0,0,1.0,0.0
2023-05-10,999324.9794693474,0.0,999324.9794693474,0.0,0.0,0.0,0,1.0,0.0
2023-05-11,999324.9794693474,0.0,999324.9794693474,0.0,0.0,0.0,0,1.0,0.0
2023-05-12,999324.9794693474,0.0,999324.9794693474,0.0,0.0,0.0,0,1.0,0.0
2023-05-15,999324.9794693474,0.0,999324.9794693474,0.0,0.0,0.0,0,1.0,0.0
2023-05-16,999324.9794693474,0.0,999324.9794693474,0.0,0.0,0.0,0,1.0,0.0
2023-05-17,999324.9794693474,0.0,999324.9794693474,0.0,0.0,0.0,0,1.0,0.0
2023-05-18,999324.9794693474,0.0,999324.9794693474,0.0,0.0,0.0,0,1.0,0.0
2023-05-19,999324.9794693474,0.0,999324.9794693474,0.0,0.0,0.0,0,1.0,0.0
2023-05-22,999324.9794693474,0.0,999324.9794693474,0.0,0.0,0.0,0,1.0,0.0
2023-05-23,999324.9794693474,0.0,999324.9794693474,0.0,0.0,0.0,0,1.0,0.0
2023-05-24,999324.9794693474,0.0,999324.9794693474,0.0,0.0,0.0,0,1.0,0.0
2023-05-25,999324.9794693474,0.0,999324.9794693474,0.0,0.0,0.0,0,1.0,0.0
2023-05-26,999324.9794693474,0.0,999324.9794693474,0.0,0.0,0.0,0,1.0,0.0
2023-05-30,999324.9794693474,0.0,999324.9794693474,0.0,0.0,0.0,0,1.0,0.0
2023-05-31,999324.9794693474,0.0,999324.9794693474,0.0,0.0,0.0,0,1.0,0.0
2023-06-01,999324.9794693474,0.0,999324.9794693474,0.0,0.0,0.0,0,1.0,0.0
2023-06-02,999324.9794693474,0.0,999324.9794693474,0.0,0.0,0.0,0,1.0,0.0
2023-06-05,999324.9794693474,0.0,999324.9794693474,0.0,0.0,0.0,0,1.0,0.0
2023-06-06,999324.9794693474,0.0,999324.9794693474,0.0,0.0,0.0,0,1.0,0.0
2023-06-07,999324.9794693474,0.0,999324.9794693474,0.0,0.0,0.0,0,1.0,0.0
2023-06-08,999324.9794693474,0.0,999324.9794693474,0.0,0.0,0.0,0,1.0,0.0
2023-06-09,999324.9794693474,0.0,999324.9794693474,0.0,0.0,0.0,0,1.0,0.0
2023-06-12,999324.9794693474,0.0,999324.9794693474,0.0,0.0,0.0,0,1.0,0.0
2023-06-13,999324.9794693474,0.0,999324.9794693474,0.0,0.0,0.0,0,1.0,0.0
2023-06-14,999324.9794693474,0.0,999324.9794693474,0.0,0.0,0.0,0,1.0,0.0
2023-06-15,999324.9794693474,0.0,999324.9794693474,0.0,0.0,0.0,0,1.0,0.0
2023-06-16,999324.9794693474,0.0,999324.9794693474,0.0,0.0,0.0,0,1.0,0.0
2023-06-20,999324.9794693474,0.0,999324.9794693474,0.0,0.0,0.0,0,1.0,0.0
2023-06-21,999324.9794693474,0.0,999324.9794693474,0.0,0.0,0.0,0,1.0,0.0
2023-06-22,999324.9794693474,0.0,999324.9794693474,0.0,0.0,0.0,0,1.0,0.0
2023-06-23,999324.9794693474,0.0,999324.9794693474,0.0,0.0,0.0,0,1.0,0.0
2023-06-26,999324.9794693474,0.0,999324.9794693474,0.0,0.0,0.0,0,1.0,0.0
2023-06-27,999324.9794693474,0.0,999324.9794693474,0.0,0.0,0.0,0,1.0,0.0
2023-06-28,999324.9794693474,0.0,999324.9794693474,0.0,0.0,0.0,0,1.0,0.0
2023-06-29,999324.9794693474,0.0,999324.9794693474,0.0,0.0,0.0,0,1.0,0.0
2023-06-30,999324.9794693474,0.0,999324.9794693474,0.0,0.0,0.0,0,1.0,0.0
2023-07-03,999324.9794693474,0.0,999324.9794693474,0.0,0.0,0.0,0,1.0,0.0
2023-07-05,999324.9794693474,0.0,999324.9794693474,0.0,0.0,0.0,0,1.0,0.0
2023-07-06,999324.9794693474,0.0,999324.9794693474,0.0,0.0,0.0,0,1.0,0.0
2023-07-07,999324.9794693474,0.0,999324.9794693474,0.0,0.0,0.0,0,1.0,0.0
2023-07-10,999324.9794693474,0.0,999324.9794693474,0.0,0.0,0.0,0,1.0,0.0
2023-07-11,999324.9794693474,0.0,999324.9794693474,0.0,0.0,0.0,0,1.0,0.0
2023-07-12,999324.9794693474,0.0,999324.9794693474,0.0,0.0,0.0,0,1.0,0.0
2023-07-13,999324.9794693474,0.0,999324.9794693474,0.0,0.0,0.0,0,1.0,0.0
2023-07-14,999324.9794693474,0.0,999324.9794693474,0.0,0.0,0.0,0,1.0,0.0
2023-07-17,999324.9794693474,0.0,999324.9794693474,0.0,0.0,0.0,0,1.0,0.0
2023-07-18,999324.9794693474,0.0,999324.9794693474,0.0,0.0,0.0,0,1.0,0.0
2023-07-19,999324.9794693474,0.0,999324.9794693474,0.0,0.0,0.0,0,1.0,0.0
2023-07-20,999324.9794693474,0.0,999324.9794693474,0.0,0.0,0.0,0,1.0,0.0
2023-07-21,999324.9794693474,0.0,999324.9794693474,0.0,0.0,0.0,0,1.0,0.0
2023-07-24,999324.9794693474,0.0,999324.9794693474,0.0,0.0,0.0,0,1.0,0.0
2023-07-25,999324.9794693474,0.0,999324.9794693474,0.0,0.0,0.0,0,1.0,0.0
2023-07-26,999324.9794693474,0.0,999324.9794693474,0.0,0.0,0.0,0,1.0,0.0
2023-07-27,999324.9794693474,0.0,999324.9794693474,0.0,0.0,0.0,0,1.0,0.0
2023-07-28,999324.9794693474,0.0,999324.9794693474,0.0,0.0,0.0,0,1.0,0.0
2023-07-31,999324.9794693474,0.0,999324.9794693474,0.0,0.0,0.0,0,1.0,0.0
2023-08-01,999324.9794693474,0.0,999324.9794693474,0.0,0.0,0.0,0,1.0,0.0
2023-08-02,999324.9794693474,0.0,999324.9794693474,0.0,0.0,0.0,0,1.0,0.0
2023-08-03,999324.9794693474,0.0,999324.9794693474,0.0,0.0,0.0,0,1.0,0.0
2023-08-04,999324.9794693474,0.0,999324.9794693474,0.0,0.0,0.0,0,1.0,0.0
2023-08-07,999324.9794693474,0.0,999324.9794693474,0.0,0.0,0.0,0,1.0,0.0
2023-08-08,999324.9794693474,0.0,999324.9794693474,0.0,0.0,0.0,0,1.0,0.0
2023-08-09,999324.9794693474,0.0,999324.9794693474,0.0,0.0,0.0,0,1.0,0.0
2023-08-10,999324.9794693474,0.0,999324.9794693474,0.0,0.0,0.0,0,1.0,0.0
2023-08-11,999324.9794693474,0.0,999324.9794693474,0.0,0.0,0.0,0,1.0,0.0
2023-08-14,999324.9794693474,0.0,999324.9794693474,0.0,0.0,0.0,0,1.0,0.0
2023-08-15,999324.9794693474,0.0,999324.9794693474,0.0,0.0,0.0,0,1.0,0.0
2023-08-16,999324.9794693474,0.0,999324.9794693474,0.0,0.0,0.0,0,1.0,0.0
2023-08-17,999324.9794693474,0.0,999324.9794693474,0.0,0.0,0.0,0,1.0,0.0
2023-08-18,999324.9794693474,0.0,999324.9794693474,0.0,0.0,0.0,0,1.0,0.0
2023-08-21,999324.9794693474,0.0,999324.9794693474,0.0,0.0,0.0,0,1.0,0.0
2023-08-22,999324.9794693474,0.0,999324.9794693474,0.0,0.0,0.0,0,1.0,0.0
2023-08-23,999324.9794693474,0.0,999324.9794693474,0.0,0.0,0.0,0,1.0,0.0
2023-08-24,999324.9794693474,0.0,999324.9794693474,0.0,0.0,0.0,0,1.0,0.0
2023-08-25,999324.9794693474,0.0,999324.9794693474,0.0,0.0,0.0,0,1.0,0.0
2023-08-28,999208.8991730146,-0.00011615870584413823,989612.1461641873,49966.24897346737,90335.74493810753,9596.753008827207,4,1.0,0.0
2023-08-29,999790.1866023586,0.0005817476503913177,989611.0409076243,51132.17397825105,92085.20226176783,10179.145694734263,4,1.0,1.1052565630291626
2023-08-30,999763.1176883207,-2.707459465056683e-05,989609.9196748171,51274.90360646324,92396.60919942286,10153.19801350362,4,1.0,1.1212328072146964
2023-08-31,998720.6919157245,-0.0010426727633306987,989608.7938238769,50173.42694110697,91234.95579036625,9111.898091847703,4,1.0,1.12585094025899
2023-09-01,998961.0459718917,0.00024066193692862115,989607.6696204861,50491.493835306625,91629.61131920766,9353.376351405594,4,1.0,1.1242033908079196
2023-09-05,997125.8431036399,-0.0018371115426891738,997125.8431036399,0.0,0.0,0.0,0,1.0,4.505201093377251
2023-09-06,997125.8431036399,0.0,997125.8431036399,0.0,0.0,0.0,0,1.0,0.0
2023-09-07,997125.8431036399,0.0,997125.8431036399,0.0,0.0,0.0,0,1.0,0.0
2023-09-08,997125.8431036399,0.0,997125.8431036399,0.0,0.0,0.0,0,1.0,0.0
2023-09-11,997125.8431036399,0.0,997125.8431036399,0.0,0.0,0.0,0,1.0,0.0
2023-09-12,997125.8431036399,0.0,997125.8431036399,0.0,0.0,0.0,0,1.0,0.0
2023-09-13,997125.8431036399,0.0,997125.8431036399,0.0,0.0,0.0,0,1.0,0.0
2023-09-14,997125.8431036399,0.0,997125.8431036399,0.0,0.0,0.0,0,1.0,0.0
2023-09-15,997125.8431036399,0.0,997125.8431036399,0.0,0.0,0.0,0,1.0,0.0
2023-09-18,997125.8431036399,0.0,997125.8431036399,0.0,0.0,0.0,0,1.0,0.0
2023-09-19,997125.8431036399,0.0,997125.8431036399,0.0,0.0,0.0,0,1.0,0.0
2023-09-20,997125.8431036399,0.0,997125.8431036399,0.0,0.0,0.0,0,1.0,0.0
2023-09-21,997125.8431036399,0.0,997125.8431036399,0.0,0.0,0.0,0,1.0,0.0
2023-09-22,997125.8431036399,0.0,997125.8431036399,0.0,0.0,0.0,0,1.0,0.0
2023-09-25,997125.8431036399,0.0,997125.8431036399,0.0,0.0,0.0,0,1.0,0.0
2023-09-26,997125.8431036399,0.0,997125.8431036399,0.0,0.0,0.0,0,1.0,0.0
2023-09-27,997125.8431036399,0.0,997125.8431036399,0.0,0.0,0.0,0,1.0,0.0
2023-09-28,997125.8431036399,0.0,997125.8431036399,0.0,0.0,0.0,0,1.0,0.0
2023-09-29,997125.8431036399,0.0,997125.8431036399,0.0,0.0,0.0,0,1.0,0.0
2023-10-02,997125.8431036399,0.0,997125.8431036399,0.0,0.0,0.0,0,1.0,0.0
2023-10-03,997125.8431036399,0.0,997125.8431036399,0.0,0.0,0.0,0,1.0,0.0
2023-10-04,997125.8431036399,0.0,997125.8431036399,0.0,0.0,0.0,0,1.0,0.0
2023-10-05,997125.8431036399,0.0,997125.8431036399,0.0,0.0,0.0,0,1.0,0.0
2023-10-06,997125.8431036399,0.0,997125.8431036399,0.0,0.0,0.0,0,1.0,0.0
2023-10-09,997125.8431036399,0.0,997125.8431036399,0.0,0.0,0.0,0,1.0,0.0
2023-10-10,997125.8431036399,0.0,997125.8431036399,0.0,0.0,0.0,0,1.0,0.0
2023-10-11,997125.8431036399,0.0,997125.8431036399,0.0,0.0,0.0,0,1.0,0.0
2023-10-12,997125.8431036399,0.0,997125.8431036399,0.0,0.0,0.0,0,1.0,0.0
2023-10-13,997125.8431036399,0.0,997125.8431036399,0.0,0.0,0.0,0,1.0,0.0
2023-10-16,997125.8431036399,0.0,997125.8431036399,0.0,0.0,0.0,0,1.0,0.0
2023-10-17,997125.8431036399,0.0,997125.8431036399,0.0,0.0,0.0,0,1.0,0.0
2023-10-18,997125.8431036399,0.0,997125.8431036399,0.0,0.0,0.0,0,1.0,0.0
2023-10-19,997125.8431036399,0.0,997125.8431036399,0.0,0.0,0.0,0,1.0,0.0
2023-10-20,997125.8431036399,0.0,997125.8431036399,0.0,0.0,0.0,0,1.0,0.0
2023-10-23,997125.8431036399,0.0,997125.8431036399,0.0,0.0,0.0,0,1.0,0.0
2023-10-24,997125.8431036399,0.0,997125.8431036399,0.0,0.0,0.0,0,1.0,0.0
2023-10-25,997125.8431036399,0.0,997125.8431036399,0.0,0.0,0.0,0,1.0,0.0
2023-10-26,997125.8431036399,0.0,997125.8431036399,0.0,0.0,0.0,0,1.0,0.0
2023-10-27,997125.8431036399,0.0,997125.8431036399,0.0,0.0,0.0,0,1.0,0.0
2023-10-30,997125.8431036399,0.0,997125.8431036399,0.0,0.0,0.0,0,1.0,0.0
2023-10-31,997125.8431036399,0.0,997125.8431036399,0.0,0.0,0.0,0,1.0,0.0
2023-11-01,997125.8431036399,0.0,997125.8431036399,0.0,0.0,0.0,0,1.0,0.0
2023-11-02,997125.8431036399,0.0,997125.8431036399,0.0,0.0,0.0,0,1.0,0.0
2023-11-03,997125.8431036399,0.0,997125.8431036399,0.0,0.0,0.0,0,1.0,0.0
2023-11-06,997125.8431036399,0.0,997125.8431036399,0.0,0.0,0.0,0,1.0,0.0
2023-11-07,997125.8431036399,0.0,997125.8431036399,0.0,0.0,0.0,0,1.0,0.0
2023-11-08,997125.8431036399,0.0,997125.8431036399,0.0,0.0,0.0,0,1.0,0.0
2023-11-09,997125.8431036399,0.0,997125.8431036399,0.0,0.0,0.0,0,1.0,0.0
2023-11-10,997125.8431036399,0.0,997125.8431036399,0.0,0.0,0.0,0,1.0,0.0
2023-11-13,997125.8431036399,0.0,997125.8431036399,0.0,0.0,0.0,0,1.0,0.0
2023-11-14,997125.8431036399,0.0,997125.8431036399,0.0,0.0,0.0,0,1.0,0.0
2023-11-15,997125.8431036399,0.0,997125.8431036399,0.0,0.0,0.0,0,1.0,0.0
2023-11-16,997125.8431036399,0.0,997125.8431036399,0.0,0.0,0.0,0,1.0,0.0
2023-11-17,997125.8431036399,0.0,997125.8431036399,0.0,0.0,0.0,0,1.0,0.0
2023-11-20,997125.8431036399,0.0,997125.8431036399,0.0,0.0,0.0,0,1.0,0.0
2023-11-21,997125.8431036399,0.0,997125.8431036399,0.0,0.0,0.0,0,1.0,0.0
2023-11-22,997125.8431036399,0.0,997125.8431036399,0.0,0.0,0.0,0,1.0,0.0
2023-11-24,997125.8431036399,0.0,997125.8431036399,0.0,0.0,0.0,0,1.0,0.0
2023-11-27,997125.8431036399,0.0,997125.8431036399,0.0,0.0,0.0,0,1.0,0.0
2023-11-28,997125.8431036399,0.0,997125.8431036399,0.0,0.0,0.0,0,1.0,0.0
2023-11-29,997125.8431036399,0.0,997125.8431036399,0.0,0.0,0.0,0,1.0,0.0
2023-11-30,997125.8431036399,0.0,997125.8431036399,0.0,0.0,0.0,0,1.0,0.0
2023-12-01,997125.8431036399,0.0,997125.8431036399,0.0,0.0,0.0,0,1.0,0.0
2023-12-04,997125.8431036399,0.0,997125.8431036399,0.0,0.0,0.0,0,1.0,0.0
2023-12-05,997125.8431036399,0.0,997125.8431036399,0.0,0.0,0.0,0,1.0,0.0
2023-12-06,997125.8431036399,0.0,997125.8431036399,0.0,0.0,0.0,0,1.0,0.0
2023-12-07,997125.8431036399,0.0,997125.8431036399,0.0,0.0,0.0,0,1.0,0.0
2023-12-08,997125.8431036399,0.0,997125.8431036399,0.0,0.0,0.0,0,1.0,0.0
2023-12-11,997125.8431036399,0.0,997125.8431036399,0.0,0.0,0.0,0,1.0,0.0
2023-12-12,997125.8431036399,0.0,997125.8431036399,0.0,0.0,0.0,0,1.0,0.0
2023-12-13,997125.8431036399,0.0,997125.8431036399,0.0,0.0,0.0,0,1.0,0.0
2023-12-14,997125.8431036399,0.0,997125.8431036399,0.0,0.0,0.0,0,1.0,0.0
2023-12-15,997125.8431036399,0.0,997125.8431036399,0.0,0.0,0.0,0,1.0,0.0
2023-12-18,997125.8431036399,0.0,997125.8431036399,0.0,0.0,0.0,0,1.0,0.0
2023-12-19,997125.8431036399,0.0,997125.8431036399,0.0,0.0,0.0,0,1.0,0.0
2023-12-20,997125.8431036399,0.0,997125.8431036399,0.0,0.0,0.0,0,1.0,0.0
2023-12-21,997125.8431036399,0.0,997125.8431036399,0.0,0.0,0.0,0,1.0,0.0
2023-12-22,997125.8431036399,0.0,997125.8431036399,0.0,0.0,0.0,0,1.0,0.0
2023-12-26,997125.8431036399,0.0,997125.8431036399,0.0,0.0,0.0,0,1.0,0.0
2023-12-27,997125.8431036399,0.0,997125.8431036399,0.0,0.0,0.0,0,1.0,0.0
2023-12-28,997125.8431036399,0.0,997125.8431036399,0.0,0.0,0.0,0,1.0,0.0
2023-12-29,997125.8431036399,0.0,997125.8431036399,0.0,0.0,0.0,0,1.0,0.0
2024-01-02,997125.8431036399,0.0,997125.8431036399,0.0,0.0,0.0,0,1.0,0.0
2024-01-03,997125.8431036399,0.0,997125.8431036399,0.0,0.0,0.0,0,1.0,0.0
2024-01-04,997125.8431036399,0.0,997125.8431036399,0.0,0.0,0.0,0,1.0,0.0
2024-01-05,997125.8431036399,0.0,997125.8431036399,0.0,0.0,0.0,0,1.0,0.0
2024-01-08,997125.8431036399,0.0,997125.8431036399,0.0,0.0,0.0,0,1.0,0.0
2024-01-09,997125.8431036399,0.0,997125.8431036399,0.0,0.0,0.0,0,1.0,0.0
2024-01-10,997125.8431036399,0.0,997125.8431036399,0.0,0.0,0.0,0,1.0,0.0
2024-01-11,997125.8431036399,0.0,997125.8431036399,0.0,0.0,0.0,0,1.0,0.0
2024-01-12,997125.8431036399,0.0,997125.8431036399,0.0,0.0,0.0,0,1.0,0.0
2024-01-16,997125.8431036399,0.0,997125.8431036399,0.0,0.0,0.0,0,1.0,0.0
2024-01-17,997125.8431036399,0.0,997125.8431036399,0.0,0.0,0.0,0,1.0,0.0
2024-01-18,997125.8431036399,0.0,997125.8431036399,0.0,0.0,0.0,0,1.0,0.0
2024-01-19,997125.8431036399,0.0,997125.8431036399,0.0,0.0,0.0,0,1.0,0.0
2024-01-22,997125.8431036399,0.0,997125.8431036399,0.0,0.0,0.0,0,1.0,0.0
2024-01-23,997125.8431036399,0.0,997125.8431036399,0.0,0.0,0.0,0,1.0,0.0
2024-01-24,997125.8431036399,0.0,997125.8431036399,0.0,0.0,0.0,0,1.0,0.0
2024-01-25,997125.8431036399,0.0,997125.8431036399,0.0,0.0,0.0,0,1.0,0.0
2024-01-26,997125.8431036399,0.0,997125.8431036399,0.0,0.0,0.0,0,1.0,0.0
2024-01-29,997125.8431036399,0.0,997125.8431036399,0.0,0.0,0.0,0,1.0,0.0
2024-01-30,997125.8431036399,0.0,997125.8431036399,0.0,0.0,0.0,0,1.0,0.0
2024-01-31,997125.8431036399,0.0,997125.8431036399,0.0,0.0,0.0,0,1.0,0.0
2024-02-01,997125.8431036399,0.0,997125.8431036399,0.0,0.0,0.0,0,1.0,0.0
2024-02-02,997125.8431036399,0.0,997125.8431036399,0.0,0.0,0.0,0,1.0,0.0
2024-02-05,997125.8431036399,0.0,997125.8431036399,0.0,0.0,0.0,0,1.0,0.0
2024-02-06,997125.8431036399,0.0,997125.8431036399,0.0,0.0,0.0,0,1.0,0.0
2024-02-07,997125.8431036399,0.0,997125.8431036399,0.0,0.0,0.0,0,1.0,0.0
2024-02-08,997125.8431036399,0.0,997125.8431036399,0.0,0.0,0.0,0,1.0,0.0
2024-02-09,997125.8431036399,0.0,997125.8431036399,0.0,0.0,0.0,0,1.0,0.0
2024-02-12,997125.8431036399,0.0,997125.8431036399,0.0,0.0,0.0,0,1.0,0.0
2024-02-13,997125.8431036399,0.0,997125.8431036399,0.0,0.0,0.0,0,1.0,0.0
2024-02-14,997125.8431036399,0.0,997125.8431036399,0.0,0.0,0.0,0,1.0,0.0
2024-02-15,997125.8431036399,0.0,997125.8431036399,0.0,0.0,0.0,0,1.0,0.0
2024-02-16,997125.8431036399,0.0,997125.8431036399,0.0,0.0,0.0,0,1.0,0.0
2024-02-20,997125.8431036399,0.0,997125.8431036399,0.0,0.0,0.0,0,1.0,0.0
2024-02-21,997125.8431036399,0.0,997125.8431036399,0.0,0.0,0.0,0,1.0,0.0
2024-02-22,997125.8431036399,0.0,997125.8431036399,0.0,0.0,0.0,0,1.0,0.0
2024-02-23,997125.8431036399,0.0,997125.8431036399,0.0,0.0,0.0,0,1.0,0.0
2024-02-26,997125.8431036399,0.0,997125.8431036399,0.0,0.0,0.0,0,1.0,0.0
2024-02-27,997125.8431036399,0.0,997125.8431036399,0.0,0.0,0.0,0,1.0,0.0
2024-02-28,997125.8431036399,0.0,997125.8431036399,0.0,0.0,0.0,0,1.0,0.0
2024-02-29,997125.8431036399,0.0,997125.8431036399,0.0,0.0,0.0,0,1.0,0.0
2024-03-01,997125.8431036399,0.0,997125.8431036399,0.0,0.0,0.0,0,1.0,0.0
2024-03-04,997125.8431036399,0.0,997125.8431036399,0.0,0.0,0.0,0,1.0,0.0
2024-03-05,997125.8431036399,0.0,997125.8431036399,0.0,0.0,0.0,0,1.0,0.0
2024-03-06,997125.8431036399,0.0,997125.8431036399,0.0,0.0,0.0,0,1.0,0.0
2024-03-07,997125.8431036399,0.0,997125.8431036399,0.0,0.0,0.0,0,1.0,0.0
2024-03-08,997125.8431036399,0.0,997125.8431036399,0.0,0.0,0.0,0,1.0,0.0
2024-03-11,997125.8431036399,0.0,997125.8431036399,0.0,0.0,0.0,0,1.0,0.0
2024-03-12,997125.8431036399,0.0,997125.8431036399,0.0,0.0,0.0,0,1.0,0.0
2024-03-13,997125.8431036399,0.0,997125.8431036399,0.0,0.0,0.0,0,1.0,0.0
2024-03-14,997125.8431036399,0.0,997125.8431036399,0.0,0.0,0.0,0,1.0,0.0
2024-03-15,997125.8431036399,0.0,997125.8431036399,0.0,0.0,0.0,0,1.0,0.0
2024-03-18,997125.8431036399,0.0,997125.8431036399,0.0,0.0,0.0,0,1.0,0.0
2024-03-19,997125.8431036399,0.0,997125.8431036399,0.0,0.0,0.0,0,1.0,0.0
2024-03-20,997125.8431036399,0.0,997125.8431036399,0.0,0.0,0.0,0,1.0,0.0
2024-03-21,997125.8431036399,0.0,997125.8431036399,0.0,0.0,0.0,0,1.0,0.0
2024-03-22,997125.8431036399,0.0,997125.8431036399,0.0,0.0,0.0,0,1.0,0.0
2024-03-25,997125.8431036399,0.0,997125.8431036399,0.0,0.0,0.0,0,1.0,0.0
2024-03-26,997125.8431036399,0.0,997125.8431036399,0.0,0.0,0.0,0,1.0,0.0
2024-03-27,997125.8431036399,0.0,997125.8431036399,0.0,0.0,0.0,0,1.0,0.0
2024-03-28,997125.8431036399,0.0,997125.8431036399,0.0,0.0,0.0,0,1.0,0.0
2024-04-01,997125.8431036399,0.0,997125.8431036399,0.0,0.0,0.0,0,1.0,0.0
2024-04-02,997125.8431036399,0.0,997125.8431036399,0.0,0.0,0.0,0,1.0,0.0
2024-04-03,997125.8431036399,0.0,997125.8431036399,0.0,0.0,0.0,0,1.0,0.0
2024-04-04,997125.8431036399,0.0,997125.8431036399,0.0,0.0,0.0,0,1.0,0.0
2024-04-05,997125.8431036399,0.0,997125.8431036399,0.0,0.0,0.0,0,1.0,0.0
2024-04-08,997125.8431036399,0.0,997125.8431036399,0.0,0.0,0.0,0,1.0,0.0
2024-04-09,997125.8431036399,0.0,997125.8431036399,0.0,0.0,0.0,0,1.0,0.0
2024-04-10,997125.8431036399,0.0,997125.8431036399,0.0,0.0,0.0,0,1.0,0.0
2024-04-11,997125.8431036399,0.0,997125.8431036399,0.0,0.0,0.0,0,1.0,0.0
2024-04-12,997125.8431036399,0.0,997125.8431036399,0.0,0.0,0.0,0,1.0,0.0
2024-04-15,997125.8431036399,0.0,997125.8431036399,0.0,0.0,0.0,0,1.0,0.0
2024-04-16,997125.8431036399,0.0,997125.8431036399,0.0,0.0,0.0,0,1.0,0.0
2024-04-17,997125.8431036399,0.0,997125.8431036399,0.0,0.0,0.0,0,1.0,0.0
2024-04-18,997125.8431036399,0.0,997125.8431036399,0.0,0.0,0.0,0,1.0,0.0
2024-04-19,997125.8431036399,0.0,997125.8431036399,0.0,0.0,0.0,0,1.0,0.0
2024-04-22,997125.8431036399,0.0,997125.8431036399,0.0,0.0,0.0,0,1.0,0.0
2024-04-23,997125.8431036399,0.0,997125.8431036399,0.0,0.0,0.0,0,1.0,0.0
2024-04-24,997125.8431036399,0.0,997125.8431036399,0.0,0.0,0.0,0,1.0,0.0
2024-04-25,997125.8431036399,0.0,997125.8431036399,0.0,0.0,0.0,0,1.0,0.0
2024-04-26,997125.8431036399,0.0,997125.8431036399,0.0,0.0,0.0,0,1.0,0.0
2024-04-29,997125.8431036399,0.0,997125.8431036399,0.0,0.0,0.0,0,1.0,0.0
2024-04-30,997125.8431036399,0.0,997125.8431036399,0.0,0.0,0.0,0,1.0,0.0
2024-05-01,997125.8431036399,0.0,997125.8431036399,0.0,0.0,0.0,0,1.0,0.0
2024-05-02,997125.8431036399,0.0,997125.8431036399,0.0,0.0,0.0,0,1.0,0.0
2024-05-03,997125.8431036399,0.0,997125.8431036399,0.0,0.0,0.0,0,1.0,0.0
2024-05-06,997125.8431036399,0.0,997125.8431036399,0.0,0.0,0.0,0,1.0,0.0
2024-05-07,997125.8431036399,0.0,997125.8431036399,0.0,0.0,0.0,0,1.0,0.0
2024-05-08,997125.8431036399,0.0,997125.8431036399,0.0,0.0,0.0,0,1.0,0.0
2024-05-09,997125.8431036399,0.0,997125.8431036399,0.0,0.0,0.0,0,1.0,0.0
2024-05-10,997125.8431036399,0.0,997125.8431036399,0.0,0.0,0.0,0,1.0,0.0
2024-05-13,997125.8431036399,0.0,997125.8431036399,0.0,0.0,0.0,0,1.0,0.0
2024-05-14,997125.8431036399,0.0,997125.8431036399,0.0,0.0,0.0,0,1.0,0.0
2024-05-15,997125.8431036399,0.0,997125.8431036399,0.0,0.0,0.0,0,1.0,0.0
2024-05-16,997125.8431036399,0.0,997125.8431036399,0.0,0.0,0.0,0,1.0,0.0
2024-05-17,997125.8431036399,0.0,997125.8431036399,0.0,0.0,0.0,0,1.0,0.0
2024-05-20,997125.8431036399,0.0,997125.8431036399,0.0,0.0,0.0,0,1.0,0.0
2024-05-21,997125.8431036399,0.0,997125.8431036399,0.0,0.0,0.0,0,1.0,0.0
2024-05-22,997125.8431036399,0.0,997125.8431036399,0.0,0.0,0.0,0,1.0,0.0
2024-05-23,997125.8431036399,0.0,997125.8431036399,0.0,0.0,0.0,0,1.0,0.0
2024-05-24,997125.8431036399,0.0,997125.8431036399,0.0,0.0,0.0,0,1.0,0.0
2024-05-28,997125.8431036399,0.0,997125.8431036399,0.0,0.0,0.0,0,1.0,0.0
2024-05-29,997125.8431036399,0.0,997125.8431036399,0.0,0.0,0.0,0,1.0,0.0
2024-05-30,997125.8431036399,0.0,997125.8431036399,0.0,0.0,0.0,0,1.0,0.0
2024-05-31,997125.8431036399,0.0,997125.8431036399,0.0,0.0,0.0,0,1.0,0.0
2024-06-03,997125.8431036399,0.0,997125.8431036399,0.0,0.0,0.0,0,1.0,0.0
2024-06-04,997125.8431036399,0.0,997125.8431036399,0.0,0.0,0.0,0,1.0,0.0
2024-06-05,997125.8431036399,0.0,997125.8431036399,0.0,0.0,0.0,0,1.0,0.0
2024-06-06,997125.8431036399,0.0,997125.8431036399,0.0,0.0,0.0,0,1.0,0.0
2024-06-07,997125.8431036399,0.0,997125.8431036399,0.0,0.0,0.0,0,1.0,0.0
2024-06-10,997125.8431036399,0.0,997125.8431036399,0.0,0.0,0.0,0,1.0,0.0
2024-06-11,997125.8431036399,0.0,997125.8431036399,0.0,0.0,0.0,0,1.0,0.0
2024-06-12,997125.8431036399,0.0,997125.8431036399,0.0,0.0,0.0,0,1.0,0.0
2024-06-13,997125.8431036399,0.0,997125.8431036399,0.0,0.0,0.0,0,1.0,0.0
2024-06-14,997125.8431036399,0.0,997125.8431036399,0.0,0.0,0.0,0,1.0,0.0
2024-06-17,997125.8431036399,0.0,997125.8431036399,0.0,0.0,0.0,0,1.0,0.0
2024-06-18,997125.8431036399,0.0,997125.8431036399,0.0,0.0,0.0,0,1.0,0.0
2024-06-20,997125.8431036399,0.0,997125.8431036399,0.0,0.0,0.0,0,1.0,0.0
2024-06-21,997125.8431036399,0.0,997125.8431036399,0.0,0.0,0.0,0,1.0,0.0
2024-06-24,997125.8431036399,0.0,997125.8431036399,0.0,0.0,0.0,0,1.0,0.0
2024-06-25,997125.8431036399,0.0,997125.8431036399,0.0,0.0,0.0,0,1.0,0.0
2024-06-26,997125.8431036399,0.0,997125.8431036399,0.0,0.0,0.0,0,1.0,0.0
2024-06-27,997125.8431036399,0.0,997125.8431036399,0.0,0.0,0.0,0,1.0,0.0
2024-06-28,997125.8431036399,0.0,997125.8431036399,0.0,0.0,0.0,0,1.0,0.0
2024-07-01,997125.8431036399,0.0,997125.8431036399,0.0,0.0,0.0,0,1.0,0.0
2024-07-02,997125.8431036399,0.0,997125.8431036399,0.0,0.0,0.0,0,1.0,0.0
2024-07-03,997125.8431036399,0.0,997125.8431036399,0.0,0.0,0.0,0,1.0,0.0
2024-07-05,997125.8431036399,0.0,997125.8431036399,0.0,0.0,0.0,0,1.0,0.0
2024-07-08,997125.8431036399,0.0,997125.8431036399,0.0,0.0,0.0,0,1.0,0.0
2024-07-09,997125.8431036399,0.0,997125.8431036399,0.0,0.0,0.0,0,1.0,0.0
2024-07-10,997125.8431036399,0.0,997125.8431036399,0.0,0.0,0.0,0,1.0,0.0
2024-07-11,997125.8431036399,0.0,997125.8431036399,0.0,0.0,0.0,0,1.0,0.0
2024-07-12,997125.8431036399,0.0,997125.8431036399,0.0,0.0,0.0,0,1.0,0.0
2024-07-15,997125.8431036399,0.0,997125.8431036399,0.0,0.0,0.0,0,1.0,0.0
2024-07-16,997125.8431036399,0.0,997125.8431036399,0.0,0.0,0.0,0,1.0,0.0
2024-07-17,997125.8431036399,0.0,997125.8431036399,0.0,0.0,0.0,0,1.0,0.0
2024-07-18,997125.8431036399,0.0,997125.8431036399,0.0,0.0,0.0,0,1.0,0.0
2024-07-19,997125.8431036399,0.0,997125.8431036399,0.0,0.0,0.0,0,1.0,0.0
2024-07-22,997125.8431036399,0.0,997125.8431036399,0.0,0.0,0.0,0,1.0,0.0
2024-07-23,997125.8431036399,0.0,997125.8431036399,0.0,0.0,0.0,0,1.0,0.0
2024-07-24,997125.8431036399,0.0,997125.8431036399,0.0,0.0,0.0,0,1.0,0.0
2024-07-25,997125.8431036399,0.0,997125.8431036399,0.0,0.0,0.0,0,1.0,0.0
2024-07-26,997125.8431036399,0.0,997125.8431036399,0.0,0.0,0.0,0,1.0,0.0
2024-07-29,997125.8431036399,0.0,997125.8431036399,0.0,0.0,0.0,0,1.0,0.0
2024-07-30,997125.8431036399,0.0,997125.8431036399,0.0,0.0,0.0,0,1.0,0.0
2024-07-31,997125.8431036399,0.0,997125.8431036399,0.0,0.0,0.0,0,1.0,0.0
2024-08-01,997125.8431036399,0.0,997125.8431036399,0.0,0.0,0.0,0,1.0,0.0
2024-08-02,997125.8431036399,0.0,997125.8431036399,0.0,0.0,0.0,0,1.0,0.0
2024-08-05,997125.8431036399,0.0,997125.8431036399,0.0,0.0,0.0,0,1.0,0.0
2024-08-06,997125.8431036399,0.0,997125.8431036399,0.0,0.0,0.0,0,1.0,0.0
2024-08-07,997125.8431036399,0.0,997125.8431036399,0.0,0.0,0.0,0,1.0,0.0
2024-08-08,997125.8431036399,0.0,997125.8431036399,0.0,0.0,0.0,0,1.0,0.0
2024-08-09,997125.8431036399,0.0,997125.8431036399,0.0,0.0,0.0,0,1.0,0.0
2024-08-12,997125.8431036399,0.0,997125.8431036399,0.0,0.0,0.0,0,1.0,0.0
2024-08-13,997125.8431036399,0.0,997125.8431036399,0.0,0.0,0.0,0,1.0,0.0
2024-08-14,997125.8431036399,0.0,997125.8431036399,0.0,0.0,0.0,0,1.0,0.0
2024-08-15,997125.8431036399,0.0,997125.8431036399,0.0,0.0,0.0,0,1.0,0.0
2024-08-16,997125.8431036399,0.0,997125.8431036399,0.0,0.0,0.0,0,1.0,0.0
2024-08-19,997125.8431036399,0.0,997125.8431036399,0.0,0.0,0.0,0,1.0,0.0
2024-08-20,997125.8431036399,0.0,997125.8431036399,0.0,0.0,0.0,0,1.0,0.0
2024-08-21,997125.8431036399,0.0,997125.8431036399,0.0,0.0,0.0,0,1.0,0.0
2024-08-22,997125.8431036399,0.0,997125.8431036399,0.0,0.0,0.0,0,1.0,0.0
2024-08-23,997125.8431036399,0.0,997125.8431036399,0.0,0.0,0.0,0,1.0,0.0
2024-08-26,997125.8431036399,0.0,997125.8431036399,0.0,0.0,0.0,0,1.0,0.0
2024-08-27,997125.8431036399,0.0,997125.8431036399,0.0,0.0,0.0,0,1.0,0.0
2024-08-28,997125.8431036399,0.0,997125.8431036399,0.0,0.0,0.0,0,1.0,0.0
2024-08-29,997125.8431036399,0.0,997125.8431036399,0.0,0.0,0.0,0,1.0,0.0
2024-08-30,997125.8431036399,0.0,997125.8431036399,0.0,0.0,0.0,0,1.0,0.0
2024-09-03,997125.8431036399,0.0,997125.8431036399,0.0,0.0,0.0,0,1.0,0.0
2024-09-04,997125.8431036399,0.0,997125.8431036399,0.0,0.0,0.0,0,1.0,0.0
2024-09-05,997125.8431036399,0.0,997125.8431036399,0.0,0.0,0.0,0,1.0,0.0
2024-09-06,997125.8431036399,0.0,997125.8431036399,0.0,0.0,0.0,0,1.0,0.0
2024-09-09,997125.8431036399,0.0,997125.8431036399,0.0,0.0,0.0,0,1.0,0.0
2024-09-10,997125.8431036399,0.0,997125.8431036399,0.0,0.0,0.0,0,1.0,0.0
2024-09-11,997125.8431036399,0.0,997125.8431036399,0.0,0.0,0.0,0,1.0,0.0
2024-09-12,997125.8431036399,0.0,997125.8431036399,0.0,0.0,0.0,0,1.0,0.0
2024-09-13,997125.8431036399,0.0,997125.8431036399,0.0,0.0,0.0,0,1.0,0.0
2024-09-16,997125.8431036399,0.0,997125.8431036399,0.0,0.0,0.0,0,1.0,0.0
2024-09-17,997125.8431036399,0.0,997125.8431036399,0.0,0.0,0.0,0,1.0,0.0
2024-09-18,997125.8431036399,0.0,997125.8431036399,0.0,0.0,0.0,0,1.0,0.0
2024-09-19,997125.8431036399,0.0,997125.8431036399,0.0,0.0,0.0,0,1.0,0.0
2024-09-20,997125.8431036399,0.0,997125.8431036399,0.0,0.0,0.0,0,1.0,0.0
2024-09-23,997125.8431036399,0.0,997125.8431036399,0.0,0.0,0.0,0,1.0,0.0
2024-09-24,997125.8431036399,0.0,997125.8431036399,0.0,0.0,0.0,0,1.0,0.0
2024-09-25,997125.8431036399,0.0,997125.8431036399,0.0,0.0,0.0,0,1.0,0.0
2024-09-26,997125.8431036399,0.0,997125.8431036399,0.0,0.0,0.0,0,1.0,0.0
2024-09-27,997125.8431036399,0.0,997125.8431036399,0.0,0.0,0.0,0,1.0,0.0
2024-09-30,997125.8431036399,0.0,997125.8431036399,0.0,0.0,0.0,0,1.0,0.0
