date,nav,daily_return,cash,long_usd,gross_usd,net_usd,active_lots,risk_scale,hedge_carry_cost
2014-06-02,1000000.0,0.0,1000000.0,0.0,0.0,0.0,0,1.0,0.0
2014-06-03,1000000.0,0.0,1000000.0,0.0,0.0,0.0,0,1.0,0.0
2014-06-04,1000000.0,0.0,1000000.0,0.0,0.0,0.0,0,1.0,0.0
2014-06-05,1000000.0,0.0,1000000.0,0.0,0.0,0.0,0,1.0,0.0
2014-06-06,1000000.0,0.0,1000000.0,0.0,0.0,0.0,0,1.0,0.0
2014-06-09,1000000.0,0.0,1000000.0,0.0,0.0,0.0,0,1.0,0.0
2014-06-10,1000000.0,0.0,1000000.0,0.0,0.0,0.0,0,1.0,0.0
2014-06-11,1000000.0,0.0,1000000.0,0.0,0.0,0.0,0,1.0,0.0
2014-06-12,1000000.0,0.0,1000000.0,0.0,0.0,0.0,0,1.0,0.0
2014-06-13,1000000.0,0.0,1000000.0,0.0,0.0,0.0,0,1.0,0.0
2014-06-16,1000000.0,0.0,1000000.0,0.0,0.0,0.0,0,1.0,0.0
2014-06-17,1000000.0,0.0,1000000.0,0.0,0.0,0.0,0,1.0,0.0
2014-06-18,1000000.0,0.0,1000000.0,0.0,0.0,0.0,0,1.0,0.0
2014-06-19,1000000.0,0.0,1000000.0,0.0,0.0,0.0,0,1.0,0.0
2014-06-20,1000000.0,0.0,1000000.0,0.0,0.0,0.0,0,1.0,0.0
2014-06-23,1000000.0,0.0,1000000.0,0.0,0.0,0.0,0,1.0,0.0
2014-06-24,1000000.0,0.0,1000000.0,0.0,0.0,0.0,0,1.0,0.0
2014-06-25,1000000.0,0.0,1000000.0,0.0,0.0,0.0,0,1.0,0.0
2014-06-26,1000000.0,0.0,1000000.0,0.0,0.0,0.0,0,1.0,0.0
2014-06-27,1000000.0,0.0,1000000.0,0.0,0.0,0.0,0,1.0,0.0
2014-06-30,1000000.0,0.0,1000000.0,0.0,0.0,0.0,0,1.0,0.0
2014-07-01,1000000.0,0.0,1000000.0,0.0,0.0,0.0,0,1.0,0.0
2014-07-02,1000000.0,0.0,1000000.0,0.0,0.0,0.0,0,1.0,0.0
2014-07-03,1000000.0,0.0,1000000.0,0.0,0.0,0.0,0,1.0,0.0
2014-07-07,1000000.0,0.0,1000000.0,0.0,0.0,0.0,0,1.0,0.0
2014-07-08,1000000.0,0.0,1000000.0,0.0,0.0,0.0,0,1.0,0.0
2014-07-09,1000000.0,0.0,1000000.0,0.0,0.0,0.0,0,1.0,0.0
2014-07-10,1000000.0,0.0,1000000.0,0.0,0.0,0.0,0,1.0,0.0
2014-07-11,1000000.0,0.0,1000000.0,0.0,0.0,0.0,0,1.0,0.0
2014-07-14,1000000.0,0.0,1000000.0,0.0,0.0,0.0,0,1.0,0.0
2014-07-15,1000000.0,0.0,1000000.0,0.0,0.0,0.0,0,1.0,0.0
2014-07-16,1000000.0,0.0,1000000.0,0.0,0.0,0.0,0,1.0,0.0
2014-07-17,1000000.0,0.0,1000000.0,0.0,0.0,0.0,0,1.0,0.0
2014-07-18,1000000.0,0.0,1000000.0,0.0,0.0,0.0,0,1.0,0.0
2014-07-21,1000000.0,0.0,1000000.0,0.0,0.0,0.0,0,1.0,0.0
2014-07-22,1000000.0,0.0,1000000.0,0.0,0.0,0.0,0,1.0,0.0
2014-07-23,1000000.0,0.0,1000000.0,0.0,0.0,0.0,0,1.0,0.0
2014-07-24,1000000.0,0.0,1000000.0,0.0,0.0,0.0,0,1.0,0.0
2014-07-25,1000000.0,0.0,1000000.0,0.0,0.0,0.0,0,1.0,0.0
2014-07-28,1000000.0,0.0,1000000.0,0.0,0.0,0.0,0,1.0,0.0
2014-07-29,1000000.0,0.0,1000000.0,0.0,0.0,0.0,0,1.0,0.0
2014-07-30,1000000.0,0.0,1000000.0,0.0,0.0,0.0,0,1.0,0.0
2014-07-31,1000000.0,0.0,1000000.0,0.0,0.0,0.0,0,1.0,0.0
2014-08-01,1000000.0,0.0,1000000.0,0.0,0.0,0.0,0,1.0,0.0
2014-08-04,1000000.0,0.0,1000000.0,0.0,0.0,0.0,0,1.0,0.0
2014-08-05,1000000.0,0.0,1000000.0,0.0,0.0,0.0,0,1.0,0.0
2014-08-06,1000000.0,0.0,1000000.0,0.0,0.0,0.0,0,1.0,0.0
2014-08-07,1000000.0,0.0,1000000.0,0.0,0.0,0.0,0,1.0,0.0
2014-08-08,1000000.0,0.0,1000000.0,0.0,0.0,0.0,0,1.0,0.0
2014-08-11,1000000.0,0.0,1000000.0,0.0,0.0,0.0,0,1.0,0.0
2014-08-12,1000000.0,0.0,1000000.0,0.0,0.0,0.0,0,1.0,0.0
2014-08-13,1000000.0,0.0,1000000.0,0.0,0.0,0.0,0,1.0,0.0
2014-08-14,1000000.0,0.0,1000000.0,0.0,0.0,0.0,0,1.0,0.0
2014-08-15,1000000.0,0.0,1000000.0,0.0,0.0,0.0,0,1.0,0.0
2014-08-18,1000000.0,0.0,1000000.0,0.0,0.0,0.0,0,1.0,0.0
2014-08-19,1000000.0,0.0,1000000.0,0.0,0.0,0.0,0,1.0,0.0
2014-08-20,1000000.0,0.0,1000000.0,0.0,0.0,0.0,0,1.0,0.0
2014-08-21,1000000.0,0.0,1000000.0,0.0,0.0,0.0,0,1.0,0.0
2014-08-22,1000000.0,0.0,1000000.0,0.0,0.0,0.0,0,1.0,0.0
2014-08-25,1000000.0,0.0,1000000.0,0.0,0.0,0.0,0,1.0,0.0
2014-08-26,1000000.0,0.0,1000000.0,0.0,0.0,0.0,0,1.0,0.0
2014-08-27,1000000.0,0.0,1000000.0,0.0,0.0,0.0,0,1.0,0.0
2014-08-28,1000000.0,0.0,1000000.0,0.0,0.0,0.0,0,1.0,0.0
2014-08-29,1000000.0,0.0,1000000.0,0.0,0.0,0.0,0,1.0,0.0
2014-09-02,1000000.0,0.0,1000000.0,0.0,0.0,0.0,0,1.0,0.0
2014-09-03,1000000.0,0.0,1000000.0,0.0,0.0,0.0,0,1.0,0.0
2014-09-04,1000000.0,0.0,1000000.0,0.0,0.0,0.0,0,1.0,0.0
2014-09-05,1000000.0,0.0,1000000.0,0.0,0.0,0.0,0,1.0,0.0
2014-09-08,1000000.0,0.0,1000000.0,0.0,0.0,0.0,0,1.0,0.0
2014-09-09,1000000.0,0.0,1000000.0,0.0,0.0,0.0,0,1.0,0.0
2014-09-10,1000000.0,0.0,1000000.0,0.0,0.0,0.0,0,1.0,0.0
2014-09-11,1000000.0,0.0,1000000.0,0.0,0.0,0.0,0,1.0,0.0
2014-09-12,1000000.0,0.0,1000000.0,0.0,0.0,0.0,0,1.0,0.0
2014-09-15,1000000.0,0.0,1000000.0,0.0,0.0,0.0,0,1.0,0.0
2014-09-16,1000000.0,0.0,1000000.0,0.0,0.0,0.0,0,1.0,0.0
2014-09-17,1000000.0,0.0,1000000.0,0.0,0.0,0.0,0,1.0,0.0
2014-09-18,1000000.0,0.0,1000000.0,0.0,0.0,0.0,0,1.0,0.0
2014-09-19,1000000.0,0.0,1000000.0,0.0,0.0,0.0,0,1.0,0.0
2014-09-22,1000000.0,0.0,1000000.0,0.0,0.0,0.0,0,1.0,0.0
2014-09-23,1000000.0,0.0,1000000.0,0.0,0.0,0.0,0,1.0,0.0
2014-09-24,1000000.0,0.0,1000000.0,0.0,0.0,0.0,0,1.0,0.0
2014-09-25,1000000.0,0.0,1000000.0,0.0,0.0,0.0,0,1.0,0.0
2014-09-26,1000000.0,0.0,1000000.0,0.0,0.0,0.0,0,1.0,0.0
2014-09-29,1000000.0,0.0,1000000.0,0.0,0.0,0.0,0,1.0,0.0
2014-09-30,1000000.0,0.0,1000000.0,0.0,0.0,0.0,0,1.0,0.0
2014-10-01,1000000.0,0.0,1000000.0,0.0,0.0,0.0,0,1.0,0.0
2014-10-02,1000000.0,0.0,1000000.0,0.0,0.0,0.0,0,1.0,0.0
2014-10-03,1000000.0,0.0,1000000.0,0.0,0.0,0.0,0,1.0,0.0
2014-10-06,1000000.0,0.0,1000000.0,0.0,0.0,0.0,0,1.0,0.0
2014-10-07,1000000.0,0.0,1000000.0,0.0,0.0,0.0,0,1.0,0.0
2014-10-08,1000000.0,0.0,1000000.0,0.0,0.0,0.0,0,1.0,0.0
2014-10-09,1000000.0,0.0,1000000.0,0.0,0.0,0.0,0,1.0,0.0
2014-10-10,1000000.0,0.0,1000000.0,0.0,0.0,0.0,0,1.0,0.0
2014-10-13,1000000.0,0.0,1000000.0,0.0,0.0,0.0,0,1.0,0.0
2014-10-14,1000000.0,0.0,1000000.0,0.0,0.0,0.0,0,1.0,0.0
2014-10-15,1000000.0,0.0,1000000.0,0.0,0.0,0.0,0,1.0,0.0
2014-10-16,1000000.0,0.0,1000000.0,0.0,0.0,0.0,0,1.0,0.0
2014-10-17,1000000.0,0.0,1000000.0,0.0,0.0,0.0,0,1.0,0.0
2014-10-20,1000000.0,0.0,1000000.0,0.0,0.0,0.0,0,1.0,0.0
2014-10-21,1000000.0,0.0,1000000.0,0.0,0.0,0.0,0,1.0,0.0
2014-10-22,1000000.0,0.0,1000000.0,0.0,0.0,0.0,0,1.0,0.0
2014-10-23,1000000.0,0.0,1000000.0,0.0,0.0,0.0,0,1.0,0.0
2014-10-24,1000000.0,0.0,1000000.0,0.0,0.0,0.0,0,1.0,0.0
2014-10-27,1000000.0,0.0,1000000.0,0.0,0.0,0.0,0,1.0,0.0
2014-10-28,1000000.0,0.0,1000000.0,0.0,0.0,0.0,0,1.0,0.0
2014-10-29,1000000.0,0.0,1000000.0,0.0,0.0,0.0,0,1.0,0.0
2014-10-30,1000000.0,0.0,1000000.0,0.0,0.0,0.0,0,1.0,0.0
2014-10-31,1000000.0,0.0,1000000.0,0.0,0.0,0.0,0,1.0,0.0
2014-11-03,1000000.0,0.0,1000000.0,0.0,0.0,0.0,0,1.0,0.0
2014-11-04,1000000.0,0.0,1000000.0,0.0,0.0,0.0,0,1.0,0.0
2014-11-05,1000000.0,0.0,1000000.0,0.0,0.0,0.0,0,1.0,0.0
2014-11-06,1000000.0,0.0,1000000.0,0.0,0.0,0.0,0,1.0,0.0
2014-11-07,1000000.0,0.0,1000000.0,0.0,0.0,0.0,0,1.0,0.0
2014-11-10,1000000.0,0.0,1000000.0,0.0,0.0,0.0,0,1.0,0.0
2014-11-11,1000000.0,0.0,1000000.0,0.0,0.0,0.0,0,1.0,0.0
2014-11-12,1000000.0,0.0,1000000.0,0.0,0.0,0.0,0,1.0,0.0
2014-11-13,1000000.0,0.0,1000000.0,0.0,0.0,0.0,0,1.0,0.0
2014-11-14,1000000.0,0.0,1000000.0,0.0,0.0,0.0,0,1.0,0.0
2014-11-17,1000000.0,0.0,1000000.0,0.0,0.0,0.0,0,1.0,0.0
2014-11-18,1000000.0,0.0,1000000.0,0.0,0.0,0.0,0,1.0,0.0
2014-11-19,1000000.0,0.0,1000000.0,0.0,0.0,0.0,0,1.0,0.0
2014-11-20,1000000.0,0.0,1000000.0,0.0,0.0,0.0,0,1.0,0.0
2014-11-21,1000000.0,0.0,1000000.0,0.0,0.0,0.0,0,1.0,0.0
2014-11-24,1000000.0,0.0,1000000.0,0.0,0.0,0.0,0,1.0,0.0
2014-11-25,1000000.0,0.0,1000000.0,0.0,0.0,0.0,0,1.0,0.0
2014-11-26,1000000.0,0.0,1000000.0,0.0,0.0,0.0,0,1.0,0.0
2014-11-28,1000000.0,0.0,1000000.0,0.0,0.0,0.0,0,1.0,0.0
2014-12-01,1000000.0,0.0,1000000.0,0.0,0.0,0.0,0,1.0,0.0
2014-12-02,1000000.0,0.0,1000000.0,0.0,0.0,0.0,0,1.0,0.0
2014-12-03,1000000.0,0.0,1000000.0,0.0,0.0,0.0,0,1.0,0.0
2014-12-04,1000000.0,0.0,1000000.0,0.0,0.0,0.0,0,1.0,0.0
2014-12-05,1000000.0,0.0,1000000.0,0.0,0.0,0.0,0,1.0,0.0
2014-12-08,1000000.0,0.0,1000000.0,0.0,0.0,0.0,0,1.0,0.0
2014-12-09,1000000.0,0.0,1000000.0,0.0,0.0,0.0,0,1.0,0.0
2014-12-10,1000000.0,0.0,1000000.0,0.0,0.0,0.0,0,1.0,0.0
2014-12-11,1000000.0,0.0,1000000.0,0.0,0.0,0.0,0,1.0,0.0
2014-12-12,1000000.0,0.0,1000000.0,0.0,0.0,0.0,0,1.0,0.0
2014-12-15,1000000.0,0.0,1000000.0,0.0,0.0,0.0,0,1.0,0.0
2014-12-16,1000000.0,0.0,1000000.0,0.0,0.0,0.0,0,1.0,0.0
2014-12-17,1000000.0,0.0,1000000.0,0.0,0.0,0.0,0,1.0,0.0
2014-12-18,1000000.0,0.0,1000000.0,0.0,0.0,0.0,0,1.0,0.0
2014-12-19,999971.1336744252,-2.886632557486113e-05,994302.7615486424,25000.0,44331.627874217185,5668.372125782823,3,1.0,0.0
2014-12-22,999872.1919682116,-9.894456237957705e-05,994301.9676419535,24990.778449442165,44411.33257262627,5570.224326258059,3,1.0,0.7939066888795556
2014-12-23,999570.4326081562,-0.0003017979322550435,994301.7017890565,24715.49467287115,44162.258526642574,5268.730819099732,3,1.0,0.2658528969635059
2014-12-24,999709.3646862219,0.00013899178440390791,994301.4355773679,24856.565175500014,44305.201242146,5407.929108854025,3,1.0,0.26621168862110084
2014-12-26,999598.3284529271,-0.00011106851372721938,994300.9031027323,24808.777821615255,44320.130293035705,5297.425350194804,3,1.0,0.5324746356371248
2014-12-29,999486.3809735302,-0.000111992463582955,999486.3809735302,0.0,0.0,0.0,0,1.0,0.8012875758283554
2014-12-30,999486.3809735302,0.0,999486.3809735302,0.0,0.0,0.0,0,1.0,0.0
2014-12-31,999486.3809735302,0.0,999486.3809735302,0.0,0.0,0.0,0,1.0,0.0
2015-01-02,999486.3809735302,0.0,999486.3809735302,0.0,0.0,0.0,0,1.0,0.0
2015-01-05,999486.3809735302,0.0,999486.3809735302,0.0,0.0,0.0,0,1.0,0.0
2015-01-06,999486.3809735302,0.0,999486.3809735302,0.0,0.0,0.0,0,1.0,0.0
2015-01-07,999486.3809735302,0.0,999486.3809735302,0.0,0.0,0.0,0,1.0,0.0
2015-01-08,999486.3809735302,0.0,999486.3809735302,0.0,0.0,0.0,0,1.0,0.0
2015-01-09,999486.3809735302,0.0,999486.3809735302,0.0,0.0,0.0,0,1.0,0.0
2015-01-12,999486.3809735302,0.0,999486.3809735302,0.0,0.0,0.0,0,1.0,0.0
2015-01-13,999486.3809735302,0.0,999486.3809735302,0.0,0.0,0.0,0,1.0,0.0
2015-01-14,999486.3809735302,0.0,999486.3809735302,0.0,0.0,0.0,0,1.0,0.0
2015-01-15,999486.3809735302,0.0,999486.3809735302,0.0,0.0,0.0,0,1.0,0.0
2015-01-16,999486.3809735302,0.0,999486.3809735302,0.0,0.0,0.0,0,1.0,0.0
2015-01-20,999486.3809735302,0.0,999486.3809735302,0.0,0.0,0.0,0,1.0,0.0
2015-01-21,999486.3809735302,0.0,999486.3809735302,0.0,0.0,0.0,0,1.0,0.0
2015-01-22,999486.3809735302,0.0,999486.3809735302,0.0,0.0,0.0,0,1.0,0.0
2015-01-23,999486.3809735302,0.0,999486.3809735302,0.0,0.0,0.0,0,1.0,0.0
2015-01-26,999486.3809735302,0.0,999486.3809735302,0.0,0.0,0.0,0,1.0,0.0
2015-01-27,999486.3809735302,0.0,999486.3809735302,0.0,0.0,0.0,0,1.0,0.0
2015-01-28,999486.3809735302,0.0,999486.3809735302,0.0,0.0,0.0,0,1.0,0.0
2015-01-29,999486.3809735302,0.0,999486.3809735302,0.0,0.0,0.0,0,1.0,0.0
2015-01-30,999486.3809735302,0.0,999486.3809735302,0.0,0.0,0.0,0,1.0,0.0
2015-02-02,999486.3809735302,0.0,999486.3809735302,0.0,0.0,0.0,0,1.0,0.0
2015-02-03,999486.3809735302,0.0,999486.3809735302,0.0,0.0,0.0,0,1.0,0.0
2015-02-04,999486.3809735302,0.0,999486.3809735302,0.0,0.0,0.0,0,1.0,0.0
2015-02-05,999486.3809735302,0.0,999486.3809735302,0.0,0.0,0.0,0,1.0,0.0
2015-02-06,999486.3809735302,0.0,999486.3809735302,0.0,0.0,0.0,0,1.0,0.0
2015-02-09,999486.3809735302,0.0,999486.3809735302,0.0,0.0,0.0,0,1.0,0.0
2015-02-10,999486.3809735302,0.0,999486.3809735302,0.0,0.0,0.0,0,1.0,0.0
2015-02-11,999486.3809735302,0.0,999486.3809735302,0.0,0.0,0.0,0,1.0,0.0
2015-02-12,999486.3809735302,0.0,999486.3809735302,0.0,0.0,0.0,0,1.0,0.0
2015-02-13,999486.3809735302,0.0,999486.3809735302,0.0,0.0,0.0,0,1.0,0.0
2015-02-17,999486.3809735302,0.0,999486.3809735302,0.0,0.0,0.0,0,1.0,0.0
2015-02-18,999486.3809735302,0.0,999486.3809735302,0.0,0.0,0.0,0,1.0,0.0
2015-02-19,999486.3809735302,0.0,999486.3809735302,0.0,0.0,0.0,0,1.0,0.0
2015-02-20,999486.3809735302,0.0,999486.3809735302,0.0,0.0,0.0,0,1.0,0.0
2015-02-23,999486.3809735302,0.0,999486.3809735302,0.0,0.0,0.0,0,1.0,0.0
2015-02-24,999486.3809735302,0.0,999486.3809735302,0.0,0.0,0.0,0,1.0,0.0
2015-02-25,999486.3809735302,0.0,999486.3809735302,0.0,0.0,0.0,0,1.0,0.0
2015-02-26,999486.3809735302,0.0,999486.3809735302,0.0,0.0,0.0,0,1.0,0.0
2015-02-27,999486.3809735302,0.0,999486.3809735302,0.0,0.0,0.0,0,1.0,0.0
2015-03-02,999486.3809735302,0.0,999486.3809735302,0.0,0.0,0.0,0,1.0,0.0
2015-03-03,999486.3809735302,0.0,999486.3809735302,0.0,0.0,0.0,0,1.0,0.0
2015-03-04,999486.3809735302,0.0,999486.3809735302,0.0,0.0,0.0,0,1.0,0.0
2015-03-05,999486.3809735302,0.0,999486.3809735302,0.0,0.0,0.0,0,1.0,0.0
2015-03-06,999486.3809735302,0.0,999486.3809735302,0.0,0.0,0.0,0,1.0,0.0
2015-03-09,999486.3809735302,0.0,999486.3809735302,0.0,0.0,0.0,0,1.0,0.0
2015-03-10,999486.3809735302,0.0,999486.3809735302,0.0,0.0,0.0,0,1.0,0.0
2015-03-11,999486.3809735302,0.0,999486.3809735302,0.0,0.0,0.0,0,1.0,0.0
2015-03-12,999486.3809735302,0.0,999486.3809735302,0.0,0.0,0.0,0,1.0,0.0
2015-03-13,999486.3809735302,0.0,999486.3809735302,0.0,0.0,0.0,0,1.0,0.0
2015-03-16,999486.3809735302,0.0,999486.3809735302,0.0,0.0,0.0,0,1.0,0.0
2015-03-17,999486.3809735302,0.0,999486.3809735302,0.0,0.0,0.0,0,1.0,0.0
2015-03-18,999486.3809735302,0.0,999486.3809735302,0.0,0.0,0.0,0,1.0,0.0
2015-03-19,999486.3809735302,0.0,999486.3809735302,0.0,0.0,0.0,0,1.0,0.0
2015-03-20,999486.3809735302,0.0,999486.3809735302,0.0,0.0,0.0,0,1.0,0.0
2015-03-23,999486.3809735302,0.0,999486.3809735302,0.0,0.0,0.0,0,1.0,0.0
2015-03-24,999486.3809735302,0.0,999486.3809735302,0.0,0.0,0.0,0,1.0,0.0
2015-03-25,999486.3809735302,0.0,999486.3809735302,0.0,0.0,0.0,0,1.0,0.0
2015-03-26,999486.3809735302,0.0,999486.3809735302,0.0,0.0,0.0,0,1.0,0.0
2015-03-27,999486.3809735302,0.0,999486.3809735302,0.0,0.0,0.0,0,1.0,0.0
2015-03-30,999486.3809735302,0.0,999486.3809735302,0.0,0.0,0.0,0,1.0,0.0
2015-03-31,999486.3809735302,0.0,999486.3809735302,0.0,0.0,0.0,0,1.0,0.0
2015-04-01,999486.3809735302,0.0,999486.3809735302,0.0,0.0,0.0,0,1.0,0.0
2015-04-02,999486.3809735302,0.0,999486.3809735302,0.0,0.0,0.0,0,1.0,0.0
2015-04-06,999486.3809735302,0.0,999486.3809735302,0.0,0.0,0.0,0,1.0,0.0
2015-04-07,999486.3809735302,0.0,999486.3809735302,0.0,0.0,0.0,0,1.0,0.0
2015-04-08,999486.3809735302,0.0,999486.3809735302,0.0,0.0,0.0,0,1.0,0.0
2015-04-09,999486.3809735302,0.0,999486.3809735302,0.0,0.0,0.0,0,1.0,0.0
2015-04-10,999486.3809735302,0.0,999486.3809735302,0.0,0.0,0.0,0,1.0,0.0
2015-04-13,999486.3809735302,0.0,999486.3809735302,0.0,0.0,0.0,0,1.0,0.0
2015-04-14,999486.3809735302,0.0,999486.3809735302,0.0,0.0,0.0,0,1.0,0.0
2015-04-15,999486.3809735302,0.0,999486.3809735302,0.0,0.0,0.0,0,1.0,0.0
2015-04-16,999486.3809735302,0.0,999486.3809735302,0.0,0.0,0.0,0,1.0,0.0
2015-04-17,999486.3809735302,0.0,999486.3809735302,0.0,0.0,0.0,0,1.0,0.0
2015-04-20,999486.3809735302,0.0,999486.3809735302,0.0,0.0,0.0,0,1.0,0.0
2015-04-21,999486.3809735302,0.0,999486.3809735302,0.0,0.0,0.0,0,1.0,0.0
2015-04-22,999486.3809735302,0.0,999486.3809735302,0.0,0.0,0.0,0,1.0,0.0
2015-04-23,999486.3809735302,0.0,999486.3809735302,0.0,0.0,0.0,0,1.0,0.0
2015-04-24,999486.3809735302,0.0,999486.3809735302,0.0,0.0,0.0,0,1.0,0.0
2015-04-27,999486.3809735302,0.0,999486.3809735302,0.0,0.0,0.0,0,1.0,0.0
2015-04-28,999486.3809735302,0.0,999486.3809735302,0.0,0.0,0.0,0,1.0,0.0
2015-04-29,999486.3809735302,0.0,999486.3809735302,0.0,0.0,0.0,0,1.0,0.0
2015-04-30,999486.3809735302,0.0,999486.3809735302,0.0,0.0,0.0,0,1.0,0.0
2015-05-01,999486.3809735302,0.0,999486.3809735302,0.0,0.0,0.0,0,1.0,0.0
2015-05-04,999486.3809735302,0.0,999486.3809735302,0.0,0.0,0.0,0,1.0,0.0
2015-05-05,999486.3809735302,0.0,999486.3809735302,0.0,0.0,0.0,0,1.0,0.0
2015-05-06,999486.3809735302,0.0,999486.3809735302,0.0,0.0,0.0,0,1.0,0.0
2015-05-07,999486.3809735302,0.0,999486.3809735302,0.0,0.0,0.0,0,1.0,0.0
2015-05-08,999486.3809735302,0.0,999486.3809735302,0.0,0.0,0.0,0,1.0,0.0
2015-05-11,999486.3809735302,0.0,999486.3809735302,0.0,0.0,0.0,0,1.0,0.0
2015-05-12,999486.3809735302,0.0,999486.3809735302,0.0,0.0,0.0,0,1.0,0.0
2015-05-13,999486.3809735302,0.0,999486.3809735302,0.0,0.0,0.0,0,1.0,0.0
2015-05-14,999486.3809735302,0.0,999486.3809735302,0.0,0.0,0.0,0,1.0,0.0
2015-05-15,999486.3809735302,0.0,999486.3809735302,0.0,0.0,0.0,0,1.0,0.0
2015-05-18,999486.3809735302,0.0,999486.3809735302,0.0,0.0,0.0,0,1.0,0.0
2015-05-19,999486.3809735302,0.0,999486.3809735302,0.0,0.0,0.0,0,1.0,0.0
2015-05-20,999486.3809735302,0.0,999486.3809735302,0.0,0.0,0.0,0,1.0,0.0
2015-05-21,999486.3809735302,0.0,999486.3809735302,0.0,0.0,0.0,0,1.0,0.0
2015-05-22,999486.3809735302,0.0,999486.3809735302,0.0,0.0,0.0,0,1.0,0.0
2015-05-26,999486.3809735302,0.0,999486.3809735302,0.0,0.0,0.0,0,1.0,0.0
2015-05-27,999486.3809735302,0.0,999486.3809735302,0.0,0.0,0.0,0,1.0,0.0
2015-05-28,999486.3809735302,0.0,999486.3809735302,0.0,0.0,0.0,0,1.0,0.0
2015-05-29,999486.3809735302,0.0,999486.3809735302,0.0,0.0,0.0,0,1.0,0.0
2015-06-01,999486.3809735302,0.0,999486.3809735302,0.0,0.0,0.0,0,1.0,0.0
2015-06-02,999486.3809735302,0.0,999486.3809735302,0.0,0.0,0.0,0,1.0,0.0
2015-06-03,999486.3809735302,0.0,999486.3809735302,0.0,0.0,0.0,0,1.0,0.0
2015-06-04,999486.3809735302,0.0,999486.3809735302,0.0,0.0,0.0,0,1.0,0.0
2015-06-05,999486.3809735302,0.0,999486.3809735302,0.0,0.0,0.0,0,1.0,0.0
2015-06-08,999486.3809735302,0.0,999486.3809735302,0.0,0.0,0.0,0,1.0,0.0
2015-06-09,999486.3809735302,0.0,999486.3809735302,0.0,0.0,0.0,0,1.0,0.0
2015-06-10,999486.3809735302,0.0,999486.3809735302,0.0,0.0,0.0,0,1.0,0.0
2015-06-11,999486.3809735302,0.0,999486.3809735302,0.0,0.0,0.0,0,1.0,0.0
2015-06-12,999486.3809735302,0.0,999486.3809735302,0.0,0.0,0.0,0,1.0,0.0
2015-06-15,999486.3809735302,0.0,999486.3809735302,0.0,0.0,0.0,0,1.0,0.0
2015-06-16,999486.3809735302,0.0,999486.3809735302,0.0,0.0,0.0,0,1.0,0.0
2015-06-17,999486.3809735302,0.0,999486.3809735302,0.0,0.0,0.0,0,1.0,0.0
2015-06-18,999486.3809735302,0.0,999486.3809735302,0.0,0.0,0.0,0,1.0,0.0
2015-06-19,999486.3809735302,0.0,999486.3809735302,0.0,0.0,0.0,0,1.0,0.0
2015-06-22,999486.3809735302,0.0,999486.3809735302,0.0,0.0,0.0,0,1.0,0.0
2015-06-23,999486.3809735302,0.0,999486.3809735302,0.0,0.0,0.0,0,1.0,0.0
2015-06-24,999486.3809735302,0.0,999486.3809735302,0.0,0.0,0.0,0,1.0,0.0
2015-06-25,999486.3809735302,0.0,999486.3809735302,0.0,0.0,0.0,0,1.0,0.0
2015-06-26,999486.3809735302,0.0,999486.3809735302,0.0,0.0,0.0,0,1.0,0.0
2015-06-29,999486.3809735302,0.0,999486.3809735302,0.0,0.0,0.0,0,1.0,0.0
2015-06-30,999486.3809735302,0.0,999486.3809735302,0.0,0.0,0.0,0,1.0,0.0
2015-07-01,999486.3809735302,0.0,999486.3809735302,0.0,0.0,0.0,0,1.0,0.0
2015-07-02,999486.3809735302,0.0,999486.3809735302,0.0,0.0,0.0,0,1.0,0.0
2015-07-06,999486.3809735302,0.0,999486.3809735302,0.0,0.0,0.0,0,1.0,0.0
2015-07-07,999486.3809735302,0.0,999486.3809735302,0.0,0.0,0.0,0,1.0,0.0
2015-07-08,999486.3809735302,0.0,999486.3809735302,0.0,0.0,0.0,0,1.0,0.0
2015-07-09,999486.3809735302,0.0,999486.3809735302,0.0,0.0,0.0,0,1.0,0.0
2015-07-10,999486.3809735302,0.0,999486.3809735302,0.0,0.0,0.0,0,1.0,0.0
2015-07-13,999486.3809735302,0.0,999486.3809735302,0.0,0.0,0.0,0,1.0,0.0
2015-07-14,999486.3809735302,0.0,999486.3809735302,0.0,0.0,0.0,0,1.0,0.0
2015-07-15,999486.3809735302,0.0,999486.3809735302,0.0,0.0,0.0,0,1.0,0.0
2015-07-16,999486.3809735302,0.0,999486.3809735302,0.0,0.0,0.0,0,1.0,0.0
2015-07-17,999486.3809735302,0.0,999486.3809735302,0.0,0.0,0.0,0,1.0,0.0
2015-07-20,999486.3809735302,0.0,999486.3809735302,0.0,0.0,0.0,0,1.0,0.0
2015-07-21,999486.3809735302,0.0,999486.3809735302,0.0,0.0,0.0,0,1.0,0.0
2015-07-22,999486.3809735302,0.0,999486.3809735302,0.0,0.0,0.0,0,1.0,0.0
2015-07-23,999486.3809735302,0.0,999486.3809735302,0.0,0.0,0.0,0,1.0,0.0
2015-07-24,999486.3809735302,0.0,999486.3809735302,0.0,0.0,0.0,0,1.0,0.0
2015-07-27,999486.3809735302,0.0,999486.3809735302,0.0,0.0,0.0,0,1.0,0.0
2015-07-28,999486.3809735302,0.0,999486.3809735302,0.0,0.0,0.0,0,1.0,0.0
2015-07-29,999486.3809735302,0.0,999486.3809735302,0.0,0.0,0.0,0,1.0,0.0
2015-07-30,999486.3809735302,0.0,999486.3809735302,0.0,0.0,0.0,0,1.0,0.0
2015-07-31,999486.3809735302,0.0,999486.3809735302,0.0,0.0,0.0,0,1.0,0.0
2015-08-03,999486.3809735302,0.0,999486.3809735302,0.0,0.0,0.0,0,1.0,0.0
2015-08-04,999486.3809735302,0.0,999486.3809735302,0.0,0.0,0.0,0,1.0,0.0
2015-08-05,999486.3809735302,0.0,999486.3809735302,0.0,0.0,0.0,0,1.0,0.0
2015-08-06,999486.3809735302,0.0,999486.3809735302,0.0,0.0,0.0,0,1.0,0.0
2015-08-07,999486.3809735302,0.0,999486.3809735302,0.0,0.0,0.0,0,1.0,0.0
2015-08-10,999486.3809735302,0.0,999486.3809735302,0.0,0.0,0.0,0,1.0,0.0
2015-08-11,999486.3809735302,0.0,999486.3809735302,0.0,0.0,0.0,0,1.0,0.0
2015-08-12,999486.3809735302,0.0,999486.3809735302,0.0,0.0,0.0,0,1.0,0.0
2015-08-13,999486.3809735302,0.0,999486.3809735302,0.0,0.0,0.0,0,1.0,0.0
2015-08-14,999486.3809735302,0.0,999486.3809735302,0.0,0.0,0.0,0,1.0,0.0
2015-08-17,999486.3809735302,0.0,999486.3809735302,0.0,0.0,0.0,0,1.0,0.0
2015-08-18,999486.3809735302,0.0,999486.3809735302,0.0,0.0,0.0,0,1.0,0.0
2015-08-19,999486.3809735302,0.0,999486.3809735302,0.0,0.0,0.0,0,1.0,0.0
2015-08-20,999486.3809735302,0.0,999486.3809735302,0.0,0.0,0.0,0,1.0,0.0
2015-08-21,999486.3809735302,0.0,999486.3809735302,0.0,0.0,0.0,0,1.0,0.0
2015-08-24,999486.3809735302,0.0,999486.3809735302,0.0,0.0,0.0,0,1.0,0.0
2015-08-25,999486.3809735302,0.0,999486.3809735302,0.0,0.0,0.0,0,1.0,0.0
2015-08-26,999486.3809735302,0.0,999486.3809735302,0.0,0.0,0.0,0,1.0,0.0
2015-08-27,999486.3809735302,0.0,999486.3809735302,0.0,0.0,0.0,0,1.0,0.0
2015-08-28,999486.3809735302,0.0,999486.3809735302,0.0,0.0,0.0,0,1.0,0.0
2015-08-31,999486.3809735302,0.0,999486.3809735302,0.0,0.0,0.0,0,1.0,0.0
2015-09-01,999486.3809735302,0.0,999486.3809735302,0.0,0.0,0.0,0,1.0,0.0
2015-09-02,999486.3809735302,0.0,999486.3809735302,0.0,0.0,0.0,0,1.0,0.0
2015-09-03,999486.3809735302,0.0,999486.3809735302,0.0,0.0,0.0,0,1.0,0.0
2015-09-04,999486.3809735302,0.0,999486.3809735302,0.0,0.0,0.0,0,1.0,0.0
2015-09-08,999486.3809735302,0.0,999486.3809735302,0.0,0.0,0.0,0,1.0,0.0
2015-09-09,999486.3809735302,0.0,999486.3809735302,0.0,0.0,0.0,0,1.0,0.0
2015-09-10,999486.3809735302,0.0,999486.3809735302,0.0,0.0,0.0,0,1.0,0.0
2015-09-11,999486.3809735302,0.0,999486.3809735302,0.0,0.0,0.0,0,1.0,0.0
2015-09-14,999486.3809735302,0.0,999486.3809735302,0.0,0.0,0.0,0,1.0,0.0
2015-09-15,999486.3809735302,0.0,999486.3809735302,0.0,0.0,0.0,0,1.0,0.0
2015-09-16,999486.3809735302,0.0,999486.3809735302,0.0,0.0,0.0,0,1.0,0.0
2015-09-17,999486.3809735302,0.0,999486.3809735302,0.0,0.0,0.0,0,1.0,0.0
2015-09-18,999486.3809735302,0.0,999486.3809735302,0.0,0.0,0.0,0,1.0,0.0
2015-09-21,999486.3809735302,0.0,999486.3809735302,0.0,0.0,0.0,0,1.0,0.0
2015-09-22,999486.3809735302,0.0,999486.3809735302,0.0,0.0,0.0,0,1.0,0.0
2015-09-23,999486.3809735302,0.0,999486.3809735302,0.0,0.0,0.0,0,1.0,0.0
2015-09-24,999486.3809735302,0.0,999486.3809735302,0.0,0.0,0.0,0,1.0,0.0
2015-09-25,999486.3809735302,0.0,999486.3809735302,0.0,0.0,0.0,0,1.0,0.0
2015-09-28,999486.3809735302,0.0,999486.3809735302,0.0,0.0,0.0,0,1.0,0.0
2015-09-29,999486.3809735302,0.0,999486.3809735302,0.0,0.0,0.0,0,1.0,0.0
2015-09-30,999486.3809735302,0.0,999486.3809735302,0.0,0.0,0.0,0,1.0,0.0
2015-10-01,999486.3809735302,0.0,999486.3809735302,0.0,0.0,0.0,0,1.0,0.0
2015-10-02,999486.3809735302,0.0,999486.3809735302,0.0,0.0,0.0,0,1.0,0.0
2015-10-05,999486.3809735302,0.0,999486.3809735302,0.0,0.0,0.0,0,1.0,0.0
2015-10-06,999486.3809735302,0.0,999486.3809735302,0.0,0.0,0.0,0,1.0,0.0
2015-10-07,999486.3809735302,0.0,999486.3809735302,0.0,0.0,0.0,0,1.0,0.0
2015-10-08,999486.3809735302,0.0,999486.3809735302,0.0,0.0,0.0,0,1.0,0.0
2015-10-09,999486.3809735302,0.0,999486.3809735302,0.0,0.0,0.0,0,1.0,0.0
2015-10-12,999486.3809735302,0.0,999486.3809735302,0.0,0.0,0.0,0,1.0,0.0
2015-10-13,999486.3809735302,0.0,999486.3809735302,0.0,0.0,0.0,0,1.0,0.0
2015-10-14,999486.3809735302,0.0,999486.3809735302,0.0,0.0,0.0,0,1.0,0.0
2015-10-15,999486.3809735302,0.0,999486.3809735302,0.0,0.0,0.0,0,1.0,0.0
2015-10-16,999486.3809735302,0.0,999486.3809735302,0.0,0.0,0.0,0,1.0,0.0
2015-10-19,999486.3809735302,0.0,999486.3809735302,0.0,0.0,0.0,0,1.0,0.0
2015-10-20,999486.3809735302,0.0,999486.3809735302,0.0,0.0,0.0,0,1.0,0.0
2015-10-21,999486.3809735302,0.0,999486.3809735302,0.0,0.0,0.0,0,1.0,0.0
2015-10-22,999486.3809735302,0.0,999486.3809735302,0.0,0.0,0.0,0,1.0,0.0
2015-10-23,999486.3809735302,0.0,999486.3809735302,0.0,0.0,0.0,0,1.0,0.0
2015-10-26,999486.3809735302,0.0,999486.3809735302,0.0,0.0,0.0,0,1.0,0.0
2015-10-27,999486.3809735302,0.0,999486.3809735302,0.0,0.0,0.0,0,1.0,0.0
2015-10-28,999486.3809735302,0.0,999486.3809735302,0.0,0.0,0.0,0,1.0,0.0
2015-10-29,999486.3809735302,0.0,999486.3809735302,0.0,0.0,0.0,0,1.0,0.0
2015-10-30,999486.3809735302,0.0,999486.3809735302,0.0,0.0,0.0,0,1.0,0.0
2015-11-02,999486.3809735302,0.0,999486.3809735302,0.0,0.0,0.0,0,1.0,0.0
2015-11-03,999486.3809735302,0.0,999486.3809735302,0.0,0.0,0.0,0,1.0,0.0
2015-11-04,999486.3809735302,0.0,999486.3809735302,0.0,0.0,0.0,0,1.0,0.0
2015-11-05,999486.3809735302,0.0,999486.3809735302,0.0,0.0,0.0,0,1.0,0.0
2015-11-06,999486.3809735302,0.0,999486.3809735302,0.0,0.0,0.0,0,1.0,0.0
2015-11-09,999486.3809735302,0.0,999486.3809735302,0.0,0.0,0.0,0,1.0,0.0
2015-11-10,999486.3809735302,0.0,999486.3809735302,0.0,0.0,0.0,0,1.0,0.0
2015-11-11,999486.3809735302,0.0,999486.3809735302,0.0,0.0,0.0,0,1.0,0.0
2015-11-12,999486.3809735302,0.0,999486.3809735302,0.0,0.0,0.0,0,1.0,0.0
2015-11-13,999486.3809735302,0.0,999486.3809735302,0.0,0.0,0.0,0,1.0,0.0
2015-11-16,999486.3809735302,0.0,999486.3809735302,0.0,0.0,0.0,0,1.0,0.0
2015-11-17,999486.3809735302,0.0,999486.3809735302,0.0,0.0,0.0,0,1.0,0.0
2015-11-18,999486.3809735302,0.0,999486.3809735302,0.0,0.0,0.0,0,1.0,0.0
2015-11-19,999486.3809735302,0.0,999486.3809735302,0.0,0.0,0.0,0,1.0,0.0
2015-11-20,999486.3809735302,0.0,999486.3809735302,0.0,0.0,0.0,0,1.0,0.0
2015-11-23,999486.3809735302,0.0,999486.3809735302,0.0,0.0,0.0,0,1.0,0.0
2015-11-24,999486.3809735302,0.0,999486.3809735302,0.0,0.0,0.0,0,1.0,0.0
2015-11-25,999486.3809735302,0.0,999486.3809735302,0.0,0.0,0.0,0,1.0,0.0
2015-11-27,999486.3809735302,0.0,999486.3809735302,0.0,0.0,0.0,0,1.0,0.0
2015-11-30,999486.3809735302,0.0,999486.3809735302,0.0,0.0,0.0,0,1.0,0.0
2015-12-01,999486.3809735302,0.0,999486.3809735302,0.0,0.0,0.0,0,1.0,0.0
2015-12-02,999486.3809735302,0.0,999486.3809735302,0.0,0.0,0.0,0,1.0,0.0
2015-12-03,999486.3809735302,0.0,999486.3809735302,0.0,0.0,0.0,0,1.0,0.0
2015-12-04,999486.3809735302,0.0,999486.3809735302,0.0,0.0,0.0,0,1.0,0.0
2015-12-07,999486.3809735302,0.0,999486.3809735302,0.0,0.0,0.0,0,1.0,0.0
2015-12-08,999486.3809735302,0.0,999486.3809735302,0.0,0.0,0.0,0,1.0,0.0
2015-12-09,999486.3809735302,0.0,999486.3809735302,0.0,0.0,0.0,0,1.0,0.0
2015-12-10,999486.3809735302,0.0,999486.3809735302,0.0,0.0,0.0,0,1.0,0.0
2015-12-11,999486.3809735302,0.0,999486.3809735302,0.0,0.0,0.0,0,1.0,0.0
2015-12-14,999486.3809735302,0.0,999486.3809735302,0.0,0.0,0.0,0,1.0,0.0
2015-12-15,999486.3809735302,0.0,999486.3809735302,0.0,0.0,0.0,0,1.0,0.0
2015-12-16,999486.3809735302,0.0,999486.3809735302,0.0,0.0,0.0,0,1.0,0.0
2015-12-17,999486.3809735302,0.0,999486.3809735302,0.0,0.0,0.0,0,1.0,0.0
2015-12-18,999486.3809735302,0.0,999486.3809735302,0.0,0.0,0.0,0,1.0,0.0
2015-12-21,999486.3809735302,0.0,999486.3809735302,0.0,0.0,0.0,0,1.0,0.0
2015-12-22,999486.3809735302,0.0,999486.3809735302,0.0,0.0,0.0,0,1.0,0.0
2015-12-23,999486.3809735302,0.0,999486.3809735302,0.0,0.0,0.0,0,1.0,0.0
2015-12-24,999486.3809735302,0.0,999486.3809735302,0.0,0.0,0.0,0,1.0,0.0
2015-12-28,999486.3809735302,0.0,999486.3809735302,0.0,0.0,0.0,0,1.0,0.0
2015-12-29,999486.3809735302,0.0,999486.3809735302,0.0,0.0,0.0,0,1.0,0.0
2015-12-30,999486.3809735302,0.0,999486.3809735302,0.0,0.0,0.0,0,1.0,0.0
2015-12-31,999486.3809735302,0.0,999486.3809735302,0.0,0.0,0.0,0,1.0,0.0
2016-01-04,999486.3809735302,0.0,999486.3809735302,0.0,0.0,0.0,0,1.0,0.0
2016-01-05,999486.3809735302,0.0,999486.3809735302,0.0,0.0,0.0,0,1.0,0.0
2016-01-06,999486.3809735302,0.0,999486.3809735302,0.0,0.0,0.0,0,1.0,0.0
2016-01-07,999486.3809735302,0.0,999486.3809735302,0.0,0.0,0.0,0,1.0,0.0
2016-01-08,999486.3809735302,0.0,999486.3809735302,0.0,0.0,0.0,0,1.0,0.0
2016-01-11,999486.3809735302,0.0,999486.3809735302,0.0,0.0,0.0,0,1.0,0.0
2016-01-12,999486.3809735302,0.0,999486.3809735302,0.0,0.0,0.0,0,1.0,0.0
2016-01-13,999486.3809735302,0.0,999486.3809735302,0.0,0.0,0.0,0,1.0,0.0
2016-01-14,999486.3809735302,0.0,999486.3809735302,0.0,0.0,0.0,0,1.0,0.0
2016-01-15,999486.3809735302,0.0,999486.3809735302,0.0,0.0,0.0,0,1.0,0.0
2016-01-19,999486.3809735302,0.0,999486.3809735302,0.0,0.0,0.0,0,1.0,0.0
2016-01-20,999486.3809735302,0.0,999486.3809735302,0.0,0.0,0.0,0,1.0,0.0
2016-01-21,999486.3809735302,0.0,999486.3809735302,0.0,0.0,0.0,0,1.0,0.0
2016-01-22,999486.3809735302,0.0,999486.3809735302,0.0,0.0,0.0,0,1.0,0.0
2016-01-25,999486.3809735302,0.0,999486.3809735302,0.0,0.0,0.0,0,1.0,0.0
2016-01-26,999486.3809735302,0.0,999486.3809735302,0.0,0.0,0.0,0,1.0,0.0
2016-01-27,999486.3809735302,0.0,999486.3809735302,0.0,0.0,0.0,0,1.0,0.0
2016-01-28,999486.3809735302,0.0,999486.3809735302,0.0,0.0,0.0,0,1.0,0.0
2016-01-29,999486.3809735302,0.0,999486.3809735302,0.0,0.0,0.0,0,1.0,0.0
2016-02-01,999486.3809735302,0.0,999486.3809735302,0.0,0.0,0.0,0,1.0,0.0
2016-02-02,999486.3809735302,0.0,999486.3809735302,0.0,0.0,0.0,0,1.0,0.0
2016-02-03,999486.3809735302,0.0,999486.3809735302,0.0,0.0,0.0,0,1.0,0.0
2016-02-04,999486.3809735302,0.0,999486.3809735302,0.0,0.0,0.0,0,1.0,0.0
2016-02-05,999486.3809735302,0.0,999486.3809735302,0.0,0.0,0.0,0,1.0,0.0
2016-02-08,999486.3809735302,0.0,999486.3809735302,0.0,0.0,0.0,0,1.0,0.0
2016-02-09,999486.3809735302,0.0,999486.3809735302,0.0,0.0,0.0,0,1.0,0.0
2016-02-10,999486.3809735302,0.0,999486.3809735302,0.0,0.0,0.0,0,1.0,0.0
2016-02-11,999486.3809735302,0.0,999486.3809735302,0.0,0.0,0.0,0,1.0,0.0
2016-02-12,999486.3809735302,0.0,999486.3809735302,0.0,0.0,0.0,0,1.0,0.0
2016-02-16,999486.3809735302,0.0,999486.3809735302,0.0,0.0,0.0,0,1.0,0.0
2016-02-17,999486.3809735302,0.0,999486.3809735302,0.0,0.0,0.0,0,1.0,0.0
2016-02-18,999486.3809735302,0.0,999486.3809735302,0.0,0.0,0.0,0,1.0,0.0
2016-02-19,999486.3809735302,0.0,999486.3809735302,0.0,0.0,0.0,0,1.0,0.0
2016-02-22,999486.3809735302,0.0,999486.3809735302,0.0,0.0,0.0,0,1.0,0.0
2016-02-23,999486.3809735302,0.0,999486.3809735302,0.0,0.0,0.0,0,1.0,0.0
2016-02-24,999486.3809735302,0.0,999486.3809735302,0.0,0.0,0.0,0,1.0,0.0
2016-02-25,999486.3809735302,0.0,999486.3809735302,0.0,0.0,0.0,0,1.0,0.0
2016-02-26,999486.3809735302,0.0,999486.3809735302,0.0,0.0,0.0,0,1.0,0.0
2016-02-29,999486.3809735302,0.0,999486.3809735302,0.0,0.0,0.0,0,1.0,0.0
2016-03-01,999486.3809735302,0.0,999486.3809735302,0.0,0.0,0.0,0,1.0,0.0
2016-03-02,999486.3809735302,0.0,999486.3809735302,0.0,0.0,0.0,0,1.0,0.0
2016-03-03,999486.3809735302,0.0,999486.3809735302,0.0,0.0,0.0,0,1.0,0.0
2016-03-04,999486.3809735302,0.0,999486.3809735302,0.0,0.0,0.0,0,1.0,0.0
2016-03-07,999486.3809735302,0.0,999486.3809735302,0.0,0.0,0.0,0,1.0,0.0
2016-03-08,999486.3809735302,0.0,999486.3809735302,0.0,0.0,0.0,0,1.0,0.0
2016-03-09,999486.3809735302,0.0,999486.3809735302,0.0,0.0,0.0,0,1.0,0.0
2016-03-10,999486.3809735302,0.0,999486.3809735302,0.0,0.0,0.0,0,1.0,0.0
2016-03-11,999486.3809735302,0.0,999486.3809735302,0.0,0.0,0.0,0,1.0,0.0
2016-03-14,999486.3809735302,0.0,999486.3809735302,0.0,0.0,0.0,0,1.0,0.0
2016-03-15,999486.3809735302,0.0,999486.3809735302,0.0,0.0,0.0,0,1.0,0.0
2016-03-16,999486.3809735302,0.0,999486.3809735302,0.0,0.0,0.0,0,1.0,0.0
2016-03-17,999486.3809735302,0.0,999486.3809735302,0.0,0.0,0.0,0,1.0,0.0
2016-03-18,999486.3809735302,0.0,999486.3809735302,0.0,0.0,0.0,0,1.0,0.0
2016-03-21,999486.3809735302,0.0,999486.3809735302,0.0,0.0,0.0,0,1.0,0.0
2016-03-22,999486.3809735302,0.0,999486.3809735302,0.0,0.0,0.0,0,1.0,0.0
2016-03-23,999486.3809735302,0.0,999486.3809735302,0.0,0.0,0.0,0,1.0,0.0
2016-03-24,999486.3809735302,0.0,999486.3809735302,0.0,0.0,0.0,0,1.0,0.0
2016-03-28,999486.3809735302,0.0,999486.3809735302,0.0,0.0,0.0,0,1.0,0.0
2016-03-29,999486.3809735302,0.0,999486.3809735302,0.0,0.0,0.0,0,1.0,0.0
2016-03-30,999486.3809735302,0.0,999486.3809735302,0.0,0.0,0.0,0,1.0,0.0
2016-03-31,999486.3809735302,0.0,999486.3809735302,0.0,0.0,0.0,0,1.0,0.0
2016-04-01,999486.3809735302,0.0,999486.3809735302,0.0,0.0,0.0,0,1.0,0.0
2016-04-04,999486.3809735302,0.0,999486.3809735302,0.0,0.0,0.0,0,1.0,0.0
2016-04-05,999438.2285499731,-4.817716826743812e-05,990328.7510913479,41645.26587389709,74181.05428916898,9109.477458625204,5,1.0,0.0
2016-04-06,1000111.6279608422,0.0006737779200682859,990328.3057006783,42674.56937204852,75565.81648393311,9783.322260163935,5,1.0,0.4453906696135782
2016-04-07,1000238.6341685083,0.00012699203180455143,990327.8554440443,42408.45254988656,74906.12637530906,9910.778724464057,5,1.0,0.45025663397514837
2016-04-08,1000047.2872974987,-0.0001913012200021047,990327.410575135,42305.06083325861,74890.2449441536,9719.876722363613,5,1.0,0.4448689093144764
2016-04-11,999653.8592863677,-0.0003934094078632544,990326.0723745555,41836.630626679675,74345.4743415472,9327.786911812147,5,1.0,1.3382005795028746
2016-04-12,999456.7224717467,-0.00019720507532638987,999456.7224717467,0.0,0.0,0.0,0,1.0,0.4450218167675226
2016-04-13,999456.7224717467,0.0,999456.7224717467,0.0,0.0,0.0,0,1.0,0.0
2016-04-14,999456.7224717467,0.0,999456.7224717467,0.0,0.0,0.0,0,1.0,0.0
2016-04-15,999456.7224717467,0.0,999456.7224717467,0.0,0.0,0.0,0,1.0,0.0
2016-04-18,999456.7224717467,0.0,999456.7224717467,0.0,0.0,0.0,0,1.0,0.0
2016-04-19,999456.7224717467,0.0,999456.7224717467,0.0,0.0,0.0,0,1.0,0.0
2016-04-20,999456.7224717467,0.0,999456.7224717467,0.0,0.0,0.0,0,1.0,0.0
2016-04-21,999456.7224717467,0.0,999456.7224717467,0.0,0.0,0.0,0,1.0,0.0
2016-04-22,999456.7224717467,0.0,999456.7224717467,0.0,0.0,0.0,0,1.0,0.0
2016-04-25,999456.7224717467,0.0,999456.7224717467,0.0,0.0,0.0,0,1.0,0.0
2016-04-26,999456.7224717467,0.0,999456.7224717467,0.0,0.0,0.0,0,1.0,0.0
2016-04-27,999456.7224717467,0.0,999456.7224717467,0.0,0.0,0.0,0,1.0,0.0
2016-04-28,999456.7224717467,0.0,999456.7224717467,0.0,0.0,0.0,0,1.0,0.0
2016-04-29,999456.7224717467,0.0,999456.7224717467,0.0,0.0,0.0,0,1.0,0.0
2016-05-02,999456.7224717467,0.0,999456.7224717467,0.0,0.0,0.0,0,1.0,0.0
2016-05-03,999456.7224717467,0.0,999456.7224717467,0.0,0.0,0.0,0,1.0,0.0
2016-05-04,999456.7224717467,0.0,999456.7224717467,0.0,0.0,0.0,0,1.0,0.0
2016-05-05,999456.7224717467,0.0,999456.7224717467,0.0,0.0,0.0,0,1.0,0.0
2016-05-06,999456.7224717467,0.0,999456.7224717467,0.0,0.0,0.0,0,1.0,0.0
2016-05-09,999456.7224717467,0.0,999456.7224717467,0.0,0.0,0.0,0,1.0,0.0
2016-05-10,999456.7224717467,0.0,999456.7224717467,0.0,0.0,0.0,0,1.0,0.0
2016-05-11,999456.7224717467,0.0,999456.7224717467,0.0,0.0,0.0,0,1.0,0.0
2016-05-12,999456.7224717467,0.0,999456.7224717467,0.0,0.0,0.0,0,1.0,0.0
2016-05-13,999456.7224717467,0.0,999456.7224717467,0.0,0.0,0.0,0,1.0,0.0
2016-05-16,999456.7224717467,0.0,999456.7224717467,0.0,0.0,0.0,0,1.0,0.0
2016-05-17,999456.7224717467,0.0,999456.7224717467,0.0,0.0,0.0,0,1.0,0.0
2016-05-18,999456.7224717467,0.0,999456.7224717467,0.0,0.0,0.0,0,1.0,0.0
2016-05-19,999456.7224717467,0.0,999456.7224717467,0.0,0.0,0.0,0,1.0,0.0
2016-05-20,999456.7224717467,0.0,999456.7224717467,0.0,0.0,0.0,0,1.0,0.0
2016-05-23,999456.7224717467,0.0,999456.7224717467,0.0,0.0,0.0,0,1.0,0.0
2016-05-24,999456.7224717467,0.0,999456.7224717467,0.0,0.0,0.0,0,1.0,0.0
2016-05-25,999456.7224717467,0.0,999456.7224717467,0.0,0.0,0.0,0,1.0,0.0
2016-05-26,999456.7224717467,0.0,999456.7224717467,0.0,0.0,0.0,0,1.0,0.0
2016-05-27,999456.7224717467,0.0,999456.7224717467,0.0,0.0,0.0,0,1.0,0.0
2016-05-31,999456.7224717467,0.0,999456.7224717467,0.0,0.0,0.0,0,1.0,0.0
2016-06-01,999456.7224717467,0.0,999456.7224717467,0.0,0.0,0.0,0,1.0,0.0
2016-06-02,999456.7224717467,0.0,999456.7224717467,0.0,0.0,0.0,0,1.0,0.0
2016-06-03,999456.7224717467,0.0,999456.7224717467,0.0,0.0,0.0,0,1.0,0.0
2016-06-06,999456.7224717467,0.0,999456.7224717467,0.0,0.0,0.0,0,1.0,0.0
2016-06-07,999456.7224717467,0.0,999456.7224717467,0.0,0.0,0.0,0,1.0,0.0
2016-06-08,999456.7224717467,0.0,999456.7224717467,0.0,0.0,0.0,0,1.0,0.0
2016-06-09,999456.7224717467,0.0,999456.7224717467,0.0,0.0,0.0,0,1.0,0.0
2016-06-10,999456.7224717467,0.0,999456.7224717467,0.0,0.0,0.0,0,1.0,0.0
2016-06-13,999456.7224717467,0.0,999456.7224717467,0.0,0.0,0.0,0,1.0,0.0
2016-06-14,999456.7224717467,0.0,999456.7224717467,0.0,0.0,0.0,0,1.0,0.0
2016-06-15,999456.7224717467,0.0,999456.7224717467,0.0,0.0,0.0,0,1.0,0.0
2016-06-16,999456.7224717467,0.0,999456.7224717467,0.0,0.0,0.0,0,1.0,0.0
2016-06-17,999456.7224717467,0.0,999456.7224717467,0.0,0.0,0.0,0,1.0,0.0
2016-06-20,999456.7224717467,0.0,999456.7224717467,0.0,0.0,0.0,0,1.0,0.0
2016-06-21,999456.7224717467,0.0,999456.7224717467,0.0,0.0,0.0,0,1.0,0.0
2016-06-22,999456.7224717467,0.0,999456.7224717467,0.0,0.0,0.0,0,1.0,0.0
2016-06-23,999456.7224717467,0.0,999456.7224717467,0.0,0.0,0.0,0,1.0,0.0
2016-06-24,999456.7224717467,0.0,999456.7224717467,0.0,0.0,0.0,0,1.0,0.0
2016-06-27,999456.7224717467,0.0,999456.7224717467,0.0,0.0,0.0,0,1.0,0.0
2016-06-28,999456.7224717467,0.0,999456.7224717467,0.0,0.0,0.0,0,1.0,0.0
2016-06-29,999456.7224717467,0.0,999456.7224717467,0.0,0.0,0.0,0,1.0,0.0
2016-06-30,999456.7224717467,0.0,999456.7224717467,0.0,0.0,0.0,0,1.0,0.0
2016-07-01,999456.7224717467,0.0,999456.7224717467,0.0,0.0,0.0,0,1.0,0.0
2016-07-05,999456.7224717467,0.0,999456.7224717467,0.0,0.0,0.0,0,1.0,0.0
2016-07-06,999456.7224717467,0.0,999456.7224717467,0.0,0.0,0.0,0,1.0,0.0
2016-07-07,999456.7224717467,0.0,999456.7224717467,0.0,0.0,0.0,0,1.0,0.0
2016-07-08,999456.7224717467,0.0,999456.7224717467,0.0,0.0,0.0,0,1.0,0.0
2016-07-11,999456.7224717467,0.0,999456.7224717467,0.0,0.0,0.0,0,1.0,0.0
2016-07-12,999456.7224717467,0.0,999456.7224717467,0.0,0.0,0.0,0,1.0,0.0
2016-07-13,999456.7224717467,0.0,999456.7224717467,0.0,0.0,0.0,0,1.0,0.0
2016-07-14,999456.7224717467,0.0,999456.7224717467,0.0,0.0,0.0,0,1.0,0.0
2016-07-15,999456.7224717467,0.0,999456.7224717467,0.0,0.0,0.0,0,1.0,0.0
2016-07-18,999456.7224717467,0.0,999456.7224717467,0.0,0.0,0.0,0,1.0,0.0
2016-07-19,999456.7224717467,0.0,999456.7224717467,0.0,0.0,0.0,0,1.0,0.0
2016-07-20,999456.7224717467,0.0,999456.7224717467,0.0,0.0,0.0,0,1.0,0.0
2016-07-21,999456.7224717467,0.0,999456.7224717467,0.0,0.0,0.0,0,1.0,0.0
2016-07-22,999456.7224717467,0.0,999456.7224717467,0.0,0.0,0.0,0,1.0,0.0
2016-07-25,999456.7224717467,0.0,999456.7224717467,0.0,0.0,0.0,0,1.0,0.0
2016-07-26,999456.7224717467,0.0,999456.7224717467,0.0,0.0,0.0,0,1.0,0.0
2016-07-27,999456.7224717467,0.0,999456.7224717467,0.0,0.0,0.0,0,1.0,0.0
2016-07-28,999456.7224717467,0.0,999456.7224717467,0.0,0.0,0.0,0,1.0,0.0
2016-07-29,999456.7224717467,0.0,999456.7224717467,0.0,0.0,0.0,0,1.0,0.0
2016-08-01,999456.7224717467,0.0,999456.7224717467,0.0,0.0,0.0,0,1.0,0.0
2016-08-02,999456.7224717467,0.0,999456.7224717467,0.0,0.0,0.0,0,1.0,0.0
2016-08-03,999456.7224717467,0.0,999456.7224717467,0.0,0.0,0.0,0,1.0,0.0
2016-08-04,999456.7224717467,0.0,999456.7224717467,0.0,0.0,0.0,0,1.0,0.0
2016-08-05,999456.7224717467,0.0,999456.7224717467,0.0,0.0,0.0,0,1.0,0.0
2016-08-08,999456.7224717467,0.0,999456.7224717467,0.0,0.0,0.0,0,1.0,0.0
2016-08-09,999456.7224717467,0.0,999456.7224717467,0.0,0.0,0.0,0,1.0,0.0
2016-08-10,999456.7224717467,0.0,999456.7224717467,0.0,0.0,0.0,0,1.0,0.0
2016-08-11,999456.7224717467,0.0,999456.7224717467,0.0,0.0,0.0,0,1.0,0.0
2016-08-12,999456.7224717467,0.0,999456.7224717467,0.0,0.0,0.0,0,1.0,0.0
2016-08-15,999456.7224717467,0.0,999456.7224717467,0.0,0.0,0.0,0,1.0,0.0
2016-08-16,999456.7224717467,0.0,999456.7224717467,0.0,0.0,0.0,0,1.0,0.0
2016-08-17,999456.7224717467,0.0,999456.7224717467,0.0,0.0,0.0,0,1.0,0.0
2016-08-18,999456.7224717467,0.0,999456.7224717467,0.0,0.0,0.0,0,1.0,0.0
2016-08-19,999456.7224717467,0.0,999456.7224717467,0.0,0.0,0.0,0,1.0,0.0
2016-08-22,999456.7224717467,0.0,999456.7224717467,0.0,0.0,0.0,0,1.0,0.0
2016-08-23,999456.7224717467,0.0,999456.7224717467,0.0,0.0,0.0,0,1.0,0.0
2016-08-24,999456.7224717467,0.0,999456.7224717467,0.0,0.0,0.0,0,1.0,0.0
2016-08-25,999456.7224717467,0.0,999456.7224717467,0.0,0.0,0.0,0,1.0,0.0
2016-08-26,999456.7224717467,0.0,999456.7224717467,0.0,0.0,0.0,0,1.0,0.0
2016-08-29,999456.7224717467,0.0,999456.7224717467,0.0,0.0,0.0,0,1.0,0.0
2016-08-30,999456.7224717467,0.0,999456.7224717467,0.0,0.0,0.0,0,1.0,0.0
2016-08-31,999456.7224717467,0.0,999456.7224717467,0.0,0.0,0.0,0,1.0,0.0
2016-09-01,999456.7224717467,0.0,999456.7224717467,0.0,0.0,0.0,0,1.0,0.0
2016-09-02,999456.7224717467,0.0,999456.7224717467,0.0,0.0,0.0,0,1.0,0.0
2016-09-06,999456.7224717467,0.0,999456.7224717467,0.0,0.0,0.0,0,1.0,0.0
2016-09-07,999456.7224717467,0.0,999456.7224717467,0.0,0.0,0.0,0,1.0,0.0
2016-09-08,999456.7224717467,0.0,999456.7224717467,0.0,0.0,0.0,0,1.0,0.0
2016-09-09,999456.7224717467,0.0,999456.7224717467,0.0,0.0,0.0,0,1.0,0.0
2016-09-12,999456.7224717467,0.0,999456.7224717467,0.0,0.0,0.0,0,1.0,0.0
2016-09-13,999456.7224717467,0.0,999456.7224717467,0.0,0.0,0.0,0,1.0,0.0
2016-09-14,999456.7224717467,0.0,999456.7224717467,0.0,0.0,0.0,0,1.0,0.0
2016-09-15,999456.7224717467,0.0,999456.7224717467,0.0,0.0,0.0,0,1.0,0.0
2016-09-16,999456.7224717467,0.0,999456.7224717467,0.0,0.0,0.0,0,1.0,0.0
2016-09-19,999456.7224717467,0.0,999456.7224717467,0.0,0.0,0.0,0,1.0,0.0
2016-09-20,999456.7224717467,0.0,999456.7224717467,0.0,0.0,0.0,0,1.0,0.0
2016-09-21,999456.7224717467,0.0,999456.7224717467,0.0,0.0,0.0,0,1.0,0.0
2016-09-22,999456.7224717467,0.0,999456.7224717467,0.0,0.0,0.0,0,1.0,0.0
2016-09-23,999456.7224717467,0.0,999456.7224717467,0.0,0.0,0.0,0,1.0,0.0
2016-09-26,999456.7224717467,0.0,999456.7224717467,0.0,0.0,0.0,0,1.0,0.0
2016-09-27,999456.7224717467,0.0,999456.7224717467,0.0,0.0,0.0,0,1.0,0.0
2016-09-28,999456.7224717467,0.0,999456.7224717467,0.0,0.0,0.0,0,1.0,0.0
2016-09-29,999456.7224717467,0.0,999456.7224717467,0.0,0.0,0.0,0,1.0,0.0
2016-09-30,999456.7224717467,0.0,999456.7224717467,0.0,0.0,0.0,0,1.0,0.0
2016-10-03,999456.7224717467,0.0,999456.7224717467,0.0,0.0,0.0,0,1.0,0.0
2016-10-04,999456.7224717467,0.0,999456.7224717467,0.0,0.0,0.0,0,1.0,0.0
2016-10-05,999456.7224717467,0.0,999456.7224717467,0.0,0.0,0.0,0,1.0,0.0
2016-10-06,999456.7224717467,0.0,999456.7224717467,0.0,0.0,0.0,0,1.0,0.0
2016-10-07,999456.7224717467,0.0,999456.7224717467,0.0,0.0,0.0,0,1.0,0.0
2016-10-10,999456.7224717467,0.0,999456.7224717467,0.0,0.0,0.0,0,1.0,0.0
2016-10-11,999456.7224717467,0.0,999456.7224717467,0.0,0.0,0.0,0,1.0,0.0
2016-10-12,999456.7224717467,0.0,999456.7224717467,0.0,0.0,0.0,0,1.0,0.0
2016-10-13,999456.7224717467,0.0,999456.7224717467,0.0,0.0,0.0,0,1.0,0.0
2016-10-14,999456.7224717467,0.0,999456.7224717467,0.0,0.0,0.0,0,1.0,0.0
2016-10-17,999456.7224717467,0.0,999456.7224717467,0.0,0.0,0.0,0,1.0,0.0
2016-10-18,999456.7224717467,0.0,999456.7224717467,0.0,0.0,0.0,0,1.0,0.0
2016-10-19,999456.7224717467,0.0,999456.7224717467,0.0,0.0,0.0,0,1.0,0.0
2016-10-20,999456.7224717467,0.0,999456.7224717467,0.0,0.0,0.0,0,1.0,0.0
2016-10-21,999456.7224717467,0.0,999456.7224717467,0.0,0.0,0.0,0,1.0,0.0
2016-10-24,999456.7224717467,0.0,999456.7224717467,0.0,0.0,0.0,0,1.0,0.0
2016-10-25,999456.7224717467,0.0,999456.7224717467,0.0,0.0,0.0,0,1.0,0.0
2016-10-26,999456.7224717467,0.0,999456.7224717467,0.0,0.0,0.0,0,1.0,0.0
2016-10-27,999456.7224717467,0.0,999456.7224717467,0.0,0.0,0.0,0,1.0,0.0
2016-10-28,999456.7224717467,0.0,999456.7224717467,0.0,0.0,0.0,0,1.0,0.0
2016-10-31,999456.7224717467,0.0,999456.7224717467,0.0,0.0,0.0,0,1.0,0.0
2016-11-01,999456.7224717467,0.0,999456.7224717467,0.0,0.0,0.0,0,1.0,0.0
2016-11-02,999456.7224717467,0.0,999456.7224717467,0.0,0.0,0.0,0,1.0,0.0
2016-11-03,999456.7224717467,0.0,999456.7224717467,0.0,0.0,0.0,0,1.0,0.0
2016-11-04,999456.7224717467,0.0,999456.7224717467,0.0,0.0,0.0,0,1.0,0.0
2016-11-07,999456.7224717467,0.0,999456.7224717467,0.0,0.0,0.0,0,1.0,0.0
2016-11-08,999456.7224717467,0.0,999456.7224717467,0.0,0.0,0.0,0,1.0,0.0
2016-11-09,999456.7224717467,0.0,999456.7224717467,0.0,0.0,0.0,0,1.0,0.0
2016-11-10,999456.7224717467,0.0,999456.7224717467,0.0,0.0,0.0,0,1.0,0.0
2016-11-11,999456.7224717467,0.0,999456.7224717467,0.0,0.0,0.0,0,1.0,0.0
2016-11-14,999456.7224717467,0.0,999456.7224717467,0.0,0.0,0.0,0,1.0,0.0
2016-11-15,999456.7224717467,0.0,999456.7224717467,0.0,0.0,0.0,0,1.0,0.0
2016-11-16,999456.7224717467,0.0,999456.7224717467,0.0,0.0,0.0,0,1.0,0.0
2016-11-17,999456.7224717467,0.0,999456.7224717467,0.0,0.0,0.0,0,1.0,0.0
2016-11-18,999456.7224717467,0.0,999456.7224717467,0.0,0.0,0.0,0,1.0,0.0
2016-11-21,999456.7224717467,0.0,999456.7224717467,0.0,0.0,0.0,0,1.0,0.0
2016-11-22,999456.7224717467,0.0,999456.7224717467,0.0,0.0,0.0,0,1.0,0.0
2016-11-23,999456.7224717467,0.0,999456.7224717467,0.0,0.0,0.0,0,1.0,0.0
2016-11-25,999456.7224717467,0.0,999456.7224717467,0.0,0.0,0.0,0,1.0,0.0
2016-11-28,999456.7224717467,0.0,999456.7224717467,0.0,0.0,0.0,0,1.0,0.0
2016-11-29,999456.7224717467,0.0,999456.7224717467,0.0,0.0,0.0,0,1.0,0.0
2016-11-30,999456.7224717467,0.0,999456.7224717467,0.0,0.0,0.0,0,1.0,0.0
2016-12-01,999456.7224717467,0.0,999456.7224717467,0.0,0.0,0.0,0,1.0,0.0
2016-12-02,999456.7224717467,0.0,999456.7224717467,0.0,0.0,0.0,0,1.0,0.0
2016-12-05,999456.7224717467,0.0,999456.7224717467,0.0,0.0,0.0,0,1.0,0.0
2016-12-06,999456.7224717467,0.0,999456.7224717467,0.0,0.0,0.0,0,1.0,0.0
2016-12-07,999456.7224717467,0.0,999456.7224717467,0.0,0.0,0.0,0,1.0,0.0
2016-12-08,999456.7224717467,0.0,999456.7224717467,0.0,0.0,0.0,0,1.0,0.0
2016-12-09,999456.7224717467,0.0,999456.7224717467,0.0,0.0,0.0,0,1.0,0.0
2016-12-12,999456.7224717467,0.0,999456.7224717467,0.0,0.0,0.0,0,1.0,0.0
2016-12-13,999456.7224717467,0.0,999456.7224717467,0.0,0.0,0.0,0,1.0,0.0
2016-12-14,999456.7224717467,0.0,999456.7224717467,0.0,0.0,0.0,0,1.0,0.0
2016-12-15,999456.7224717467,0.0,999456.7224717467,0.0,0.0,0.0,0,1.0,0.0
2016-12-16,999456.7224717467,0.0,999456.7224717467,0.0,0.0,0.0,0,1.0,0.0
2016-12-19,999456.7224717467,0.0,999456.7224717467,0.0,0.0,0.0,0,1.0,0.0
2016-12-20,999456.7224717467,0.0,999456.7224717467,0.0,0.0,0.0,0,1.0,0.0
2016-12-21,999456.7224717467,0.0,999456.7224717467,0.0,0.0,0.0,0,1.0,0.0
2016-12-22,999456.7224717467,0.0,999456.7224717467,0.0,0.0,0.0,0,1.0,0.0
2016-12-23,999456.7224717467,0.0,999456.7224717467,0.0,0.0,0.0,0,1.0,0.0
2016-12-27,999456.7224717467,0.0,999456.7224717467,0.0,0.0,0.0,0,1.0,0.0
2016-12-28,999456.7224717467,0.0,999456.7224717467,0.0,0.0,0.0,0,1.0,0.0
2016-12-29,999456.7224717467,0.0,999456.7224717467,0.0,0.0,0.0,0,1.0,0.0
2016-12-30,999456.7224717467,0.0,999456.7224717467,0.0,0.0,0.0,0,1.0,0.0
2017-01-03,999456.7224717467,0.0,999456.7224717467,0.0,0.0,0.0,0,1.0,0.0
2017-01-04,999456.7224717467,0.0,999456.7224717467,0.0,0.0,0.0,0,1.0,0.0
2017-01-05,999456.7224717467,0.0,999456.7224717467,0.0,0.0,0.0,0,1.0,0.0
2017-01-06,999456.7224717467,0.0,999456.7224717467,0.0,0.0,0.0,0,1.0,0.0
2017-01-09,999456.7224717467,0.0,999456.7224717467,0.0,0.0,0.0,0,1.0,0.0
2017-01-10,999456.7224717467,0.0,999456.7224717467,0.0,0.0,0.0,0,1.0,0.0
2017-01-11,999456.7224717467,0.0,999456.7224717467,0.0,0.0,0.0,0,1.0,0.0
2017-01-12,999456.7224717467,0.0,999456.7224717467,0.0,0.0,0.0,0,1.0,0.0
2017-01-13,999456.7224717467,0.0,999456.7224717467,0.0,0.0,0.0,0,1.0,0.0
2017-01-17,999456.7224717467,0.0,999456.7224717467,0.0,0.0,0.0,0,1.0,0.0
2017-01-18,999456.7224717467,0.0,999456.7224717467,0.0,0.0,0.0,0,1.0,0.0
2017-01-19,999456.7224717467,0.0,999456.7224717467,0.0,0.0,0.0,0,1.0,0.0
2017-01-20,999456.7224717467,0.0,999456.7224717467,0.0,0.0,0.0,0,1.0,0.0
2017-01-23,999456.7224717467,0.0,999456.7224717467,0.0,0.0,0.0,0,1.0,0.0
2017-01-24,999456.7224717467,0.0,999456.7224717467,0.0,0.0,0.0,0,1.0,0.0
2017-01-25,999456.7224717467,0.0,999456.7224717467,0.0,0.0,0.0,0,1.0,0.0
2017-01-26,999456.7224717467,0.0,999456.7224717467,0.0,0.0,0.0,0,1.0,0.0
2017-01-27,999456.7224717467,0.0,999456.7224717467,0.0,0.0,0.0,0,1.0,0.0
2017-01-30,999456.7224717467,0.0,999456.7224717467,0.0,0.0,0.0,0,1.0,0.0
2017-01-31,999456.7224717467,0.0,999456.7224717467,0.0,0.0,0.0,0,1.0,0.0
2017-02-01,999456.7224717467,0.0,999456.7224717467,0.0,0.0,0.0,0,1.0,0.0
2017-02-02,999456.7224717467,0.0,999456.7224717467,0.0,0.0,0.0,0,1.0,0.0
2017-02-03,999456.7224717467,0.0,999456.7224717467,0.0,0.0,0.0,0,1.0,0.0
2017-02-06,999456.7224717467,0.0,999456.7224717467,0.0,0.0,0.0,0,1.0,0.0
2017-02-07,999456.7224717467,0.0,999456.7224717467,0.0,0.0,0.0,0,1.0,0.0
2017-02-08,999456.7224717467,0.0,999456.7224717467,0.0,0.0,0.0,0,1.0,0.0
2017-02-09,999456.7224717467,0.0,999456.7224717467,0.0,0.0,0.0,0,1.0,0.0
2017-02-10,999456.7224717467,0.0,999456.7224717467,0.0,0.0,0.0,0,1.0,0.0
2017-02-13,999456.7224717467,0.0,999456.7224717467,0.0,0.0,0.0,0,1.0,0.0
2017-02-14,999456.7224717467,0.0,999456.7224717467,0.0,0.0,0.0,0,1.0,0.0
2017-02-15,999456.7224717467,0.0,999456.7224717467,0.0,0.0,0.0,0,1.0,0.0
2017-02-16,999456.7224717467,0.0,999456.7224717467,0.0,0.0,0.0,0,1.0,0.0
2017-02-17,999456.7224717467,0.0,999456.7224717467,0.0,0.0,0.0,0,1.0,0.0
2017-02-21,999456.7224717467,0.0,999456.7224717467,0.0,0.0,0.0,0,1.0,0.0
2017-02-22,999456.7224717467,0.0,999456.7224717467,0.0,0.0,0.0,0,1.0,0.0
2017-02-23,999456.7224717467,0.0,999456.7224717467,0.0,0.0,0.0,0,1.0,0.0
2017-02-24,999456.7224717467,0.0,999456.7224717467,0.0,0.0,0.0,0,1.0,0.0
2017-02-27,999456.7224717467,0.0,999456.7224717467,0.0,0.0,0.0,0,1.0,0.0
2017-02-28,999456.7224717467,0.0,999456.7224717467,0.0,0.0,0.0,0,1.0,0.0
2017-03-01,999456.7224717467,0.0,999456.7224717467,0.0,0.0,0.0,0,1.0,0.0
2017-03-02,999456.7224717467,0.0,999456.7224717467,0.0,0.0,0.0,0,1.0,0.0
2017-03-03,999456.7224717467,0.0,999456.7224717467,0.0,0.0,0.0,0,1.0,0.0
2017-03-06,999456.7224717467,0.0,999456.7224717467,0.0,0.0,0.0,0,1.0,0.0
2017-03-07,999456.7224717467,0.0,999456.7224717467,0.0,0.0,0.0,0,1.0,0.0
2017-03-08,999456.7224717467,0.0,999456.7224717467,0.0,0.0,0.0,0,1.0,0.0
2017-03-09,999456.7224717467,0.0,999456.7224717467,0.0,0.0,0.0,0,1.0,0.0
2017-03-10,999456.7224717467,0.0,999456.7224717467,0.0,0.0,0.0,0,1.0,0.0
2017-03-13,999456.7224717467,0.0,999456.7224717467,0.0,0.0,0.0,0,1.0,0.0
2017-03-14,999456.7224717467,0.0,999456.7224717467,0.0,0.0,0.0,0,1.0,0.0
2017-03-15,999456.7224717467,0.0,999456.7224717467,0.0,0.0,0.0,0,1.0,0.0
2017-03-16,999456.7224717467,0.0,999456.7224717467,0.0,0.0,0.0,0,1.0,0.0
2017-03-17,999456.7224717467,0.0,999456.7224717467,0.0,0.0,0.0,0,1.0,0.0
2017-03-20,999456.7224717467,0.0,999456.7224717467,0.0,0.0,0.0,0,1.0,0.0
2017-03-21,999456.7224717467,0.0,999456.7224717467,0.0,0.0,0.0,0,1.0,0.0
2017-03-22,999456.7224717467,0.0,999456.7224717467,0.0,0.0,0.0,0,1.0,0.0
2017-03-23,999456.7224717467,0.0,999456.7224717467,0.0,0.0,0.0,0,1.0,0.0
2017-03-24,999456.7224717467,0.0,999456.7224717467,0.0,0.0,0.0,0,1.0,0.0
2017-03-27,999456.7224717467,0.0,999456.7224717467,0.0,0.0,0.0,0,1.0,0.0
2017-03-28,999456.7224717467,0.0,999456.7224717467,0.0,0.0,0.0,0,1.0,0.0
2017-03-29,999456.7224717467,0.0,999456.7224717467,0.0,0.0,0.0,0,1.0,0.0
2017-03-30,999456.7224717467,0.0,999456.7224717467,0.0,0.0,0.0,0,1.0,0.0
2017-03-31,999456.7224717467,0.0,999456.7224717467,0.0,0.0,0.0,0,1.0,0.0
2017-04-03,999456.7224717467,0.0,999456.7224717467,0.0,0.0,0.0,0,1.0,0.0
2017-04-04,999456.7224717467,0.0,999456.7224717467,0.0,0.0,0.0,0,1.0,0.0
2017-04-05,999456.7224717467,0.0,999456.7224717467,0.0,0.0,0.0,0,1.0,0.0
2017-04-06,999456.7224717467,0.0,999456.7224717467,0.0,0.0,0.0,0,1.0,0.0
2017-04-07,999456.7224717467,0.0,999456.7224717467,0.0,0.0,0.0,0,1.0,0.0
2017-04-10,999456.7224717467,0.0,999456.7224717467,0.0,0.0,0.0,0,1.0,0.0
2017-04-11,999456.7224717467,0.0,999456.7224717467,0.0,0.0,0.0,0,1.0,0.0
2017-04-12,999456.7224717467,0.0,999456.7224717467,0.0,0.0,0.0,0,1.0,0.0
2017-04-13,999456.7224717467,0.0,999456.7224717467,0.0,0.0,0.0,0,1.0,0.0
2017-04-17,999456.7224717467,0.0,999456.7224717467,0.0,0.0,0.0,0,1.0,0.0
2017-04-18,999456.7224717467,0.0,999456.7224717467,0.0,0.0,0.0,0,1.0,0.0
2017-04-19,999456.7224717467,0.0,999456.7224717467,0.0,0.0,0.0,0,1.0,0.0
2017-04-20,999456.7224717467,0.0,999456.7224717467,0.0,0.0,0.0,0,1.0,0.0
2017-04-21,999456.7224717467,0.0,999456.7224717467,0.0,0.0,0.0,0,1.0,0.0
2017-04-24,999456.7224717467,0.0,999456.7224717467,0.0,0.0,0.0,0,1.0,0.0
2017-04-25,999456.7224717467,0.0,999456.7224717467,0.0,0.0,0.0,0,1.0,0.0
2017-04-26,999456.7224717467,0.0,999456.7224717467,0.0,0.0,0.0,0,1.0,0.0
2017-04-27,999456.7224717467,0.0,999456.7224717467,0.0,0.0,0.0,0,1.0,0.0
2017-04-28,999456.7224717467,0.0,999456.7224717467,0.0,0.0,0.0,0,1.0,0.0
2017-05-01,999456.7224717467,0.0,999456.7224717467,0.0,0.0,0.0,0,1.0,0.0
2017-05-02,999456.7224717467,0.0,999456.7224717467,0.0,0.0,0.0,0,1.0,0.0
2017-05-03,999456.7224717467,0.0,999456.7224717467,0.0,0.0,0.0,0,1.0,0.0
2017-05-04,999456.7224717467,0.0,999456.7224717467,0.0,0.0,0.0,0,1.0,0.0
2017-05-05,999456.7224717467,0.0,999456.7224717467,0.0,0.0,0.0,0,1.0,0.0
2017-05-08,999456.7224717467,0.0,999456.7224717467,0.0,0.0,0.0,0,1.0,0.0
2017-05-09,999456.7224717467,0.0,999456.7224717467,0.0,0.0,0.0,0,1.0,0.0
2017-05-10,999456.7224717467,0.0,999456.7224717467,0.0,0.0,0.0,0,1.0,0.0
2017-05-11,999456.7224717467,0.0,999456.7224717467,0.0,0.0,0.0,0,1.0,0.0
2017-05-12,999456.7224717467,0.0,999456.7224717467,0.0,0.0,0.0,0,1.0,0.0
2017-05-15,999456.7224717467,0.0,999456.7224717467,0.0,0.0,0.0,0,1.0,0.0
2017-05-16,999456.7224717467,0.0,999456.7224717467,0.0,0.0,0.0,0,1.0,0.0
2017-05-17,999456.7224717467,0.0,999456.7224717467,0.0,0.0,0.0,0,1.0,0.0
2017-05-18,999456.7224717467,0.0,999456.7224717467,0.0,0.0,0.0,0,1.0,0.0
2017-05-19,999456.7224717467,0.0,999456.7224717467,0.0,0.0,0.0,0,1.0,0.0
2017-05-22,999456.7224717467,0.0,999456.7224717467,0.0,0.0,0.0,0,1.0,0.0
2017-05-23,999456.7224717467,0.0,999456.7224717467,0.0,0.0,0.0,0,1.0,0.0
2017-05-24,999456.7224717467,0.0,999456.7224717467,0.0,0.0,0.0,0,1.0,0.0
2017-05-25,999456.7224717467,0.0,999456.7224717467,0.0,0.0,0.0,0,1.0,0.0
2017-05-26,999456.7224717467,0.0,999456.7224717467,0.0,0.0,0.0,0,1.0,0.0
2017-05-30,999456.7224717467,0.0,999456.7224717467,0.0,0.0,0.0,0,1.0,0.0
2017-05-31,999456.7224717467,0.0,999456.7224717467,0.0,0.0,0.0,0,1.0,0.0
2017-06-01,999456.7224717467,0.0,999456.7224717467,0.0,0.0,0.0,0,1.0,0.0
2017-06-02,999456.7224717467,0.0,999456.7224717467,0.0,0.0,0.0,0,1.0,0.0
2017-06-05,999456.7224717467,0.0,999456.7224717467,0.0,0.0,0.0,0,1.0,0.0
2017-06-06,999456.7224717467,0.0,999456.7224717467,0.0,0.0,0.0,0,1.0,0.0
2017-06-07,999456.7224717467,0.0,999456.7224717467,0.0,0.0,0.0,0,1.0,0.0
2017-06-08,999456.7224717467,0.0,999456.7224717467,0.0,0.0,0.0,0,1.0,0.0
2017-06-09,999456.7224717467,0.0,999456.7224717467,0.0,0.0,0.0,0,1.0,0.0
2017-06-12,999456.7224717467,0.0,999456.7224717467,0.0,0.0,0.0,0,1.0,0.0
2017-06-13,999456.7224717467,0.0,999456.7224717467,0.0,0.0,0.0,0,1.0,0.0
2017-06-14,999456.7224717467,0.0,999456.7224717467,0.0,0.0,0.0,0,1.0,0.0
2017-06-15,999456.7224717467,0.0,999456.7224717467,0.0,0.0,0.0,0,1.0,0.0
2017-06-16,999456.7224717467,0.0,999456.7224717467,0.0,0.0,0.0,0,1.0,0.0
2017-06-19,999456.7224717467,0.0,999456.7224717467,0.0,0.0,0.0,0,1.0,0.0
2017-06-20,999456.7224717467,0.0,999456.7224717467,0.0,0.0,0.0,0,1.0,0.0
2017-06-21,999456.7224717467,0.0,999456.7224717467,0.0,0.0,0.0,0,1.0,0.0
2017-06-22,999456.7224717467,0.0,999456.7224717467,0.0,0.0,0.0,0,1.0,0.0
2017-06-23,999456.7224717467,0.0,999456.7224717467,0.0,0.0,0.0,0,1.0,0.0
2017-06-26,999456.7224717467,0.0,999456.7224717467,0.0,0.0,0.0,0,1.0,0.0
2017-06-27,999456.7224717467,0.0,999456.7224717467,0.0,0.0,0.0,0,1.0,0.0
2017-06-28,999456.7224717467,0.0,999456.7224717467,0.0,0.0,0.0,0,1.0,0.0
2017-06-29,999456.7224717467,0.0,999456.7224717467,0.0,0.0,0.0,0,1.0,0.0
2017-06-30,999456.7224717467,0.0,999456.7224717467,0.0,0.0,0.0,0,1.0,0.0
2017-07-03,999456.7224717467,0.0,999456.7224717467,0.0,0.0,0.0,0,1.0,0.0
2017-07-05,999456.7224717467,0.0,999456.7224717467,0.0,0.0,0.0,0,1.0,0.0
2017-07-06,999456.7224717467,0.0,999456.7224717467,0.0,0.0,0.0,0,1.0,0.0
2017-07-07,999456.7224717467,0.0,999456.7224717467,0.0,0.0,0.0,0,1.0,0.0
2017-07-10,999456.7224717467,0.0,999456.7224717467,0.0,0.0,0.0,0,1.0,0.0
2017-07-11,999456.7224717467,0.0,999456.7224717467,0.0,0.0,0.0,0,1.0,0.0
2017-07-12,999456.7224717467,0.0,999456.7224717467,0.0,0.0,0.0,0,1.0,0.0
2017-07-13,999456.7224717467,0.0,999456.7224717467,0.0,0.0,0.0,0,1.0,0.0
2017-07-14,999456.7224717467,0.0,999456.7224717467,0.0,0.0,0.0,0,1.0,0.0
2017-07-17,999456.7224717467,0.0,999456.7224717467,0.0,0.0,0.0,0,1.0,0.0
2017-07-18,999456.7224717467,0.0,999456.7224717467,0.0,0.0,0.0,0,1.0,0.0
2017-07-19,999456.7224717467,0.0,999456.7224717467,0.0,0.0,0.0,0,1.0,0.0
2017-07-20,999456.7224717467,0.0,999456.7224717467,0.0,0.0,0.0,0,1.0,0.0
2017-07-21,999456.7224717467,0.0,999456.7224717467,0.0,0.0,0.0,0,1.0,0.0
2017-07-24,999456.7224717467,0.0,999456.7224717467,0.0,0.0,0.0,0,1.0,0.0
2017-07-25,999456.7224717467,0.0,999456.7224717467,0.0,0.0,0.0,0,1.0,0.0
2017-07-26,999456.7224717467,0.0,999456.7224717467,0.0,0.0,0.0,0,1.0,0.0
2017-07-27,999456.7224717467,0.0,999456.7224717467,0.0,0.0,0.0,0,1.0,0.0
2017-07-28,999456.7224717467,0.0,999456.7224717467,0.0,0.0,0.0,0,1.0,0.0
2017-07-31,999456.7224717467,0.0,999456.7224717467,0.0,0.0,0.0,0,1.0,0.0
2017-08-01,999456.7224717467,0.0,999456.7224717467,0.0,0.0,0.0,0,1.0,0.0
2017-08-02,999456.7224717467,0.0,999456.7224717467,0.0,0.0,0.0,0,1.0,0.0
2017-08-03,999456.7224717467,0.0,999456.7224717467,0.0,0.0,0.0,0,1.0,0.0
2017-08-04,999456.7224717467,0.0,999456.7224717467,0.0,0.0,0.0,0,1.0,0.0
2017-08-07,999456.7224717467,0.0,999456.7224717467,0.0,0.0,0.0,0,1.0,0.0
2017-08-08,999456.7224717467,0.0,999456.7224717467,0.0,0.0,0.0,0,1.0,0.0
2017-08-09,999456.7224717467,0.0,999456.7224717467,0.0,0.0,0.0,0,1.0,0.0
2017-08-10,999456.7224717467,0.0,999456.7224717467,0.0,0.0,0.0,0,1.0,0.0
2017-08-11,999456.7224717467,0.0,999456.7224717467,0.0,0.0,0.0,0,1.0,0.0
2017-08-14,999456.7224717467,0.0,999456.7224717467,0.0,0.0,0.0,0,1.0,0.0
2017-08-15,999456.7224717467,0.0,999456.7224717467,0.0,0.0,0.0,0,1.0,0.0
2017-08-16,999456.7224717467,0.0,999456.7224717467,0.0,0.0,0.0,0,1.0,0.0
2017-08-17,999456.7224717467,0.0,999456.7224717467,0.0,0.0,0.0,0,1.0,0.0
2017-08-18,999456.7224717467,0.0,999456.7224717467,0.0,0.0,0.0,0,1.0,0.0
2017-08-21,999456.7224717467,0.0,999456.7224717467,0.0,0.0,0.0,0,1.0,0.0
2017-08-22,999456.7224717467,0.0,999456.7224717467,0.0,0.0,0.0,0,1.0,0.0
2017-08-23,999456.7224717467,0.0,999456.7224717467,0.0,0.0,0.0,0,1.0,0.0
2017-08-24,999456.7224717467,0.0,999456.7224717467,0.0,0.0,0.0,0,1.0,0.0
2017-08-25,999456.7224717467,0.0,999456.7224717467,0.0,0.0,0.0,0,1.0,0.0
2017-08-28,999456.7224717467,0.0,999456.7224717467,0.0,0.0,0.0,0,1.0,0.0
2017-08-29,999456.7224717467,0.0,999456.7224717467,0.0,0.0,0.0,0,1.0,0.0
2017-08-30,999456.7224717467,0.0,999456.7224717467,0.0,0.0,0.0,0,1.0,0.0
2017-08-31,999456.7224717467,0.0,999456.7224717467,0.0,0.0,0.0,0,1.0,0.0
2017-09-01,999456.7224717467,0.0,999456.7224717467,0.0,0.0,0.0,0,1.0,0.0
2017-09-05,999456.7224717467,0.0,999456.7224717467,0.0,0.0,0.0,0,1.0,0.0
2017-09-06,999456.7224717467,0.0,999456.7224717467,0.0,0.0,0.0,0,1.0,0.0
2017-09-07,999456.7224717467,0.0,999456.7224717467,0.0,0.0,0.0,0,1.0,0.0
2017-09-08,999456.7224717467,0.0,999456.7224717467,0.0,0.0,0.0,0,1.0,0.0
2017-09-11,999456.7224717467,0.0,999456.7224717467,0.0,0.0,0.0,0,1.0,0.0
2017-09-12,999456.7224717467,0.0,999456.7224717467,0.0,0.0,0.0,0,1.0,0.0
2017-09-13,999456.7224717467,0.0,999456.7224717467,0.0,0.0,0.0,0,1.0,0.0
2017-09-14,999456.7224717467,0.0,999456.7224717467,0.0,0.0,0.0,0,1.0,0.0
2017-09-15,999456.7224717467,0.0,999456.7224717467,0.0,0.0,0.0,0,1.0,0.0
2017-09-18,999456.7224717467,0.0,999456.7224717467,0.0,0.0,0.0,0,1.0,0.0
2017-09-19,999456.7224717467,0.0,999456.7224717467,0.0,0.0,0.0,0,1.0,0.0
2017-09-20,999456.7224717467,0.0,999456.7224717467,0.0,0.0,0.0,0,1.0,0.0
2017-09-21,999456.7224717467,0.0,999456.7224717467,0.0,0.0,0.0,0,1.0,0.0
2017-09-22,999456.7224717467,0.0,999456.7224717467,0.0,0.0,0.0,0,1.0,0.0
2017-09-25,999456.7224717467,0.0,999456.7224717467,0.0,0.0,0.0,0,1.0,0.0
2017-09-26,999456.7224717467,0.0,999456.7224717467,0.0,0.0,0.0,0,1.0,0.0
2017-09-27,999456.7224717467,0.0,999456.7224717467,0.0,0.0,0.0,0,1.0,0.0
2017-09-28,999456.7224717467,0.0,999456.7224717467,0.0,0.0,0.0,0,1.0,0.0
2017-09-29,999456.7224717467,0.0,999456.7224717467,0.0,0.0,0.0,0,1.0,0.0
2017-10-02,999456.7224717467,0.0,999456.7224717467,0.0,0.0,0.0,0,1.0,0.0
2017-10-03,999456.7224717467,0.0,999456.7224717467,0.0,0.0,0.0,0,1.0,0.0
2017-10-04,999456.7224717467,0.0,999456.7224717467,0.0,0.0,0.0,0,1.0,0.0
2017-10-05,999456.7224717467,0.0,999456.7224717467,0.0,0.0,0.0,0,1.0,0.0
2017-10-06,999456.7224717467,0.0,999456.7224717467,0.0,0.0,0.0,0,1.0,0.0
2017-10-09,999456.7224717467,0.0,999456.7224717467,0.0,0.0,0.0,0,1.0,0.0
2017-10-10,999456.7224717467,0.0,999456.7224717467,0.0,0.0,0.0,0,1.0,0.0
2017-10-11,999456.7224717467,0.0,999456.7224717467,0.0,0.0,0.0,0,1.0,0.0
2017-10-12,999456.7224717467,0.0,999456.7224717467,0.0,0.0,0.0,0,1.0,0.0
2017-10-13,999456.7224717467,0.0,999456.7224717467,0.0,0.0,0.0,0,1.0,0.0
2017-10-16,999456.7224717467,0.0,999456.7224717467,0.0,0.0,0.0,0,1.0,0.0
2017-10-17,999456.7224717467,0.0,999456.7224717467,0.0,0.0,0.0,0,1.0,0.0
2017-10-18,999456.7224717467,0.0,999456.7224717467,0.0,0.0,0.0,0,1.0,0.0
2017-10-19,999456.7224717467,0.0,999456.7224717467,0.0,0.0,0.0,0,1.0,0.0
2017-10-20,999456.7224717467,0.0,999456.7224717467,0.0,0.0,0.0,0,1.0,0.0
2017-10-23,999456.7224717467,0.0,999456.7224717467,0.0,0.0,0.0,0,1.0,0.0
2017-10-24,999456.7224717467,0.0,999456.7224717467,0.0,0.0,0.0,0,1.0,0.0
2017-10-25,999456.7224717467,0.0,999456.7224717467,0.0,0.0,0.0,0,1.0,0.0
2017-10-26,999456.7224717467,0.0,999456.7224717467,0.0,0.0,0.0,0,1.0,0.0
2017-10-27,999456.7224717467,0.0,999456.7224717467,0.0,0.0,0.0,0,1.0,0.0
2017-10-30,999456.7224717467,0.0,999456.7224717467,0.0,0.0,0.0,0,1.0,0.0
2017-10-31,999456.7224717467,0.0,999456.7224717467,0.0,0.0,0.0,0,1.0,0.0
2017-11-01,999456.7224717467,0.0,999456.7224717467,0.0,0.0,0.0,0,1.0,0.0
2017-11-02,999456.7224717467,0.0,999456.7224717467,0.0,0.0,0.0,0,1.0,0.0
2017-11-03,999456.7224717467,0.0,999456.7224717467,0.0,0.0,0.0,0,1.0,0.0
2017-11-06,999456.7224717467,0.0,999456.7224717467,0.0,0.0,0.0,0,1.0,0.0
2017-11-07,999456.7224717467,0.0,999456.7224717467,0.0,0.0,0.0,0,1.0,0.0
2017-11-08,999456.7224717467,0.0,999456.7224717467,0.0,0.0,0.0,0,1.0,0.0
2017-11-09,999456.7224717467,0.0,999456.7224717467,0.0,0.0,0.0,0,1.0,0.0
2017-11-10,999456.7224717467,0.0,999456.7224717467,0.0,0.0,0.0,0,1.0,0.0
2017-11-13,999456.7224717467,0.0,999456.7224717467,0.0,0.0,0.0,0,1.0,0.0
2017-11-14,999456.7224717467,0.0,999456.7224717467,0.0,0.0,0.0,0,1.0,0.0
2017-11-15,999456.7224717467,0.0,999456.7224717467,0.0,0.0,0.0,0,1.0,0.0
2017-11-16,999456.7224717467,0.0,999456.7224717467,0.0,0.0,0.0,0,1.0,0.0
2017-11-17,999456.7224717467,0.0,999456.7224717467,0.0,0.0,0.0,0,1.0,0.0
2017-11-20,999456.7224717467,0.0,999456.7224717467,0.0,0.0,0.0,0,1.0,0.0
2017-11-21,999456.7224717467,0.0,999456.7224717467,0.0,0.0,0.0,0,1.0,0.0
2017-11-22,999456.7224717467,0.0,999456.7224717467,0.0,0.0,0.0,0,1.0,0.0
2017-11-24,999456.7224717467,0.0,999456.7224717467,0.0,0.0,0.0,0,1.0,0.0
2017-11-27,999456.7224717467,0.0,999456.7224717467,0.0,0.0,0.0,0,1.0,0.0
2017-11-28,999456.7224717467,0.0,999456.7224717467,0.0,0.0,0.0,0,1.0,0.0
2017-11-29,999456.7224717467,0.0,999456.7224717467,0.0,0.0,0.0,0,1.0,0.0
2017-11-30,999456.7224717467,0.0,999456.7224717467,0.0,0.0,0.0,0,1.0,0.0
2017-12-01,999456.7224717467,0.0,999456.7224717467,0.0,0.0,0.0,0,1.0,0.0
2017-12-04,999456.7224717467,0.0,999456.7224717467,0.0,0.0,0.0,0,1.0,0.0
2017-12-05,999456.7224717467,0.0,999456.7224717467,0.0,0.0,0.0,0,1.0,0.0
2017-12-06,999456.7224717467,0.0,999456.7224717467,0.0,0.0,0.0,0,1.0,0.0
2017-12-07,999456.7224717467,0.0,999456.7224717467,0.0,0.0,0.0,0,1.0,0.0
2017-12-08,999456.7224717467,0.0,999456.7224717467,0.0,0.0,0.0,0,1.0,0.0
2017-12-11,999456.7224717467,0.0,999456.7224717467,0.0,0.0,0.0,0,1.0,0.0
2017-12-12,999456.7224717467,0.0,999456.7224717467,0.0,0.0,0.0,0,1.0,0.0
2017-12-13,999456.7224717467,0.0,999456.7224717467,0.0,0.0,0.0,0,1.0,0.0
2017-12-14,999456.7224717467,0.0,999456.7224717467,0.0,0.0,0.0,0,1.0,0.0
2017-12-15,999456.7224717467,0.0,999456.7224717467,0.0,0.0,0.0,0,1.0,0.0
2017-12-18,999456.7224717467,0.0,999456.7224717467,0.0,0.0,0.0,0,1.0,0.0
2017-12-19,999456.7224717467,0.0,999456.7224717467,0.0,0.0,0.0,0,1.0,0.0
2017-12-20,999456.7224717467,0.0,999456.7224717467,0.0,0.0,0.0,0,1.0,0.0
2017-12-21,999456.7224717467,0.0,999456.7224717467,0.0,0.0,0.0,0,1.0,0.0
2017-12-22,999456.7224717467,0.0,999456.7224717467,0.0,0.0,0.0,0,1.0,0.0
2017-12-26,999456.7224717467,0.0,999456.7224717467,0.0,0.0,0.0,0,1.0,0.0
2017-12-27,999456.7224717467,0.0,999456.7224717467,0.0,0.0,0.0,0,1.0,0.0
2017-12-28,999456.7224717467,0.0,999456.7224717467,0.0,0.0,0.0,0,1.0,0.0
2017-12-29,999456.7224717467,0.0,999456.7224717467,0.0,0.0,0.0,0,1.0,0.0
2018-01-02,999456.7224717467,0.0,999456.7224717467,0.0,0.0,0.0,0,1.0,0.0
2018-01-03,999456.7224717467,0.0,999456.7224717467,0.0,0.0,0.0,0,1.0,0.0
2018-01-04,999456.7224717467,0.0,999456.7224717467,0.0,0.0,0.0,0,1.0,0.0
2018-01-05,999456.7224717467,0.0,999456.7224717467,0.0,0.0,0.0,0,1.0,0.0
2018-01-08,999456.7224717467,0.0,999456.7224717467,0.0,0.0,0.0,0,1.0,0.0
2018-01-09,999456.7224717467,0.0,999456.7224717467,0.0,0.0,0.0,0,1.0,0.0
2018-01-10,999456.7224717467,0.0,999456.7224717467,0.0,0.0,0.0,0,1.0,0.0
2018-01-11,999456.7224717467,0.0,999456.7224717467,0.0,0.0,0.0,0,1.0,0.0
2018-01-12,999456.7224717467,0.0,999456.7224717467,0.0,0.0,0.0,0,1.0,0.0
2018-01-16,999456.7224717467,0.0,999456.7224717467,0.0,0.0,0.0,0,1.0,0.0
2018-01-17,999456.7224717467,0.0,999456.7224717467,0.0,0.0,0.0,0,1.0,0.0
2018-01-18,999456.7224717467,0.0,999456.7224717467,0.0,0.0,0.0,0,1.0,0.0
2018-01-19,999456.7224717467,0.0,999456.7224717467,0.0,0.0,0.0,0,1.0,0.0
2018-01-22,999456.7224717467,0.0,999456.7224717467,0.0,0.0,0.0,0,1.0,0.0
2018-01-23,999456.7224717467,0.0,999456.7224717467,0.0,0.0,0.0,0,1.0,0.0
2018-01-24,999456.7224717467,0.0,999456.7224717467,0.0,0.0,0.0,0,1.0,0.0
2018-01-25,999456.7224717467,0.0,999456.7224717467,0.0,0.0,0.0,0,1.0,0.0
2018-01-26,999456.7224717467,0.0,999456.7224717467,0.0,0.0,0.0,0,1.0,0.0
2018-01-29,999456.7224717467,0.0,999456.7224717467,0.0,0.0,0.0,0,1.0,0.0
2018-01-30,999456.7224717467,0.0,999456.7224717467,0.0,0.0,0.0,0,1.0,0.0
2018-01-31,999456.7224717467,0.0,999456.7224717467,0.0,0.0,0.0,0,1.0,0.0
2018-02-01,999456.7224717467,0.0,999456.7224717467,0.0,0.0,0.0,0,1.0,0.0
2018-02-02,999456.7224717467,0.0,999456.7224717467,0.0,0.0,0.0,0,1.0,0.0
2018-02-05,999456.7224717467,0.0,999456.7224717467,0.0,0.0,0.0,0,1.0,0.0
2018-02-06,999456.7224717467,0.0,999456.7224717467,0.0,0.0,0.0,0,1.0,0.0
2018-02-07,999456.7224717467,0.0,999456.7224717467,0.0,0.0,0.0,0,1.0,0.0
2018-02-08,999456.7224717467,0.0,999456.7224717467,0.0,0.0,0.0,0,1.0,0.0
2018-02-09,999456.7224717467,0.0,999456.7224717467,0.0,0.0,0.0,0,1.0,0.0
2018-02-12,999456.7224717467,0.0,999456.7224717467,0.0,0.0,0.0,0,1.0,0.0
2018-02-13,999456.7224717467,0.0,999456.7224717467,0.0,0.0,0.0,0,1.0,0.0
2018-02-14,999456.7224717467,0.0,999456.7224717467,0.0,0.0,0.0,0,1.0,0.0
2018-02-15,999456.7224717467,0.0,999456.7224717467,0.0,0.0,0.0,0,1.0,0.0
2018-02-16,999456.7224717467,0.0,999456.7224717467,0.0,0.0,0.0,0,1.0,0.0
2018-02-20,999456.7224717467,0.0,999456.7224717467,0.0,0.0,0.0,0,1.0,0.0
2018-02-21,999456.7224717467,0.0,999456.7224717467,0.0,0.0,0.0,0,1.0,0.0
2018-02-22,999456.7224717467,0.0,999456.7224717467,0.0,0.0,0.0,0,1.0,0.0
2018-02-23,999456.7224717467,0.0,999456.7224717467,0.0,0.0,0.0,0,1.0,0.0
2018-02-26,999456.7224717467,0.0,999456.7224717467,0.0,0.0,0.0,0,1.0,0.0
2018-02-27,999456.7224717467,0.0,999456.7224717467,0.0,0.0,0.0,0,1.0,0.0
2018-02-28,999456.7224717467,0.0,999456.7224717467,0.0,0.0,0.0,0,1.0,0.0
2018-03-01,999456.7224717467,0.0,999456.7224717467,0.0,0.0,0.0,0,1.0,0.0
2018-03-02,999456.7224717467,0.0,999456.7224717467,0.0,0.0,0.0,0,1.0,0.0
2018-03-05,999456.7224717467,0.0,999456.7224717467,0.0,0.0,0.0,0,1.0,0.0
2018-03-06,999456.7224717467,0.0,999456.7224717467,0.0,0.0,0.0,0,1.0,0.0
2018-03-07,999456.7224717467,0.0,999456.7224717467,0.0,0.0,0.0,0,1.0,0.0
2018-03-08,999456.7224717467,0.0,999456.7224717467,0.0,0.0,0.0,0,1.0,0.0
2018-03-09,999456.7224717467,0.0,999456.7224717467,0.0,0.0,0.0,0,1.0,0.0
2018-03-12,999456.7224717467,0.0,999456.7224717467,0.0,0.0,0.0,0,1.0,0.0
2018-03-13,999456.7224717467,0.0,999456.7224717467,0.0,0.0,0.0,0,1.0,0.0
2018-03-14,999456.7224717467,0.0,999456.7224717467,0.0,0.0,0.0,0,1.0,0.0
2018-03-15,999456.7224717467,0.0,999456.7224717467,0.0,0.0,0.0,0,1.0,0.0
2018-03-16,999456.7224717467,0.0,999456.7224717467,0.0,0.0,0.0,0,1.0,0.0
2018-03-19,999456.7224717467,0.0,999456.7224717467,0.0,0.0,0.0,0,1.0,0.0
2018-03-20,999456.7224717467,0.0,999456.7224717467,0.0,0.0,0.0,0,1.0,0.0
2018-03-21,999456.7224717467,0.0,999456.7224717467,0.0,0.0,0.0,0,1.0,0.0
2018-03-22,999456.7224717467,0.0,999456.7224717467,0.0,0.0,0.0,0,1.0,0.0
2018-03-23,999456.7224717467,0.0,999456.7224717467,0.0,0.0,0.0,0,1.0,0.0
2018-03-26,999456.7224717467,0.0,999456.7224717467,0.0,0.0,0.0,0,1.0,0.0
2018-03-27,999456.7224717467,0.0,999456.7224717467,0.0,0.0,0.0,0,1.0,0.0
2018-03-28,999456.7224717467,0.0,999456.7224717467,0.0,0.0,0.0,0,1.0,0.0
2018-03-29,999456.7224717467,0.0,999456.7224717467,0.0,0.0,0.0,0,1.0,0.0
2018-04-02,999456.7224717467,0.0,999456.7224717467,0.0,0.0,0.0,0,1.0,0.0
2018-04-03,999456.7224717467,0.0,999456.7224717467,0.0,0.0,0.0,0,1.0,0.0
2018-04-04,999456.7224717467,0.0,999456.7224717467,0.0,0.0,0.0,0,1.0,0.0
2018-04-05,999456.7224717467,0.0,999456.7224717467,0.0,0.0,0.0,0,1.0,0.0
2018-04-06,999456.7224717467,0.0,999456.7224717467,0.0,0.0,0.0,0,1.0,0.0
2018-04-09,999456.7224717467,0.0,999456.7224717467,0.0,0.0,0.0,0,1.0,0.0
2018-04-10,999456.7224717467,0.0,999456.7224717467,0.0,0.0,0.0,0,1.0,0.0
2018-04-11,999456.7224717467,0.0,999456.7224717467,0.0,0.0,0.0,0,1.0,0.0
2018-04-12,999456.7224717467,0.0,999456.7224717467,0.0,0.0,0.0,0,1.0,0.0
2018-04-13,999456.7224717467,0.0,999456.7224717467,0.0,0.0,0.0,0,1.0,0.0
2018-04-16,999456.7224717467,0.0,999456.7224717467,0.0,0.0,0.0,0,1.0,0.0
2018-04-17,999456.7224717467,0.0,999456.7224717467,0.0,0.0,0.0,0,1.0,0.0
2018-04-18,999456.7224717467,0.0,999456.7224717467,0.0,0.0,0.0,0,1.0,0.0
2018-04-19,999456.7224717467,0.0,999456.7224717467,0.0,0.0,0.0,0,1.0,0.0
2018-04-20,999456.7224717467,0.0,999456.7224717467,0.0,0.0,0.0,0,1.0,0.0
2018-04-23,999456.7224717467,0.0,999456.7224717467,0.0,0.0,0.0,0,1.0,0.0
2018-04-24,999456.7224717467,0.0,999456.7224717467,0.0,0.0,0.0,0,1.0,0.0
2018-04-25,999456.7224717467,0.0,999456.7224717467,0.0,0.0,0.0,0,1.0,0.0
2018-04-26,999456.7224717467,0.0,999456.7224717467,0.0,0.0,0.0,0,1.0,0.0
2018-04-27,999456.7224717467,0.0,999456.7224717467,0.0,0.0,0.0,0,1.0,0.0
2018-04-30,999456.7224717467,0.0,999456.7224717467,0.0,0.0,0.0,0,1.0,0.0
2018-05-01,999456.7224717467,0.0,999456.7224717467,0.0,0.0,0.0,0,1.0,0.0
2018-05-02,999456.7224717467,0.0,999456.7224717467,0.0,0.0,0.0,0,1.0,0.0
2018-05-03,999456.7224717467,0.0,999456.7224717467,0.0,0.0,0.0,0,1.0,0.0
2018-05-04,999456.7224717467,0.0,999456.7224717467,0.0,0.0,0.0,0,1.0,0.0
2018-05-07,999456.7224717467,0.0,999456.7224717467,0.0,0.0,0.0,0,1.0,0.0
2018-05-08,999456.7224717467,0.0,999456.7224717467,0.0,0.0,0.0,0,1.0,0.0
2018-05-09,999456.7224717467,0.0,999456.7224717467,0.0,0.0,0.0,0,1.0,0.0
2018-05-10,999456.7224717467,0.0,999456.7224717467,0.0,0.0,0.0,0,1.0,0.0
2018-05-11,999456.7224717467,0.0,999456.7224717467,0.0,0.0,0.0,0,1.0,0.0
2018-05-14,999456.7224717467,0.0,999456.7224717467,0.0,0.0,0.0,0,1.0,0.0
2018-05-15,999456.7224717467,0.0,999456.7224717467,0.0,0.0,0.0,0,1.0,0.0
2018-05-16,999456.7224717467,0.0,999456.7224717467,0.0,0.0,0.0,0,1.0,0.0
2018-05-17,999456.7224717467,0.0,999456.7224717467,0.0,0.0,0.0,0,1.0,0.0
2018-05-18,999456.7224717467,0.0,999456.7224717467,0.0,0.0,0.0,0,1.0,0.0
2018-05-21,999456.7224717467,0.0,999456.7224717467,0.0,0.0,0.0,0,1.0,0.0
2018-05-22,999456.7224717467,0.0,999456.7224717467,0.0,0.0,0.0,0,1.0,0.0
2018-05-23,999456.7224717467,0.0,999456.7224717467,0.0,0.0,0.0,0,1.0,0.0
2018-05-24,999456.7224717467,0.0,999456.7224717467,0.0,0.0,0.0,0,1.0,0.0
2018-05-25,999456.7224717467,0.0,999456.7224717467,0.0,0.0,0.0,0,1.0,0.0
2018-05-29,999456.7224717467,0.0,999456.7224717467,0.0,0.0,0.0,0,1.0,0.0
2018-05-30,999456.7224717467,0.0,999456.7224717467,0.0,0.0,0.0,0,1.0,0.0
2018-05-31,999456.7224717467,0.0,999456.7224717467,0.0,0.0,0.0,0,1.0,0.0
2018-06-01,999456.7224717467,0.0,999456.7224717467,0.0,0.0,0.0,0,1.0,0.0
2018-06-04,999456.7224717467,0.0,999456.7224717467,0.0,0.0,0.0,0,1.0,0.0
2018-06-05,999456.7224717467,0.0,999456.7224717467,0.0,0.0,0.0,0,1.0,0.0
2018-06-06,999456.7224717467,0.0,999456.7224717467,0.0,0.0,0.0,0,1.0,0.0
2018-06-07,999456.7224717467,0.0,999456.7224717467,0.0,0.0,0.0,0,1.0,0.0
2018-06-08,999456.7224717467,0.0,999456.7224717467,0.0,0.0,0.0,0,1.0,0.0
2018-06-11,999456.7224717467,0.0,999456.7224717467,0.0,0.0,0.0,0,1.0,0.0
2018-06-12,999456.7224717467,0.0,999456.7224717467,0.0,0.0,0.0,0,1.0,0.0
2018-06-13,999456.7224717467,0.0,999456.7224717467,0.0,0.0,0.0,0,1.0,0.0
2018-06-14,999456.7224717467,0.0,999456.7224717467,0.0,0.0,0.0,0,1.0,0.0
2018-06-15,999456.7224717467,0.0,999456.7224717467,0.0,0.0,0.0,0,1.0,0.0
2018-06-18,999456.7224717467,0.0,999456.7224717467,0.0,0.0,0.0,0,1.0,0.0
2018-06-19,999456.7224717467,0.0,999456.7224717467,0.0,0.0,0.0,0,1.0,0.0
2018-06-20,999456.7224717467,0.0,999456.7224717467,0.0,0.0,0.0,0,1.0,0.0
2018-06-21,999456.7224717467,0.0,999456.7224717467,0.0,0.0,0.0,0,1.0,0.0
2018-06-22,999456.7224717467,0.0,999456.7224717467,0.0,0.0,0.0,0,1.0,0.0
2018-06-25,999456.7224717467,0.0,999456.7224717467,0.0,0.0,0.0,0,1.0,0.0
2018-06-26,999456.7224717467,0.0,999456.7224717467,0.0,0.0,0.0,0,1.0,0.0
2018-06-27,999456.7224717467,0.0,999456.7224717467,0.0,0.0,0.0,0,1.0,0.0
2018-06-28,999456.7224717467,0.0,999456.7224717467,0.0,0.0,0.0,0,1.0,0.0
2018-06-29,999456.7224717467,0.0,999456.7224717467,0.0,0.0,0.0,0,1.0,0.0
2018-07-02,999456.7224717467,0.0,999456.7224717467,0.0,0.0,0.0,0,1.0,0.0
2018-07-03,999456.7224717467,0.0,999456.7224717467,0.0,0.0,0.0,0,1.0,0.0
2018-07-05,999456.7224717467,0.0,999456.7224717467,0.0,0.0,0.0,0,1.0,0.0
2018-07-06,999456.7224717467,0.0,999456.7224717467,0.0,0.0,0.0,0,1.0,0.0
2018-07-09,999456.7224717467,0.0,999456.7224717467,0.0,0.0,0.0,0,1.0,0.0
2018-07-10,999456.7224717467,0.0,999456.7224717467,0.0,0.0,0.0,0,1.0,0.0
2018-07-11,999456.7224717467,0.0,999456.7224717467,0.0,0.0,0.0,0,1.0,0.0
2018-07-12,999456.7224717467,0.0,999456.7224717467,0.0,0.0,0.0,0,1.0,0.0
2018-07-13,999456.7224717467,0.0,999456.7224717467,0.0,0.0,0.0,0,1.0,0.0
2018-07-16,999456.7224717467,0.0,999456.7224717467,0.0,0.0,0.0,0,1.0,0.0
2018-07-17,999456.7224717467,0.0,999456.7224717467,0.0,0.0,0.0,0,1.0,0.0
2018-07-18,999456.7224717467,0.0,999456.7224717467,0.0,0.0,0.0,0,1.0,0.0
2018-07-19,999456.7224717467,0.0,999456.7224717467,0.0,0.0,0.0,0,1.0,0.0
2018-07-20,999456.7224717467,0.0,999456.7224717467,0.0,0.0,0.0,0,1.0,0.0
2018-07-23,999456.7224717467,0.0,999456.7224717467,0.0,0.0,0.0,0,1.0,0.0
2018-07-24,999456.7224717467,0.0,999456.7224717467,0.0,0.0,0.0,0,1.0,0.0
2018-07-25,999456.7224717467,0.0,999456.7224717467,0.0,0.0,0.0,0,1.0,0.0
2018-07-26,999456.7224717467,0.0,999456.7224717467,0.0,0.0,0.0,0,1.0,0.0
2018-07-27,999456.7224717467,0.0,999456.7224717467,0.0,0.0,0.0,0,1.0,0.0
2018-07-30,999456.7224717467,0.0,999456.7224717467,0.0,0.0,0.0,0,1.0,0.0
2018-07-31,999456.7224717467,0.0,999456.7224717467,0.0,0.0,0.0,0,1.0,0.0
2018-08-01,999456.7224717467,0.0,999456.7224717467,0.0,0.0,0.0,0,1.0,0.0
2018-08-02,999456.7224717467,0.0,999456.7224717467,0.0,0.0,0.0,0,1.0,0.0
2018-08-03,999456.7224717467,0.0,999456.7224717467,0.0,0.0,0.0,0,1.0,0.0
2018-08-06,999456.7224717467,0.0,999456.7224717467,0.0,0.0,0.0,0,1.0,0.0
2018-08-07,999456.7224717467,0.0,999456.7224717467,0.0,0.0,0.0,0,1.0,0.0
2018-08-08,999456.7224717467,0.0,999456.7224717467,0.0,0.0,0.0,0,1.0,0.0
2018-08-09,999456.7224717467,0.0,999456.7224717467,0.0,0.0,0.0,0,1.0,0.0
2018-08-10,999456.7224717467,0.0,999456.7224717467,0.0,0.0,0.0,0,1.0,0.0
2018-08-13,999456.7224717467,0.0,999456.7224717467,0.0,0.0,0.0,0,1.0,0.0
2018-08-14,999456.7224717467,0.0,999456.7224717467,0.0,0.0,0.0,0,1.0,0.0
2018-08-15,999456.7224717467,0.0,999456.7224717467,0.0,0.0,0.0,0,1.0,0.0
2018-08-16,999456.7224717467,0.0,999456.7224717467,0.0,0.0,0.0,0,1.0,0.0
2018-08-17,999456.7224717467,0.0,999456.7224717467,0.0,0.0,0.0,0,1.0,0.0
2018-08-20,999456.7224717467,0.0,999456.7224717467,0.0,0.0,0.0,0,1.0,0.0
2018-08-21,999456.7224717467,0.0,999456.7224717467,0.0,0.0,0.0,0,1.0,0.0
2018-08-22,999456.7224717467,0.0,999456.7224717467,0.0,0.0,0.0,0,1.0,0.0
2018-08-23,999456.7224717467,0.0,999456.7224717467,0.0,0.0,0.0,0,1.0,0.0
2018-08-24,999456.7224717467,0.0,999456.7224717467,0.0,0.0,0.0,0,1.0,0.0
2018-08-27,999456.7224717467,0.0,999456.7224717467,0.0,0.0,0.0,0,1.0,0.0
2018-08-28,999456.7224717467,0.0,999456.7224717467,0.0,0.0,0.0,0,1.0,0.0
2018-08-29,999456.7224717467,0.0,999456.7224717467,0.0,0.0,0.0,0,1.0,0.0
2018-08-30,999456.7224717467,0.0,999456.7224717467,0.0,0.0,0.0,0,1.0,0.0
2018-08-31,999456.7224717467,0.0,999456.7224717467,0.0,0.0,0.0,0,1.0,0.0
2018-09-04,999456.7224717467,0.0,999456.7224717467,0.0,0.0,0.0,0,1.0,0.0
2018-09-05,999456.7224717467,0.0,999456.7224717467,0.0,0.0,0.0,0,1.0,0.0
2018-09-06,999456.7224717467,0.0,999456.7224717467,0.0,0.0,0.0,0,1.0,0.0
2018-09-07,999456.7224717467,0.0,999456.7224717467,0.0,0.0,0.0,0,1.0,0.0
2018-09-10,999456.7224717467,0.0,999456.7224717467,0.0,0.0,0.0,0,1.0,0.0
2018-09-11,999456.7224717467,0.0,999456.7224717467,0.0,0.0,0.0,0,1.0,0.0
2018-09-12,999456.7224717467,0.0,999456.7224717467,0.0,0.0,0.0,0,1.0,0.0
2018-09-13,999456.7224717467,0.0,999456.7224717467,0.0,0.0,0.0,0,1.0,0.0
2018-09-14,999456.7224717467,0.0,999456.7224717467,0.0,0.0,0.0,0,1.0,0.0
2018-09-17,999456.7224717467,0.0,999456.7224717467,0.0,0.0,0.0,0,1.0,0.0
2018-09-18,999456.7224717467,0.0,999456.7224717467,0.0,0.0,0.0,0,1.0,0.0
2018-09-19,999456.7224717467,0.0,999456.7224717467,0.0,0.0,0.0,0,1.0,0.0
2018-09-20,999456.7224717467,0.0,999456.7224717467,0.0,0.0,0.0,0,1.0,0.0
2018-09-21,999456.7224717467,0.0,999456.7224717467,0.0,0.0,0.0,0,1.0,0.0
2018-09-24,999456.7224717467,0.0,999456.7224717467,0.0,0.0,0.0,0,1.0,0.0
2018-09-25,999456.7224717467,0.0,999456.7224717467,0.0,0.0,0.0,0,1.0,0.0
2018-09-26,999456.7224717467,0.0,999456.7224717467,0.0,0.0,0.0,0,1.0,0.0
2018-09-27,999456.7224717467,0.0,999456.7224717467,0.0,0.0,0.0,0,1.0,0.0
2018-09-28,999456.7224717467,0.0,999456.7224717467,0.0,0.0,0.0,0,1.0,0.0
2018-10-01,999456.7224717467,0.0,999456.7224717467,0.0,0.0,0.0,0,1.0,0.0
2018-10-02,999456.7224717467,0.0,999456.7224717467,0.0,0.0,0.0,0,1.0,0.0
2018-10-03,999456.7224717467,0.0,999456.7224717467,0.0,0.0,0.0,0,1.0,0.0
2018-10-04,999456.7224717467,0.0,999456.7224717467,0.0,0.0,0.0,0,1.0,0.0
2018-10-05,999456.7224717467,0.0,999456.7224717467,0.0,0.0,0.0,0,1.0,0.0
2018-10-08,999456.7224717467,0.0,999456.7224717467,0.0,0.0,0.0,0,1.0,0.0
2018-10-09,999456.7224717467,0.0,999456.7224717467,0.0,0.0,0.0,0,1.0,0.0
2018-10-10,999456.7224717467,0.0,999456.7224717467,0.0,0.0,0.0,0,1.0,0.0
2018-10-11,999456.7224717467,0.0,999456.7224717467,0.0,0.0,0.0,0,1.0,0.0
2018-10-12,999456.7224717467,0.0,999456.7224717467,0.0,0.0,0.0,0,1.0,0.0
2018-10-15,999456.7224717467,0.0,999456.7224717467,0.0,0.0,0.0,0,1.0,0.0
2018-10-16,999456.7224717467,0.0,999456.7224717467,0.0,0.0,0.0,0,1.0,0.0
2018-10-17,999456.7224717467,0.0,999456.7224717467,0.0,0.0,0.0,0,1.0,0.0
2018-10-18,999456.7224717467,0.0,999456.7224717467,0.0,0.0,0.0,0,1.0,0.0
2018-10-19,999456.7224717467,0.0,999456.7224717467,0.0,0.0,0.0,0,1.0,0.0
2018-10-22,999456.7224717467,0.0,999456.7224717467,0.0,0.0,0.0,0,1.0,0.0
2018-10-23,999456.7224717467,0.0,999456.7224717467,0.0,0.0,0.0,0,1.0,0.0
2018-10-24,999456.7224717467,0.0,999456.7224717467,0.0,0.0,0.0,0,1.0,0.0
2018-10-25,999456.7224717467,0.0,999456.7224717467,0.0,0.0,0.0,0,1.0,0.0
2018-10-26,999456.7224717467,0.0,999456.7224717467,0.0,0.0,0.0,0,1.0,0.0
2018-10-29,999456.7224717467,0.0,999456.7224717467,0.0,0.0,0.0,0,1.0,0.0
2018-10-30,999456.7224717467,0.0,999456.7224717467,0.0,0.0,0.0,0,1.0,0.0
2018-10-31,999456.7224717467,0.0,999456.7224717467,0.0,0.0,0.0,0,1.0,0.0
2018-11-01,999456.7224717467,0.0,999456.7224717467,0.0,0.0,0.0,0,1.0,0.0
2018-11-02,999456.7224717467,0.0,999456.7224717467,0.0,0.0,0.0,0,1.0,0.0
2018-11-05,999456.7224717467,0.0,999456.7224717467,0.0,0.0,0.0,0,1.0,0.0
2018-11-06,999456.7224717467,0.0,999456.7224717467,0.0,0.0,0.0,0,1.0,0.0
2018-11-07,999456.7224717467,0.0,999456.7224717467,0.0,0.0,0.0,0,1.0,0.0
2018-11-08,999456.7224717467,0.0,999456.7224717467,0.0,0.0,0.0,0,1.0,0.0
2018-11-09,999456.7224717467,0.0,999456.7224717467,0.0,0.0,0.0,0,1.0,0.0
2018-11-12,999456.7224717467,0.0,999456.7224717467,0.0,0.0,0.0,0,1.0,0.0
2018-11-13,999456.7224717467,0.0,999456.7224717467,0.0,0.0,0.0,0,1.0,0.0
2018-11-14,999456.7224717467,0.0,999456.7224717467,0.0,0.0,0.0,0,1.0,0.0
2018-11-15,999456.7224717467,0.0,999456.7224717467,0.0,0.0,0.0,0,1.0,0.0
2018-11-16,999456.7224717467,0.0,999456.7224717467,0.0,0.0,0.0,0,1.0,0.0
2018-11-19,999456.7224717467,0.0,999456.7224717467,0.0,0.0,0.0,0,1.0,0.0
2018-11-20,999456.7224717467,0.0,999456.7224717467,0.0,0.0,0.0,0,1.0,0.0
2018-11-21,999456.7224717467,0.0,999456.7224717467,0.0,0.0,0.0,0,1.0,0.0
2018-11-23,999456.7224717467,0.0,999456.7224717467,0.0,0.0,0.0,0,1.0,0.0
2018-11-26,999456.7224717467,0.0,999456.7224717467,0.0,0.0,0.0,0,1.0,0.0
2018-11-27,999456.7224717467,0.0,999456.7224717467,0.0,0.0,0.0,0,1.0,0.0
2018-11-28,999456.7224717467,0.0,999456.7224717467,0.0,0.0,0.0,0,1.0,0.0
2018-11-29,999456.7224717467,0.0,999456.7224717467,0.0,0.0,0.0,0,1.0,0.0
2018-11-30,999456.7224717467,0.0,999456.7224717467,0.0,0.0,0.0,0,1.0,0.0
2018-12-03,999456.7224717467,0.0,999456.7224717467,0.0,0.0,0.0,0,1.0,0.0
2018-12-04,999456.7224717467,0.0,999456.7224717467,0.0,0.0,0.0,0,1.0,0.0
2018-12-06,999456.7224717467,0.0,999456.7224717467,0.0,0.0,0.0,0,1.0,0.0
2018-12-07,999456.7224717467,0.0,999456.7224717467,0.0,0.0,0.0,0,1.0,0.0
2018-12-10,999456.7224717467,0.0,999456.7224717467,0.0,0.0,0.0,0,1.0,0.0
2018-12-11,999456.7224717467,0.0,999456.7224717467,0.0,0.0,0.0,0,1.0,0.0
2018-12-12,999456.7224717467,0.0,999456.7224717467,0.0,0.0,0.0,0,1.0,0.0
2018-12-13,999456.7224717467,0.0,999456.7224717467,0.0,0.0,0.0,0,1.0,0.0
2018-12-14,999456.7224717467,0.0,999456.7224717467,0.0,0.0,0.0,0,1.0,0.0
2018-12-17,999456.7224717467,0.0,999456.7224717467,0.0,0.0,0.0,0,1.0,0.0
2018-12-18,999456.7224717467,0.0,999456.7224717467,0.0,0.0,0.0,0,1.0,0.0
2018-12-19,999456.7224717467,0.0,999456.7224717467,0.0,0.0,0.0,0,1.0,0.0
2018-12-20,999456.7224717467,0.0,999456.7224717467,0.0,0.0,0.0,0,1.0,0.0
2018-12-21,999456.7224717467,0.0,999456.7224717467,0.0,0.0,0.0,0,1.0,0.0
2018-12-24,999456.7224717467,0.0,999456.7224717467,0.0,0.0,0.0,0,1.0,0.0
2018-12-26,999456.7224717467,0.0,999456.7224717467,0.0,0.0,0.0,0,1.0,0.0
2018-12-27,999456.7224717467,0.0,999456.7224717467,0.0,0.0,0.0,0,1.0,0.0
2018-12-28,999456.7224717467,0.0,999456.7224717467,0.0,0.0,0.0,0,1.0,0.0
2018-12-31,999456.7224717467,0.0,999456.7224717467,0.0,0.0,0.0,0,1.0,0.0
2019-01-02,999456.7224717467,0.0,999456.7224717467,0.0,0.0,0.0,0,1.0,0.0
2019-01-03,999456.7224717467,0.0,999456.7224717467,0.0,0.0,0.0,0,1.0,0.0
2019-01-04,999456.7224717467,0.0,999456.7224717467,0.0,0.0,0.0,0,1.0,0.0
2019-01-07,999456.7224717467,0.0,999456.7224717467,0.0,0.0,0.0,0,1.0,0.0
2019-01-08,999456.7224717467,0.0,999456.7224717467,0.0,0.0,0.0,0,1.0,0.0
2019-01-09,999456.7224717467,0.0,999456.7224717467,0.0,0.0,0.0,0,1.0,0.0
2019-01-10,999456.7224717467,0.0,999456.7224717467,0.0,0.0,0.0,0,1.0,0.0
2019-01-11,999456.7224717467,0.0,999456.7224717467,0.0,0.0,0.0,0,1.0,0.0
2019-01-14,999456.7224717467,0.0,999456.7224717467,0.0,0.0,0.0,0,1.0,0.0
2019-01-15,999456.7224717467,0.0,999456.7224717467,0.0,0.0,0.0,0,1.0,0.0
2019-01-16,999456.7224717467,0.0,999456.7224717467,0.0,0.0,0.0,0,1.0,0.0
2019-01-17,999456.7224717467,0.0,999456.7224717467,0.0,0.0,0.0,0,1.0,0.0
2019-01-18,999456.7224717467,0.0,999456.7224717467,0.0,0.0,0.0,0,1.0,0.0
2019-01-22,999456.7224717467,0.0,999456.7224717467,0.0,0.0,0.0,0,1.0,0.0
2019-01-23,999456.7224717467,0.0,999456.7224717467,0.0,0.0,0.0,0,1.0,0.0
2019-01-24,999456.7224717467,0.0,999456.7224717467,0.0,0.0,0.0,0,1.0,0.0
2019-01-25,999456.7224717467,0.0,999456.7224717467,0.0,0.0,0.0,0,1.0,0.0
2019-01-28,999456.7224717467,0.0,999456.7224717467,0.0,0.0,0.0,0,1.0,0.0
2019-01-29,999456.7224717467,0.0,999456.7224717467,0.0,0.0,0.0,0,1.0,0.0
2019-01-30,999456.7224717467,0.0,999456.7224717467,0.0,0.0,0.0,0,1.0,0.0
2019-01-31,999456.7224717467,0.0,999456.7224717467,0.0,0.0,0.0,0,1.0,0.0
2019-02-01,999456.7224717467,0.0,999456.7224717467,0.0,0.0,0.0,0,1.0,0.0
2019-02-04,999456.7224717467,0.0,999456.7224717467,0.0,0.0,0.0,0,1.0,0.0
2019-02-05,999456.7224717467,0.0,999456.7224717467,0.0,0.0,0.0,0,1.0,0.0
2019-02-06,999456.7224717467,0.0,999456.7224717467,0.0,0.0,0.0,0,1.0,0.0
2019-02-07,999456.7224717467,0.0,999456.7224717467,0.0,0.0,0.0,0,1.0,0.0
2019-02-08,999456.7224717467,0.0,999456.7224717467,0.0,0.0,0.0,0,1.0,0.0
2019-02-11,999456.7224717467,0.0,999456.7224717467,0.0,0.0,0.0,0,1.0,0.0
2019-02-12,999456.7224717467,0.0,999456.7224717467,0.0,0.0,0.0,0,1.0,0.0
2019-02-13,999456.7224717467,0.0,999456.7224717467,0.0,0.0,0.0,0,1.0,0.0
2019-02-14,999456.7224717467,0.0,999456.7224717467,0.0,0.0,0.0,0,1.0,0.0
2019-02-15,999456.7224717467,0.0,999456.7224717467,0.0,0.0,0.0,0,1.0,0.0
2019-02-19,999456.7224717467,0.0,999456.7224717467,0.0,0.0,0.0,0,1.0,0.0
2019-02-20,999456.7224717467,0.0,999456.7224717467,0.0,0.0,0.0,0,1.0,0.0
2019-02-21,999456.7224717467,0.0,999456.7224717467,0.0,0.0,0.0,0,1.0,0.0
2019-02-22,999456.7224717467,0.0,999456.7224717467,0.0,0.0,0.0,0,1.0,0.0
2019-02-25,999456.7224717467,0.0,999456.7224717467,0.0,0.0,0.0,0,1.0,0.0
2019-02-26,999456.7224717467,0.0,999456.7224717467,0.0,0.0,0.0,0,1.0,0.0
2019-02-27,999456.7224717467,0.0,999456.7224717467,0.0,0.0,0.0,0,1.0,0.0
2019-02-28,999456.7224717467,0.0,999456.7224717467,0.0,0.0,0.0,0,1.0,0.0
2019-03-01,999456.7224717467,0.0,999456.7224717467,0.0,0.0,0.0,0,1.0,0.0
2019-03-04,999456.7224717467,0.0,999456.7224717467,0.0,0.0,0.0,0,1.0,0.0
2019-03-05,999456.7224717467,0.0,999456.7224717467,0.0,0.0,0.0,0,1.0,0.0
2019-03-06,999456.7224717467,0.0,999456.7224717467,0.0,0.0,0.0,0,1.0,0.0
2019-03-07,999456.7224717467,0.0,999456.7224717467,0.0,0.0,0.0,0,1.0,0.0
2019-03-08,999456.7224717467,0.0,999456.7224717467,0.0,0.0,0.0,0,1.0,0.0
2019-03-11,999456.7224717467,0.0,999456.7224717467,0.0,0.0,0.0,0,1.0,0.0
2019-03-12,999456.7224717467,0.0,999456.7224717467,0.0,0.0,0.0,0,1.0,0.0
2019-03-13,999456.7224717467,0.0,999456.7224717467,0.0,0.0,0.0,0,1.0,0.0
2019-03-14,999456.7224717467,0.0,999456.7224717467,0.0,0.0,0.0,0,1.0,0.0
2019-03-15,999456.7224717467,0.0,999456.7224717467,0.0,0.0,0.0,0,1.0,0.0
2019-03-18,999456.7224717467,0.0,999456.7224717467,0.0,0.0,0.0,0,1.0,0.0
2019-03-19,999456.7224717467,0.0,999456.7224717467,0.0,0.0,0.0,0,1.0,0.0
2019-03-20,999456.7224717467,0.0,999456.7224717467,0.0,0.0,0.0,0,1.0,0.0
2019-03-21,999456.7224717467,0.0,999456.7224717467,0.0,0.0,0.0,0,1.0,0.0
2019-03-22,999456.7224717467,0.0,999456.7224717467,0.0,0.0,0.0,0,1.0,0.0
2019-03-25,999456.7224717467,0.0,999456.7224717467,0.0,0.0,0.0,0,1.0,0.0
2019-03-26,999456.7224717467,0.0,999456.7224717467,0.0,0.0,0.0,0,1.0,0.0
2019-03-27,999456.7224717467,0.0,999456.7224717467,0.0,0.0,0.0,0,1.0,0.0
2019-03-28,999456.7224717467,0.0,999456.7224717467,0.0,0.0,0.0,0,1.0,0.0
2019-03-29,999456.7224717467,0.0,999456.7224717467,0.0,0.0,0.0,0,1.0,0.0
2019-04-01,999456.7224717467,0.0,999456.7224717467,0.0,0.0,0.0,0,1.0,0.0
2019-04-02,999456.7224717467,0.0,999456.7224717467,0.0,0.0,0.0,0,1.0,0.0
2019-04-03,999456.7224717467,0.0,999456.7224717467,0.0,0.0,0.0,0,1.0,0.0
2019-04-04,999456.7224717467,0.0,999456.7224717467,0.0,0.0,0.0,0,1.0,0.0
2019-04-05,999456.7224717467,0.0,999456.7224717467,0.0,0.0,0.0,0,1.0,0.0
2019-04-08,999456.7224717467,0.0,999456.7224717467,0.0,0.0,0.0,0,1.0,0.0
2019-04-09,999456.7224717467,0.0,999456.7224717467,0.0,0.0,0.0,0,1.0,0.0
2019-04-10,999456.7224717467,0.0,999456.7224717467,0.0,0.0,0.0,0,1.0,0.0
2019-04-11,999456.7224717467,0.0,999456.7224717467,0.0,0.0,0.0,0,1.0,0.0
2019-04-12,999456.7224717467,0.0,999456.7224717467,0.0,0.0,0.0,0,1.0,0.0
2019-04-15,999456.7224717467,0.0,999456.7224717467,0.0,0.0,0.0,0,1.0,0.0
2019-04-16,999456.7224717467,0.0,999456.7224717467,0.0,0.0,0.0,0,1.0,0.0
2019-04-17,999456.7224717467,0.0,999456.7224717467,0.0,0.0,0.0,0,1.0,0.0
2019-04-18,999456.7224717467,0.0,999456.7224717467,0.0,0.0,0.0,0,1.0,0.0
2019-04-22,999456.7224717467,0.0,999456.7224717467,0.0,0.0,0.0,0,1.0,0.0
2019-04-23,999456.7224717467,0.0,999456.7224717467,0.0,0.0,0.0,0,1.0,0.0
2019-04-24,999456.7224717467,0.0,999456.7224717467,0.0,0.0,0.0,0,1.0,0.0
2019-04-25,999456.7224717467,0.0,999456.7224717467,0.0,0.0,0.0,0,1.0,0.0
2019-04-26,999456.7224717467,0.0,999456.7224717467,0.0,0.0,0.0,0,1.0,0.0
2019-04-29,999456.7224717467,0.0,999456.7224717467,0.0,0.0,0.0,0,1.0,0.0
2019-04-30,999456.7224717467,0.0,999456.7224717467,0.0,0.0,0.0,0,1.0,0.0
2019-05-01,999456.7224717467,0.0,999456.7224717467,0.0,0.0,0.0,0,1.0,0.0
2019-05-02,999456.7224717467,0.0,999456.7224717467,0.0,0.0,0.0,0,1.0,0.0
2019-05-03,999456.7224717467,0.0,999456.7224717467,0.0,0.0,0.0,0,1.0,0.0
2019-05-06,999456.7224717467,0.0,999456.7224717467,0.0,0.0,0.0,0,1.0,0.0
2019-05-07,999456.7224717467,0.0,999456.7224717467,0.0,0.0,0.0,0,1.0,0.0
2019-05-08,999456.7224717467,0.0,999456.7224717467,0.0,0.0,0.0,0,1.0,0.0
2019-05-09,999456.7224717467,0.0,999456.7224717467,0.0,0.0,0.0,0,1.0,0.0
2019-05-10,999456.7224717467,0.0,999456.7224717467,0.0,0.0,0.0,0,1.0,0.0
2019-05-13,999456.7224717467,0.0,999456.7224717467,0.0,0.0,0.0,0,1.0,0.0
2019-05-14,999456.7224717467,0.0,999456.7224717467,0.0,0.0,0.0,0,1.0,0.0
2019-05-15,999456.7224717467,0.0,999456.7224717467,0.0,0.0,0.0,0,1.0,0.0
2019-05-16,999456.7224717467,0.0,999456.7224717467,0.0,0.0,0.0,0,1.0,0.0
2019-05-17,999456.7224717467,0.0,999456.7224717467,0.0,0.0,0.0,0,1.0,0.0
2019-05-20,999456.7224717467,0.0,999456.7224717467,0.0,0.0,0.0,0,1.0,0.0
2019-05-21,999456.7224717467,0.0,999456.7224717467,0.0,0.0,0.0,0,1.0,0.0
2019-05-22,999456.7224717467,0.0,999456.7224717467,0.0,0.0,0.0,0,1.0,0.0
2019-05-23,999456.7224717467,0.0,999456.7224717467,0.0,0.0,0.0,0,1.0,0.0
2019-05-24,999456.7224717467,0.0,999456.7224717467,0.0,0.0,0.0,0,1.0,0.0
2019-05-28,999456.7224717467,0.0,999456.7224717467,0.0,0.0,0.0,0,1.0,0.0
2019-05-29,999456.7224717467,0.0,999456.7224717467,0.0,0.0,0.0,0,1.0,0.0
2019-05-30,999456.7224717467,0.0,999456.7224717467,0.0,0.0,0.0,0,1.0,0.0
2019-05-31,999456.7224717467,0.0,999456.7224717467,0.0,0.0,0.0,0,1.0,0.0
2019-06-03,999456.7224717467,0.0,999456.7224717467,0.0,0.0,0.0,0,1.0,0.0
2019-06-04,999456.7224717467,0.0,999456.7224717467,0.0,0.0,0.0,0,1.0,0.0
2019-06-05,999456.7224717467,0.0,999456.7224717467,0.0,0.0,0.0,0,1.0,0.0
2019-06-06,999456.7224717467,0.0,999456.7224717467,0.0,0.0,0.0,0,1.0,0.0
2019-06-07,999456.7224717467,0.0,999456.7224717467,0.0,0.0,0.0,0,1.0,0.0
2019-06-10,999456.7224717467,0.0,999456.7224717467,0.0,0.0,0.0,0,1.0,0.0
2019-06-11,999456.7224717467,0.0,999456.7224717467,0.0,0.0,0.0,0,1.0,0.0
2019-06-12,999456.7224717467,0.0,999456.7224717467,0.0,0.0,0.0,0,1.0,0.0
2019-06-13,999456.7224717467,0.0,999456.7224717467,0.0,0.0,0.0,0,1.0,0.0
2019-06-14,999456.7224717467,0.0,999456.7224717467,0.0,0.0,0.0,0,1.0,0.0
2019-06-17,999456.7224717467,0.0,999456.7224717467,0.0,0.0,0.0,0,1.0,0.0
2019-06-18,999456.7224717467,0.0,999456.7224717467,0.0,0.0,0.0,0,1.0,0.0
2019-06-19,999456.7224717467,0.0,999456.7224717467,0.0,0.0,0.0,0,1.0,0.0
2019-06-20,999456.7224717467,0.0,999456.7224717467,0.0,0.0,0.0,0,1.0,0.0
2019-06-21,999456.7224717467,0.0,999456.7224717467,0.0,0.0,0.0,0,1.0,0.0
2019-06-24,999456.7224717467,0.0,999456.7224717467,0.0,0.0,0.0,0,1.0,0.0
2019-06-25,999456.7224717467,0.0,999456.7224717467,0.0,0.0,0.0,0,1.0,0.0
2019-06-26,999456.7224717467,0.0,999456.7224717467,0.0,0.0,0.0,0,1.0,0.0
2019-06-27,999456.7224717467,0.0,999456.7224717467,0.0,0.0,0.0,0,1.0,0.0
2019-06-28,999456.7224717467,0.0,999456.7224717467,0.0,0.0,0.0,0,1.0,0.0
2019-07-01,999456.7224717467,0.0,999456.7224717467,0.0,0.0,0.0,0,1.0,0.0
2019-07-02,999456.7224717467,0.0,999456.7224717467,0.0,0.0,0.0,0,1.0,0.0
2019-07-03,999456.7224717467,0.0,999456.7224717467,0.0,0.0,0.0,0,1.0,0.0
2019-07-05,999456.7224717467,0.0,999456.7224717467,0.0,0.0,0.0,0,1.0,0.0
2019-07-08,999456.7224717467,0.0,999456.7224717467,0.0,0.0,0.0,0,1.0,0.0
2019-07-09,999456.7224717467,0.0,999456.7224717467,0.0,0.0,0.0,0,1.0,0.0
2019-07-10,999456.7224717467,0.0,999456.7224717467,0.0,0.0,0.0,0,1.0,0.0
2019-07-11,999456.7224717467,0.0,999456.7224717467,0.0,0.0,0.0,0,1.0,0.0
2019-07-12,999456.7224717467,0.0,999456.7224717467,0.0,0.0,0.0,0,1.0,0.0
2019-07-15,999456.7224717467,0.0,999456.7224717467,0.0,0.0,0.0,0,1.0,0.0
2019-07-16,999456.7224717467,0.0,999456.7224717467,0.0,0.0,0.0,0,1.0,0.0
2019-07-17,999456.7224717467,0.0,999456.7224717467,0.0,0.0,0.0,0,1.0,0.0
2019-07-18,999456.7224717467,0.0,999456.7224717467,0.0,0.0,0.0,0,1.0,0.0
2019-07-19,999456.7224717467,0.0,999456.7224717467,0.0,0.0,0.0,0,1.0,0.0
2019-07-22,999456.7224717467,0.0,999456.7224717467,0.0,0.0,0.0,0,1.0,0.0
2019-07-23,999456.7224717467,0.0,999456.7224717467,0.0,0.0,0.0,0,1.0,0.0
2019-07-24,999456.7224717467,0.0,999456.7224717467,0.0,0.0,0.0,0,1.0,0.0
2019-07-25,999456.7224717467,0.0,999456.7224717467,0.0,0.0,0.0,0,1.0,0.0
2019-07-26,999456.7224717467,0.0,999456.7224717467,0.0,0.0,0.0,0,1.0,0.0
2019-07-29,999456.7224717467,0.0,999456.7224717467,0.0,0.0,0.0,0,1.0,0.0
2019-07-30,999456.7224717467,0.0,999456.7224717467,0.0,0.0,0.0,0,1.0,0.0
2019-07-31,999456.7224717467,0.0,999456.7224717467,0.0,0.0,0.0,0,1.0,0.0
2019-08-01,999456.7224717467,0.0,999456.7224717467,0.0,0.0,0.0,0,1.0,0.0
2019-08-02,999456.7224717467,0.0,999456.7224717467,0.0,0.0,0.0,0,1.0,0.0
2019-08-05,999456.7224717467,0.0,999456.7224717467,0.0,0.0,0.0,0,1.0,0.0
2019-08-06,999456.7224717467,0.0,999456.7224717467,0.0,0.0,0.0,0,1.0,0.0
2019-08-07,999456.7224717467,0.0,999456.7224717467,0.0,0.0,0.0,0,1.0,0.0
2019-08-08,999456.7224717467,0.0,999456.7224717467,0.0,0.0,0.0,0,1.0,0.0
2019-08-09,999456.7224717467,0.0,999456.7224717467,0.0,0.0,0.0,0,1.0,0.0
2019-08-12,999456.7224717467,0.0,999456.7224717467,0.0,0.0,0.0,0,1.0,0.0
2019-08-13,999456.7224717467,0.0,999456.7224717467,0.0,0.0,0.0,0,1.0,0.0
2019-08-14,999456.7224717467,0.0,999456.7224717467,0.0,0.0,0.0,0,1.0,0.0
2019-08-15,999456.7224717467,0.0,999456.7224717467,0.0,0.0,0.0,0,1.0,0.0
2019-08-16,999456.7224717467,0.0,999456.7224717467,0.0,0.0,0.0,0,1.0,0.0
2019-08-19,999456.7224717467,0.0,999456.7224717467,0.0,0.0,0.0,0,1.0,0.0
2019-08-20,999456.7224717467,0.0,999456.7224717467,0.0,0.0,0.0,0,1.0,0.0
2019-08-21,999456.7224717467,0.0,999456.7224717467,0.0,0.0,0.0,0,1.0,0.0
2019-08-22,999456.7224717467,0.0,999456.7224717467,0.0,0.0,0.0,0,1.0,0.0
2019-08-23,999456.7224717467,0.0,999456.7224717467,0.0,0.0,0.0,0,1.0,0.0
2019-08-26,999456.7224717467,0.0,999456.7224717467,0.0,0.0,0.0,0,1.0,0.0
2019-08-27,999456.7224717467,0.0,999456.7224717467,0.0,0.0,0.0,0,1.0,0.0
2019-08-28,999456.7224717467,0.0,999456.7224717467,0.0,0.0,0.0,0,1.0,0.0
2019-08-29,999456.7224717467,0.0,999456.7224717467,0.0,0.0,0.0,0,1.0,0.0
2019-08-30,999456.7224717467,0.0,999456.7224717467,0.0,0.0,0.0,0,1.0,0.0
2019-09-03,999456.7224717467,0.0,999456.7224717467,0.0,0.0,0.0,0,1.0,0.0
2019-09-04,999456.7224717467,0.0,999456.7224717467,0.0,0.0,0.0,0,1.0,0.0
2019-09-05,999456.7224717467,0.0,999456.7224717467,0.0,0.0,0.0,0,1.0,0.0
2019-09-06,999456.7224717467,0.0,999456.7224717467,0.0,0.0,0.0,0,1.0,0.0
2019-09-09,999456.7224717467,0.0,999456.7224717467,0.0,0.0,0.0,0,1.0,0.0
2019-09-10,999456.7224717467,0.0,999456.7224717467,0.0,0.0,0.0,0,1.0,0.0
2019-09-11,999456.7224717467,0.0,999456.7224717467,0.0,0.0,0.0,0,1.0,0.0
2019-09-12,999456.7224717467,0.0,999456.7224717467,0.0,0.0,0.0,0,1.0,0.0
2019-09-13,999456.7224717467,0.0,999456.7224717467,0.0,0.0,0.0,0,1.0,0.0
2019-09-16,999456.7224717467,0.0,999456.7224717467,0.0,0.0,0.0,0,1.0,0.0
2019-09-17,999456.7224717467,0.0,999456.7224717467,0.0,0.0,0.0,0,1.0,0.0
2019-09-18,999456.7224717467,0.0,999456.7224717467,0.0,0.0,0.0,0,1.0,0.0
2019-09-19,999456.7224717467,0.0,999456.7224717467,0.0,0.0,0.0,0,1.0,0.0
2019-09-20,999456.7224717467,0.0,999456.7224717467,0.0,0.0,0.0,0,1.0,0.0
2019-09-23,999456.7224717467,0.0,999456.7224717467,0.0,0.0,0.0,0,1.0,0.0
2019-09-24,999456.7224717467,0.0,999456.7224717467,0.0,0.0,0.0,0,1.0,0.0
2019-09-25,999456.7224717467,0.0,999456.7224717467,0.0,0.0,0.0,0,1.0,0.0
2019-09-26,999456.7224717467,0.0,999456.7224717467,0.0,0.0,0.0,0,1.0,0.0
2019-09-27,999456.7224717467,0.0,999456.7224717467,0.0,0.0,0.0,0,1.0,0.0
2019-09-30,999456.7224717467,0.0,999456.7224717467,0.0,0.0,0.0,0,1.0,0.0
2019-10-01,999456.7224717467,0.0,999456.7224717467,0.0,0.0,0.0,0,1.0,0.0
2019-10-02,999456.7224717467,0.0,999456.7224717467,0.0,0.0,0.0,0,1.0,0.0
2019-10-03,999456.7224717467,0.0,999456.7224717467,0.0,0.0,0.0,0,1.0,0.0
2019-10-04,999456.7224717467,0.0,999456.7224717467,0.0,0.0,0.0,0,1.0,0.0
2019-10-07,999456.7224717467,0.0,999456.7224717467,0.0,0.0,0.0,0,1.0,0.0
2019-10-08,999456.7224717467,0.0,999456.7224717467,0.0,0.0,0.0,0,1.0,0.0
2019-10-09,999456.7224717467,0.0,999456.7224717467,0.0,0.0,0.0,0,1.0,0.0
2019-10-10,999456.7224717467,0.0,999456.7224717467,0.0,0.0,0.0,0,1.0,0.0
2019-10-11,999456.7224717467,0.0,999456.7224717467,0.0,0.0,0.0,0,1.0,0.0
2019-10-14,999456.7224717467,0.0,999456.7224717467,0.0,0.0,0.0,0,1.0,0.0
2019-10-15,999456.7224717467,0.0,999456.7224717467,0.0,0.0,0.0,0,1.0,0.0
2019-10-16,999456.7224717467,0.0,999456.7224717467,0.0,0.0,0.0,0,1.0,0.0
2019-10-17,999456.7224717467,0.0,999456.7224717467,0.0,0.0,0.0,0,1.0,0.0
2019-10-18,999456.7224717467,0.0,999456.7224717467,0.0,0.0,0.0,0,1.0,0.0
2019-10-21,999456.7224717467,0.0,999456.7224717467,0.0,0.0,0.0,0,1.0,0.0
2019-10-22,999456.7224717467,0.0,999456.7224717467,0.0,0.0,0.0,0,1.0,0.0
2019-10-23,999456.7224717467,0.0,999456.7224717467,0.0,0.0,0.0,0,1.0,0.0
2019-10-24,999456.7224717467,0.0,999456.7224717467,0.0,0.0,0.0,0,1.0,0.0
2019-10-25,999456.7224717467,0.0,999456.7224717467,0.0,0.0,0.0,0,1.0,0.0
2019-10-28,999456.7224717467,0.0,999456.7224717467,0.0,0.0,0.0,0,1.0,0.0
2019-10-29,999456.7224717467,0.0,999456.7224717467,0.0,0.0,0.0,0,1.0,0.0
2019-10-30,999456.7224717467,0.0,999456.7224717467,0.0,0.0,0.0,0,1.0,0.0
2019-10-31,999456.7224717467,0.0,999456.7224717467,0.0,0.0,0.0,0,1.0,0.0
2019-11-01,999456.7224717467,0.0,999456.7224717467,0.0,0.0,0.0,0,1.0,0.0
2019-11-04,999456.7224717467,0.0,999456.7224717467,0.0,0.0,0.0,0,1.0,0.0
2019-11-05,999456.7224717467,0.0,999456.7224717467,0.0,0.0,0.0,0,1.0,0.0
2019-11-06,999456.7224717467,0.0,999456.7224717467,0.0,0.0,0.0,0,1.0,0.0
2019-11-07,999456.7224717467,0.0,999456.7224717467,0.0,0.0,0.0,0,1.0,0.0
2019-11-08,999456.7224717467,0.0,999456.7224717467,0.0,0.0,0.0,0,1.0,0.0
2019-11-11,999456.7224717467,0.0,999456.7224717467,0.0,0.0,0.0,0,1.0,0.0
2019-11-12,999456.7224717467,0.0,999456.7224717467,0.0,0.0,0.0,0,1.0,0.0
2019-11-13,999456.7224717467,0.0,999456.7224717467,0.0,0.0,0.0,0,1.0,0.0
2019-11-14,999456.7224717467,0.0,999456.7224717467,0.0,0.0,0.0,0,1.0,0.0
2019-11-15,999456.7224717467,0.0,999456.7224717467,0.0,0.0,0.0,0,1.0,0.0
2019-11-18,999456.7224717467,0.0,999456.7224717467,0.0,0.0,0.0,0,1.0,0.0
2019-11-19,999456.7224717467,0.0,999456.7224717467,0.0,0.0,0.0,0,1.0,0.0
2019-11-20,999456.7224717467,0.0,999456.7224717467,0.0,0.0,0.0,0,1.0,0.0
2019-11-21,999456.7224717467,0.0,999456.7224717467,0.0,0.0,0.0,0,1.0,0.0
2019-11-22,999456.7224717467,0.0,999456.7224717467,0.0,0.0,0.0,0,1.0,0.0
2019-11-25,999456.7224717467,0.0,999456.7224717467,0.0,0.0,0.0,0,1.0,0.0
2019-11-26,999456.7224717467,0.0,999456.7224717467,0.0,0.0,0.0,0,1.0,0.0
2019-11-27,999456.7224717467,0.0,999456.7224717467,0.0,0.0,0.0,0,1.0,0.0
2019-11-29,999456.7224717467,0.0,999456.7224717467,0.0,0.0,0.0,0,1.0,0.0
2019-12-02,999456.7224717467,0.0,999456.7224717467,0.0,0.0,0.0,0,1.0,0.0
2019-12-03,999456.7224717467,0.0,999456.7224717467,0.0,0.0,0.0,0,1.0,0.0
2019-12-04,999456.7224717467,0.0,999456.7224717467,0.0,0.0,0.0,0,1.0,0.0
2019-12-05,999456.7224717467,0.0,999456.7224717467,0.0,0.0,0.0,0,1.0,0.0
2019-12-06,999456.7224717467,0.0,999456.7224717467,0.0,0.0,0.0,0,1.0,0.0
2019-12-09,999456.7224717467,0.0,999456.7224717467,0.0,0.0,0.0,0,1.0,0.0
2019-12-10,999456.7224717467,0.0,999456.7224717467,0.0,0.0,0.0,0,1.0,0.0
2019-12-11,999456.7224717467,0.0,999456.7224717467,0.0,0.0,0.0,0,1.0,0.0
2019-12-12,999456.7224717467,0.0,999456.7224717467,0.0,0.0,0.0,0,1.0,0.0
2019-12-13,999456.7224717467,0.0,999456.7224717467,0.0,0.0,0.0,0,1.0,0.0
2019-12-16,999456.7224717467,0.0,999456.7224717467,0.0,0.0,0.0,0,1.0,0.0
2019-12-17,999456.7224717467,0.0,999456.7224717467,0.0,0.0,0.0,0,1.0,0.0
2019-12-18,999456.7224717467,0.0,999456.7224717467,0.0,0.0,0.0,0,1.0,0.0
2019-12-19,999456.7224717467,0.0,999456.7224717467,0.0,0.0,0.0,0,1.0,0.0
2019-12-20,999456.7224717467,0.0,999456.7224717467,0.0,0.0,0.0,0,1.0,0.0
2019-12-23,999456.7224717467,0.0,999456.7224717467,0.0,0.0,0.0,0,1.0,0.0
2019-12-24,999456.7224717467,0.0,999456.7224717467,0.0,0.0,0.0,0,1.0,0.0
2019-12-26,999456.7224717467,0.0,999456.7224717467,0.0,0.0,0.0,0,1.0,0.0
2019-12-27,999456.7224717467,0.0,999456.7224717467,0.0,0.0,0.0,0,1.0,0.0
2019-12-30,999456.7224717467,0.0,999456.7224717467,0.0,0.0,0.0,0,1.0,0.0
2019-12-31,999456.7224717467,0.0,999456.7224717467,0.0,0.0,0.0,0,1.0,0.0
2020-01-02,999456.7224717467,0.0,999456.7224717467,0.0,0.0,0.0,0,1.0,0.0
2020-01-03,999456.7224717467,0.0,999456.7224717467,0.0,0.0,0.0,0,1.0,0.0
2020-01-06,999456.7224717467,0.0,999456.7224717467,0.0,0.0,0.0,0,1.0,0.0
2020-01-07,999456.7224717467,0.0,999456.7224717467,0.0,0.0,0.0,0,1.0,0.0
2020-01-08,999456.7224717467,0.0,999456.7224717467,0.0,0.0,0.0,0,1.0,0.0
2020-01-09,999456.7224717467,0.0,999456.7224717467,0.0,0.0,0.0,0,1.0,0.0
2020-01-10,999456.7224717467,0.0,999456.7224717467,0.0,0.0,0.0,0,1.0,0.0
2020-01-13,999456.7224717467,0.0,999456.7224717467,0.0,0.0,0.0,0,1.0,0.0
2020-01-14,999456.7224717467,0.0,999456.7224717467,0.0,0.0,0.0,0,1.0,0.0
2020-01-15,999456.7224717467,0.0,999456.7224717467,0.0,0.0,0.0,0,1.0,0.0
2020-01-16,999456.7224717467,0.0,999456.7224717467,0.0,0.0,0.0,0,1.0,0.0
2020-01-17,999456.7224717467,0.0,999456.7224717467,0.0,0.0,0.0,0,1.0,0.0
2020-01-21,999456.7224717467,0.0,999456.7224717467,0.0,0.0,0.0,0,1.0,0.0
2020-01-22,999456.7224717467,0.0,999456.7224717467,0.0,0.0,0.0,0,1.0,0.0
2020-01-23,999456.7224717467,0.0,999456.7224717467,0.0,0.0,0.0,0,1.0,0.0
2020-01-24,999456.7224717467,0.0,999456.7224717467,0.0,0.0,0.0,0,1.0,0.0
2020-01-27,999456.7224717467,0.0,999456.7224717467,0.0,0.0,0.0,0,1.0,0.0
2020-01-28,999456.7224717467,0.0,999456.7224717467,0.0,0.0,0.0,0,1.0,0.0
2020-01-29,999456.7224717467,0.0,999456.7224717467,0.0,0.0,0.0,0,1.0,0.0
2020-01-30,999456.7224717467,0.0,999456.7224717467,0.0,0.0,0.0,0,1.0,0.0
2020-01-31,999456.7224717467,0.0,999456.7224717467,0.0,0.0,0.0,0,1.0,0.0
2020-02-03,999456.7224717467,0.0,999456.7224717467,0.0,0.0,0.0,0,1.0,0.0
2020-02-04,999456.7224717467,0.0,999456.7224717467,0.0,0.0,0.0,0,1.0,0.0
2020-02-05,999456.7224717467,0.0,999456.7224717467,0.0,0.0,0.0,0,1.0,0.0
2020-02-06,999456.7224717467,0.0,999456.7224717467,0.0,0.0,0.0,0,1.0,0.0
2020-02-07,999456.7224717467,0.0,999456.7224717467,0.0,0.0,0.0,0,1.0,0.0
2020-02-10,999456.7224717467,0.0,999456.7224717467,0.0,0.0,0.0,0,1.0,0.0
2020-02-11,999456.7224717467,0.0,999456.7224717467,0.0,0.0,0.0,0,1.0,0.0
2020-02-12,999456.7224717467,0.0,999456.7224717467,0.0,0.0,0.0,0,1.0,0.0
2020-02-13,999456.7224717467,0.0,999456.7224717467,0.0,0.0,0.0,0,1.0,0.0
2020-02-14,999456.7224717467,0.0,999456.7224717467,0.0,0.0,0.0,0,1.0,0.0
2020-02-18,999456.7224717467,0.0,999456.7224717467,0.0,0.0,0.0,0,1.0,0.0
2020-02-19,999456.7224717467,0.0,999456.7224717467,0.0,0.0,0.0,0,1.0,0.0
2020-02-20,999456.7224717467,0.0,999456.7224717467,0.0,0.0,0.0,0,1.0,0.0
2020-02-21,999456.7224717467,0.0,999456.7224717467,0.0,0.0,0.0,0,1.0,0.0
2020-02-24,999456.7224717467,0.0,999456.7224717467,0.0,0.0,0.0,0,1.0,0.0
2020-02-25,999456.7224717467,0.0,999456.7224717467,0.0,0.0,0.0,0,1.0,0.0
2020-02-26,999456.7224717467,0.0,999456.7224717467,0.0,0.0,0.0,0,1.0,0.0
2020-02-27,999456.7224717467,0.0,999456.7224717467,0.0,0.0,0.0,0,1.0,0.0
2020-02-28,999456.7224717467,0.0,999456.7224717467,0.0,0.0,0.0,0,1.0,0.0
2020-03-02,999456.7224717467,0.0,999456.7224717467,0.0,0.0,0.0,0,1.0,0.0
2020-03-03,999456.7224717467,0.0,999456.7224717467,0.0,0.0,0.0,0,1.0,0.0
2020-03-04,999456.7224717467,0.0,999456.7224717467,0.0,0.0,0.0,0,1.0,0.0
2020-03-05,999456.7224717467,0.0,999456.7224717467,0.0,0.0,0.0,0,1.0,0.0
2020-03-06,999456.7224717467,0.0,999456.7224717467,0.0,0.0,0.0,0,1.0,0.0
2020-03-09,999456.7224717467,0.0,999456.7224717467,0.0,0.0,0.0,0,1.0,0.0
2020-03-10,999456.7224717467,0.0,999456.7224717467,0.0,0.0,0.0,0,1.0,0.0
2020-03-11,999456.7224717467,0.0,999456.7224717467,0.0,0.0,0.0,0,1.0,0.0
2020-03-12,999456.7224717467,0.0,999456.7224717467,0.0,0.0,0.0,0,1.0,0.0
2020-03-13,999456.7224717467,0.0,999456.7224717467,0.0,0.0,0.0,0,1.0,0.0
2020-03-16,999456.7224717467,0.0,999456.7224717467,0.0,0.0,0.0,0,1.0,0.0
2020-03-17,999456.7224717467,0.0,999456.7224717467,0.0,0.0,0.0,0,1.0,0.0
2020-03-18,999456.7224717467,0.0,999456.7224717467,0.0,0.0,0.0,0,1.0,0.0
2020-03-19,999456.7224717467,0.0,999456.7224717467,0.0,0.0,0.0,0,1.0,0.0
2020-03-20,999456.7224717467,0.0,999456.7224717467,0.0,0.0,0.0,0,1.0,0.0
2020-03-23,999456.7224717467,0.0,999456.7224717467,0.0,0.0,0.0,0,1.0,0.0
2020-03-24,999456.7224717467,0.0,999456.7224717467,0.0,0.0,0.0,0,1.0,0.0
2020-03-25,999456.7224717467,0.0,999456.7224717467,0.0,0.0,0.0,0,1.0,0.0
2020-03-26,999456.7224717467,0.0,999456.7224717467,0.0,0.0,0.0,0,1.0,0.0
2020-03-27,999456.7224717467,0.0,999456.7224717467,0.0,0.0,0.0,0,1.0,0.0
2020-03-30,999456.7224717467,0.0,999456.7224717467,0.0,0.0,0.0,0,1.0,0.0
2020-03-31,999456.7224717467,0.0,999456.7224717467,0.0,0.0,0.0,0,1.0,0.0
2020-04-01,999456.7224717467,0.0,999456.7224717467,0.0,0.0,0.0,0,1.0,0.0
2020-04-02,999456.7224717467,0.0,999456.7224717467,0.0,0.0,0.0,0,1.0,0.0
2020-04-03,999456.7224717467,0.0,999456.7224717467,0.0,0.0,0.0,0,1.0,0.0
2020-04-06,999456.7224717467,0.0,999456.7224717467,0.0,0.0,0.0,0,1.0,0.0
2020-04-07,999456.7224717467,0.0,999456.7224717467,0.0,0.0,0.0,0,1.0,0.0
2020-04-08,999456.7224717467,0.0,999456.7224717467,0.0,0.0,0.0,0,1.0,0.0
2020-04-09,999456.7224717467,0.0,999456.7224717467,0.0,0.0,0.0,0,1.0,0.0
2020-04-13,999456.7224717467,0.0,999456.7224717467,0.0,0.0,0.0,0,1.0,0.0
2020-04-14,999456.7224717467,0.0,999456.7224717467,0.0,0.0,0.0,0,1.0,0.0
2020-04-15,999456.7224717467,0.0,999456.7224717467,0.0,0.0,0.0,0,1.0,0.0
2020-04-16,999456.7224717467,0.0,999456.7224717467,0.0,0.0,0.0,0,1.0,0.0
2020-04-17,999456.7224717467,0.0,999456.7224717467,0.0,0.0,0.0,0,1.0,0.0
2020-04-20,999456.7224717467,0.0,999456.7224717467,0.0,0.0,0.0,0,1.0,0.0
2020-04-21,999456.7224717467,0.0,999456.7224717467,0.0,0.0,0.0,0,1.0,0.0
2020-04-22,999456.7224717467,0.0,999456.7224717467,0.0,0.0,0.0,0,1.0,0.0
2020-04-23,999456.7224717467,0.0,999456.7224717467,0.0,0.0,0.0,0,1.0,0.0
2020-04-24,999456.7224717467,0.0,999456.7224717467,0.0,0.0,0.0,0,1.0,0.0
2020-04-27,999456.7224717467,0.0,999456.7224717467,0.0,0.0,0.0,0,1.0,0.0
2020-04-28,999456.7224717467,0.0,999456.7224717467,0.0,0.0,0.0,0,1.0,0.0
2020-04-29,999456.7224717467,0.0,999456.7224717467,0.0,0.0,0.0,0,1.0,0.0
2020-04-30,999456.7224717467,0.0,999456.7224717467,0.0,0.0,0.0,0,1.0,0.0
2020-05-01,999456.7224717467,0.0,999456.7224717467,0.0,0.0,0.0,0,1.0,0.0
2020-05-04,999456.7224717467,0.0,999456.7224717467,0.0,0.0,0.0,0,1.0,0.0
2020-05-05,999456.7224717467,0.0,999456.7224717467,0.0,0.0,0.0,0,1.0,0.0
2020-05-06,999456.7224717467,0.0,999456.7224717467,0.0,0.0,0.0,0,1.0,0.0
2020-05-07,999456.7224717467,0.0,999456.7224717467,0.0,0.0,0.0,0,1.0,0.0
2020-05-08,999456.7224717467,0.0,999456.7224717467,0.0,0.0,0.0,0,1.0,0.0
2020-05-11,999456.7224717467,0.0,999456.7224717467,0.0,0.0,0.0,0,1.0,0.0
2020-05-12,999456.7224717467,0.0,999456.7224717467,0.0,0.0,0.0,0,1.0,0.0
2020-05-13,999456.7224717467,0.0,999456.7224717467,0.0,0.0,0.0,0,1.0,0.0
2020-05-14,999456.7224717467,0.0,999456.7224717467,0.0,0.0,0.0,0,1.0,0.0
2020-05-15,999456.7224717467,0.0,999456.7224717467,0.0,0.0,0.0,0,1.0,0.0
2020-05-18,999456.7224717467,0.0,999456.7224717467,0.0,0.0,0.0,0,1.0,0.0
2020-05-19,999456.7224717467,0.0,999456.7224717467,0.0,0.0,0.0,0,1.0,0.0
2020-05-20,999456.7224717467,0.0,999456.7224717467,0.0,0.0,0.0,0,1.0,0.0
2020-05-21,999456.7224717467,0.0,999456.7224717467,0.0,0.0,0.0,0,1.0,0.0
2020-05-22,999456.7224717467,0.0,999456.7224717467,0.0,0.0,0.0,0,1.0,0.0
2020-05-26,999456.7224717467,0.0,999456.7224717467,0.0,0.0,0.0,0,1.0,0.0
2020-05-27,999456.7224717467,0.0,999456.7224717467,0.0,0.0,0.0,0,1.0,0.0
2020-05-28,999456.7224717467,0.0,999456.7224717467,0.0,0.0,0.0,0,1.0,0.0
2020-05-29,999456.7224717467,0.0,999456.7224717467,0.0,0.0,0.0,0,1.0,0.0
2020-06-01,999456.7224717467,0.0,999456.7224717467,0.0,0.0,0.0,0,1.0,0.0
2020-06-02,999456.7224717467,0.0,999456.7224717467,0.0,0.0,0.0,0,1.0,0.0
2020-06-03,999456.7224717467,0.0,999456.7224717467,0.0,0.0,0.0,0,1.0,0.0
2020-06-04,999456.7224717467,0.0,999456.7224717467,0.0,0.0,0.0,0,1.0,0.0
2020-06-05,999456.7224717467,0.0,999456.7224717467,0.0,0.0,0.0,0,1.0,0.0
2020-06-08,999456.7224717467,0.0,999456.7224717467,0.0,0.0,0.0,0,1.0,0.0
2020-06-09,999456.7224717467,0.0,999456.7224717467,0.0,0.0,0.0,0,1.0,0.0
2020-06-10,999456.7224717467,0.0,999456.7224717467,0.0,0.0,0.0,0,1.0,0.0
2020-06-11,999456.7224717467,0.0,999456.7224717467,0.0,0.0,0.0,0,1.0,0.0
2020-06-12,999456.7224717467,0.0,999456.7224717467,0.0,0.0,0.0,0,1.0,0.0
2020-06-15,999456.7224717467,0.0,999456.7224717467,0.0,0.0,0.0,0,1.0,0.0
2020-06-16,999456.7224717467,0.0,999456.7224717467,0.0,0.0,0.0,0,1.0,0.0
2020-06-17,999456.7224717467,0.0,999456.7224717467,0.0,0.0,0.0,0,1.0,0.0
2020-06-18,999456.7224717467,0.0,999456.7224717467,0.0,0.0,0.0,0,1.0,0.0
2020-06-19,999456.7224717467,0.0,999456.7224717467,0.0,0.0,0.0,0,1.0,0.0
2020-06-22,999456.7224717467,0.0,999456.7224717467,0.0,0.0,0.0,0,1.0,0.0
2020-06-23,999456.7224717467,0.0,999456.7224717467,0.0,0.0,0.0,0,1.0,0.0
2020-06-24,999456.7224717467,0.0,999456.7224717467,0.0,0.0,0.0,0,1.0,0.0
2020-06-25,999456.7224717467,0.0,999456.7224717467,0.0,0.0,0.0,0,1.0,0.0
2020-06-26,999456.7224717467,0.0,999456.7224717467,0.0,0.0,0.0,0,1.0,0.0
2020-06-29,999456.7224717467,0.0,999456.7224717467,0.0,0.0,0.0,0,1.0,0.0
2020-06-30,999456.7224717467,0.0,999456.7224717467,0.0,0.0,0.0,0,1.0,0.0
2020-07-01,999456.7224717467,0.0,999456.7224717467,0.0,0.0,0.0,0,1.0,0.0
2020-07-02,999456.7224717467,0.0,999456.7224717467,0.0,0.0,0.0,0,1.0,0.0
2020-07-06,999456.7224717467,0.0,999456.7224717467,0.0,0.0,0.0,0,1.0,0.0
2020-07-07,999456.7224717467,0.0,999456.7224717467,0.0,0.0,0.0,0,1.0,0.0
2020-07-08,999456.7224717467,0.0,999456.7224717467,0.0,0.0,0.0,0,1.0,0.0
2020-07-09,999456.7224717467,0.0,999456.7224717467,0.0,0.0,0.0,0,1.0,0.0
2020-07-10,999456.7224717467,0.0,999456.7224717467,0.0,0.0,0.0,0,1.0,0.0
2020-07-13,999456.7224717467,0.0,999456.7224717467,0.0,0.0,0.0,0,1.0,0.0
2020-07-14,999456.7224717467,0.0,999456.7224717467,0.0,0.0,0.0,0,1.0,0.0
2020-07-15,999456.7224717467,0.0,999456.7224717467,0.0,0.0,0.0,0,1.0,0.0
2020-07-16,999456.7224717467,0.0,999456.7224717467,0.0,0.0,0.0,0,1.0,0.0
2020-07-17,999456.7224717467,0.0,999456.7224717467,0.0,0.0,0.0,0,1.0,0.0
2020-07-20,999456.7224717467,0.0,999456.7224717467,0.0,0.0,0.0,0,1.0,0.0
2020-07-21,999456.7224717467,0.0,999456.7224717467,0.0,0.0,0.0,0,1.0,0.0
2020-07-22,999456.7224717467,0.0,999456.7224717467,0.0,0.0,0.0,0,1.0,0.0
2020-07-23,999456.7224717467,0.0,999456.7224717467,0.0,0.0,0.0,0,1.0,0.0
2020-07-24,999456.7224717467,0.0,999456.7224717467,0.0,0.0,0.0,0,1.0,0.0
2020-07-27,999456.7224717467,0.0,999456.7224717467,0.0,0.0,0.0,0,1.0,0.0
2020-07-28,999456.7224717467,0.0,999456.7224717467,0.0,0.0,0.0,0,1.0,0.0
2020-07-29,999456.7224717467,0.0,999456.7224717467,0.0,0.0,0.0,0,1.0,0.0
2020-07-30,999456.7224717467,0.0,999456.7224717467,0.0,0.0,0.0,0,1.0,0.0
2020-07-31,999456.7224717467,0.0,999456.7224717467,0.0,0.0,0.0,0,1.0,0.0
2020-08-03,999456.7224717467,0.0,999456.7224717467,0.0,0.0,0.0,0,1.0,0.0
2020-08-04,999456.7224717467,0.0,999456.7224717467,0.0,0.0,0.0,0,1.0,0.0
2020-08-05,999456.7224717467,0.0,999456.7224717467,0.0,0.0,0.0,0,1.0,0.0
2020-08-06,999456.7224717467,0.0,999456.7224717467,0.0,0.0,0.0,0,1.0,0.0
2020-08-07,999456.7224717467,0.0,999456.7224717467,0.0,0.0,0.0,0,1.0,0.0
2020-08-10,999456.7224717467,0.0,999456.7224717467,0.0,0.0,0.0,0,1.0,0.0
2020-08-11,999456.7224717467,0.0,999456.7224717467,0.0,0.0,0.0,0,1.0,0.0
2020-08-12,999456.7224717467,0.0,999456.7224717467,0.0,0.0,0.0,0,1.0,0.0
2020-08-13,999456.7224717467,0.0,999456.7224717467,0.0,0.0,0.0,0,1.0,0.0
2020-08-14,999456.7224717467,0.0,999456.7224717467,0.0,0.0,0.0,0,1.0,0.0
2020-08-17,999456.7224717467,0.0,999456.7224717467,0.0,0.0,0.0,0,1.0,0.0
2020-08-18,999456.7224717467,0.0,999456.7224717467,0.0,0.0,0.0,0,1.0,0.0
2020-08-19,999456.7224717467,0.0,999456.7224717467,0.0,0.0,0.0,0,1.0,0.0
2020-08-20,999456.7224717467,0.0,999456.7224717467,0.0,0.0,0.0,0,1.0,0.0
2020-08-21,999456.7224717467,0.0,999456.7224717467,0.0,0.0,0.0,0,1.0,0.0
2020-08-24,999456.7224717467,0.0,999456.7224717467,0.0,0.0,0.0,0,1.0,0.0
2020-08-25,999456.7224717467,0.0,999456.7224717467,0.0,0.0,0.0,0,1.0,0.0
2020-08-26,999456.7224717467,0.0,999456.7224717467,0.0,0.0,0.0,0,1.0,0.0
2020-08-27,999456.7224717467,0.0,999456.7224717467,0.0,0.0,0.0,0,1.0,0.0
2020-08-28,999456.7224717467,0.0,999456.7224717467,0.0,0.0,0.0,0,1.0,0.0
2020-08-31,999456.7224717467,0.0,999456.7224717467,0.0,0.0,0.0,0,1.0,0.0
2020-09-01,999456.7224717467,0.0,999456.7224717467,0.0,0.0,0.0,0,1.0,0.0
2020-09-02,999456.7224717467,0.0,999456.7224717467,0.0,0.0,0.0,0,1.0,0.0
2020-09-03,999456.7224717467,0.0,999456.7224717467,0.0,0.0,0.0,0,1.0,0.0
2020-09-04,999456.7224717467,0.0,999456.7224717467,0.0,0.0,0.0,0,1.0,0.0
2020-09-08,999456.7224717467,0.0,999456.7224717467,0.0,0.0,0.0,0,1.0,0.0
2020-09-09,999456.7224717467,0.0,999456.7224717467,0.0,0.0,0.0,0,1.0,0.0
2020-09-10,999456.7224717467,0.0,999456.7224717467,0.0,0.0,0.0,0,1.0,0.0
2020-09-11,999456.7224717467,0.0,999456.7224717467,0.0,0.0,0.0,0,1.0,0.0
2020-09-14,999456.7224717467,0.0,999456.7224717467,0.0,0.0,0.0,0,1.0,0.0
2020-09-15,999456.7224717467,0.0,999456.7224717467,0.0,0.0,0.0,0,1.0,0.0
2020-09-16,999456.7224717467,0.0,999456.7224717467,0.0,0.0,0.0,0,1.0,0.0
2020-09-17,999456.7224717467,0.0,999456.7224717467,0.0,0.0,0.0,0,1.0,0.0
2020-09-18,999456.7224717467,0.0,999456.7224717467,0.0,0.0,0.0,0,1.0,0.0
2020-09-21,999456.7224717467,0.0,999456.7224717467,0.0,0.0,0.0,0,1.0,0.0
2020-09-22,999456.7224717467,0.0,999456.7224717467,0.0,0.0,0.0,0,1.0,0.0
2020-09-23,999456.7224717467,0.0,999456.7224717467,0.0,0.0,0.0,0,1.0,0.0
2020-09-24,999456.7224717467,0.0,999456.7224717467,0.0,0.0,0.0,0,1.0,0.0
2020-09-25,999456.7224717467,0.0,999456.7224717467,0.0,0.0,0.0,0,1.0,0.0
2020-09-28,999456.7224717467,0.0,999456.7224717467,0.0,0.0,0.0,0,1.0,0.0
2020-09-29,999456.7224717467,0.0,999456.7224717467,0.0,0.0,0.0,0,1.0,0.0
2020-09-30,999456.7224717467,0.0,999456.7224717467,0.0,0.0,0.0,0,1.0,0.0
2020-10-01,999456.7224717467,0.0,999456.7224717467,0.0,0.0,0.0,0,1.0,0.0
2020-10-02,999456.7224717467,0.0,999456.7224717467,0.0,0.0,0.0,0,1.0,0.0
2020-10-05,999456.7224717467,0.0,999456.7224717467,0.0,0.0,0.0,0,1.0,0.0
2020-10-06,999456.7224717467,0.0,999456.7224717467,0.0,0.0,0.0,0,1.0,0.0
2020-10-07,999456.7224717467,0.0,999456.7224717467,0.0,0.0,0.0,0,1.0,0.0
2020-10-08,999456.7224717467,0.0,999456.7224717467,0.0,0.0,0.0,0,1.0,0.0
2020-10-09,999456.7224717467,0.0,999456.7224717467,0.0,0.0,0.0,0,1.0,0.0
2020-10-12,999456.7224717467,0.0,999456.7224717467,0.0,0.0,0.0,0,1.0,0.0
2020-10-13,999456.7224717467,0.0,999456.7224717467,0.0,0.0,0.0,0,1.0,0.0
2020-10-14,999456.7224717467,0.0,999456.7224717467,0.0,0.0,0.0,0,1.0,0.0
2020-10-15,999456.7224717467,0.0,999456.7224717467,0.0,0.0,0.0,0,1.0,0.0
2020-10-16,999456.7224717467,0.0,999456.7224717467,0.0,0.0,0.0,0,1.0,0.0
2020-10-19,999456.7224717467,0.0,999456.7224717467,0.0,0.0,0.0,0,1.0,0.0
2020-10-20,999456.7224717467,0.0,999456.7224717467,0.0,0.0,0.0,0,1.0,0.0
2020-10-21,999456.7224717467,0.0,999456.7224717467,0.0,0.0,0.0,0,1.0,0.0
2020-10-22,999456.7224717467,0.0,999456.7224717467,0.0,0.0,0.0,0,1.0,0.0
2020-10-23,999456.7224717467,0.0,999456.7224717467,0.0,0.0,0.0,0,1.0,0.0
2020-10-26,999456.7224717467,0.0,999456.7224717467,0.0,0.0,0.0,0,1.0,0.0
2020-10-27,999456.7224717467,0.0,999456.7224717467,0.0,0.0,0.0,0,1.0,0.0
2020-10-28,999456.7224717467,0.0,999456.7224717467,0.0,0.0,0.0,0,1.0,0.0
2020-10-29,999456.7224717467,0.0,999456.7224717467,0.0,0.0,0.0,0,1.0,0.0
2020-10-30,999456.7224717467,0.0,999456.7224717467,0.0,0.0,0.0,0,1.0,0.0
2020-11-02,999456.7224717467,0.0,999456.7224717467,0.0,0.0,0.0,0,1.0,0.0
2020-11-03,999456.7224717467,0.0,999456.7224717467,0.0,0.0,0.0,0,1.0,0.0
2020-11-04,999456.7224717467,0.0,999456.7224717467,0.0,0.0,0.0,0,1.0,0.0
2020-11-05,999456.7224717467,0.0,999456.7224717467,0.0,0.0,0.0,0,1.0,0.0
2020-11-06,999456.7224717467,0.0,999456.7224717467,0.0,0.0,0.0,0,1.0,0.0
2020-11-09,999456.7224717467,0.0,999456.7224717467,0.0,0.0,0.0,0,1.0,0.0
2020-11-10,999456.7224717467,0.0,999456.7224717467,0.0,0.0,0.0,0,1.0,0.0
2020-11-11,999456.7224717467,0.0,999456.7224717467,0.0,0.0,0.0,0,1.0,0.0
2020-11-12,999456.7224717467,0.0,999456.7224717467,0.0,0.0,0.0,0,1.0,0.0
2020-11-13,999456.7224717467,0.0,999456.7224717467,0.0,0.0,0.0,0,1.0,0.0
2020-11-16,999456.7224717467,0.0,999456.7224717467,0.0,0.0,0.0,0,1.0,0.0
2020-11-17,999456.7224717467,0.0,999456.7224717467,0.0,0.0,0.0,0,1.0,0.0
2020-11-18,999456.7224717467,0.0,999456.7224717467,0.0,0.0,0.0,0,1.0,0.0
2020-11-19,999456.7224717467,0.0,999456.7224717467,0.0,0.0,0.0,0,1.0,0.0
2020-11-20,999456.7224717467,0.0,999456.7224717467,0.0,0.0,0.0,0,1.0,0.0
2020-11-23,999456.7224717467,0.0,999456.7224717467,0.0,0.0,0.0,0,1.0,0.0
2020-11-24,999456.7224717467,0.0,999456.7224717467,0.0,0.0,0.0,0,1.0,0.0
2020-11-25,999456.7224717467,0.0,999456.7224717467,0.0,0.0,0.0,0,1.0,0.0
2020-11-27,999456.7224717467,0.0,999456.7224717467,0.0,0.0,0.0,0,1.0,0.0
2020-11-30,999456.7224717467,0.0,999456.7224717467,0.0,0.0,0.0,0,1.0,0.0
2020-12-01,999456.7224717467,0.0,999456.7224717467,0.0,0.0,0.0,0,1.0,0.0
2020-12-02,999456.7224717467,0.0,999456.7224717467,0.0,0.0,0.0,0,1.0,0.0
2020-12-03,999456.7224717467,0.0,999456.7224717467,0.0,0.0,0.0,0,1.0,0.0
2020-12-04,999456.7224717467,0.0,999456.7224717467,0.0,0.0,0.0,0,1.0,0.0
2020-12-07,999456.7224717467,0.0,999456.7224717467,0.0,0.0,0.0,0,1.0,0.0
2020-12-08,999456.7224717467,0.0,999456.7224717467,0.0,0.0,0.0,0,1.0,0.0
2020-12-09,999456.7224717467,0.0,999456.7224717467,0.0,0.0,0.0,0,1.0,0.0
2020-12-10,999456.7224717467,0.0,999456.7224717467,0.0,0.0,0.0,0,1.0,0.0
2020-12-11,999456.7224717467,0.0,999456.7224717467,0.0,0.0,0.0,0,1.0,0.0
2020-12-14,999456.7224717467,0.0,999456.7224717467,0.0,0.0,0.0,0,1.0,0.0
2020-12-15,999456.7224717467,0.0,999456.7224717467,0.0,0.0,0.0,0,1.0,0.0
2020-12-16,999456.7224717467,0.0,999456.7224717467,0.0,0.0,0.0,0,1.0,0.0
2020-12-17,999456.7224717467,0.0,999456.7224717467,0.0,0.0,0.0,0,1.0,0.0
2020-12-18,999456.7224717467,0.0,999456.7224717467,0.0,0.0,0.0,0,1.0,0.0
2020-12-21,999456.7224717467,0.0,999456.7224717467,0.0,0.0,0.0,0,1.0,0.0
2020-12-22,999456.7224717467,0.0,999456.7224717467,0.0,0.0,0.0,0,1.0,0.0
2020-12-23,999456.7224717467,0.0,999456.7224717467,0.0,0.0,0.0,0,1.0,0.0
2020-12-24,999456.7224717467,0.0,999456.7224717467,0.0,0.0,0.0,0,1.0,0.0
2020-12-28,999456.7224717467,0.0,999456.7224717467,0.0,0.0,0.0,0,1.0,0.0
2020-12-29,999456.7224717467,0.0,999456.7224717467,0.0,0.0,0.0,0,1.0,0.0
2020-12-30,999456.7224717467,0.0,999456.7224717467,0.0,0.0,0.0,0,1.0,0.0
2020-12-31,999456.7224717467,0.0,999456.7224717467,0.0,0.0,0.0,0,1.0,0.0
2021-01-04,999456.7224717467,0.0,999456.7224717467,0.0,0.0,0.0,0,1.0,0.0
2021-01-05,999456.7224717467,0.0,999456.7224717467,0.0,0.0,0.0,0,1.0,0.0
2021-01-06,999456.7224717467,0.0,999456.7224717467,0.0,0.0,0.0,0,1.0,0.0
2021-01-07,999456.7224717467,0.0,999456.7224717467,0.0,0.0,0.0,0,1.0,0.0
2021-01-08,999456.7224717467,0.0,999456.7224717467,0.0,0.0,0.0,0,1.0,0.0
2021-01-11,999456.7224717467,0.0,999456.7224717467,0.0,0.0,0.0,0,1.0,0.0
2021-01-12,999456.7224717467,0.0,999456.7224717467,0.0,0.0,0.0,0,1.0,0.0
2021-01-13,999456.7224717467,0.0,999456.7224717467,0.0,0.0,0.0,0,1.0,0.0
2021-01-14,999456.7224717467,0.0,999456.7224717467,0.0,0.0,0.0,0,1.0,0.0
2021-01-15,999456.7224717467,0.0,999456.7224717467,0.0,0.0,0.0,0,1.0,0.0
2021-01-19,999456.7224717467,0.0,999456.7224717467,0.0,0.0,0.0,0,1.0,0.0
2021-01-20,999456.7224717467,0.0,999456.7224717467,0.0,0.0,0.0,0,1.0,0.0
2021-01-21,999456.7224717467,0.0,999456.7224717467,0.0,0.0,0.0,0,1.0,0.0
2021-01-22,999456.7224717467,0.0,999456.7224717467,0.0,0.0,0.0,0,1.0,0.0
2021-01-25,999456.7224717467,0.0,999456.7224717467,0.0,0.0,0.0,0,1.0,0.0
2021-01-26,999456.7224717467,0.0,999456.7224717467,0.0,0.0,0.0,0,1.0,0.0
2021-01-27,999456.7224717467,0.0,999456.7224717467,0.0,0.0,0.0,0,1.0,0.0
2021-01-28,999456.7224717467,0.0,999456.7224717467,0.0,0.0,0.0,0,1.0,0.0
2021-01-29,999456.7224717467,0.0,999456.7224717467,0.0,0.0,0.0,0,1.0,0.0
2021-02-01,999456.7224717467,0.0,999456.7224717467,0.0,0.0,0.0,0,1.0,0.0
2021-02-02,999456.7224717467,0.0,999456.7224717467,0.0,0.0,0.0,0,1.0,0.0
2021-02-03,999456.7224717467,0.0,999456.7224717467,0.0,0.0,0.0,0,1.0,0.0
2021-02-04,999456.7224717467,0.0,999456.7224717467,0.0,0.0,0.0,0,1.0,0.0
2021-02-05,999456.7224717467,0.0,999456.7224717467,0.0,0.0,0.0,0,1.0,0.0
2021-02-08,999456.7224717467,0.0,999456.7224717467,0.0,0.0,0.0,0,1.0,0.0
2021-02-09,999456.7224717467,0.0,999456.7224717467,0.0,0.0,0.0,0,1.0,0.0
2021-02-10,999456.7224717467,0.0,999456.7224717467,0.0,0.0,0.0,0,1.0,0.0
2021-02-11,999456.7224717467,0.0,999456.7224717467,0.0,0.0,0.0,0,1.0,0.0
2021-02-12,999456.7224717467,0.0,999456.7224717467,0.0,0.0,0.0,0,1.0,0.0
2021-02-16,999456.7224717467,0.0,999456.7224717467,0.0,0.0,0.0,0,1.0,0.0
2021-02-17,999456.7224717467,0.0,999456.7224717467,0.0,0.0,0.0,0,1.0,0.0
2021-02-18,999456.7224717467,0.0,999456.7224717467,0.0,0.0,0.0,0,1.0,0.0
2021-02-19,999456.7224717467,0.0,999456.7224717467,0.0,0.0,0.0,0,1.0,0.0
2021-02-22,999456.7224717467,0.0,999456.7224717467,0.0,0.0,0.0,0,1.0,0.0
2021-02-23,999456.7224717467,0.0,999456.7224717467,0.0,0.0,0.0,0,1.0,0.0
2021-02-24,999456.7224717467,0.0,999456.7224717467,0.0,0.0,0.0,0,1.0,0.0
2021-02-25,999456.7224717467,0.0,999456.7224717467,0.0,0.0,0.0,0,1.0,0.0
2021-02-26,999456.7224717467,0.0,999456.7224717467,0.0,0.0,0.0,0,1.0,0.0
2021-03-01,999456.7224717467,0.0,999456.7224717467,0.0,0.0,0.0,0,1.0,0.0
2021-03-02,999456.7224717467,0.0,999456.7224717467,0.0,0.0,0.0,0,1.0,0.0
2021-03-03,999456.7224717467,0.0,999456.7224717467,0.0,0.0,0.0,0,1.0,0.0
2021-03-04,999456.7224717467,0.0,999456.7224717467,0.0,0.0,0.0,0,1.0,0.0
2021-03-05,999456.7224717467,0.0,999456.7224717467,0.0,0.0,0.0,0,1.0,0.0
2021-03-08,999456.7224717467,0.0,999456.7224717467,0.0,0.0,0.0,0,1.0,0.0
2021-03-09,999456.7224717467,0.0,999456.7224717467,0.0,0.0,0.0,0,1.0,0.0
2021-03-10,999456.7224717467,0.0,999456.7224717467,0.0,0.0,0.0,0,1.0,0.0
2021-03-11,999456.7224717467,0.0,999456.7224717467,0.0,0.0,0.0,0,1.0,0.0
2021-03-12,999456.7224717467,0.0,999456.7224717467,0.0,0.0,0.0,0,1.0,0.0
2021-03-15,999456.7224717467,0.0,999456.7224717467,0.0,0.0,0.0,0,1.0,0.0
2021-03-16,999456.7224717467,0.0,999456.7224717467,0.0,0.0,0.0,0,1.0,0.0
2021-03-17,999456.7224717467,0.0,999456.7224717467,0.0,0.0,0.0,0,1.0,0.0
2021-03-18,999456.7224717467,0.0,999456.7224717467,0.0,0.0,0.0,0,1.0,0.0
2021-03-19,999456.7224717467,0.0,999456.7224717467,0.0,0.0,0.0,0,1.0,0.0
2021-03-22,999456.7224717467,0.0,999456.7224717467,0.0,0.0,0.0,0,1.0,0.0
2021-03-23,999456.7224717467,0.0,999456.7224717467,0.0,0.0,0.0,0,1.0,0.0
2021-03-24,999456.7224717467,0.0,999456.7224717467,0.0,0.0,0.0,0,1.0,0.0
2021-03-25,999456.7224717467,0.0,999456.7224717467,0.0,0.0,0.0,0,1.0,0.0
2021-03-26,999456.7224717467,0.0,999456.7224717467,0.0,0.0,0.0,0,1.0,0.0
2021-03-29,999456.7224717467,0.0,999456.7224717467,0.0,0.0,0.0,0,1.0,0.0
2021-03-30,999456.7224717467,0.0,999456.7224717467,0.0,0.0,0.0,0,1.0,0.0
2021-03-31,999456.7224717467,0.0,999456.7224717467,0.0,0.0,0.0,0,1.0,0.0
2021-04-01,999456.7224717467,0.0,999456.7224717467,0.0,0.0,0.0,0,1.0,0.0
2021-04-05,999456.7224717467,0.0,999456.7224717467,0.0,0.0,0.0,0,1.0,0.0
2021-04-06,999456.7224717467,0.0,999456.7224717467,0.0,0.0,0.0,0,1.0,0.0
2021-04-07,999456.7224717467,0.0,999456.7224717467,0.0,0.0,0.0,0,1.0,0.0
2021-04-08,999456.7224717467,0.0,999456.7224717467,0.0,0.0,0.0,0,1.0,0.0
2021-04-09,999456.7224717467,0.0,999456.7224717467,0.0,0.0,0.0,0,1.0,0.0
2021-04-12,999456.7224717467,0.0,999456.7224717467,0.0,0.0,0.0,0,1.0,0.0
2021-04-13,999456.7224717467,0.0,999456.7224717467,0.0,0.0,0.0,0,1.0,0.0
2021-04-14,999456.7224717467,0.0,999456.7224717467,0.0,0.0,0.0,0,1.0,0.0
2021-04-15,999456.7224717467,0.0,999456.7224717467,0.0,0.0,0.0,0,1.0,0.0
2021-04-16,999456.7224717467,0.0,999456.7224717467,0.0,0.0,0.0,0,1.0,0.0
2021-04-19,999456.7224717467,0.0,999456.7224717467,0.0,0.0,0.0,0,1.0,0.0
2021-04-20,999456.7224717467,0.0,999456.7224717467,0.0,0.0,0.0,0,1.0,0.0
2021-04-21,999456.7224717467,0.0,999456.7224717467,0.0,0.0,0.0,0,1.0,0.0
2021-04-22,999456.7224717467,0.0,999456.7224717467,0.0,0.0,0.0,0,1.0,0.0
2021-04-23,999456.7224717467,0.0,999456.7224717467,0.0,0.0,0.0,0,1.0,0.0
2021-04-26,999456.7224717467,0.0,999456.7224717467,0.0,0.0,0.0,0,1.0,0.0
2021-04-27,999456.7224717467,0.0,999456.7224717467,0.0,0.0,0.0,0,1.0,0.0
2021-04-28,999456.7224717467,0.0,999456.7224717467,0.0,0.0,0.0,0,1.0,0.0
2021-04-29,999456.7224717467,0.0,999456.7224717467,0.0,0.0,0.0,0,1.0,0.0
2021-04-30,999456.7224717467,0.0,999456.7224717467,0.0,0.0,0.0,0,1.0,0.0
2021-05-03,999456.7224717467,0.0,999456.7224717467,0.0,0.0,0.0,0,1.0,0.0
2021-05-04,999456.7224717467,0.0,999456.7224717467,0.0,0.0,0.0,0,1.0,0.0
2021-05-05,999456.7224717467,0.0,999456.7224717467,0.0,0.0,0.0,0,1.0,0.0
2021-05-06,999456.7224717467,0.0,999456.7224717467,0.0,0.0,0.0,0,1.0,0.0
2021-05-07,999456.7224717467,0.0,999456.7224717467,0.0,0.0,0.0,0,1.0,0.0
2021-05-10,999408.9090230167,-4.783943882213926e-05,988611.972055174,41644.03010298945,72491.12323813616,10796.936967842732,5,1.0,0.0
2021-05-11,999341.4989417592,-6.744995031449097e-05,988611.5497814828,41301.740408809404,71873.53165734238,10729.949160276428,5,1.0,0.4222736911039933
2021-05-12,999503.8364728016,0.0001624445009180686,988611.1312764691,40837.132939295145,70781.56068225775,10892.705196332536,5,1.0,0.41850501366917137
2021-05-13,999971.8281991298,0.00046822404202040424,988610.7213595938,41642.83475112414,71924.56266271223,11361.106839536042,5,1.0,0.4099168753314525
2021-05-14,1000064.3052719283,9.247967811765179e-05,988610.3068253308,42200.71343356102,72947.42842052453,11453.998446597496,5,1.0,0.4145342629923079
2021-05-17,1000260.7331277775,0.00019641522531466116,1000260.7331277775,0.0,0.0,0.0,0,1.0,1.2626987674317667
2021-05-18,1000260.7331277775,0.0,1000260.7331277775,0.0,0.0,0.0,0,1.0,0.0
2021-05-19,1000260.7331277775,0.0,1000260.7331277775,0.0,0.0,0.0,0,1.0,0.0
2021-05-20,1000260.7331277775,0.0,1000260.7331277775,0.0,0.0,0.0,0,1.0,0.0
2021-05-21,1000260.7331277775,0.0,1000260.7331277775,0.0,0.0,0.0,0,1.0,0.0
2021-05-24,1000260.7331277775,0.0,1000260.7331277775,0.0,0.0,0.0,0,1.0,0.0
2021-05-25,1000260.7331277775,0.0,1000260.7331277775,0.0,0.0,0.0,0,1.0,0.0
2021-05-26,1000260.7331277775,0.0,1000260.7331277775,0.0,0.0,0.0,0,1.0,0.0
2021-05-27,1000260.7331277775,0.0,1000260.7331277775,0.0,0.0,0.0,0,1.0,0.0
2021-05-28,1000260.7331277775,0.0,1000260.7331277775,0.0,0.0,0.0,0,1.0,0.0
2021-06-01,1000260.7331277775,0.0,1000260.7331277775,0.0,0.0,0.0,0,1.0,0.0
2021-06-02,1000260.7331277775,0.0,1000260.7331277775,0.0,0.0,0.0,0,1.0,0.0
2021-06-03,1000260.7331277775,0.0,1000260.7331277775,0.0,0.0,0.0,0,1.0,0.0
2021-06-04,1000260.7331277775,0.0,1000260.7331277775,0.0,0.0,0.0,0,1.0,0.0
2021-06-07,1000260.7331277775,0.0,1000260.7331277775,0.0,0.0,0.0,0,1.0,0.0
2021-06-08,1000260.7331277775,0.0,1000260.7331277775,0.0,0.0,0.0,0,1.0,0.0
2021-06-09,1000260.7331277775,0.0,1000260.7331277775,0.0,0.0,0.0,0,1.0,0.0
2021-06-10,1000260.7331277775,0.0,1000260.7331277775,0.0,0.0,0.0,0,1.0,0.0
2021-06-11,1000260.7331277775,0.0,1000260.7331277775,0.0,0.0,0.0,0,1.0,0.0
2021-06-14,1000260.7331277775,0.0,1000260.7331277775,0.0,0.0,0.0,0,1.0,0.0
2021-06-15,1000260.7331277775,0.0,1000260.7331277775,0.0,0.0,0.0,0,1.0,0.0
2021-06-16,1000260.7331277775,0.0,1000260.7331277775,0.0,0.0,0.0,0,1.0,0.0
2021-06-17,1000260.7331277775,0.0,1000260.7331277775,0.0,0.0,0.0,0,1.0,0.0
2021-06-18,1000260.7331277775,0.0,1000260.7331277775,0.0,0.0,0.0,0,1.0,0.0
2021-06-21,1000260.7331277775,0.0,1000260.7331277775,0.0,0.0,0.0,0,1.0,0.0
2021-06-22,1000260.7331277775,0.0,1000260.7331277775,0.0,0.0,0.0,0,1.0,0.0
2021-06-23,1000260.7331277775,0.0,1000260.7331277775,0.0,0.0,0.0,0,1.0,0.0
2021-06-24,1000260.7331277775,0.0,1000260.7331277775,0.0,0.0,0.0,0,1.0,0.0
2021-06-25,1000260.7331277775,0.0,1000260.7331277775,0.0,0.0,0.0,0,1.0,0.0
2021-06-28,1000260.7331277775,0.0,1000260.7331277775,0.0,0.0,0.0,0,1.0,0.0
2021-06-29,1000260.7331277775,0.0,1000260.7331277775,0.0,0.0,0.0,0,1.0,0.0
2021-06-30,1000260.7331277775,0.0,1000260.7331277775,0.0,0.0,0.0,0,1.0,0.0
2021-07-01,1000260.7331277775,0.0,1000260.7331277775,0.0,0.0,0.0,0,1.0,0.0
2021-07-02,1000260.7331277775,0.0,1000260.7331277775,0.0,0.0,0.0,0,1.0,0.0
2021-07-06,1000260.7331277775,0.0,1000260.7331277775,0.0,0.0,0.0,0,1.0,0.0
2021-07-07,1000260.7331277775,0.0,1000260.7331277775,0.0,0.0,0.0,0,1.0,0.0
2021-07-08,1000260.7331277775,0.0,1000260.7331277775,0.0,0.0,0.0,0,1.0,0.0
2021-07-09,1000260.7331277775,0.0,1000260.7331277775,0.0,0.0,0.0,0,1.0,0.0
2021-07-12,1000260.7331277775,0.0,1000260.7331277775,0.0,0.0,0.0,0,1.0,0.0
2021-07-13,1000260.7331277775,0.0,1000260.7331277775,0.0,0.0,0.0,0,1.0,0.0
2021-07-14,1000260.7331277775,0.0,1000260.7331277775,0.0,0.0,0.0,0,1.0,0.0
2021-07-15,1000260.7331277775,0.0,1000260.7331277775,0.0,0.0,0.0,0,1.0,0.0
2021-07-16,1000260.7331277775,0.0,1000260.7331277775,0.0,0.0,0.0,0,1.0,0.0
2021-07-19,1000260.7331277775,0.0,1000260.7331277775,0.0,0.0,0.0,0,1.0,0.0
2021-07-20,1000260.7331277775,0.0,1000260.7331277775,0.0,0.0,0.0,0,1.0,0.0
2021-07-21,1000260.7331277775,0.0,1000260.7331277775,0.0,0.0,0.0,0,1.0,0.0
2021-07-22,1000260.7331277775,0.0,1000260.7331277775,0.0,0.0,0.0,0,1.0,0.0
2021-07-23,1000260.7331277775,0.0,1000260.7331277775,0.0,0.0,0.0,0,1.0,0.0
2021-07-26,1000260.7331277775,0.0,1000260.7331277775,0.0,0.0,0.0,0,1.0,0.0
2021-07-27,1000260.7331277775,0.0,1000260.7331277775,0.0,0.0,0.0,0,1.0,0.0
2021-07-28,1000260.7331277775,0.0,1000260.7331277775,0.0,0.0,0.0,0,1.0,0.0
2021-07-29,1000260.7331277775,0.0,1000260.7331277775,0.0,0.0,0.0,0,1.0,0.0
2021-07-30,1000260.7331277775,0.0,1000260.7331277775,0.0,0.0,0.0,0,1.0,0.0
2021-08-02,1000260.7331277775,0.0,1000260.7331277775,0.0,0.0,0.0,0,1.0,0.0
2021-08-03,1000260.7331277775,0.0,1000260.7331277775,0.0,0.0,0.0,0,1.0,0.0
2021-08-04,1000260.7331277775,0.0,1000260.7331277775,0.0,0.0,0.0,0,1.0,0.0
2021-08-05,1000260.7331277775,0.0,1000260.7331277775,0.0,0.0,0.0,0,1.0,0.0
2021-08-06,1000260.7331277775,0.0,1000260.7331277775,0.0,0.0,0.0,0,1.0,0.0
2021-08-09,1000260.7331277775,0.0,1000260.7331277775,0.0,0.0,0.0,0,1.0,0.0
2021-08-10,1000260.7331277775,0.0,1000260.7331277775,0.0,0.0,0.0,0,1.0,0.0
2021-08-11,1000260.7331277775,0.0,1000260.7331277775,0.0,0.0,0.0,0,1.0,0.0
2021-08-12,1000260.7331277775,0.0,1000260.7331277775,0.0,0.0,0.0,0,1.0,0.0
2021-08-13,1000260.7331277775,0.0,1000260.7331277775,0.0,0.0,0.0,0,1.0,0.0
2021-08-16,1000260.7331277775,0.0,1000260.7331277775,0.0,0.0,0.0,0,1.0,0.0
2021-08-17,1000260.7331277775,0.0,1000260.7331277775,0.0,0.0,0.0,0,1.0,0.0
2021-08-18,1000260.7331277775,0.0,1000260.7331277775,0.0,0.0,0.0,0,1.0,0.0
2021-08-19,1000260.7331277775,0.0,1000260.7331277775,0.0,0.0,0.0,0,1.0,0.0
2021-08-20,1000260.7331277775,0.0,1000260.7331277775,0.0,0.0,0.0,0,1.0,0.0
2021-08-23,1000260.7331277775,0.0,1000260.7331277775,0.0,0.0,0.0,0,1.0,0.0
2021-08-24,1000260.7331277775,0.0,1000260.7331277775,0.0,0.0,0.0,0,1.0,0.0
2021-08-25,1000260.7331277775,0.0,1000260.7331277775,0.0,0.0,0.0,0,1.0,0.0
2021-08-26,1000260.7331277775,0.0,1000260.7331277775,0.0,0.0,0.0,0,1.0,0.0
2021-08-27,1000260.7331277775,0.0,1000260.7331277775,0.0,0.0,0.0,0,1.0,0.0
2021-08-30,1000260.7331277775,0.0,1000260.7331277775,0.0,0.0,0.0,0,1.0,0.0
2021-08-31,1000260.7331277775,0.0,1000260.7331277775,0.0,0.0,0.0,0,1.0,0.0
2021-09-01,1000260.7331277775,0.0,1000260.7331277775,0.0,0.0,0.0,0,1.0,0.0
2021-09-02,1000260.7331277775,0.0,1000260.7331277775,0.0,0.0,0.0,0,1.0,0.0
2021-09-03,1000260.7331277775,0.0,1000260.7331277775,0.0,0.0,0.0,0,1.0,0.0
2021-09-07,1000260.7331277775,0.0,1000260.7331277775,0.0,0.0,0.0,0,1.0,0.0
2021-09-08,1000260.7331277775,0.0,1000260.7331277775,0.0,0.0,0.0,0,1.0,0.0
2021-09-09,1000260.7331277775,0.0,1000260.7331277775,0.0,0.0,0.0,0,1.0,0.0
2021-09-10,1000260.7331277775,0.0,1000260.7331277775,0.0,0.0,0.0,0,1.0,0.0
2021-09-13,1000260.7331277775,0.0,1000260.7331277775,0.0,0.0,0.0,0,1.0,0.0
2021-09-14,1000260.7331277775,0.0,1000260.7331277775,0.0,0.0,0.0,0,1.0,0.0
2021-09-15,1000260.7331277775,0.0,1000260.7331277775,0.0,0.0,0.0,0,1.0,0.0
2021-09-16,1000260.7331277775,0.0,1000260.7331277775,0.0,0.0,0.0,0,1.0,0.0
2021-09-17,1000260.7331277775,0.0,1000260.7331277775,0.0,0.0,0.0,0,1.0,0.0
2021-09-20,1000260.7331277775,0.0,1000260.7331277775,0.0,0.0,0.0,0,1.0,0.0
2021-09-21,1000260.7331277775,0.0,1000260.7331277775,0.0,0.0,0.0,0,1.0,0.0
2021-09-22,1000260.7331277775,0.0,1000260.7331277775,0.0,0.0,0.0,0,1.0,0.0
2021-09-23,1000260.7331277775,0.0,1000260.7331277775,0.0,0.0,0.0,0,1.0,0.0
2021-09-24,1000260.7331277775,0.0,1000260.7331277775,0.0,0.0,0.0,0,1.0,0.0
2021-09-27,1000260.7331277775,0.0,1000260.7331277775,0.0,0.0,0.0,0,1.0,0.0
2021-09-28,1000260.7331277775,0.0,1000260.7331277775,0.0,0.0,0.0,0,1.0,0.0
2021-09-29,1000260.7331277775,0.0,1000260.7331277775,0.0,0.0,0.0,0,1.0,0.0
2021-09-30,1000260.7331277775,0.0,1000260.7331277775,0.0,0.0,0.0,0,1.0,0.0
2021-10-01,1000260.7331277775,0.0,1000260.7331277775,0.0,0.0,0.0,0,1.0,0.0
2021-10-04,1000260.7331277775,0.0,1000260.7331277775,0.0,0.0,0.0,0,1.0,0.0
2021-10-05,1000260.7331277775,0.0,1000260.7331277775,0.0,0.0,0.0,0,1.0,0.0
2021-10-06,1000260.7331277775,0.0,1000260.7331277775,0.0,0.0,0.0,0,1.0,0.0
2021-10-07,1000260.7331277775,0.0,1000260.7331277775,0.0,0.0,0.0,0,1.0,0.0
2021-10-08,1000260.7331277775,0.0,1000260.7331277775,0.0,0.0,0.0,0,1.0,0.0
2021-10-11,1000260.7331277775,0.0,1000260.7331277775,0.0,0.0,0.0,0,1.0,0.0
2021-10-12,1000260.7331277775,0.0,1000260.7331277775,0.0,0.0,0.0,0,1.0,0.0
2021-10-13,1000260.7331277775,0.0,1000260.7331277775,0.0,0.0,0.0,0,1.0,0.0
2021-10-14,1000260.7331277775,0.0,1000260.7331277775,0.0,0.0,0.0,0,1.0,0.0
2021-10-15,1000260.7331277775,0.0,1000260.7331277775,0.0,0.0,0.0,0,1.0,0.0
2021-10-18,1000260.7331277775,0.0,1000260.7331277775,0.0,0.0,0.0,0,1.0,0.0
2021-10-19,1000260.7331277775,0.0,1000260.7331277775,0.0,0.0,0.0,0,1.0,0.0
2021-10-20,1000260.7331277775,0.0,1000260.7331277775,0.0,0.0,0.0,0,1.0,0.0
2021-10-21,1000260.7331277775,0.0,1000260.7331277775,0.0,0.0,0.0,0,1.0,0.0
2021-10-22,1000260.7331277775,0.0,1000260.7331277775,0.0,0.0,0.0,0,1.0,0.0
2021-10-25,1000260.7331277775,0.0,1000260.7331277775,0.0,0.0,0.0,0,1.0,0.0
2021-10-26,1000260.7331277775,0.0,1000260.7331277775,0.0,0.0,0.0,0,1.0,0.0
2021-10-27,1000260.7331277775,0.0,1000260.7331277775,0.0,0.0,0.0,0,1.0,0.0
2021-10-28,1000260.7331277775,0.0,1000260.7331277775,0.0,0.0,0.0,0,1.0,0.0
2021-10-29,1000260.7331277775,0.0,1000260.7331277775,0.0,0.0,0.0,0,1.0,0.0
2021-11-01,1000260.7331277775,0.0,1000260.7331277775,0.0,0.0,0.0,0,1.0,0.0
2021-11-02,1000260.7331277775,0.0,1000260.7331277775,0.0,0.0,0.0,0,1.0,0.0
2021-11-03,1000260.7331277775,0.0,1000260.7331277775,0.0,0.0,0.0,0,1.0,0.0
2021-11-04,1000260.7331277775,0.0,1000260.7331277775,0.0,0.0,0.0,0,1.0,0.0
2021-11-05,1000260.7331277775,0.0,1000260.7331277775,0.0,0.0,0.0,0,1.0,0.0
2021-11-08,1000215.0389227743,-4.568229411583413e-05,988623.4879875411,40010.4293251111,68429.30771498907,11591.55093523313,4,1.0,0.0
2021-11-09,1000838.4858218131,0.0006233128625123818,988623.0989542983,40540.32954667932,68865.2722258438,12215.386867514846,4,1.0,0.3890332428456944
2021-11-10,1001240.5585551496,0.00040173588349401435,988622.7112069653,40714.92021272295,68811.99307726155,12617.847348184358,4,1.0,0.38774733304811054
2021-11-11,1001418.5183258071,0.000177739274679789,988622.326579,40902.35514936396,69008.51855192082,12796.191746807104,4,1.0,0.384627965291425
2021-11-12,1001154.1558135321,-0.0002639880404018413,988621.941826592,40850.49022404058,69168.76646114101,12532.21398694015,4,1.0,0.38475240797476873
2021-11-15,1000900.750098303,-0.0002531135827161801,1000900.750098303,0.0,0.0,0.0,0,1.0,1.1629682232895455
2021-11-16,1000900.750098303,0.0,1000900.750098303,0.0,0.0,0.0,0,1.0,0.0
2021-11-17,1000900.750098303,0.0,1000900.750098303,0.0,0.0,0.0,0,1.0,0.0
2021-11-18,1000900.750098303,0.0,1000900.750098303,0.0,0.0,0.0,0,1.0,0.0
2021-11-19,1000900.750098303,0.0,1000900.750098303,0.0,0.0,0.0,0,1.0,0.0
2021-11-22,1000900.750098303,0.0,1000900.750098303,0.0,0.0,0.0,0,1.0,0.0
2021-11-23,1000900.750098303,0.0,1000900.750098303,0.0,0.0,0.0,0,1.0,0.0
2021-11-24,1000900.750098303,0.0,1000900.750098303,0.0,0.0,0.0,0,1.0,0.0
2021-11-26,1000900.750098303,0.0,1000900.750098303,0.0,0.0,0.0,0,1.0,0.0
2021-11-29,1000900.750098303,0.0,1000900.750098303,0.0,0.0,0.0,0,1.0,0.0
2021-11-30,1000900.750098303,0.0,1000900.750098303,0.0,0.0,0.0,0,1.0,0.0
2021-12-01,1000900.750098303,0.0,1000900.750098303,0.0,0.0,0.0,0,1.0,0.0
2021-12-02,1000900.750098303,0.0,1000900.750098303,0.0,0.0,0.0,0,1.0,0.0
2021-12-03,1000900.750098303,0.0,1000900.750098303,0.0,0.0,0.0,0,1.0,0.0
2021-12-06,1000900.750098303,0.0,1000900.750098303,0.0,0.0,0.0,0,1.0,0.0
2021-12-07,1000900.750098303,0.0,1000900.750098303,0.0,0.0,0.0,0,1.0,0.0
2021-12-08,1000900.750098303,0.0,1000900.750098303,0.0,0.0,0.0,0,1.0,0.0
2021-12-09,1000900.750098303,0.0,1000900.750098303,0.0,0.0,0.0,0,1.0,0.0
2021-12-10,1000900.750098303,0.0,1000900.750098303,0.0,0.0,0.0,0,1.0,0.0
2021-12-13,1000900.750098303,0.0,1000900.750098303,0.0,0.0,0.0,0,1.0,0.0
2021-12-14,1000900.750098303,0.0,1000900.750098303,0.0,0.0,0.0,0,1.0,0.0
2021-12-15,1000900.750098303,0.0,1000900.750098303,0.0,0.0,0.0,0,1.0,0.0
2021-12-16,1000900.750098303,0.0,1000900.750098303,0.0,0.0,0.0,0,1.0,0.0
2021-12-17,1000900.750098303,0.0,1000900.750098303,0.0,0.0,0.0,0,1.0,0.0
2021-12-20,1000900.750098303,0.0,1000900.750098303,0.0,0.0,0.0,0,1.0,0.0
2021-12-21,1000900.750098303,0.0,1000900.750098303,0.0,0.0,0.0,0,1.0,0.0
2021-12-22,1000900.750098303,0.0,1000900.750098303,0.0,0.0,0.0,0,1.0,0.0
2021-12-23,1000900.750098303,0.0,1000900.750098303,0.0,0.0,0.0,0,1.0,0.0
2021-12-27,1000900.750098303,0.0,1000900.750098303,0.0,0.0,0.0,0,1.0,0.0
2021-12-28,1000900.750098303,0.0,1000900.750098303,0.0,0.0,0.0,0,1.0,0.0
2021-12-29,1000900.750098303,0.0,1000900.750098303,0.0,0.0,0.0,0,1.0,0.0
2021-12-30,1000900.750098303,0.0,1000900.750098303,0.0,0.0,0.0,0,1.0,0.0
2021-12-31,1000900.750098303,0.0,1000900.750098303,0.0,0.0,0.0,0,1.0,0.0
2022-01-03,1000900.750098303,0.0,1000900.750098303,0.0,0.0,0.0,0,1.0,0.0
2022-01-04,1000900.750098303,0.0,1000900.750098303,0.0,0.0,0.0,0,1.0,0.0
2022-01-05,1000900.750098303,0.0,1000900.750098303,0.0,0.0,0.0,0,1.0,0.0
2022-01-06,1000900.750098303,0.0,1000900.750098303,0.0,0.0,0.0,0,1.0,0.0
2022-01-07,1000900.750098303,0.0,1000900.750098303,0.0,0.0,0.0,0,1.0,0.0
2022-01-10,1000900.750098303,0.0,1000900.750098303,0.0,0.0,0.0,0,1.0,0.0
2022-01-11,1000900.750098303,0.0,1000900.750098303,0.0,0.0,0.0,0,1.0,0.0
2022-01-12,1000900.750098303,0.0,1000900.750098303,0.0,0.0,0.0,0,1.0,0.0
2022-01-13,1000900.750098303,0.0,1000900.750098303,0.0,0.0,0.0,0,1.0,0.0
2022-01-14,1000900.750098303,0.0,1000900.750098303,0.0,0.0,0.0,0,1.0,0.0
2022-01-18,1000900.750098303,0.0,1000900.750098303,0.0,0.0,0.0,0,1.0,0.0
2022-01-19,1000900.750098303,0.0,1000900.750098303,0.0,0.0,0.0,0,1.0,0.0
2022-01-20,1000900.750098303,0.0,1000900.750098303,0.0,0.0,0.0,0,1.0,0.0
2022-01-21,1000900.750098303,0.0,1000900.750098303,0.0,0.0,0.0,0,1.0,0.0
2022-01-24,1000900.750098303,0.0,1000900.750098303,0.0,0.0,0.0,0,1.0,0.0
2022-01-25,1000900.750098303,0.0,1000900.750098303,0.0,0.0,0.0,0,1.0,0.0
2022-01-26,1000900.750098303,0.0,1000900.750098303,0.0,0.0,0.0,0,1.0,0.0
2022-01-27,1000900.750098303,0.0,1000900.750098303,0.0,0.0,0.0,0,1.0,0.0
2022-01-28,1000900.750098303,0.0,1000900.750098303,0.0,0.0,0.0,0,1.0,0.0
2022-01-31,1000900.750098303,0.0,1000900.750098303,0.0,0.0,0.0,0,1.0,0.0
2022-02-01,1000900.750098303,0.0,1000900.750098303,0.0,0.0,0.0,0,1.0,0.0
2022-02-02,1000900.750098303,0.0,1000900.750098303,0.0,0.0,0.0,0,1.0,0.0
2022-02-03,1000900.750098303,0.0,1000900.750098303,0.0,0.0,0.0,0,1.0,0.0
2022-02-04,1000900.750098303,0.0,1000900.750098303,0.0,0.0,0.0,0,1.0,0.0
2022-02-07,1000900.750098303,0.0,1000900.750098303,0.0,0.0,0.0,0,1.0,0.0
2022-02-08,1000900.750098303,0.0,1000900.750098303,0.0,0.0,0.0,0,1.0,0.0
2022-02-09,1000900.750098303,0.0,1000900.750098303,0.0,0.0,0.0,0,1.0,0.0
2022-02-10,1000900.750098303,0.0,1000900.750098303,0.0,0.0,0.0,0,1.0,0.0
2022-02-11,1000900.750098303,0.0,1000900.750098303,0.0,0.0,0.0,0,1.0,0.0
2022-02-14,1000900.750098303,0.0,1000900.750098303,0.0,0.0,0.0,0,1.0,0.0
2022-02-15,1000900.750098303,0.0,1000900.750098303,0.0,0.0,0.0,0,1.0,0.0
2022-02-16,1000900.750098303,0.0,1000900.750098303,0.0,0.0,0.0,0,1.0,0.0
2022-02-17,1000900.750098303,0.0,1000900.750098303,0.0,0.0,0.0,0,1.0,0.0
2022-02-18,1000900.750098303,0.0,1000900.750098303,0.0,0.0,0.0,0,1.0,0.0
2022-02-22,1000900.750098303,0.0,1000900.750098303,0.0,0.0,0.0,0,1.0,0.0
2022-02-23,1000900.750098303,0.0,1000900.750098303,0.0,0.0,0.0,0,1.0,0.0
2022-02-24,1000900.750098303,0.0,1000900.750098303,0.0,0.0,0.0,0,1.0,0.0
2022-02-25,1000900.750098303,0.0,1000900.750098303,0.0,0.0,0.0,0,1.0,0.0
2022-02-28,1000900.750098303,0.0,1000900.750098303,0.0,0.0,0.0,0,1.0,0.0
2022-03-01,1000900.750098303,0.0,1000900.750098303,0.0,0.0,0.0,0,1.0,0.0
2022-03-02,1000900.750098303,0.0,1000900.750098303,0.0,0.0,0.0,0,1.0,0.0
2022-03-03,1000900.750098303,0.0,1000900.750098303,0.0,0.0,0.0,0,1.0,0.0
2022-03-04,1000900.750098303,0.0,1000900.750098303,0.0,0.0,0.0,0,1.0,0.0
2022-03-07,1000900.750098303,0.0,1000900.750098303,0.0,0.0,0.0,0,1.0,0.0
2022-03-08,1000900.750098303,0.0,1000900.750098303,0.0,0.0,0.0,0,1.0,0.0
2022-03-09,1000900.750098303,0.0,1000900.750098303,0.0,0.0,0.0,0,1.0,0.0
2022-03-10,1000900.750098303,0.0,1000900.750098303,0.0,0.0,0.0,0,1.0,0.0
2022-03-11,1000900.750098303,0.0,1000900.750098303,0.0,0.0,0.0,0,1.0,0.0
2022-03-14,1000900.750098303,0.0,1000900.750098303,0.0,0.0,0.0,0,1.0,0.0
2022-03-15,1000900.750098303,0.0,1000900.750098303,0.0,0.0,0.0,0,1.0,0.0
2022-03-16,1000900.750098303,0.0,1000900.750098303,0.0,0.0,0.0,0,1.0,0.0
2022-03-17,1000900.750098303,0.0,1000900.750098303,0.0,0.0,0.0,0,1.0,0.0
2022-03-18,1000900.750098303,0.0,1000900.750098303,0.0,0.0,0.0,0,1.0,0.0
2022-03-21,1000900.750098303,0.0,1000900.750098303,0.0,0.0,0.0,0,1.0,0.0
2022-03-22,1000900.750098303,0.0,1000900.750098303,0.0,0.0,0.0,0,1.0,0.0
2022-03-23,1000900.750098303,0.0,1000900.750098303,0.0,0.0,0.0,0,1.0,0.0
2022-03-24,1000900.750098303,0.0,1000900.750098303,0.0,0.0,0.0,0,1.0,0.0
2022-03-25,1000900.750098303,0.0,1000900.750098303,0.0,0.0,0.0,0,1.0,0.0
2022-03-28,1000900.750098303,0.0,1000900.750098303,0.0,0.0,0.0,0,1.0,0.0
2022-03-29,1000900.750098303,0.0,1000900.750098303,0.0,0.0,0.0,0,1.0,0.0
2022-03-30,1000900.750098303,0.0,1000900.750098303,0.0,0.0,0.0,0,1.0,0.0
2022-03-31,1000900.750098303,0.0,1000900.750098303,0.0,0.0,0.0,0,1.0,0.0
2022-04-01,1000900.750098303,0.0,1000900.750098303,0.0,0.0,0.0,0,1.0,0.0
2022-04-04,1000900.750098303,0.0,1000900.750098303,0.0,0.0,0.0,0,1.0,0.0
2022-04-05,1000900.750098303,0.0,1000900.750098303,0.0,0.0,0.0,0,1.0,0.0
2022-04-06,1000900.750098303,0.0,1000900.750098303,0.0,0.0,0.0,0,1.0,0.0
2022-04-07,1000900.750098303,0.0,1000900.750098303,0.0,0.0,0.0,0,1.0,0.0
2022-04-08,1000900.750098303,0.0,1000900.750098303,0.0,0.0,0.0,0,1.0,0.0
2022-04-11,1000900.750098303,0.0,1000900.750098303,0.0,0.0,0.0,0,1.0,0.0
2022-04-12,1000900.750098303,0.0,1000900.750098303,0.0,0.0,0.0,0,1.0,0.0
2022-04-13,1000900.750098303,0.0,1000900.750098303,0.0,0.0,0.0,0,1.0,0.0
2022-04-14,1000900.750098303,0.0,1000900.750098303,0.0,0.0,0.0,0,1.0,0.0
2022-04-18,1000900.750098303,0.0,1000900.750098303,0.0,0.0,0.0,0,1.0,0.0
2022-04-19,1000900.750098303,0.0,1000900.750098303,0.0,0.0,0.0,0,1.0,0.0
2022-04-20,1000900.750098303,0.0,1000900.750098303,0.0,0.0,0.0,0,1.0,0.0
2022-04-21,1000900.750098303,0.0,1000900.750098303,0.0,0.0,0.0,0,1.0,0.0
2022-04-22,1000900.750098303,0.0,1000900.750098303,0.0,0.0,0.0,0,1.0,0.0
2022-04-25,1000900.750098303,0.0,1000900.750098303,0.0,0.0,0.0,0,1.0,0.0
2022-04-26,1000900.750098303,0.0,1000900.750098303,0.0,0.0,0.0,0,1.0,0.0
2022-04-27,1000900.750098303,0.0,1000900.750098303,0.0,0.0,0.0,0,1.0,0.0
2022-04-28,1000900.750098303,0.0,1000900.750098303,0.0,0.0,0.0,0,1.0,0.0
2022-04-29,1000900.750098303,0.0,1000900.750098303,0.0,0.0,0.0,0,1.0,0.0
2022-05-02,1000900.750098303,0.0,1000900.750098303,0.0,0.0,0.0,0,1.0,0.0
2022-05-03,1000900.750098303,0.0,1000900.750098303,0.0,0.0,0.0,0,1.0,0.0
2022-05-04,1000900.750098303,0.0,1000900.750098303,0.0,0.0,0.0,0,1.0,0.0
2022-05-05,1000900.750098303,0.0,1000900.750098303,0.0,0.0,0.0,0,1.0,0.0
2022-05-06,1000900.750098303,0.0,1000900.750098303,0.0,0.0,0.0,0,1.0,0.0
2022-05-09,1000900.750098303,0.0,1000900.750098303,0.0,0.0,0.0,0,1.0,0.0
2022-05-10,1000900.750098303,0.0,1000900.750098303,0.0,0.0,0.0,0,1.0,0.0
2022-05-11,1000900.750098303,0.0,1000900.750098303,0.0,0.0,0.0,0,1.0,0.0
2022-05-12,1000900.750098303,0.0,1000900.750098303,0.0,0.0,0.0,0,1.0,0.0
2022-05-13,1000900.750098303,0.0,1000900.750098303,0.0,0.0,0.0,0,1.0,0.0
2022-05-16,1000900.750098303,0.0,1000900.750098303,0.0,0.0,0.0,0,1.0,0.0
2022-05-17,1000900.750098303,0.0,1000900.750098303,0.0,0.0,0.0,0,1.0,0.0
2022-05-18,1000900.750098303,0.0,1000900.750098303,0.0,0.0,0.0,0,1.0,0.0
2022-05-19,1000900.750098303,0.0,1000900.750098303,0.0,0.0,0.0,0,1.0,0.0
2022-05-20,1000900.750098303,0.0,1000900.750098303,0.0,0.0,0.0,0,1.0,0.0
2022-05-23,1000900.750098303,0.0,1000900.750098303,0.0,0.0,0.0,0,1.0,0.0
2022-05-24,1000900.750098303,0.0,1000900.750098303,0.0,0.0,0.0,0,1.0,0.0
2022-05-25,1000900.750098303,0.0,1000900.750098303,0.0,0.0,0.0,0,1.0,0.0
2022-05-26,1000900.750098303,0.0,1000900.750098303,0.0,0.0,0.0,0,1.0,0.0
2022-05-27,1000900.750098303,0.0,1000900.750098303,0.0,0.0,0.0,0,1.0,0.0
2022-05-31,1000900.750098303,0.0,1000900.750098303,0.0,0.0,0.0,0,1.0,0.0
2022-06-01,1000900.750098303,0.0,1000900.750098303,0.0,0.0,0.0,0,1.0,0.0
2022-06-02,1000900.750098303,0.0,1000900.750098303,0.0,0.0,0.0,0,1.0,0.0
2022-06-03,1000900.750098303,0.0,1000900.750098303,0.0,0.0,0.0,0,1.0,0.0
2022-06-06,1000900.750098303,0.0,1000900.750098303,0.0,0.0,0.0,0,1.0,0.0
2022-06-07,1000900.750098303,0.0,1000900.750098303,0.0,0.0,0.0,0,1.0,0.0
2022-06-08,1000900.750098303,0.0,1000900.750098303,0.0,0.0,0.0,0,1.0,0.0
2022-06-09,1000900.750098303,0.0,1000900.750098303,0.0,0.0,0.0,0,1.0,0.0
2022-06-10,1000900.750098303,0.0,1000900.750098303,0.0,0.0,0.0,0,1.0,0.0
2022-06-13,1000900.750098303,0.0,1000900.750098303,0.0,0.0,0.0,0,1.0,0.0
2022-06-14,1000900.750098303,0.0,1000900.750098303,0.0,0.0,0.0,0,1.0,0.0
2022-06-15,1000900.750098303,0.0,1000900.750098303,0.0,0.0,0.0,0,1.0,0.0
2022-06-16,1000900.750098303,0.0,1000900.750098303,0.0,0.0,0.0,0,1.0,0.0
2022-06-17,1000900.750098303,0.0,1000900.750098303,0.0,0.0,0.0,0,1.0,0.0
2022-06-21,1000900.750098303,0.0,1000900.750098303,0.0,0.0,0.0,0,1.0,0.0
2022-06-22,1000900.750098303,0.0,1000900.750098303,0.0,0.0,0.0,0,1.0,0.0
2022-06-23,1000900.750098303,0.0,1000900.750098303,0.0,0.0,0.0,0,1.0,0.0
2022-06-24,1000900.750098303,0.0,1000900.750098303,0.0,0.0,0.0,0,1.0,0.0
2022-06-27,1000900.750098303,0.0,1000900.750098303,0.0,0.0,0.0,0,1.0,0.0
2022-06-28,1000900.750098303,0.0,1000900.750098303,0.0,0.0,0.0,0,1.0,0.0
2022-06-29,1000900.750098303,0.0,1000900.750098303,0.0,0.0,0.0,0,1.0,0.0
2022-06-30,1000900.750098303,0.0,1000900.750098303,0.0,0.0,0.0,0,1.0,0.0
2022-07-01,1000900.750098303,0.0,1000900.750098303,0.0,0.0,0.0,0,1.0,0.0
2022-07-05,1000900.750098303,0.0,1000900.750098303,0.0,0.0,0.0,0,1.0,0.0
2022-07-06,1000900.750098303,0.0,1000900.750098303,0.0,0.0,0.0,0,1.0,0.0
2022-07-07,1000900.750098303,0.0,1000900.750098303,0.0,0.0,0.0,0,1.0,0.0
2022-07-08,1000900.750098303,0.0,1000900.750098303,0.0,0.0,0.0,0,1.0,0.0
2022-07-11,1000900.750098303,0.0,1000900.750098303,0.0,0.0,0.0,0,1.0,0.0
2022-07-12,1000900.750098303,0.0,1000900.750098303,0.0,0.0,0.0,0,1.0,0.0
2022-07-13,1000900.750098303,0.0,1000900.750098303,0.0,0.0,0.0,0,1.0,0.0
2022-07-14,1000900.750098303,0.0,1000900.750098303,0.0,0.0,0.0,0,1.0,0.0
2022-07-15,1000900.750098303,0.0,1000900.750098303,0.0,0.0,0.0,0,1.0,0.0
2022-07-18,1000900.750098303,0.0,1000900.750098303,0.0,0.0,0.0,0,1.0,0.0
2022-07-19,1000900.750098303,0.0,1000900.750098303,0.0,0.0,0.0,0,1.0,0.0
2022-07-20,1000900.750098303,0.0,1000900.750098303,0.0,0.0,0.0,0,1.0,0.0
2022-07-21,1000900.750098303,0.0,1000900.750098303,0.0,0.0,0.0,0,1.0,0.0
2022-07-22,1000900.750098303,0.0,1000900.750098303,0.0,0.0,0.0,0,1.0,0.0
2022-07-25,1000900.750098303,0.0,1000900.750098303,0.0,0.0,0.0,0,1.0,0.0
2022-07-26,1000900.750098303,0.0,1000900.750098303,0.0,0.0,0.0,0,1.0,0.0
2022-07-27,1000900.750098303,0.0,1000900.750098303,0.0,0.0,0.0,0,1.0,0.0
2022-07-28,1000900.750098303,0.0,1000900.750098303,0.0,0.0,0.0,0,1.0,0.0
2022-07-29,1000900.750098303,0.0,1000900.750098303,0.0,0.0,0.0,0,1.0,0.0
2022-08-01,1000900.750098303,0.0,1000900.750098303,0.0,0.0,0.0,0,1.0,0.0
2022-08-02,1000900.750098303,0.0,1000900.750098303,0.0,0.0,0.0,0,1.0,0.0
2022-08-03,1000900.750098303,0.0,1000900.750098303,0.0,0.0,0.0,0,1.0,0.0
2022-08-04,1000900.750098303,0.0,1000900.750098303,0.0,0.0,0.0,0,1.0,0.0
2022-08-05,1000900.750098303,0.0,1000900.750098303,0.0,0.0,0.0,0,1.0,0.0
2022-08-08,1000900.750098303,0.0,1000900.750098303,0.0,0.0,0.0,0,1.0,0.0
2022-08-09,1000900.750098303,0.0,1000900.750098303,0.0,0.0,0.0,0,1.0,0.0
2022-08-10,1000900.750098303,0.0,1000900.750098303,0.0,0.0,0.0,0,1.0,0.0
2022-08-11,1000900.750098303,0.0,1000900.750098303,0.0,0.0,0.0,0,1.0,0.0
2022-08-12,1000900.750098303,0.0,1000900.750098303,0.0,0.0,0.0,0,1.0,0.0
2022-08-15,1000900.750098303,0.0,1000900.750098303,0.0,0.0,0.0,0,1.0,0.0
2022-08-16,1000900.750098303,0.0,1000900.750098303,0.0,0.0,0.0,0,1.0,0.0
2022-08-17,1000900.750098303,0.0,1000900.750098303,0.0,0.0,0.0,0,1.0,0.0
2022-08-18,1000900.750098303,0.0,1000900.750098303,0.0,0.0,0.0,0,1.0,0.0
2022-08-19,1000900.750098303,0.0,1000900.750098303,0.0,0.0,0.0,0,1.0,0.0
2022-08-22,1000900.750098303,0.0,1000900.750098303,0.0,0.0,0.0,0,1.0,0.0
2022-08-23,1000900.750098303,0.0,1000900.750098303,0.0,0.0,0.0,0,1.0,0.0
2022-08-24,1000900.750098303,0.0,1000900.750098303,0.0,0.0,0.0,0,1.0,0.0
2022-08-25,1000900.750098303,0.0,1000900.750098303,0.0,0.0,0.0,0,1.0,0.0
2022-08-26,1000900.750098303,0.0,1000900.750098303,0.0,0.0,0.0,0,1.0,0.0
2022-08-29,1000900.750098303,0.0,1000900.750098303,0.0,0.0,0.0,0,1.0,0.0
2022-08-30,1000900.750098303,0.0,1000900.750098303,0.0,0.0,0.0,0,1.0,0.0
2022-08-31,1000900.750098303,0.0,1000900.750098303,0.0,0.0,0.0,0,1.0,0.0
2022-09-01,1000900.750098303,0.0,1000900.750098303,0.0,0.0,0.0,0,1.0,0.0
2022-09-02,1000900.750098303,0.0,1000900.750098303,0.0,0.0,0.0,0,1.0,0.0
2022-09-06,1000900.750098303,0.0,1000900.750098303,0.0,0.0,0.0,0,1.0,0.0
2022-09-07,1000900.750098303,0.0,1000900.750098303,0.0,0.0,0.0,0,1.0,0.0
2022-09-08,1000900.750098303,0.0,1000900.750098303,0.0,0.0,0.0,0,1.0,0.0
2022-09-09,1000900.750098303,0.0,1000900.750098303,0.0,0.0,0.0,0,1.0,0.0
2022-09-12,1000900.750098303,0.0,1000900.750098303,0.0,0.0,0.0,0,1.0,0.0
2022-09-13,1000900.750098303,0.0,1000900.750098303,0.0,0.0,0.0,0,1.0,0.0
2022-09-14,1000900.750098303,0.0,1000900.750098303,0.0,0.0,0.0,0,1.0,0.0
2022-09-15,1000900.750098303,0.0,1000900.750098303,0.0,0.0,0.0,0,1.0,0.0
2022-09-16,1000900.750098303,0.0,1000900.750098303,0.0,0.0,0.0,0,1.0,0.0
2022-09-19,1000900.750098303,0.0,1000900.750098303,0.0,0.0,0.0,0,1.0,0.0
2022-09-20,1000900.750098303,0.0,1000900.750098303,0.0,0.0,0.0,0,1.0,0.0
2022-09-21,1000900.750098303,0.0,1000900.750098303,0.0,0.0,0.0,0,1.0,0.0
2022-09-22,1000900.750098303,0.0,1000900.750098303,0.0,0.0,0.0,0,1.0,0.0
2022-09-23,1000900.750098303,0.0,1000900.750098303,0.0,0.0,0.0,0,1.0,0.0
2022-09-26,1000900.750098303,0.0,1000900.750098303,0.0,0.0,0.0,0,1.0,0.0
2022-09-27,1000900.750098303,0.0,1000900.750098303,0.0,0.0,0.0,0,1.0,0.0
2022-09-28,1000900.750098303,0.0,1000900.750098303,0.0,0.0,0.0,0,1.0,0.0
2022-09-29,1000900.750098303,0.0,1000900.750098303,0.0,0.0,0.0,0,1.0,0.0
2022-09-30,1000900.750098303,0.0,1000900.750098303,0.0,0.0,0.0,0,1.0,0.0
2022-10-03,1000900.750098303,0.0,1000900.750098303,0.0,0.0,0.0,0,1.0,0.0
2022-10-04,1000900.750098303,0.0,1000900.750098303,0.0,0.0,0.0,0,1.0,0.0
2022-10-05,1000900.750098303,0.0,1000900.750098303,0.0,0.0,0.0,0,1.0,0.0
2022-10-06,1000900.750098303,0.0,1000900.750098303,0.0,0.0,0.0,0,1.0,0.0
2022-10-07,1000900.750098303,0.0,1000900.750098303,0.0,0.0,0.0,0,1.0,0.0
2022-10-10,1000900.750098303,0.0,1000900.750098303,0.0,0.0,0.0,0,1.0,0.0
2022-10-11,1000900.750098303,0.0,1000900.750098303,0.0,0.0,0.0,0,1.0,0.0
2022-10-12,1000900.750098303,0.0,1000900.750098303,0.0,0.0,0.0,0,1.0,0.0
2022-10-13,1000900.750098303,0.0,1000900.750098303,0.0,0.0,0.0,0,1.0,0.0
2022-10-14,1000900.750098303,0.0,1000900.750098303,0.0,0.0,0.0,0,1.0,0.0
2022-10-17,1000900.750098303,0.0,1000900.750098303,0.0,0.0,0.0,0,1.0,0.0
2022-10-18,1000900.750098303,0.0,1000900.750098303,0.0,0.0,0.0,0,1.0,0.0
2022-10-19,1000900.750098303,0.0,1000900.750098303,0.0,0.0,0.0,0,1.0,0.0
2022-10-20,1000900.750098303,0.0,1000900.750098303,0.0,0.0,0.0,0,1.0,0.0
2022-10-21,1000900.750098303,0.0,1000900.750098303,0.0,0.0,0.0,0,1.0,0.0
2022-10-24,1000900.750098303,0.0,1000900.750098303,0.0,0.0,0.0,0,1.0,0.0
2022-10-25,1000900.750098303,0.0,1000900.750098303,0.0,0.0,0.0,0,1.0,0.0
2022-10-26,1000900.750098303,0.0,1000900.750098303,0.0,0.0,0.0,0,1.0,0.0
2022-10-27,1000900.750098303,0.0,1000900.750098303,0.0,0.0,0.0,0,1.0,0.0
2022-10-28,1000900.750098303,0.0,1000900.750098303,0.0,0.0,0.0,0,1.0,0.0
2022-10-31,1000900.750098303,0.0,1000900.750098303,0.0,0.0,0.0,0,1.0,0.0
2022-11-01,1000900.750098303,0.0,1000900.750098303,0.0,0.0,0.0,0,1.0,0.0
2022-11-02,1000900.750098303,0.0,1000900.750098303,0.0,0.0,0.0,0,1.0,0.0
2022-11-03,1000900.750098303,0.0,1000900.750098303,0.0,0.0,0.0,0,1.0,0.0
2022-11-04,1000900.750098303,0.0,1000900.750098303,0.0,0.0,0.0,0,1.0,0.0
2022-11-07,1000900.750098303,0.0,1000900.750098303,0.0,0.0,0.0,0,1.0,0.0
2022-11-08,1000900.750098303,0.0,1000900.750098303,0.0,0.0,0.0,0,1.0,0.0
2022-11-09,1000900.750098303,0.0,1000900.750098303,0.0,0.0,0.0,0,1.0,0.0
2022-11-10,1000900.750098303,0.0,1000900.750098303,0.0,0.0,0.0,0,1.0,0.0
2022-11-11,1000900.750098303,0.0,1000900.750098303,0.0,0.0,0.0,0,1.0,0.0
2022-11-14,1000900.750098303,0.0,1000900.750098303,0.0,0.0,0.0,0,1.0,0.0
2022-11-15,1000900.750098303,0.0,1000900.750098303,0.0,0.0,0.0,0,1.0,0.0
2022-11-16,1000900.750098303,0.0,1000900.750098303,0.0,0.0,0.0,0,1.0,0.0
2022-11-17,1000900.750098303,0.0,1000900.750098303,0.0,0.0,0.0,0,1.0,0.0
2022-11-18,1000900.750098303,0.0,1000900.750098303,0.0,0.0,0.0,0,1.0,0.0
2022-11-21,1000900.750098303,0.0,1000900.750098303,0.0,0.0,0.0,0,1.0,0.0
2022-11-22,1000900.750098303,0.0,1000900.750098303,0.0,0.0,0.0,0,1.0,0.0
2022-11-23,1000900.750098303,0.0,1000900.750098303,0.0,0.0,0.0,0,1.0,0.0
2022-11-25,1000900.750098303,0.0,1000900.750098303,0.0,0.0,0.0,0,1.0,0.0
2022-11-28,1000900.750098303,0.0,1000900.750098303,0.0,0.0,0.0,0,1.0,0.0
2022-11-29,1000900.750098303,0.0,1000900.750098303,0.0,0.0,0.0,0,1.0,0.0
2022-11-30,1000900.750098303,0.0,1000900.750098303,0.0,0.0,0.0,0,1.0,0.0
2022-12-01,1000900.750098303,0.0,1000900.750098303,0.0,0.0,0.0,0,1.0,0.0
2022-12-02,1000900.750098303,0.0,1000900.750098303,0.0,0.0,0.0,0,1.0,0.0
2022-12-05,1000900.750098303,0.0,1000900.750098303,0.0,0.0,0.0,0,1.0,0.0
2022-12-06,1000900.750098303,0.0,1000900.750098303,0.0,0.0,0.0,0,1.0,0.0
2022-12-07,1000900.750098303,0.0,1000900.750098303,0.0,0.0,0.0,0,1.0,0.0
2022-12-08,1000900.750098303,0.0,1000900.750098303,0.0,0.0,0.0,0,1.0,0.0
2022-12-09,1000900.750098303,0.0,1000900.750098303,0.0,0.0,0.0,0,1.0,0.0
2022-12-12,1000900.750098303,0.0,1000900.750098303,0.0,0.0,0.0,0,1.0,0.0
2022-12-13,1000900.750098303,0.0,1000900.750098303,0.0,0.0,0.0,0,1.0,0.0
2022-12-14,1000900.750098303,0.0,1000900.750098303,0.0,0.0,0.0,0,1.0,0.0
2022-12-15,1000900.750098303,0.0,1000900.750098303,0.0,0.0,0.0,0,1.0,0.0
2022-12-16,1000900.750098303,0.0,1000900.750098303,0.0,0.0,0.0,0,1.0,0.0
2022-12-19,1000900.750098303,0.0,1000900.750098303,0.0,0.0,0.0,0,1.0,0.0
2022-12-20,1000900.750098303,0.0,1000900.750098303,0.0,0.0,0.0,0,1.0,0.0
2022-12-21,1000900.750098303,0.0,1000900.750098303,0.0,0.0,0.0,0,1.0,0.0
2022-12-22,1000900.750098303,0.0,1000900.750098303,0.0,0.0,0.0,0,1.0,0.0
2022-12-23,1000900.750098303,0.0,1000900.750098303,0.0,0.0,0.0,0,1.0,0.0
2022-12-27,1000900.750098303,0.0,1000900.750098303,0.0,0.0,0.0,0,1.0,0.0
2022-12-28,1000900.750098303,0.0,1000900.750098303,0.0,0.0,0.0,0,1.0,0.0
2022-12-29,1000900.750098303,0.0,1000900.750098303,0.0,0.0,0.0,0,1.0,0.0
2022-12-30,1000900.750098303,0.0,1000900.750098303,0.0,0.0,0.0,0,1.0,0.0
2023-01-03,1000900.750098303,0.0,1000900.750098303,0.0,0.0,0.0,0,1.0,0.0
2023-01-04,1000900.750098303,0.0,1000900.750098303,0.0,0.0,0.0,0,1.0,0.0
2023-01-05,1000900.750098303,0.0,1000900.750098303,0.0,0.0,0.0,0,1.0,0.0
2023-01-06,1000900.750098303,0.0,1000900.750098303,0.0,0.0,0.0,0,1.0,0.0
2023-01-09,1000900.750098303,0.0,1000900.750098303,0.0,0.0,0.0,0,1.0,0.0
2023-01-10,1000900.750098303,0.0,1000900.750098303,0.0,0.0,0.0,0,1.0,0.0
2023-01-11,1000900.750098303,0.0,1000900.750098303,0.0,0.0,0.0,0,1.0,0.0
2023-01-12,1000900.750098303,0.0,1000900.750098303,0.0,0.0,0.0,0,1.0,0.0
2023-01-13,1000900.750098303,0.0,1000900.750098303,0.0,0.0,0.0,0,1.0,0.0
2023-01-17,1000900.750098303,0.0,1000900.750098303,0.0,0.0,0.0,0,1.0,0.0
2023-01-18,1000900.750098303,0.0,1000900.750098303,0.0,0.0,0.0,0,1.0,0.0
2023-01-19,1000900.750098303,0.0,1000900.750098303,0.0,0.0,0.0,0,1.0,0.0
2023-01-20,1000900.750098303,0.0,1000900.750098303,0.0,0.0,0.0,0,1.0,0.0
2023-01-23,1000900.750098303,0.0,1000900.750098303,0.0,0.0,0.0,0,1.0,0.0
2023-01-24,1000900.750098303,0.0,1000900.750098303,0.0,0.0,0.0,0,1.0,0.0
2023-01-25,1000900.750098303,0.0,1000900.750098303,0.0,0.0,0.0,0,1.0,0.0
2023-01-26,1000900.750098303,0.0,1000900.750098303,0.0,0.0,0.0,0,1.0,0.0
2023-01-27,1000900.750098303,0.0,1000900.750098303,0.0,0.0,0.0,0,1.0,0.0
2023-01-30,1000843.4281272973,-5.727038470104695e-05,987183.0581260312,50045.03750491515,86429.70500856417,13660.370001266136,6,1.0,0.0
2023-01-31,1000925.8600451403,8.236245103510065e-05,987182.5600470784,50662.94272375796,87582.58544945405,13743.299998061873,6,1.0,0.49807895282202624
2023-02-01,1000944.1706108081,1.829362832816983e-05,987182.0546447139,51074.134341924946,88386.15271775569,13762.1159660942,6,1.0,0.5054023644859149
2023-02-02,1000865.1696218417,-7.89264689139424e-05,987181.5438710195,51538.79370452444,89393.96165822659,13683.625750822288,6,1.0,0.5107736943987782
2023-02-03,1001086.4723297021,0.00022111140898628534,987181.0256620126,51358.24790146495,88811.04913524038,13905.446667689524,6,1.0,0.5182090068953067
2023-02-06,1000641.3179783178,-0.00044467122839875195,1000641.3179783178,0.0,0.0,0.0,0,1.0,1.5381027200729127
2023-02-07,1000641.3179783178,0.0,1000641.3179783178,0.0,0.0,0.0,0,1.0,0.0
2023-02-08,1000641.3179783178,0.0,1000641.3179783178,0.0,0.0,0.0,0,1.0,0.0
2023-02-09,1000641.3179783178,0.0,1000641.3179783178,0.0,0.0,0.0,0,1.0,0.0
2023-02-10,1000641.3179783178,0.0,1000641.3179783178,0.0,0.0,0.0,0,1.0,0.0
2023-02-13,1000641.3179783178,0.0,1000641.3179783178,0.0,0.0,0.0,0,1.0,0.0
2023-02-14,1000641.3179783178,0.0,1000641.3179783178,0.0,0.0,0.0,0,1.0,0.0
2023-02-15,1000641.3179783178,0.0,1000641.3179783178,0.0,0.0,0.0,0,1.0,0.0
2023-02-16,1000641.3179783178,0.0,1000641.3179783178,0.0,0.0,0.0,0,1.0,0.0
2023-02-17,1000641.3179783178,0.0,1000641.3179783178,0.0,0.0,0.0,0,1.0,0.0
2023-02-21,1000641.3179783178,0.0,1000641.3179783178,0.0,0.0,0.0,0,1.0,0.0
2023-02-22,1000641.3179783178,0.0,1000641.3179783178,0.0,0.0,0.0,0,1.0,0.0
2023-02-23,1000641.3179783178,0.0,1000641.3179783178,0.0,0.0,0.0,0,1.0,0.0
2023-02-24,1000641.3179783178,0.0,1000641.3179783178,0.0,0.0,0.0,0,1.0,0.0
2023-02-27,1000641.3179783178,0.0,1000641.3179783178,0.0,0.0,0.0,0,1.0,0.0
2023-02-28,1000641.3179783178,0.0,1000641.3179783178,0.0,0.0,0.0,0,1.0,0.0
2023-03-01,1000641.3179783178,0.0,1000641.3179783178,0.0,0.0,0.0,0,1.0,0.0
2023-03-02,1000641.3179783178,0.0,1000641.3179783178,0.0,0.0,0.0,0,1.0,0.0
2023-03-03,1000641.3179783178,0.0,1000641.3179783178,0.0,0.0,0.0,0,1.0,0.0
2023-03-06,1000641.3179783178,0.0,1000641.3179783178,0.0,0.0,0.0,0,1.0,0.0
2023-03-07,1000641.3179783178,0.0,1000641.3179783178,0.0,0.0,0.0,0,1.0,0.0
2023-03-08,1000641.3179783178,0.0,1000641.3179783178,0.0,0.0,0.0,0,1.0,0.0
2023-03-09,1000641.3179783178,0.0,1000641.3179783178,0.0,0.0,0.0,0,1.0,0.0
2023-03-10,1000641.3179783178,0.0,1000641.3179783178,0.0,0.0,0.0,0,1.0,0.0
2023-03-13,1000641.3179783178,0.0,1000641.3179783178,0.0,0.0,0.0,0,1.0,0.0
2023-03-14,1000641.3179783178,0.0,1000641.3179783178,0.0,0.0,0.0,0,1.0,0.0
2023-03-15,1000641.3179783178,0.0,1000641.3179783178,0.0,0.0,0.0,0,1.0,0.0
2023-03-16,1000641.3179783178,0.0,1000641.3179783178,0.0,0.0,0.0,0,1.0,0.0
2023-03-17,1000641.3179783178,0.0,1000641.3179783178,0.0,0.0,0.0,0,1.0,0.0
2023-03-20,1000583.8439525794,-5.743719023565408e-05,987761.5772501298,50032.0658989159,87241.8650953821,12822.266702449688,6,1.0,0.0
2023-03-21,1001254.8269142491,0.0006705914409121938,987761.0678757397,51192.14119696264,88890.52335541585,13493.759038509434,6,1.0,0.5093743900953622
2023-03-22,1000264.4471741298,-0.0009891385424543042,987760.5518130133,49559.653833044744,86615.412304973,12503.895361116487,6,1.0,0.5160627263306394
2023-03-23,999222.6958681924,-0.0010414758905812338,987760.0445473258,48618.58346826855,85774.51561567055,11462.651320866567,6,1.0,0.507265687500729
2023-03-24,999781.7954630764,0.0005595345233810889,987759.5359103355,49422.01074108531,86821.76192942967,12022.259552740943,6,1.0,0.5086369903819574
2023-03-27,999915.987080754,0.00013422090528814046,999915.987080754,0.0,0.0,0.0,0,1.0,1.5359240734433004
2023-03-28,999915.987080754,0.0,999915.987080754,0.0,0.0,0.0,0,1.0,0.0
2023-03-29,999915.987080754,0.0,999915.987080754,0.0,0.0,0.0,0,1.0,0.0
2023-03-30,999915.987080754,0.0,999915.987080754,0.0,0.0,0.0,0,1.0,0.0
2023-03-31,999915.987080754,0.0,999915.987080754,0.0,0.0,0.0,0,1.0,0.0
2023-04-03,999915.987080754,0.0,999915.987080754,0.0,0.0,0.0,0,1.0,0.0
2023-04-04,999915.987080754,0.0,999915.987080754,0.0,0.0,0.0,0,1.0,0.0
2023-04-05,999915.987080754,0.0,999915.987080754,0.0,0.0,0.0,0,1.0,0.0
2023-04-06,999915.987080754,0.0,999915.987080754,0.0,0.0,0.0,0,1.0,0.0
2023-04-10,999915.987080754,0.0,999915.987080754,0.0,0.0,0.0,0,1.0,0.0
2023-04-11,999915.987080754,0.0,999915.987080754,0.0,0.0,0.0,0,1.0,0.0
2023-04-12,999915.987080754,0.0,999915.987080754,0.0,0.0,0.0,0,1.0,0.0
2023-04-13,999915.987080754,0.0,999915.987080754,0.0,0.0,0.0,0,1.0,0.0
2023-04-14,999915.987080754,0.0,999915.987080754,0.0,0.0,0.0,0,1.0,0.0
2023-04-17,999915.987080754,0.0,999915.987080754,0.0,0.0,0.0,0,1.0,0.0
2023-04-18,999915.987080754,0.0,999915.987080754,0.0,0.0,0.0,0,1.0,0.0
2023-04-19,999915.987080754,0.0,999915.987080754,0.0,0.0,0.0,0,1.0,0.0
2023-04-20,999915.987080754,0.0,999915.987080754,0.0,0.0,0.0,0,1.0,0.0
2023-04-21,999915.987080754,0.0,999915.987080754,0.0,0.0,0.0,0,1.0,0.0
2023-04-24,999915.987080754,0.0,999915.987080754,0.0,0.0,0.0,0,1.0,0.0
2023-04-25,999915.987080754,0.0,999915.987080754,0.0,0.0,0.0,0,1.0,0.0
2023-04-26,999915.987080754,0.0,999915.987080754,0.0,0.0,0.0,0,1.0,0.0
2023-04-27,999915.987080754,0.0,999915.987080754,0.0,0.0,0.0,0,1.0,0.0
2023-04-28,999915.987080754,0.0,999915.987080754,0.0,0.0,0.0,0,1.0,0.0
2023-05-01,999915.987080754,0.0,999915.987080754,0.0,0.0,0.0,0,1.0,0.0
2023-05-02,999915.987080754,0.0,999915.987080754,0.0,0.0,0.0,0,1.0,0.0
2023-05-03,999915.987080754,0.0,999915.987080754,0.0,0.0,0.0,0,1.0,0.0
2023-05-04,999915.987080754,0.0,999915.987080754,0.0,0.0,0.0,0,1.0,0.0
2023-05-05,999915.987080754,0.0,999915.987080754,0.0,0.0,0.0,0,1.0,0.0
2023-05-08,999915.987080754,0.0,999915.987080754,0.0,0.0,0.0,0,1.0,0.0
2023-05-09,999915.987080754,0.0,999915.987080754,0.0,0.0,0.0,0,1.0,0.0
2023-05-10,999915.987080754,0.0,999915.987080754,0.0,0.0,0.0,0,1.0,0.0
2023-05-11,999915.987080754,0.0,999915.987080754,0.0,0.0,0.0,0,1.0,0.0
2023-05-12,999915.987080754,0.0,999915.987080754,0.0,0.0,0.0,0,1.0,0.0
2023-05-15,999915.987080754,0.0,999915.987080754,0.0,0.0,0.0,0,1.0,0.0
2023-05-16,999915.987080754,0.0,999915.987080754,0.0,0.0,0.0,0,1.0,0.0
2023-05-17,999915.987080754,0.0,999915.987080754,0.0,0.0,0.0,0,1.0,0.0
2023-05-18,999915.987080754,0.0,999915.987080754,0.0,0.0,0.0,0,1.0,0.0
2023-05-19,999915.987080754,0.0,999915.987080754,0.0,0.0,0.0,0,1.0,0.0
2023-05-22,999915.987080754,0.0,999915.987080754,0.0,0.0,0.0,0,1.0,0.0
2023-05-23,999915.987080754,0.0,999915.987080754,0.0,0.0,0.0,0,1.0,0.0
2023-05-24,999915.987080754,0.0,999915.987080754,0.0,0.0,0.0,0,1.0,0.0
2023-05-25,999915.987080754,0.0,999915.987080754,0.0,0.0,0.0,0,1.0,0.0
2023-05-26,999915.987080754,0.0,999915.987080754,0.0,0.0,0.0,0,1.0,0.0
2023-05-30,999915.987080754,0.0,999915.987080754,0.0,0.0,0.0,0,1.0,0.0
2023-05-31,999915.987080754,0.0,999915.987080754,0.0,0.0,0.0,0,1.0,0.0
2023-06-01,999915.987080754,0.0,999915.987080754,0.0,0.0,0.0,0,1.0,0.0
2023-06-02,999915.987080754,0.0,999915.987080754,0.0,0.0,0.0,0,1.0,0.0
2023-06-05,999915.987080754,0.0,999915.987080754,0.0,0.0,0.0,0,1.0,0.0
2023-06-06,999915.987080754,0.0,999915.987080754,0.0,0.0,0.0,0,1.0,0.0
2023-06-07,999915.987080754,0.0,999915.987080754,0.0,0.0,0.0,0,1.0,0.0
2023-06-08,999915.987080754,0.0,999915.987080754,0.0,0.0,0.0,0,1.0,0.0
2023-06-09,999915.987080754,0.0,999915.987080754,0.0,0.0,0.0,0,1.0,0.0
2023-06-12,999915.987080754,0.0,999915.987080754,0.0,0.0,0.0,0,1.0,0.0
2023-06-13,999915.987080754,0.0,999915.987080754,0.0,0.0,0.0,0,1.0,0.0
2023-06-14,999915.987080754,0.0,999915.987080754,0.0,0.0,0.0,0,1.0,0.0
2023-06-15,999915.987080754,0.0,999915.987080754,0.0,0.0,0.0,0,1.0,0.0
2023-06-16,999915.987080754,0.0,999915.987080754,0.0,0.0,0.0,0,1.0,0.0
2023-06-20,999915.987080754,0.0,999915.987080754,0.0,0.0,0.0,0,1.0,0.0
2023-06-21,999915.987080754,0.0,999915.987080754,0.0,0.0,0.0,0,1.0,0.0
2023-06-22,999915.987080754,0.0,999915.987080754,0.0,0.0,0.0,0,1.0,0.0
2023-06-23,999915.987080754,0.0,999915.987080754,0.0,0.0,0.0,0,1.0,0.0
2023-06-26,999915.987080754,0.0,999915.987080754,0.0,0.0,0.0,0,1.0,0.0
2023-06-27,999915.987080754,0.0,999915.987080754,0.0,0.0,0.0,0,1.0,0.0
2023-06-28,999915.987080754,0.0,999915.987080754,0.0,0.0,0.0,0,1.0,0.0
2023-06-29,999915.987080754,0.0,999915.987080754,0.0,0.0,0.0,0,1.0,0.0
2023-06-30,999915.987080754,0.0,999915.987080754,0.0,0.0,0.0,0,1.0,0.0
2023-07-03,999915.987080754,0.0,999915.987080754,0.0,0.0,0.0,0,1.0,0.0
2023-07-05,999915.987080754,0.0,999915.987080754,0.0,0.0,0.0,0,1.0,0.0
2023-07-06,999915.987080754,0.0,999915.987080754,0.0,0.0,0.0,0,1.0,0.0
2023-07-07,999915.987080754,0.0,999915.987080754,0.0,0.0,0.0,0,1.0,0.0
2023-07-10,999915.987080754,0.0,999915.987080754,0.0,0.0,0.0,0,1.0,0.0
2023-07-11,999915.987080754,0.0,999915.987080754,0.0,0.0,0.0,0,1.0,0.0
2023-07-12,999915.987080754,0.0,999915.987080754,0.0,0.0,0.0,0,1.0,0.0
2023-07-13,999915.987080754,0.0,999915.987080754,0.0,0.0,0.0,0,1.0,0.0
2023-07-14,999915.987080754,0.0,999915.987080754,0.0,0.0,0.0,0,1.0,0.0
2023-07-17,999915.987080754,0.0,999915.987080754,0.0,0.0,0.0,0,1.0,0.0
2023-07-18,999915.987080754,0.0,999915.987080754,0.0,0.0,0.0,0,1.0,0.0
2023-07-19,999915.987080754,0.0,999915.987080754,0.0,0.0,0.0,0,1.0,0.0
2023-07-20,999915.987080754,0.0,999915.987080754,0.0,0.0,0.0,0,1.0,0.0
2023-07-21,999915.987080754,0.0,999915.987080754,0.0,0.0,0.0,0,1.0,0.0
2023-07-24,999915.987080754,0.0,999915.987080754,0.0,0.0,0.0,0,1.0,0.0
2023-07-25,999915.987080754,0.0,999915.987080754,0.0,0.0,0.0,0,1.0,0.0
2023-07-26,999915.987080754,0.0,999915.987080754,0.0,0.0,0.0,0,1.0,0.0
2023-07-27,999915.987080754,0.0,999915.987080754,0.0,0.0,0.0,0,1.0,0.0
2023-07-28,999915.987080754,0.0,999915.987080754,0.0,0.0,0.0,0,1.0,0.0
2023-07-31,999915.987080754,0.0,999915.987080754,0.0,0.0,0.0,0,1.0,0.0
2023-08-01,999915.987080754,0.0,999915.987080754,0.0,0.0,0.0,0,1.0,0.0
2023-08-02,999915.987080754,0.0,999915.987080754,0.0,0.0,0.0,0,1.0,0.0
2023-08-03,999915.987080754,0.0,999915.987080754,0.0,0.0,0.0,0,1.0,0.0
2023-08-04,999915.987080754,0.0,999915.987080754,0.0,0.0,0.0,0,1.0,0.0
2023-08-07,999915.987080754,0.0,999915.987080754,0.0,0.0,0.0,0,1.0,0.0
2023-08-08,999915.987080754,0.0,999915.987080754,0.0,0.0,0.0,0,1.0,0.0
2023-08-09,999915.987080754,0.0,999915.987080754,0.0,0.0,0.0,0,1.0,0.0
2023-08-10,999915.987080754,0.0,999915.987080754,0.0,0.0,0.0,0,1.0,0.0
2023-08-11,999915.987080754,0.0,999915.987080754,0.0,0.0,0.0,0,1.0,0.0
2023-08-14,999915.987080754,0.0,999915.987080754,0.0,0.0,0.0,0,1.0,0.0
2023-08-15,999915.987080754,0.0,999915.987080754,0.0,0.0,0.0,0,1.0,0.0
2023-08-16,999915.987080754,0.0,999915.987080754,0.0,0.0,0.0,0,1.0,0.0
2023-08-17,999915.987080754,0.0,999915.987080754,0.0,0.0,0.0,0,1.0,0.0
2023-08-18,999915.987080754,0.0,999915.987080754,0.0,0.0,0.0,0,1.0,0.0
2023-08-21,999915.987080754,0.0,999915.987080754,0.0,0.0,0.0,0,1.0,0.0
2023-08-22,999915.987080754,0.0,999915.987080754,0.0,0.0,0.0,0,1.0,0.0
2023-08-23,999915.987080754,0.0,999915.987080754,0.0,0.0,0.0,0,1.0,0.0
2023-08-24,999915.987080754,0.0,999915.987080754,0.0,0.0,0.0,0,1.0,0.0
2023-08-25,999915.987080754,0.0,999915.987080754,0.0,0.0,0.0,0,1.0,0.0
2023-08-28,999857.912607248,-5.807935292190258e-05,990255.4840132113,49995.79935403771,90389.17011403866,9602.428594036752,4,1.0,0.0
2023-08-29,1000440.0967690537,0.0005822668945905107,990254.9310581017,51162.413894824494,92139.66207869697,10185.16571095201,4,1.0,0.5529551096509371
2023-08-30,1000413.5727942314,-2.6512306841808275e-05,990254.3701101458,51305.22793431268,92451.25318453972,10159.20268408564,4,1.0,0.5609479559736138
2023-08-31,999371.0937823087,-0.0010420480491991624,990253.8068517577,50203.09984814098,91288.91276573084,9117.286930551105,4,1.0,0.563258388093457
2023-09-01,999612.1524196309,0.00024121033600232877,990253.2444176315,50521.35484927207,91683.8016965448,9358.908001999347,4,1.0,0.5624341261819285
2023-09-05,997834.9403608168,-0.001777901613653099,997834.9403608168,0.0,0.0,0.0,0,1.0,2.2539327500217787
2023-09-06,997834.9403608168,0.0,997834.9403608168,0.0,0.0,0.0,0,1.0,0.0
2023-09-07,997834.9403608168,0.0,997834.9403608168,0.0,0.0,0.0,0,1.0,0.0
2023-09-08,997834.9403608168,0.0,997834.9403608168,0.0,0.0,0.0,0,1.0,0.0
2023-09-11,997834.9403608168,0.0,997834.9403608168,0.0,0.0,0.0,0,1.0,0.0
2023-09-12,997834.9403608168,0.0,997834.9403608168,0.0,0.0,0.0,0,1.0,0.0
2023-09-13,997834.9403608168,0.0,997834.9403608168,0.0,0.0,0.0,0,1.0,0.0
2023-09-14,997834.9403608168,0.0,997834.9403608168,0.0,0.0,0.0,0,1.0,0.0
2023-09-15,997834.9403608168,0.0,997834.9403608168,0.0,0.0,0.0,0,1.0,0.0
2023-09-18,997834.9403608168,0.0,997834.9403608168,0.0,0.0,0.0,0,1.0,0.0
2023-09-19,997834.9403608168,0.0,997834.9403608168,0.0,0.0,0.0,0,1.0,0.0
2023-09-20,997834.9403608168,0.0,997834.9403608168,0.0,0.0,0.0,0,1.0,0.0
2023-09-21,997834.9403608168,0.0,997834.9403608168,0.0,0.0,0.0,0,1.0,0.0
2023-09-22,997834.9403608168,0.0,997834.9403608168,0.0,0.0,0.0,0,1.0,0.0
2023-09-25,997834.9403608168,0.0,997834.9403608168,0.0,0.0,0.0,0,1.0,0.0
2023-09-26,997834.9403608168,0.0,997834.9403608168,0.0,0.0,0.0,0,1.0,0.0
2023-09-27,997834.9403608168,0.0,997834.9403608168,0.0,0.0,0.0,0,1.0,0.0
2023-09-28,997834.9403608168,0.0,997834.9403608168,0.0,0.0,0.0,0,1.0,0.0
2023-09-29,997834.9403608168,0.0,997834.9403608168,0.0,0.0,0.0,0,1.0,0.0
2023-10-02,997834.9403608168,0.0,997834.9403608168,0.0,0.0,0.0,0,1.0,0.0
2023-10-03,997834.9403608168,0.0,997834.9403608168,0.0,0.0,0.0,0,1.0,0.0
2023-10-04,997834.9403608168,0.0,997834.9403608168,0.0,0.0,0.0,0,1.0,0.0
2023-10-05,997834.9403608168,0.0,997834.9403608168,0.0,0.0,0.0,0,1.0,0.0
2023-10-06,997834.9403608168,0.0,997834.9403608168,0.0,0.0,0.0,0,1.0,0.0
2023-10-09,997834.9403608168,0.0,997834.9403608168,0.0,0.0,0.0,0,1.0,0.0
2023-10-10,997834.9403608168,0.0,997834.9403608168,0.0,0.0,0.0,0,1.0,0.0
2023-10-11,997834.9403608168,0.0,997834.9403608168,0.0,0.0,0.0,0,1.0,0.0
2023-10-12,997834.9403608168,0.0,997834.9403608168,0.0,0.0,0.0,0,1.0,0.0
2023-10-13,997834.9403608168,0.0,997834.9403608168,0.0,0.0,0.0,0,1.0,0.0
2023-10-16,997834.9403608168,0.0,997834.9403608168,0.0,0.0,0.0,0,1.0,0.0
2023-10-17,997834.9403608168,0.0,997834.9403608168,0.0,0.0,0.0,0,1.0,0.0
2023-10-18,997834.9403608168,0.0,997834.9403608168,0.0,0.0,0.0,0,1.0,0.0
2023-10-19,997834.9403608168,0.0,997834.9403608168,0.0,0.0,0.0,0,1.0,0.0
2023-10-20,997834.9403608168,0.0,997834.9403608168,0.0,0.0,0.0,0,1.0,0.0
2023-10-23,997834.9403608168,0.0,997834.9403608168,0.0,0.0,0.0,0,1.0,0.0
2023-10-24,997834.9403608168,0.0,997834.9403608168,0.0,0.0,0.0,0,1.0,0.0
2023-10-25,997834.9403608168,0.0,997834.9403608168,0.0,0.0,0.0,0,1.0,0.0
2023-10-26,997834.9403608168,0.0,997834.9403608168,0.0,0.0,0.0,0,1.0,0.0
2023-10-27,997834.9403608168,0.0,997834.9403608168,0.0,0.0,0.0,0,1.0,0.0
2023-10-30,997834.9403608168,0.0,997834.9403608168,0.0,0.0,0.0,0,1.0,0.0
2023-10-31,997834.9403608168,0.0,997834.9403608168,0.0,0.0,0.0,0,1.0,0.0
2023-11-01,997834.9403608168,0.0,997834.9403608168,0.0,0.0,0.0,0,1.0,0.0
2023-11-02,997834.9403608168,0.0,997834.9403608168,0.0,0.0,0.0,0,1.0,0.0
2023-11-03,997834.9403608168,0.0,997834.9403608168,0.0,0.0,0.0,0,1.0,0.0
2023-11-06,997834.9403608168,0.0,997834.9403608168,0.0,0.0,0.0,0,1.0,0.0
2023-11-07,997834.9403608168,0.0,997834.9403608168,0.0,0.0,0.0,0,1.0,0.0
2023-11-08,997834.9403608168,0.0,997834.9403608168,0.0,0.0,0.0,0,1.0,0.0
2023-11-09,997834.9403608168,0.0,997834.9403608168,0.0,0.0,0.0,0,1.0,0.0
2023-11-10,997834.9403608168,0.0,997834.9403608168,0.0,0.0,0.0,0,1.0,0.0
2023-11-13,997834.9403608168,0.0,997834.9403608168,0.0,0.0,0.0,0,1.0,0.0
2023-11-14,997834.9403608168,0.0,997834.9403608168,0.0,0.0,0.0,0,1.0,0.0
2023-11-15,997834.9403608168,0.0,997834.9403608168,0.0,0.0,0.0,0,1.0,0.0
2023-11-16,997834.9403608168,0.0,997834.9403608168,0.0,0.0,0.0,0,1.0,0.0
2023-11-17,997834.9403608168,0.0,997834.9403608168,0.0,0.0,0.0,0,1.0,0.0
2023-11-20,997834.9403608168,0.0,997834.9403608168,0.0,0.0,0.0,0,1.0,0.0
2023-11-21,997834.9403608168,0.0,997834.9403608168,0.0,0.0,0.0,0,1.0,0.0
2023-11-22,997834.9403608168,0.0,997834.9403608168,0.0,0.0,0.0,0,1.0,0.0
2023-11-24,997834.9403608168,0.0,997834.9403608168,0.0,0.0,0.0,0,1.0,0.0
2023-11-27,997834.9403608168,0.0,997834.9403608168,0.0,0.0,0.0,0,1.0,0.0
2023-11-28,997834.9403608168,0.0,997834.9403608168,0.0,0.0,0.0,0,1.0,0.0
2023-11-29,997834.9403608168,0.0,997834.9403608168,0.0,0.0,0.0,0,1.0,0.0
2023-11-30,997834.9403608168,0.0,997834.9403608168,0.0,0.0,0.0,0,1.0,0.0
2023-12-01,997834.9403608168,0.0,997834.9403608168,0.0,0.0,0.0,0,1.0,0.0
2023-12-04,997834.9403608168,0.0,997834.9403608168,0.0,0.0,0.0,0,1.0,0.0
2023-12-05,997834.9403608168,0.0,997834.9403608168,0.0,0.0,0.0,0,1.0,0.0
2023-12-06,997834.9403608168,0.0,997834.9403608168,0.0,0.0,0.0,0,1.0,0.0
2023-12-07,997834.9403608168,0.0,997834.9403608168,0.0,0.0,0.0,0,1.0,0.0
2023-12-08,997834.9403608168,0.0,997834.9403608168,0.0,0.0,0.0,0,1.0,0.0
2023-12-11,997834.9403608168,0.0,997834.9403608168,0.0,0.0,0.0,0,1.0,0.0
2023-12-12,997834.9403608168,0.0,997834.9403608168,0.0,0.0,0.0,0,1.0,0.0
2023-12-13,997834.9403608168,0.0,997834.9403608168,0.0,0.0,0.0,0,1.0,0.0
2023-12-14,997834.9403608168,0.0,997834.9403608168,0.0,0.0,0.0,0,1.0,0.0
2023-12-15,997834.9403608168,0.0,997834.9403608168,0.0,0.0,0.0,0,1.0,0.0
2023-12-18,997834.9403608168,0.0,997834.9403608168,0.0,0.0,0.0,0,1.0,0.0
2023-12-19,997834.9403608168,0.0,997834.9403608168,0.0,0.0,0.0,0,1.0,0.0
2023-12-20,997834.9403608168,0.0,997834.9403608168,0.0,0.0,0.0,0,1.0,0.0
2023-12-21,997834.9403608168,0.0,997834.9403608168,0.0,0.0,0.0,0,1.0,0.0
2023-12-22,997834.9403608168,0.0,997834.9403608168,0.0,0.0,0.0,0,1.0,0.0
2023-12-26,997834.9403608168,0.0,997834.9403608168,0.0,0.0,0.0,0,1.0,0.0
2023-12-27,997834.9403608168,0.0,997834.9403608168,0.0,0.0,0.0,0,1.0,0.0
2023-12-28,997834.9403608168,0.0,997834.9403608168,0.0,0.0,0.0,0,1.0,0.0
2023-12-29,997834.9403608168,0.0,997834.9403608168,0.0,0.0,0.0,0,1.0,0.0
2024-01-02,997834.9403608168,0.0,997834.9403608168,0.0,0.0,0.0,0,1.0,0.0
2024-01-03,997834.9403608168,0.0,997834.9403608168,0.0,0.0,0.0,0,1.0,0.0
2024-01-04,997834.9403608168,0.0,997834.9403608168,0.0,0.0,0.0,0,1.0,0.0
2024-01-05,997834.9403608168,0.0,997834.9403608168,0.0,0.0,0.0,0,1.0,0.0
2024-01-08,997834.9403608168,0.0,997834.9403608168,0.0,0.0,0.0,0,1.0,0.0
2024-01-09,997834.9403608168,0.0,997834.9403608168,0.0,0.0,0.0,0,1.0,0.0
2024-01-10,997834.9403608168,0.0,997834.9403608168,0.0,0.0,0.0,0,1.0,0.0
2024-01-11,997834.9403608168,0.0,997834.9403608168,0.0,0.0,0.0,0,1.0,0.0
2024-01-12,997834.9403608168,0.0,997834.9403608168,0.0,0.0,0.0,0,1.0,0.0
2024-01-16,997834.9403608168,0.0,997834.9403608168,0.0,0.0,0.0,0,1.0,0.0
2024-01-17,997834.9403608168,0.0,997834.9403608168,0.0,0.0,0.0,0,1.0,0.0
2024-01-18,997834.9403608168,0.0,997834.9403608168,0.0,0.0,0.0,0,1.0,0.0
2024-01-19,997834.9403608168,0.0,997834.9403608168,0.0,0.0,0.0,0,1.0,0.0
2024-01-22,997834.9403608168,0.0,997834.9403608168,0.0,0.0,0.0,0,1.0,0.0
2024-01-23,997834.9403608168,0.0,997834.9403608168,0.0,0.0,0.0,0,1.0,0.0
2024-01-24,997834.9403608168,0.0,997834.9403608168,0.0,0.0,0.0,0,1.0,0.0
2024-01-25,997834.9403608168,0.0,997834.9403608168,0.0,0.0,0.0,0,1.0,0.0
2024-01-26,997834.9403608168,0.0,997834.9403608168,0.0,0.0,0.0,0,1.0,0.0
2024-01-29,997834.9403608168,0.0,997834.9403608168,0.0,0.0,0.0,0,1.0,0.0
2024-01-30,997834.9403608168,0.0,997834.9403608168,0.0,0.0,0.0,0,1.0,0.0
2024-01-31,997834.9403608168,0.0,997834.9403608168,0.0,0.0,0.0,0,1.0,0.0
2024-02-01,997834.9403608168,0.0,997834.9403608168,0.0,0.0,0.0,0,1.0,0.0
2024-02-02,997834.9403608168,0.0,997834.9403608168,0.0,0.0,0.0,0,1.0,0.0
2024-02-05,997834.9403608168,0.0,997834.9403608168,0.0,0.0,0.0,0,1.0,0.0
2024-02-06,997834.9403608168,0.0,997834.9403608168,0.0,0.0,0.0,0,1.0,0.0
2024-02-07,997834.9403608168,0.0,997834.9403608168,0.0,0.0,0.0,0,1.0,0.0
2024-02-08,997834.9403608168,0.0,997834.9403608168,0.0,0.0,0.0,0,1.0,0.0
2024-02-09,997834.9403608168,0.0,997834.9403608168,0.0,0.0,0.0,0,1.0,0.0
2024-02-12,997834.9403608168,0.0,997834.9403608168,0.0,0.0,0.0,0,1.0,0.0
2024-02-13,997834.9403608168,0.0,997834.9403608168,0.0,0.0,0.0,0,1.0,0.0
2024-02-14,997834.9403608168,0.0,997834.9403608168,0.0,0.0,0.0,0,1.0,0.0
2024-02-15,997834.9403608168,0.0,997834.9403608168,0.0,0.0,0.0,0,1.0,0.0
2024-02-16,997834.9403608168,0.0,997834.9403608168,0.0,0.0,0.0,0,1.0,0.0
2024-02-20,997834.9403608168,0.0,997834.9403608168,0.0,0.0,0.0,0,1.0,0.0
2024-02-21,997834.9403608168,0.0,997834.9403608168,0.0,0.0,0.0,0,1.0,0.0
2024-02-22,997834.9403608168,0.0,997834.9403608168,0.0,0.0,0.0,0,1.0,0.0
2024-02-23,997834.9403608168,0.0,997834.9403608168,0.0,0.0,0.0,0,1.0,0.0
2024-02-26,997834.9403608168,0.0,997834.9403608168,0.0,0.0,0.0,0,1.0,0.0
2024-02-27,997834.9403608168,0.0,997834.9403608168,0.0,0.0,0.0,0,1.0,0.0
2024-02-28,997834.9403608168,0.0,997834.9403608168,0.0,0.0,0.0,0,1.0,0.0
2024-02-29,997834.9403608168,0.0,997834.9403608168,0.0,0.0,0.0,0,1.0,0.0
2024-03-01,997834.9403608168,0.0,997834.9403608168,0.0,0.0,0.0,0,1.0,0.0
2024-03-04,997834.9403608168,0.0,997834.9403608168,0.0,0.0,0.0,0,1.0,0.0
2024-03-05,997834.9403608168,0.0,997834.9403608168,0.0,0.0,0.0,0,1.0,0.0
2024-03-06,997834.9403608168,0.0,997834.9403608168,0.0,0.0,0.0,0,1.0,0.0
2024-03-07,997834.9403608168,0.0,997834.9403608168,0.0,0.0,0.0,0,1.0,0.0
2024-03-08,997834.9403608168,0.0,997834.9403608168,0.0,0.0,0.0,0,1.0,0.0
2024-03-11,997834.9403608168,0.0,997834.9403608168,0.0,0.0,0.0,0,1.0,0.0
2024-03-12,997834.9403608168,0.0,997834.9403608168,0.0,0.0,0.0,0,1.0,0.0
2024-03-13,997834.9403608168,0.0,997834.9403608168,0.0,0.0,0.0,0,1.0,0.0
2024-03-14,997834.9403608168,0.0,997834.9403608168,0.0,0.0,0.0,0,1.0,0.0
2024-03-15,997834.9403608168,0.0,997834.9403608168,0.0,0.0,0.0,0,1.0,0.0
2024-03-18,997834.9403608168,0.0,997834.9403608168,0.0,0.0,0.0,0,1.0,0.0
2024-03-19,997834.9403608168,0.0,997834.9403608168,0.0,0.0,0.0,0,1.0,0.0
2024-03-20,997834.9403608168,0.0,997834.9403608168,0.0,0.0,0.0,0,1.0,0.0
2024-03-21,997834.9403608168,0.0,997834.9403608168,0.0,0.0,0.0,0,1.0,0.0
2024-03-22,997834.9403608168,0.0,997834.9403608168,0.0,0.0,0.0,0,1.0,0.0
2024-03-25,997834.9403608168,0.0,997834.9403608168,0.0,0.0,0.0,0,1.0,0.0
2024-03-26,997834.9403608168,0.0,997834.9403608168,0.0,0.0,0.0,0,1.0,0.0
2024-03-27,997834.9403608168,0.0,997834.9403608168,0.0,0.0,0.0,0,1.0,0.0
2024-03-28,997834.9403608168,0.0,997834.9403608168,0.0,0.0,0.0,0,1.0,0.0
2024-04-01,997834.9403608168,0.0,997834.9403608168,0.0,0.0,0.0,0,1.0,0.0
2024-04-02,997834.9403608168,0.0,997834.9403608168,0.0,0.0,0.0,0,1.0,0.0
2024-04-03,997834.9403608168,0.0,997834.9403608168,0.0,0.0,0.0,0,1.0,0.0
2024-04-04,997834.9403608168,0.0,997834.9403608168,0.0,0.0,0.0,0,1.0,0.0
2024-04-05,997834.9403608168,0.0,997834.9403608168,0.0,0.0,0.0,0,1.0,0.0
2024-04-08,997834.9403608168,0.0,997834.9403608168,0.0,0.0,0.0,0,1.0,0.0
2024-04-09,997834.9403608168,0.0,997834.9403608168,0.0,0.0,0.0,0,1.0,0.0
2024-04-10,997834.9403608168,0.0,997834.9403608168,0.0,0.0,0.0,0,1.0,0.0
2024-04-11,997834.9403608168,0.0,997834.9403608168,0.0,0.0,0.0,0,1.0,0.0
2024-04-12,997834.9403608168,0.0,997834.9403608168,0.0,0.0,0.0,0,1.0,0.0
2024-04-15,997834.9403608168,0.0,997834.9403608168,0.0,0.0,0.0,0,1.0,0.0
2024-04-16,997834.9403608168,0.0,997834.9403608168,0.0,0.0,0.0,0,1.0,0.0
2024-04-17,997834.9403608168,0.0,997834.9403608168,0.0,0.0,0.0,0,1.0,0.0
2024-04-18,997834.9403608168,0.0,997834.9403608168,0.0,0.0,0.0,0,1.0,0.0
2024-04-19,997834.9403608168,0.0,997834.9403608168,0.0,0.0,0.0,0,1.0,0.0
2024-04-22,997834.9403608168,0.0,997834.9403608168,0.0,0.0,0.0,0,1.0,0.0
2024-04-23,997834.9403608168,0.0,997834.9403608168,0.0,0.0,0.0,0,1.0,0.0
2024-04-24,997834.9403608168,0.0,997834.9403608168,0.0,0.0,0.0,0,1.0,0.0
2024-04-25,997834.9403608168,0.0,997834.9403608168,0.0,0.0,0.0,0,1.0,0.0
2024-04-26,997834.9403608168,0.0,997834.9403608168,0.0,0.0,0.0,0,1.0,0.0
2024-04-29,997834.9403608168,0.0,997834.9403608168,0.0,0.0,0.0,0,1.0,0.0
2024-04-30,997834.9403608168,0.0,997834.9403608168,0.0,0.0,0.0,0,1.0,0.0
2024-05-01,997834.9403608168,0.0,997834.9403608168,0.0,0.0,0.0,0,1.0,0.0
2024-05-02,997834.9403608168,0.0,997834.9403608168,0.0,0.0,0.0,0,1.0,0.0
2024-05-03,997834.9403608168,0.0,997834.9403608168,0.0,0.0,0.0,0,1.0,0.0
2024-05-06,997834.9403608168,0.0,997834.9403608168,0.0,0.0,0.0,0,1.0,0.0
2024-05-07,997834.9403608168,0.0,997834.9403608168,0.0,0.0,0.0,0,1.0,0.0
2024-05-08,997834.9403608168,0.0,997834.9403608168,0.0,0.0,0.0,0,1.0,0.0
2024-05-09,997834.9403608168,0.0,997834.9403608168,0.0,0.0,0.0,0,1.0,0.0
2024-05-10,997834.9403608168,0.0,997834.9403608168,0.0,0.0,0.0,0,1.0,0.0
2024-05-13,997834.9403608168,0.0,997834.9403608168,0.0,0.0,0.0,0,1.0,0.0
2024-05-14,997834.9403608168,0.0,997834.9403608168,0.0,0.0,0.0,0,1.0,0.0
2024-05-15,997834.9403608168,0.0,997834.9403608168,0.0,0.0,0.0,0,1.0,0.0
2024-05-16,997834.9403608168,0.0,997834.9403608168,0.0,0.0,0.0,0,1.0,0.0
2024-05-17,997834.9403608168,0.0,997834.9403608168,0.0,0.0,0.0,0,1.0,0.0
2024-05-20,997834.9403608168,0.0,997834.9403608168,0.0,0.0,0.0,0,1.0,0.0
2024-05-21,997834.9403608168,0.0,997834.9403608168,0.0,0.0,0.0,0,1.0,0.0
2024-05-22,997834.9403608168,0.0,997834.9403608168,0.0,0.0,0.0,0,1.0,0.0
2024-05-23,997834.9403608168,0.0,997834.9403608168,0.0,0.0,0.0,0,1.0,0.0
2024-05-24,997834.9403608168,0.0,997834.9403608168,0.0,0.0,0.0,0,1.0,0.0
2024-05-28,997834.9403608168,0.0,997834.9403608168,0.0,0.0,0.0,0,1.0,0.0
2024-05-29,997834.9403608168,0.0,997834.9403608168,0.0,0.0,0.0,0,1.0,0.0
2024-05-30,997834.9403608168,0.0,997834.9403608168,0.0,0.0,0.0,0,1.0,0.0
2024-05-31,997834.9403608168,0.0,997834.9403608168,0.0,0.0,0.0,0,1.0,0.0
2024-06-03,997834.9403608168,0.0,997834.9403608168,0.0,0.0,0.0,0,1.0,0.0
2024-06-04,997834.9403608168,0.0,997834.9403608168,0.0,0.0,0.0,0,1.0,0.0
2024-06-05,997834.9403608168,0.0,997834.9403608168,0.0,0.0,0.0,0,1.0,0.0
2024-06-06,997834.9403608168,0.0,997834.9403608168,0.0,0.0,0.0,0,1.0,0.0
2024-06-07,997834.9403608168,0.0,997834.9403608168,0.0,0.0,0.0,0,1.0,0.0
2024-06-10,997834.9403608168,0.0,997834.9403608168,0.0,0.0,0.0,0,1.0,0.0
2024-06-11,997834.9403608168,0.0,997834.9403608168,0.0,0.0,0.0,0,1.0,0.0
2024-06-12,997834.9403608168,0.0,997834.9403608168,0.0,0.0,0.0,0,1.0,0.0
2024-06-13,997834.9403608168,0.0,997834.9403608168,0.0,0.0,0.0,0,1.0,0.0
2024-06-14,997834.9403608168,0.0,997834.9403608168,0.0,0.0,0.0,0,1.0,0.0
2024-06-17,997834.9403608168,0.0,997834.9403608168,0.0,0.0,0.0,0,1.0,0.0
2024-06-18,997834.9403608168,0.0,997834.9403608168,0.0,0.0,0.0,0,1.0,0.0
2024-06-20,997834.9403608168,0.0,997834.9403608168,0.0,0.0,0.0,0,1.0,0.0
2024-06-21,997834.9403608168,0.0,997834.9403608168,0.0,0.0,0.0,0,1.0,0.0
2024-06-24,997834.9403608168,0.0,997834.9403608168,0.0,0.0,0.0,0,1.0,0.0
2024-06-25,997834.9403608168,0.0,997834.9403608168,0.0,0.0,0.0,0,1.0,0.0
2024-06-26,997834.9403608168,0.0,997834.9403608168,0.0,0.0,0.0,0,1.0,0.0
2024-06-27,997834.9403608168,0.0,997834.9403608168,0.0,0.0,0.0,0,1.0,0.0
2024-06-28,997834.9403608168,0.0,997834.9403608168,0.0,0.0,0.0,0,1.0,0.0
2024-07-01,997834.9403608168,0.0,997834.9403608168,0.0,0.0,0.0,0,1.0,0.0
2024-07-02,997834.9403608168,0.0,997834.9403608168,0.0,0.0,0.0,0,1.0,0.0
2024-07-03,997834.9403608168,0.0,997834.9403608168,0.0,0.0,0.0,0,1.0,0.0
2024-07-05,997834.9403608168,0.0,997834.9403608168,0.0,0.0,0.0,0,1.0,0.0
2024-07-08,997834.9403608168,0.0,997834.9403608168,0.0,0.0,0.0,0,1.0,0.0
2024-07-09,997834.9403608168,0.0,997834.9403608168,0.0,0.0,0.0,0,1.0,0.0
2024-07-10,997834.9403608168,0.0,997834.9403608168,0.0,0.0,0.0,0,1.0,0.0
2024-07-11,997834.9403608168,0.0,997834.9403608168,0.0,0.0,0.0,0,1.0,0.0
2024-07-12,997834.9403608168,0.0,997834.9403608168,0.0,0.0,0.0,0,1.0,0.0
2024-07-15,997834.9403608168,0.0,997834.9403608168,0.0,0.0,0.0,0,1.0,0.0
2024-07-16,997834.9403608168,0.0,997834.9403608168,0.0,0.0,0.0,0,1.0,0.0
2024-07-17,997834.9403608168,0.0,997834.9403608168,0.0,0.0,0.0,0,1.0,0.0
2024-07-18,997834.9403608168,0.0,997834.9403608168,0.0,0.0,0.0,0,1.0,0.0
2024-07-19,997834.9403608168,0.0,997834.9403608168,0.0,0.0,0.0,0,1.0,0.0
2024-07-22,997834.9403608168,0.0,997834.9403608168,0.0,0.0,0.0,0,1.0,0.0
2024-07-23,997834.9403608168,0.0,997834.9403608168,0.0,0.0,0.0,0,1.0,0.0
2024-07-24,997834.9403608168,0.0,997834.9403608168,0.0,0.0,0.0,0,1.0,0.0
2024-07-25,997834.9403608168,0.0,997834.9403608168,0.0,0.0,0.0,0,1.0,0.0
2024-07-26,997834.9403608168,0.0,997834.9403608168,0.0,0.0,0.0,0,1.0,0.0
2024-07-29,997834.9403608168,0.0,997834.9403608168,0.0,0.0,0.0,0,1.0,0.0
2024-07-30,997834.9403608168,0.0,997834.9403608168,0.0,0.0,0.0,0,1.0,0.0
2024-07-31,997834.9403608168,0.0,997834.9403608168,0.0,0.0,0.0,0,1.0,0.0
2024-08-01,997834.9403608168,0.0,997834.9403608168,0.0,0.0,0.0,0,1.0,0.0
2024-08-02,997834.9403608168,0.0,997834.9403608168,0.0,0.0,0.0,0,1.0,0.0
2024-08-05,997834.9403608168,0.0,997834.9403608168,0.0,0.0,0.0,0,1.0,0.0
2024-08-06,997834.9403608168,0.0,997834.9403608168,0.0,0.0,0.0,0,1.0,0.0
2024-08-07,997834.9403608168,0.0,997834.9403608168,0.0,0.0,0.0,0,1.0,0.0
2024-08-08,997834.9403608168,0.0,997834.9403608168,0.0,0.0,0.0,0,1.0,0.0
2024-08-09,997834.9403608168,0.0,997834.9403608168,0.0,0.0,0.0,0,1.0,0.0
2024-08-12,997834.9403608168,0.0,997834.9403608168,0.0,0.0,0.0,0,1.0,0.0
2024-08-13,997834.9403608168,0.0,997834.9403608168,0.0,0.0,0.0,0,1.0,0.0
2024-08-14,997834.9403608168,0.0,997834.9403608168,0.0,0.0,0.0,0,1.0,0.0
2024-08-15,997834.9403608168,0.0,997834.9403608168,0.0,0.0,0.0,0,1.0,0.0
2024-08-16,997834.9403608168,0.0,997834.9403608168,0.0,0.0,0.0,0,1.0,0.0
2024-08-19,997834.9403608168,0.0,997834.9403608168,0.0,0.0,0.0,0,1.0,0.0
2024-08-20,997834.9403608168,0.0,997834.9403608168,0.0,0.0,0.0,0,1.0,0.0
2024-08-21,997834.9403608168,0.0,997834.9403608168,0.0,0.0,0.0,0,1.0,0.0
2024-08-22,997834.9403608168,0.0,997834.9403608168,0.0,0.0,0.0,0,1.0,0.0
2024-08-23,997834.9403608168,0.0,997834.9403608168,0.0,0.0,0.0,0,1.0,0.0
2024-08-26,997834.9403608168,0.0,997834.9403608168,0.0,0.0,0.0,0,1.0,0.0
2024-08-27,997834.9403608168,0.0,997834.9403608168,0.0,0.0,0.0,0,1.0,0.0
2024-08-28,997834.9403608168,0.0,997834.9403608168,0.0,0.0,0.0,0,1.0,0.0
2024-08-29,997834.9403608168,0.0,997834.9403608168,0.0,0.0,0.0,0,1.0,0.0
2024-08-30,997834.9403608168,0.0,997834.9403608168,0.0,0.0,0.0,0,1.0,0.0
2024-09-03,997834.9403608168,0.0,997834.9403608168,0.0,0.0,0.0,0,1.0,0.0
2024-09-04,997834.9403608168,0.0,997834.9403608168,0.0,0.0,0.0,0,1.0,0.0
2024-09-05,997834.9403608168,0.0,997834.9403608168,0.0,0.0,0.0,0,1.0,0.0
2024-09-06,997834.9403608168,0.0,997834.9403608168,0.0,0.0,0.0,0,1.0,0.0
2024-09-09,997834.9403608168,0.0,997834.9403608168,0.0,0.0,0.0,0,1.0,0.0
2024-09-10,997834.9403608168,0.0,997834.9403608168,0.0,0.0,0.0,0,1.0,0.0
2024-09-11,997834.9403608168,0.0,997834.9403608168,0.0,0.0,0.0,0,1.0,0.0
2024-09-12,997834.9403608168,0.0,997834.9403608168,0.0,0.0,0.0,0,1.0,0.0
2024-09-13,997834.9403608168,0.0,997834.9403608168,0.0,0.0,0.0,0,1.0,0.0
2024-09-16,997834.9403608168,0.0,997834.9403608168,0.0,0.0,0.0,0,1.0,0.0
2024-09-17,997834.9403608168,0.0,997834.9403608168,0.0,0.0,0.0,0,1.0,0.0
2024-09-18,997834.9403608168,0.0,997834.9403608168,0.0,0.0,0.0,0,1.0,0.0
2024-09-19,997834.9403608168,0.0,997834.9403608168,0.0,0.0,0.0,0,1.0,0.0
2024-09-20,997834.9403608168,0.0,997834.9403608168,0.0,0.0,0.0,0,1.0,0.0
2024-09-23,997834.9403608168,0.0,997834.9403608168,0.0,0.0,0.0,0,1.0,0.0
2024-09-24,997834.9403608168,0.0,997834.9403608168,0.0,0.0,0.0,0,1.0,0.0
2024-09-25,997834.9403608168,0.0,997834.9403608168,0.0,0.0,0.0,0,1.0,0.0
2024-09-26,997834.9403608168,0.0,997834.9403608168,0.0,0.0,0.0,0,1.0,0.0
2024-09-27,997834.9403608168,0.0,997834.9403608168,0.0,0.0,0.0,0,1.0,0.0
2024-09-30,997834.9403608168,0.0,997834.9403608168,0.0,0.0,0.0,0,1.0,0.0
