date,nav,daily_return,cash,long_usd,gross_usd,net_usd,active_lots,risk_scale,hedge_carry_cost
2014-06-02,1000000.0,0.0,1000000.0,0.0,0.0,0.0,0,1.0,0.0
2014-06-03,1000000.0,0.0,1000000.0,0.0,0.0,0.0,0,1.0,0.0
2014-06-04,1000000.0,0.0,1000000.0,0.0,0.0,0.0,0,1.0,0.0
2014-06-05,1000000.0,0.0,1000000.0,0.0,0.0,0.0,0,1.0,0.0
2014-06-06,1000000.0,0.0,1000000.0,0.0,0.0,0.0,0,1.0,0.0
2014-06-09,1000000.0,0.0,1000000.0,0.0,0.0,0.0,0,1.0,0.0
2014-06-10,1000000.0,0.0,1000000.0,0.0,0.0,0.0,0,1.0,0.0
2014-06-11,1000000.0,0.0,1000000.0,0.0,0.0,0.0,0,1.0,0.0
2014-06-12,1000000.0,0.0,1000000.0,0.0,0.0,0.0,0,1.0,0.0
2014-06-13,1000000.0,0.0,1000000.0,0.0,0.0,0.0,0,1.0,0.0
2014-06-16,1000000.0,0.0,1000000.0,0.0,0.0,0.0,0,1.0,0.0
2014-06-17,1000000.0,0.0,1000000.0,0.0,0.0,0.0,0,1.0,0.0
2014-06-18,1000000.0,0.0,1000000.0,0.0,0.0,0.0,0,1.0,0.0
2014-06-19,1000000.0,0.0,1000000.0,0.0,0.0,0.0,0,1.0,0.0
2014-06-20,1000000.0,0.0,1000000.0,0.0,0.0,0.0,0,1.0,0.0
2014-06-23,1000000.0,0.0,1000000.0,0.0,0.0,0.0,0,1.0,0.0
2014-06-24,1000000.0,0.0,1000000.0,0.0,0.0,0.0,0,1.0,0.0
2014-06-25,1000000.0,0.0,1000000.0,0.0,0.0,0.0,0,1.0,0.0
2014-06-26,1000000.0,0.0,1000000.0,0.0,0.0,0.0,0,1.0,0.0
2014-06-27,1000000.0,0.0,1000000.0,0.0,0.0,0.0,0,1.0,0.0
2014-06-30,1000000.0,0.0,1000000.0,0.0,0.0,0.0,0,1.0,0.0
2014-07-01,1000000.0,0.0,1000000.0,0.0,0.0,0.0,0,1.0,0.0
2014-07-02,1000000.0,0.0,1000000.0,0.0,0.0,0.0,0,1.0,0.0
2014-07-03,1000000.0,0.0,1000000.0,0.0,0.0,0.0,0,1.0,0.0
2014-07-07,1000000.0,0.0,1000000.0,0.0,0.0,0.0,0,1.0,0.0
2014-07-08,1000000.0,0.0,1000000.0,0.0,0.0,0.0,0,1.0,0.0
2014-07-09,1000000.0,0.0,1000000.0,0.0,0.0,0.0,0,1.0,0.0
2014-07-10,1000000.0,0.0,1000000.0,0.0,0.0,0.0,0,1.0,0.0
2014-07-11,1000000.0,0.0,1000000.0,0.0,0.0,0.0,0,1.0,0.0
2014-07-14,1000000.0,0.0,1000000.0,0.0,0.0,0.0,0,1.0,0.0
2014-07-15,1000000.0,0.0,1000000.0,0.0,0.0,0.0,0,1.0,0.0
2014-07-16,1000000.0,0.0,1000000.0,0.0,0.0,0.0,0,1.0,0.0
2014-07-17,1000000.0,0.0,1000000.0,0.0,0.0,0.0,0,1.0,0.0
2014-07-18,1000000.0,0.0,1000000.0,0.0,0.0,0.0,0,1.0,0.0
2014-07-21,1000000.0,0.0,1000000.0,0.0,0.0,0.0,0,1.0,0.0
2014-07-22,1000000.0,0.0,1000000.0,0.0,0.0,0.0,0,1.0,0.0
2014-07-23,1000000.0,0.0,1000000.0,0.0,0.0,0.0,0,1.0,0.0
2014-07-24,1000000.0,0.0,1000000.0,0.0,0.0,0.0,0,1.0,0.0
2014-07-25,1000000.0,0.0,1000000.0,0.0,0.0,0.0,0,1.0,0.0
2014-07-28,1000000.0,0.0,1000000.0,0.0,0.0,0.0,0,1.0,0.0
2014-07-29,1000000.0,0.0,1000000.0,0.0,0.0,0.0,0,1.0,0.0
2014-07-30,1000000.0,0.0,1000000.0,0.0,0.0,0.0,0,1.0,0.0
2014-07-31,1000000.0,0.0,1000000.0,0.0,0.0,0.0,0,1.0,0.0
2014-08-01,1000000.0,0.0,1000000.0,0.0,0.0,0.0,0,1.0,0.0
2014-08-04,1000000.0,0.0,1000000.0,0.0,0.0,0.0,0,1.0,0.0
2014-08-05,1000000.0,0.0,1000000.0,0.0,0.0,0.0,0,1.0,0.0
2014-08-06,1000000.0,0.0,1000000.0,0.0,0.0,0.0,0,1.0,0.0
2014-08-07,1000000.0,0.0,1000000.0,0.0,0.0,0.0,0,1.0,0.0
2014-08-08,1000000.0,0.0,1000000.0,0.0,0.0,0.0,0,1.0,0.0
2014-08-11,1000000.0,0.0,1000000.0,0.0,0.0,0.0,0,1.0,0.0
2014-08-12,1000000.0,0.0,1000000.0,0.0,0.0,0.0,0,1.0,0.0
2014-08-13,1000000.0,0.0,1000000.0,0.0,0.0,0.0,0,1.0,0.0
2014-08-14,1000000.0,0.0,1000000.0,0.0,0.0,0.0,0,1.0,0.0
2014-08-15,1000000.0,0.0,1000000.0,0.0,0.0,0.0,0,1.0,0.0
2014-08-18,1000000.0,0.0,1000000.0,0.0,0.0,0.0,0,1.0,0.0
2014-08-19,1000000.0,0.0,1000000.0,0.0,0.0,0.0,0,1.0,0.0
2014-08-20,1000000.0,0.0,1000000.0,0.0,0.0,0.0,0,1.0,0.0
2014-08-21,1000000.0,0.0,1000000.0,0.0,0.0,0.0,0,1.0,0.0
2014-08-22,1000000.0,0.0,1000000.0,0.0,0.0,0.0,0,1.0,0.0
2014-08-25,1000000.0,0.0,1000000.0,0.0,0.0,0.0,0,1.0,0.0
2014-08-26,1000000.0,0.0,1000000.0,0.0,0.0,0.0,0,1.0,0.0
2014-08-27,1000000.0,0.0,1000000.0,0.0,0.0,0.0,0,1.0,0.0
2014-08-28,1000000.0,0.0,1000000.0,0.0,0.0,0.0,0,1.0,0.0
2014-08-29,1000000.0,0.0,1000000.0,0.0,0.0,0.0,0,1.0,0.0
2014-09-02,1000000.0,0.0,1000000.0,0.0,0.0,0.0,0,1.0,0.0
2014-09-03,1000000.0,0.0,1000000.0,0.0,0.0,0.0,0,1.0,0.0
2014-09-04,1000000.0,0.0,1000000.0,0.0,0.0,0.0,0,1.0,0.0
2014-09-05,1000000.0,0.0,1000000.0,0.0,0.0,0.0,0,1.0,0.0
2014-09-08,1000000.0,0.0,1000000.0,0.0,0.0,0.0,0,1.0,0.0
2014-09-09,1000000.0,0.0,1000000.0,0.0,0.0,0.0,0,1.0,0.0
2014-09-10,1000000.0,0.0,1000000.0,0.0,0.0,0.0,0,1.0,0.0
2014-09-11,1000000.0,0.0,1000000.0,0.0,0.0,0.0,0,1.0,0.0
2014-09-12,1000000.0,0.0,1000000.0,0.0,0.0,0.0,0,1.0,0.0
2014-09-15,1000000.0,0.0,1000000.0,0.0,0.0,0.0,0,1.0,0.0
2014-09-16,1000000.0,0.0,1000000.0,0.0,0.0,0.0,0,1.0,0.0
2014-09-17,1000000.0,0.0,1000000.0,0.0,0.0,0.0,0,1.0,0.0
2014-09-18,1000000.0,0.0,1000000.0,0.0,0.0,0.0,0,1.0,0.0
2014-09-19,1000000.0,0.0,1000000.0,0.0,0.0,0.0,0,1.0,0.0
2014-09-22,1000000.0,0.0,1000000.0,0.0,0.0,0.0,0,1.0,0.0
2014-09-23,1000000.0,0.0,1000000.0,0.0,0.0,0.0,0,1.0,0.0
2014-09-24,1000000.0,0.0,1000000.0,0.0,0.0,0.0,0,1.0,0.0
2014-09-25,1000000.0,0.0,1000000.0,0.0,0.0,0.0,0,1.0,0.0
2014-09-26,1000000.0,0.0,1000000.0,0.0,0.0,0.0,0,1.0,0.0
2014-09-29,1000000.0,0.0,1000000.0,0.0,0.0,0.0,0,1.0,0.0
2014-09-30,1000000.0,0.0,1000000.0,0.0,0.0,0.0,0,1.0,0.0
2014-10-01,1000000.0,0.0,1000000.0,0.0,0.0,0.0,0,1.0,0.0
2014-10-02,1000000.0,0.0,1000000.0,0.0,0.0,0.0,0,1.0,0.0
2014-10-03,1000000.0,0.0,1000000.0,0.0,0.0,0.0,0,1.0,0.0
2014-10-06,1000000.0,0.0,1000000.0,0.0,0.0,0.0,0,1.0,0.0
2014-10-07,1000000.0,0.0,1000000.0,0.0,0.0,0.0,0,1.0,0.0
2014-10-08,1000000.0,0.0,1000000.0,0.0,0.0,0.0,0,1.0,0.0
2014-10-09,1000000.0,0.0,1000000.0,0.0,0.0,0.0,0,1.0,0.0
2014-10-10,1000000.0,0.0,1000000.0,0.0,0.0,0.0,0,1.0,0.0
2014-10-13,1000000.0,0.0,1000000.0,0.0,0.0,0.0,0,1.0,0.0
2014-10-14,1000000.0,0.0,1000000.0,0.0,0.0,0.0,0,1.0,0.0
2014-10-15,1000000.0,0.0,1000000.0,0.0,0.0,0.0,0,1.0,0.0
2014-10-16,1000000.0,0.0,1000000.0,0.0,0.0,0.0,0,1.0,0.0
2014-10-17,1000000.0,0.0,1000000.0,0.0,0.0,0.0,0,1.0,0.0
2014-10-20,1000000.0,0.0,1000000.0,0.0,0.0,0.0,0,1.0,0.0
2014-10-21,1000000.0,0.0,1000000.0,0.0,0.0,0.0,0,1.0,0.0
2014-10-22,1000000.0,0.0,1000000.0,0.0,0.0,0.0,0,1.0,0.0
2014-10-23,1000000.0,0.0,1000000.0,0.0,0.0,0.0,0,1.0,0.0
2014-10-24,1000000.0,0.0,1000000.0,0.0,0.0,0.0,0,1.0,0.0
2014-10-27,1000000.0,0.0,1000000.0,0.0,0.0,0.0,0,1.0,0.0
2014-10-28,1000000.0,0.0,1000000.0,0.0,0.0,0.0,0,1.0,0.0
2014-10-29,1000000.0,0.0,1000000.0,0.0,0.0,0.0,0,1.0,0.0
2014-10-30,1000000.0,0.0,1000000.0,0.0,0.0,0.0,0,1.0,0.0
2014-10-31,1000000.0,0.0,1000000.0,0.0,0.0,0.0,0,1.0,0.0
2014-11-03,1000000.0,0.0,1000000.0,0.0,0.0,0.0,0,1.0,0.0
2014-11-04,1000000.0,0.0,1000000.0,0.0,0.0,0.0,0,1.0,0.0
2014-11-05,1000000.0,0.0,1000000.0,0.0,0.0,0.0,0,1.0,0.0
2014-11-06,1000000.0,0.0,1000000.0,0.0,0.0,0.0,0,1.0,0.0
2014-11-07,1000000.0,0.0,1000000.0,0.0,0.0,0.0,0,1.0,0.0
2014-11-10,1000000.0,0.0,1000000.0,0.0,0.0,0.0,0,1.0,0.0
2014-11-11,1000000.0,0.0,1000000.0,0.0,0.0,0.0,0,1.0,0.0
2014-11-12,1000000.0,0.0,1000000.0,0.0,0.0,0.0,0,1.0,0.0
2014-11-13,1000000.0,0.0,1000000.0,0.0,0.0,0.0,0,1.0,0.0
2014-11-14,1000000.0,0.0,1000000.0,0.0,0.0,0.0,0,1.0,0.0
2014-11-17,1000000.0,0.0,1000000.0,0.0,0.0,0.0,0,1.0,0.0
2014-11-18,1000000.0,0.0,1000000.0,0.0,0.0,0.0,0,1.0,0.0
2014-11-19,1000000.0,0.0,1000000.0,0.0,0.0,0.0,0,1.0,0.0
2014-11-20,1000000.0,0.0,1000000.0,0.0,0.0,0.0,0,1.0,0.0
2014-11-21,1000000.0,0.0,1000000.0,0.0,0.0,0.0,0,1.0,0.0
2014-11-24,1000000.0,0.0,1000000.0,0.0,0.0,0.0,0,1.0,0.0
2014-11-25,1000000.0,0.0,1000000.0,0.0,0.0,0.0,0,1.0,0.0
2014-11-26,1000000.0,0.0,1000000.0,0.0,0.0,0.0,0,1.0,0.0
2014-11-28,1000000.0,0.0,1000000.0,0.0,0.0,0.0,0,1.0,0.0
2014-12-01,1000000.0,0.0,1000000.0,0.0,0.0,0.0,0,1.0,0.0
2014-12-02,1000000.0,0.0,1000000.0,0.0,0.0,0.0,0,1.0,0.0
2014-12-03,1000000.0,0.0,1000000.0,0.0,0.0,0.0,0,1.0,0.0
2014-12-04,1000000.0,0.0,1000000.0,0.0,0.0,0.0,0,1.0,0.0
2014-12-05,1000000.0,0.0,1000000.0,0.0,0.0,0.0,0,1.0,0.0
2014-12-08,1000000.0,0.0,1000000.0,0.0,0.0,0.0,0,1.0,0.0
2014-12-09,1000000.0,0.0,1000000.0,0.0,0.0,0.0,0,1.0,0.0
2014-12-10,1000000.0,0.0,1000000.0,0.0,0.0,0.0,0,1.0,0.0
2014-12-11,1000000.0,0.0,1000000.0,0.0,0.0,0.0,0,1.0,0.0
2014-12-12,1000000.0,0.0,1000000.0,0.0,0.0,0.0,0,1.0,0.0
2014-12-15,1000000.0,0.0,1000000.0,0.0,0.0,0.0,0,1.0,0.0
2014-12-16,1000000.0,0.0,1000000.0,0.0,0.0,0.0,0,1.0,0.0
2014-12-17,1000000.0,0.0,1000000.0,0.0,0.0,0.0,0,1.0,0.0
2014-12-18,1000000.0,0.0,1000000.0,0.0,0.0,0.0,0,1.0,0.0
2014-12-19,1000000.0,0.0,1000000.0,0.0,0.0,0.0,0,1.0,0.0
2014-12-22,1000000.0,0.0,1000000.0,0.0,0.0,0.0,0,1.0,0.0
2014-12-23,1000000.0,0.0,1000000.0,0.0,0.0,0.0,0,1.0,0.0
2014-12-24,1000000.0,0.0,1000000.0,0.0,0.0,0.0,0,1.0,0.0
2014-12-26,1000000.0,0.0,1000000.0,0.0,0.0,0.0,0,1.0,0.0
2014-12-29,1000000.0,0.0,1000000.0,0.0,0.0,0.0,0,1.0,0.0
2014-12-30,1000000.0,0.0,1000000.0,0.0,0.0,0.0,0,1.0,0.0
2014-12-31,1000000.0,0.0,1000000.0,0.0,0.0,0.0,0,1.0,0.0
2015-01-02,1000000.0,0.0,1000000.0,0.0,0.0,0.0,0,1.0,0.0
2015-01-05,1000000.0,0.0,1000000.0,0.0,0.0,0.0,0,1.0,0.0
2015-01-06,1000000.0,0.0,1000000.0,0.0,0.0,0.0,0,1.0,0.0
2015-01-07,1000000.0,0.0,1000000.0,0.0,0.0,0.0,0,1.0,0.0
2015-01-08,1000000.0,0.0,1000000.0,0.0,0.0,0.0,0,1.0,0.0
2015-01-09,1000000.0,0.0,1000000.0,0.0,0.0,0.0,0,1.0,0.0
2015-01-12,1000000.0,0.0,1000000.0,0.0,0.0,0.0,0,1.0,0.0
2015-01-13,1000000.0,0.0,1000000.0,0.0,0.0,0.0,0,1.0,0.0
2015-01-14,1000000.0,0.0,1000000.0,0.0,0.0,0.0,0,1.0,0.0
2015-01-15,1000000.0,0.0,1000000.0,0.0,0.0,0.0,0,1.0,0.0
2015-01-16,1000000.0,0.0,1000000.0,0.0,0.0,0.0,0,1.0,0.0
2015-01-20,1000000.0,0.0,1000000.0,0.0,0.0,0.0,0,1.0,0.0
2015-01-21,1000000.0,0.0,1000000.0,0.0,0.0,0.0,0,1.0,0.0
2015-01-22,1000000.0,0.0,1000000.0,0.0,0.0,0.0,0,1.0,0.0
2015-01-23,1000000.0,0.0,1000000.0,0.0,0.0,0.0,0,1.0,0.0
2015-01-26,1000000.0,0.0,1000000.0,0.0,0.0,0.0,0,1.0,0.0
2015-01-27,1000000.0,0.0,1000000.0,0.0,0.0,0.0,0,1.0,0.0
2015-01-28,1000000.0,0.0,1000000.0,0.0,0.0,0.0,0,1.0,0.0
2015-01-29,1000000.0,0.0,1000000.0,0.0,0.0,0.0,0,1.0,0.0
2015-01-30,1000000.0,0.0,1000000.0,0.0,0.0,0.0,0,1.0,0.0
2015-02-02,1000000.0,0.0,1000000.0,0.0,0.0,0.0,0,1.0,0.0
2015-02-03,1000000.0,0.0,1000000.0,0.0,0.0,0.0,0,1.0,0.0
2015-02-04,1000000.0,0.0,1000000.0,0.0,0.0,0.0,0,1.0,0.0
2015-02-05,1000000.0,0.0,1000000.0,0.0,0.0,0.0,0,1.0,0.0
2015-02-06,1000000.0,0.0,1000000.0,0.0,0.0,0.0,0,1.0,0.0
2015-02-09,1000000.0,0.0,1000000.0,0.0,0.0,0.0,0,1.0,0.0
2015-02-10,1000000.0,0.0,1000000.0,0.0,0.0,0.0,0,1.0,0.0
2015-02-11,1000000.0,0.0,1000000.0,0.0,0.0,0.0,0,1.0,0.0
2015-02-12,1000000.0,0.0,1000000.0,0.0,0.0,0.0,0,1.0,0.0
2015-02-13,1000000.0,0.0,1000000.0,0.0,0.0,0.0,0,1.0,0.0
2015-02-17,1000000.0,0.0,1000000.0,0.0,0.0,0.0,0,1.0,0.0
2015-02-18,1000000.0,0.0,1000000.0,0.0,0.0,0.0,0,1.0,0.0
2015-02-19,1000000.0,0.0,1000000.0,0.0,0.0,0.0,0,1.0,0.0
2015-02-20,1000000.0,0.0,1000000.0,0.0,0.0,0.0,0,1.0,0.0
2015-02-23,1000000.0,0.0,1000000.0,0.0,0.0,0.0,0,1.0,0.0
2015-02-24,1000000.0,0.0,1000000.0,0.0,0.0,0.0,0,1.0,0.0
2015-02-25,1000000.0,0.0,1000000.0,0.0,0.0,0.0,0,1.0,0.0
2015-02-26,1000000.0,0.0,1000000.0,0.0,0.0,0.0,0,1.0,0.0
2015-02-27,1000000.0,0.0,1000000.0,0.0,0.0,0.0,0,1.0,0.0
2015-03-02,1000000.0,0.0,1000000.0,0.0,0.0,0.0,0,1.0,0.0
2015-03-03,1000000.0,0.0,1000000.0,0.0,0.0,0.0,0,1.0,0.0
2015-03-04,1000000.0,0.0,1000000.0,0.0,0.0,0.0,0,1.0,0.0
2015-03-05,1000000.0,0.0,1000000.0,0.0,0.0,0.0,0,1.0,0.0
2015-03-06,1000000.0,0.0,1000000.0,0.0,0.0,0.0,0,1.0,0.0
2015-03-09,1000000.0,0.0,1000000.0,0.0,0.0,0.0,0,1.0,0.0
2015-03-10,1000000.0,0.0,1000000.0,0.0,0.0,0.0,0,1.0,0.0
2015-03-11,1000000.0,0.0,1000000.0,0.0,0.0,0.0,0,1.0,0.0
2015-03-12,1000000.0,0.0,1000000.0,0.0,0.0,0.0,0,1.0,0.0
2015-03-13,1000000.0,0.0,1000000.0,0.0,0.0,0.0,0,1.0,0.0
2015-03-16,1000000.0,0.0,1000000.0,0.0,0.0,0.0,0,1.0,0.0
2015-03-17,1000000.0,0.0,1000000.0,0.0,0.0,0.0,0,1.0,0.0
2015-03-18,1000000.0,0.0,1000000.0,0.0,0.0,0.0,0,1.0,0.0
2015-03-19,1000000.0,0.0,1000000.0,0.0,0.0,0.0,0,1.0,0.0
2015-03-20,1000000.0,0.0,1000000.0,0.0,0.0,0.0,0,1.0,0.0
2015-03-23,1000000.0,0.0,1000000.0,0.0,0.0,0.0,0,1.0,0.0
2015-03-24,1000000.0,0.0,1000000.0,0.0,0.0,0.0,0,1.0,0.0
2015-03-25,1000000.0,0.0,1000000.0,0.0,0.0,0.0,0,1.0,0.0
2015-03-26,1000000.0,0.0,1000000.0,0.0,0.0,0.0,0,1.0,0.0
2015-03-27,1000000.0,0.0,1000000.0,0.0,0.0,0.0,0,1.0,0.0
2015-03-30,1000000.0,0.0,1000000.0,0.0,0.0,0.0,0,1.0,0.0
2015-03-31,1000000.0,0.0,1000000.0,0.0,0.0,0.0,0,1.0,0.0
2015-04-01,1000000.0,0.0,1000000.0,0.0,0.0,0.0,0,1.0,0.0
2015-04-02,1000000.0,0.0,1000000.0,0.0,0.0,0.0,0,1.0,0.0
2015-04-06,1000000.0,0.0,1000000.0,0.0,0.0,0.0,0,1.0,0.0
2015-04-07,1000000.0,0.0,1000000.0,0.0,0.0,0.0,0,1.0,0.0
2015-04-08,1000000.0,0.0,1000000.0,0.0,0.0,0.0,0,1.0,0.0
2015-04-09,1000000.0,0.0,1000000.0,0.0,0.0,0.0,0,1.0,0.0
2015-04-10,1000000.0,0.0,1000000.0,0.0,0.0,0.0,0,1.0,0.0
2015-04-13,1000000.0,0.0,1000000.0,0.0,0.0,0.0,0,1.0,0.0
2015-04-14,1000000.0,0.0,1000000.0,0.0,0.0,0.0,0,1.0,0.0
2015-04-15,1000000.0,0.0,1000000.0,0.0,0.0,0.0,0,1.0,0.0
2015-04-16,1000000.0,0.0,1000000.0,0.0,0.0,0.0,0,1.0,0.0
2015-04-17,1000000.0,0.0,1000000.0,0.0,0.0,0.0,0,1.0,0.0
2015-04-20,1000000.0,0.0,1000000.0,0.0,0.0,0.0,0,1.0,0.0
2015-04-21,1000000.0,0.0,1000000.0,0.0,0.0,0.0,0,1.0,0.0
2015-04-22,1000000.0,0.0,1000000.0,0.0,0.0,0.0,0,1.0,0.0
2015-04-23,1000000.0,0.0,1000000.0,0.0,0.0,0.0,0,1.0,0.0
2015-04-24,1000000.0,0.0,1000000.0,0.0,0.0,0.0,0,1.0,0.0
2015-04-27,1000000.0,0.0,1000000.0,0.0,0.0,0.0,0,1.0,0.0
2015-04-28,1000000.0,0.0,1000000.0,0.0,0.0,0.0,0,1.0,0.0
2015-04-29,1000000.0,0.0,1000000.0,0.0,0.0,0.0,0,1.0,0.0
2015-04-30,1000000.0,0.0,1000000.0,0.0,0.0,0.0,0,1.0,0.0
2015-05-01,1000000.0,0.0,1000000.0,0.0,0.0,0.0,0,1.0,0.0
2015-05-04,1000000.0,0.0,1000000.0,0.0,0.0,0.0,0,1.0,0.0
2015-05-05,1000000.0,0.0,1000000.0,0.0,0.0,0.0,0,1.0,0.0
2015-05-06,1000000.0,0.0,1000000.0,0.0,0.0,0.0,0,1.0,0.0
2015-05-07,1000000.0,0.0,1000000.0,0.0,0.0,0.0,0,1.0,0.0
2015-05-08,1000000.0,0.0,1000000.0,0.0,0.0,0.0,0,1.0,0.0
2015-05-11,1000000.0,0.0,1000000.0,0.0,0.0,0.0,0,1.0,0.0
2015-05-12,1000000.0,0.0,1000000.0,0.0,0.0,0.0,0,1.0,0.0
2015-05-13,1000000.0,0.0,1000000.0,0.0,0.0,0.0,0,1.0,0.0
2015-05-14,1000000.0,0.0,1000000.0,0.0,0.0,0.0,0,1.0,0.0
2015-05-15,1000000.0,0.0,1000000.0,0.0,0.0,0.0,0,1.0,0.0
2015-05-18,1000000.0,0.0,1000000.0,0.0,0.0,0.0,0,1.0,0.0
2015-05-19,1000000.0,0.0,1000000.0,0.0,0.0,0.0,0,1.0,0.0
2015-05-20,1000000.0,0.0,1000000.0,0.0,0.0,0.0,0,1.0,0.0
2015-05-21,1000000.0,0.0,1000000.0,0.0,0.0,0.0,0,1.0,0.0
2015-05-22,1000000.0,0.0,1000000.0,0.0,0.0,0.0,0,1.0,0.0
2015-05-26,1000000.0,0.0,1000000.0,0.0,0.0,0.0,0,1.0,0.0
2015-05-27,1000000.0,0.0,1000000.0,0.0,0.0,0.0,0,1.0,0.0
2015-05-28,1000000.0,0.0,1000000.0,0.0,0.0,0.0,0,1.0,0.0
2015-05-29,1000000.0,0.0,1000000.0,0.0,0.0,0.0,0,1.0,0.0
2015-06-01,1000000.0,0.0,1000000.0,0.0,0.0,0.0,0,1.0,0.0
2015-06-02,1000000.0,0.0,1000000.0,0.0,0.0,0.0,0,1.0,0.0
2015-06-03,1000000.0,0.0,1000000.0,0.0,0.0,0.0,0,1.0,0.0
2015-06-04,1000000.0,0.0,1000000.0,0.0,0.0,0.0,0,1.0,0.0
2015-06-05,1000000.0,0.0,1000000.0,0.0,0.0,0.0,0,1.0,0.0
2015-06-08,1000000.0,0.0,1000000.0,0.0,0.0,0.0,0,1.0,0.0
2015-06-09,1000000.0,0.0,1000000.0,0.0,0.0,0.0,0,1.0,0.0
2015-06-10,1000000.0,0.0,1000000.0,0.0,0.0,0.0,0,1.0,0.0
2015-06-11,1000000.0,0.0,1000000.0,0.0,0.0,0.0,0,1.0,0.0
2015-06-12,1000000.0,0.0,1000000.0,0.0,0.0,0.0,0,1.0,0.0
2015-06-15,1000000.0,0.0,1000000.0,0.0,0.0,0.0,0,1.0,0.0
2015-06-16,1000000.0,0.0,1000000.0,0.0,0.0,0.0,0,1.0,0.0
2015-06-17,1000000.0,0.0,1000000.0,0.0,0.0,0.0,0,1.0,0.0
2015-06-18,1000000.0,0.0,1000000.0,0.0,0.0,0.0,0,1.0,0.0
2015-06-19,1000000.0,0.0,1000000.0,0.0,0.0,0.0,0,1.0,0.0
2015-06-22,1000000.0,0.0,1000000.0,0.0,0.0,0.0,0,1.0,0.0
2015-06-23,1000000.0,0.0,1000000.0,0.0,0.0,0.0,0,1.0,0.0
2015-06-24,1000000.0,0.0,1000000.0,0.0,0.0,0.0,0,1.0,0.0
2015-06-25,1000000.0,0.0,1000000.0,0.0,0.0,0.0,0,1.0,0.0
2015-06-26,1000000.0,0.0,1000000.0,0.0,0.0,0.0,0,1.0,0.0
2015-06-29,1000000.0,0.0,1000000.0,0.0,0.0,0.0,0,1.0,0.0
2015-06-30,1000000.0,0.0,1000000.0,0.0,0.0,0.0,0,1.0,0.0
2015-07-01,1000000.0,0.0,1000000.0,0.0,0.0,0.0,0,1.0,0.0
2015-07-02,1000000.0,0.0,1000000.0,0.0,0.0,0.0,0,1.0,0.0
2015-07-06,1000000.0,0.0,1000000.0,0.0,0.0,0.0,0,1.0,0.0
2015-07-07,1000000.0,0.0,1000000.0,0.0,0.0,0.0,0,1.0,0.0
2015-07-08,1000000.0,0.0,1000000.0,0.0,0.0,0.0,0,1.0,0.0
2015-07-09,1000000.0,0.0,1000000.0,0.0,0.0,0.0,0,1.0,0.0
2015-07-10,1000000.0,0.0,1000000.0,0.0,0.0,0.0,0,1.0,0.0
2015-07-13,1000000.0,0.0,1000000.0,0.0,0.0,0.0,0,1.0,0.0
2015-07-14,1000000.0,0.0,1000000.0,0.0,0.0,0.0,0,1.0,0.0
2015-07-15,1000000.0,0.0,1000000.0,0.0,0.0,0.0,0,1.0,0.0
2015-07-16,1000000.0,0.0,1000000.0,0.0,0.0,0.0,0,1.0,0.0
2015-07-17,1000000.0,0.0,1000000.0,0.0,0.0,0.0,0,1.0,0.0
2015-07-20,1000000.0,0.0,1000000.0,0.0,0.0,0.0,0,1.0,0.0
2015-07-21,1000000.0,0.0,1000000.0,0.0,0.0,0.0,0,1.0,0.0
2015-07-22,1000000.0,0.0,1000000.0,0.0,0.0,0.0,0,1.0,0.0
2015-07-23,1000000.0,0.0,1000000.0,0.0,0.0,0.0,0,1.0,0.0
2015-07-24,1000000.0,0.0,1000000.0,0.0,0.0,0.0,0,1.0,0.0
2015-07-27,1000000.0,0.0,1000000.0,0.0,0.0,0.0,0,1.0,0.0
2015-07-28,1000000.0,0.0,1000000.0,0.0,0.0,0.0,0,1.0,0.0
2015-07-29,1000000.0,0.0,1000000.0,0.0,0.0,0.0,0,1.0,0.0
2015-07-30,1000000.0,0.0,1000000.0,0.0,0.0,0.0,0,1.0,0.0
2015-07-31,1000000.0,0.0,1000000.0,0.0,0.0,0.0,0,1.0,0.0
2015-08-03,1000000.0,0.0,1000000.0,0.0,0.0,0.0,0,1.0,0.0
2015-08-04,1000000.0,0.0,1000000.0,0.0,0.0,0.0,0,1.0,0.0
2015-08-05,1000000.0,0.0,1000000.0,0.0,0.0,0.0,0,1.0,0.0
2015-08-06,1000000.0,0.0,1000000.0,0.0,0.0,0.0,0,1.0,0.0
2015-08-07,1000000.0,0.0,1000000.0,0.0,0.0,0.0,0,1.0,0.0
2015-08-10,1000000.0,0.0,1000000.0,0.0,0.0,0.0,0,1.0,0.0
2015-08-11,1000000.0,0.0,1000000.0,0.0,0.0,0.0,0,1.0,0.0
2015-08-12,1000000.0,0.0,1000000.0,0.0,0.0,0.0,0,1.0,0.0
2015-08-13,1000000.0,0.0,1000000.0,0.0,0.0,0.0,0,1.0,0.0
2015-08-14,1000000.0,0.0,1000000.0,0.0,0.0,0.0,0,1.0,0.0
2015-08-17,1000000.0,0.0,1000000.0,0.0,0.0,0.0,0,1.0,0.0
2015-08-18,1000000.0,0.0,1000000.0,0.0,0.0,0.0,0,1.0,0.0
2015-08-19,1000000.0,0.0,1000000.0,0.0,0.0,0.0,0,1.0,0.0
2015-08-20,1000000.0,0.0,1000000.0,0.0,0.0,0.0,0,1.0,0.0
2015-08-21,1000000.0,0.0,1000000.0,0.0,0.0,0.0,0,1.0,0.0
2015-08-24,1000000.0,0.0,1000000.0,0.0,0.0,0.0,0,1.0,0.0
2015-08-25,1000000.0,0.0,1000000.0,0.0,0.0,0.0,0,1.0,0.0
2015-08-26,1000000.0,0.0,1000000.0,0.0,0.0,0.0,0,1.0,0.0
2015-08-27,1000000.0,0.0,1000000.0,0.0,0.0,0.0,0,1.0,0.0
2015-08-28,1000000.0,0.0,1000000.0,0.0,0.0,0.0,0,1.0,0.0
2015-08-31,1000000.0,0.0,1000000.0,0.0,0.0,0.0,0,1.0,0.0
2015-09-01,1000000.0,0.0,1000000.0,0.0,0.0,0.0,0,1.0,0.0
2015-09-02,1000000.0,0.0,1000000.0,0.0,0.0,0.0,0,1.0,0.0
2015-09-03,1000000.0,0.0,1000000.0,0.0,0.0,0.0,0,1.0,0.0
2015-09-04,1000000.0,0.0,1000000.0,0.0,0.0,0.0,0,1.0,0.0
2015-09-08,1000000.0,0.0,1000000.0,0.0,0.0,0.0,0,1.0,0.0
2015-09-09,1000000.0,0.0,1000000.0,0.0,0.0,0.0,0,1.0,0.0
2015-09-10,1000000.0,0.0,1000000.0,0.0,0.0,0.0,0,1.0,0.0
2015-09-11,1000000.0,0.0,1000000.0,0.0,0.0,0.0,0,1.0,0.0
2015-09-14,1000000.0,0.0,1000000.0,0.0,0.0,0.0,0,1.0,0.0
2015-09-15,1000000.0,0.0,1000000.0,0.0,0.0,0.0,0,1.0,0.0
2015-09-16,1000000.0,0.0,1000000.0,0.0,0.0,0.0,0,1.0,0.0
2015-09-17,1000000.0,0.0,1000000.0,0.0,0.0,0.0,0,1.0,0.0
2015-09-18,1000000.0,0.0,1000000.0,0.0,0.0,0.0,0,1.0,0.0
2015-09-21,1000000.0,0.0,1000000.0,0.0,0.0,0.0,0,1.0,0.0
2015-09-22,1000000.0,0.0,1000000.0,0.0,0.0,0.0,0,1.0,0.0
2015-09-23,1000000.0,0.0,1000000.0,0.0,0.0,0.0,0,1.0,0.0
2015-09-24,1000000.0,0.0,1000000.0,0.0,0.0,0.0,0,1.0,0.0
2015-09-25,1000000.0,0.0,1000000.0,0.0,0.0,0.0,0,1.0,0.0
2015-09-28,1000000.0,0.0,1000000.0,0.0,0.0,0.0,0,1.0,0.0
2015-09-29,1000000.0,0.0,1000000.0,0.0,0.0,0.0,0,1.0,0.0
2015-09-30,1000000.0,0.0,1000000.0,0.0,0.0,0.0,0,1.0,0.0
2015-10-01,1000000.0,0.0,1000000.0,0.0,0.0,0.0,0,1.0,0.0
2015-10-02,1000000.0,0.0,1000000.0,0.0,0.0,0.0,0,1.0,0.0
2015-10-05,1000000.0,0.0,1000000.0,0.0,0.0,0.0,0,1.0,0.0
2015-10-06,1000000.0,0.0,1000000.0,0.0,0.0,0.0,0,1.0,0.0
2015-10-07,1000000.0,0.0,1000000.0,0.0,0.0,0.0,0,1.0,0.0
2015-10-08,1000000.0,0.0,1000000.0,0.0,0.0,0.0,0,1.0,0.0
2015-10-09,1000000.0,0.0,1000000.0,0.0,0.0,0.0,0,1.0,0.0
2015-10-12,1000000.0,0.0,1000000.0,0.0,0.0,0.0,0,1.0,0.0
2015-10-13,1000000.0,0.0,1000000.0,0.0,0.0,0.0,0,1.0,0.0
2015-10-14,1000000.0,0.0,1000000.0,0.0,0.0,0.0,0,1.0,0.0
2015-10-15,1000000.0,0.0,1000000.0,0.0,0.0,0.0,0,1.0,0.0
2015-10-16,1000000.0,0.0,1000000.0,0.0,0.0,0.0,0,1.0,0.0
2015-10-19,1000000.0,0.0,1000000.0,0.0,0.0,0.0,0,1.0,0.0
2015-10-20,1000000.0,0.0,1000000.0,0.0,0.0,0.0,0,1.0,0.0
2015-10-21,1000000.0,0.0,1000000.0,0.0,0.0,0.0,0,1.0,0.0
2015-10-22,1000000.0,0.0,1000000.0,0.0,0.0,0.0,0,1.0,0.0
2015-10-23,1000000.0,0.0,1000000.0,0.0,0.0,0.0,0,1.0,0.0
2015-10-26,1000000.0,0.0,1000000.0,0.0,0.0,0.0,0,1.0,0.0
2015-10-27,1000000.0,0.0,1000000.0,0.0,0.0,0.0,0,1.0,0.0
2015-10-28,1000000.0,0.0,1000000.0,0.0,0.0,0.0,0,1.0,0.0
2015-10-29,1000000.0,0.0,1000000.0,0.0,0.0,0.0,0,1.0,0.0
2015-10-30,1000000.0,0.0,1000000.0,0.0,0.0,0.0,0,1.0,0.0
2015-11-02,1000000.0,0.0,1000000.0,0.0,0.0,0.0,0,1.0,0.0
2015-11-03,1000000.0,0.0,1000000.0,0.0,0.0,0.0,0,1.0,0.0
2015-11-04,1000000.0,0.0,1000000.0,0.0,0.0,0.0,0,1.0,0.0
2015-11-05,1000000.0,0.0,1000000.0,0.0,0.0,0.0,0,1.0,0.0
2015-11-06,1000000.0,0.0,1000000.0,0.0,0.0,0.0,0,1.0,0.0
2015-11-09,1000000.0,0.0,1000000.0,0.0,0.0,0.0,0,1.0,0.0
2015-11-10,1000000.0,0.0,1000000.0,0.0,0.0,0.0,0,1.0,0.0
2015-11-11,1000000.0,0.0,1000000.0,0.0,0.0,0.0,0,1.0,0.0
2015-11-12,1000000.0,0.0,1000000.0,0.0,0.0,0.0,0,1.0,0.0
2015-11-13,1000000.0,0.0,1000000.0,0.0,0.0,0.0,0,1.0,0.0
2015-11-16,1000000.0,0.0,1000000.0,0.0,0.0,0.0,0,1.0,0.0
2015-11-17,1000000.0,0.0,1000000.0,0.0,0.0,0.0,0,1.0,0.0
2015-11-18,1000000.0,0.0,1000000.0,0.0,0.0,0.0,0,1.0,0.0
2015-11-19,1000000.0,0.0,1000000.0,0.0,0.0,0.0,0,1.0,0.0
2015-11-20,1000000.0,0.0,1000000.0,0.0,0.0,0.0,0,1.0,0.0
2015-11-23,1000000.0,0.0,1000000.0,0.0,0.0,0.0,0,1.0,0.0
2015-11-24,1000000.0,0.0,1000000.0,0.0,0.0,0.0,0,1.0,0.0
2015-11-25,1000000.0,0.0,1000000.0,0.0,0.0,0.0,0,1.0,0.0
2015-11-27,1000000.0,0.0,1000000.0,0.0,0.0,0.0,0,1.0,0.0
2015-11-30,1000000.0,0.0,1000000.0,0.0,0.0,0.0,0,1.0,0.0
2015-12-01,1000000.0,0.0,1000000.0,0.0,0.0,0.0,0,1.0,0.0
2015-12-02,1000000.0,0.0,1000000.0,0.0,0.0,0.0,0,1.0,0.0
2015-12-03,1000000.0,0.0,1000000.0,0.0,0.0,0.0,0,1.0,0.0
2015-12-04,1000000.0,0.0,1000000.0,0.0,0.0,0.0,0,1.0,0.0
2015-12-07,1000000.0,0.0,1000000.0,0.0,0.0,0.0,0,1.0,0.0
2015-12-08,1000000.0,0.0,1000000.0,0.0,0.0,0.0,0,1.0,0.0
2015-12-09,1000000.0,0.0,1000000.0,0.0,0.0,0.0,0,1.0,0.0
2015-12-10,1000000.0,0.0,1000000.0,0.0,0.0,0.0,0,1.0,0.0
2015-12-11,1000000.0,0.0,1000000.0,0.0,0.0,0.0,0,1.0,0.0
2015-12-14,1000000.0,0.0,1000000.0,0.0,0.0,0.0,0,1.0,0.0
2015-12-15,1000000.0,0.0,1000000.0,0.0,0.0,0.0,0,1.0,0.0
2015-12-16,1000000.0,0.0,1000000.0,0.0,0.0,0.0,0,1.0,0.0
2015-12-17,1000000.0,0.0,1000000.0,0.0,0.0,0.0,0,1.0,0.0
2015-12-18,1000000.0,0.0,1000000.0,0.0,0.0,0.0,0,1.0,0.0
2015-12-21,1000000.0,0.0,1000000.0,0.0,0.0,0.0,0,1.0,0.0
2015-12-22,1000000.0,0.0,1000000.0,0.0,0.0,0.0,0,1.0,0.0
2015-12-23,1000000.0,0.0,1000000.0,0.0,0.0,0.0,0,1.0,0.0
2015-12-24,1000000.0,0.0,1000000.0,0.0,0.0,0.0,0,1.0,0.0
2015-12-28,1000000.0,0.0,1000000.0,0.0,0.0,0.0,0,1.0,0.0
2015-12-29,1000000.0,0.0,1000000.0,0.0,0.0,0.0,0,1.0,0.0
2015-12-30,1000000.0,0.0,1000000.0,0.0,0.0,0.0,0,1.0,0.0
2015-12-31,1000000.0,0.0,1000000.0,0.0,0.0,0.0,0,1.0,0.0
2016-01-04,1000000.0,0.0,1000000.0,0.0,0.0,0.0,0,1.0,0.0
2016-01-05,1000000.0,0.0,1000000.0,0.0,0.0,0.0,0,1.0,0.0
2016-01-06,1000000.0,0.0,1000000.0,0.0,0.0,0.0,0,1.0,0.0
2016-01-07,1000000.0,0.0,1000000.0,0.0,0.0,0.0,0,1.0,0.0
2016-01-08,1000000.0,0.0,1000000.0,0.0,0.0,0.0,0,1.0,0.0
2016-01-11,1000000.0,0.0,1000000.0,0.0,0.0,0.0,0,1.0,0.0
2016-01-12,1000000.0,0.0,1000000.0,0.0,0.0,0.0,0,1.0,0.0
2016-01-13,1000000.0,0.0,1000000.0,0.0,0.0,0.0,0,1.0,0.0
2016-01-14,1000000.0,0.0,1000000.0,0.0,0.0,0.0,0,1.0,0.0
2016-01-15,1000000.0,0.0,1000000.0,0.0,0.0,0.0,0,1.0,0.0
2016-01-19,1000000.0,0.0,1000000.0,0.0,0.0,0.0,0,1.0,0.0
2016-01-20,1000000.0,0.0,1000000.0,0.0,0.0,0.0,0,1.0,0.0
2016-01-21,1000000.0,0.0,1000000.0,0.0,0.0,0.0,0,1.0,0.0
2016-01-22,1000000.0,0.0,1000000.0,0.0,0.0,0.0,0,1.0,0.0
2016-01-25,1000000.0,0.0,1000000.0,0.0,0.0,0.0,0,1.0,0.0
2016-01-26,1000000.0,0.0,1000000.0,0.0,0.0,0.0,0,1.0,0.0
2016-01-27,1000000.0,0.0,1000000.0,0.0,0.0,0.0,0,1.0,0.0
2016-01-28,1000000.0,0.0,1000000.0,0.0,0.0,0.0,0,1.0,0.0
2016-01-29,1000000.0,0.0,1000000.0,0.0,0.0,0.0,0,1.0,0.0
2016-02-01,1000000.0,0.0,1000000.0,0.0,0.0,0.0,0,1.0,0.0
2016-02-02,1000000.0,0.0,1000000.0,0.0,0.0,0.0,0,1.0,0.0
2016-02-03,1000000.0,0.0,1000000.0,0.0,0.0,0.0,0,1.0,0.0
2016-02-04,1000000.0,0.0,1000000.0,0.0,0.0,0.0,0,1.0,0.0
2016-02-05,1000000.0,0.0,1000000.0,0.0,0.0,0.0,0,1.0,0.0
2016-02-08,1000000.0,0.0,1000000.0,0.0,0.0,0.0,0,1.0,0.0
2016-02-09,1000000.0,0.0,1000000.0,0.0,0.0,0.0,0,1.0,0.0
2016-02-10,1000000.0,0.0,1000000.0,0.0,0.0,0.0,0,1.0,0.0
2016-02-11,1000000.0,0.0,1000000.0,0.0,0.0,0.0,0,1.0,0.0
2016-02-12,1000000.0,0.0,1000000.0,0.0,0.0,0.0,0,1.0,0.0
2016-02-16,1000000.0,0.0,1000000.0,0.0,0.0,0.0,0,1.0,0.0
2016-02-17,1000000.0,0.0,1000000.0,0.0,0.0,0.0,0,1.0,0.0
2016-02-18,1000000.0,0.0,1000000.0,0.0,0.0,0.0,0,1.0,0.0
2016-02-19,1000000.0,0.0,1000000.0,0.0,0.0,0.0,0,1.0,0.0
2016-02-22,1000000.0,0.0,1000000.0,0.0,0.0,0.0,0,1.0,0.0
2016-02-23,1000000.0,0.0,1000000.0,0.0,0.0,0.0,0,1.0,0.0
2016-02-24,1000000.0,0.0,1000000.0,0.0,0.0,0.0,0,1.0,0.0
2016-02-25,1000000.0,0.0,1000000.0,0.0,0.0,0.0,0,1.0,0.0
2016-02-26,1000000.0,0.0,1000000.0,0.0,0.0,0.0,0,1.0,0.0
2016-02-29,1000000.0,0.0,1000000.0,0.0,0.0,0.0,0,1.0,0.0
2016-03-01,1000000.0,0.0,1000000.0,0.0,0.0,0.0,0,1.0,0.0
2016-03-02,1000000.0,0.0,1000000.0,0.0,0.0,0.0,0,1.0,0.0
2016-03-03,1000000.0,0.0,1000000.0,0.0,0.0,0.0,0,1.0,0.0
2016-03-04,1000000.0,0.0,1000000.0,0.0,0.0,0.0,0,1.0,0.0
2016-03-07,999941.6796409027,-5.832035909736355e-05,991543.475127614,50000.0,91601.79548671131,8398.204513288692,1,1.0,0.0
2016-03-08,999673.5914317045,-0.00026810384511077867,991542.9056300714,49278.28141297928,90425.87702432551,8130.685801633044,1,1.0,0.5694975425970062
2016-03-09,1000107.5768764362,0.0004341271475525321,991542.3423501862,49916.07956130379,91266.92459635757,8565.234526250017,1,1.0,0.5632798851655885
2016-03-10,999822.0632957697,-0.00028548286931118216,991541.776287968,49664.31543098182,91048.34385416194,8280.287007801708,1,1.0,0.5660622181389976
2016-03-11,1000681.0355616162,0.0008591251357417118,991541.209771494,51191.67304371946,93243.5202973168,9139.8257901221,1,1.0,0.5665164739655046
2016-03-14,1000002.9483731217,-0.000677625701294482,1000002.9483731217,0.0,0.0,0.0,0,1.0,1.7269752465543065
2016-03-15,1000002.9483731217,0.0,1000002.9483731217,0.0,0.0,0.0,0,1.0,0.0
2016-03-16,1000002.9483731217,0.0,1000002.9483731217,0.0,0.0,0.0,0,1.0,0.0
2016-03-17,1000002.9483731217,0.0,1000002.9483731217,0.0,0.0,0.0,0,1.0,0.0
2016-03-18,1000002.9483731217,0.0,1000002.9483731217,0.0,0.0,0.0,0,1.0,0.0
2016-03-21,1000002.9483731217,0.0,1000002.9483731217,0.0,0.0,0.0,0,1.0,0.0
2016-03-22,1000002.9483731217,0.0,1000002.9483731217,0.0,0.0,0.0,0,1.0,0.0
2016-03-23,1000002.9483731217,0.0,1000002.9483731217,0.0,0.0,0.0,0,1.0,0.0
2016-03-24,1000002.9483731217,0.0,1000002.9483731217,0.0,0.0,0.0,0,1.0,0.0
2016-03-28,1000002.9483731217,0.0,1000002.9483731217,0.0,0.0,0.0,0,1.0,0.0
2016-03-29,1000002.9483731217,0.0,1000002.9483731217,0.0,0.0,0.0,0,1.0,0.0
2016-03-30,1000002.9483731217,0.0,1000002.9483731217,0.0,0.0,0.0,0,1.0,0.0
2016-03-31,1000002.9483731217,0.0,1000002.9483731217,0.0,0.0,0.0,0,1.0,0.0
2016-04-01,1000002.9483731217,0.0,1000002.9483731217,0.0,0.0,0.0,0,1.0,0.0
2016-04-04,1000002.9483731217,0.0,1000002.9483731217,0.0,0.0,0.0,0,1.0,0.0
2016-04-05,1000002.9483731217,0.0,1000002.9483731217,0.0,0.0,0.0,0,1.0,0.0
2016-04-06,1000002.9483731217,0.0,1000002.9483731217,0.0,0.0,0.0,0,1.0,0.0
2016-04-07,1000002.9483731217,0.0,1000002.9483731217,0.0,0.0,0.0,0,1.0,0.0
2016-04-08,1000002.9483731217,0.0,1000002.9483731217,0.0,0.0,0.0,0,1.0,0.0
2016-04-11,1000002.9483731217,0.0,1000002.9483731217,0.0,0.0,0.0,0,1.0,0.0
2016-04-12,1000002.9483731217,0.0,1000002.9483731217,0.0,0.0,0.0,0,1.0,0.0
2016-04-13,1000002.9483731217,0.0,1000002.9483731217,0.0,0.0,0.0,0,1.0,0.0
2016-04-14,1000002.9483731217,0.0,1000002.9483731217,0.0,0.0,0.0,0,1.0,0.0
2016-04-15,1000002.9483731217,0.0,1000002.9483731217,0.0,0.0,0.0,0,1.0,0.0
2016-04-18,1000002.9483731217,0.0,1000002.9483731217,0.0,0.0,0.0,0,1.0,0.0
2016-04-19,1000002.9483731217,0.0,1000002.9483731217,0.0,0.0,0.0,0,1.0,0.0
2016-04-20,1000002.9483731217,0.0,1000002.9483731217,0.0,0.0,0.0,0,1.0,0.0
2016-04-21,1000002.9483731217,0.0,1000002.9483731217,0.0,0.0,0.0,0,1.0,0.0
2016-04-22,1000002.9483731217,0.0,1000002.9483731217,0.0,0.0,0.0,0,1.0,0.0
2016-04-25,1000002.9483731217,0.0,1000002.9483731217,0.0,0.0,0.0,0,1.0,0.0
2016-04-26,1000002.9483731217,0.0,1000002.9483731217,0.0,0.0,0.0,0,1.0,0.0
2016-04-27,1000002.9483731217,0.0,1000002.9483731217,0.0,0.0,0.0,0,1.0,0.0
2016-04-28,1000002.9483731217,0.0,1000002.9483731217,0.0,0.0,0.0,0,1.0,0.0
2016-04-29,1000002.9483731217,0.0,1000002.9483731217,0.0,0.0,0.0,0,1.0,0.0
2016-05-02,1000002.9483731217,0.0,1000002.9483731217,0.0,0.0,0.0,0,1.0,0.0
2016-05-03,1000002.9483731217,0.0,1000002.9483731217,0.0,0.0,0.0,0,1.0,0.0
2016-05-04,1000002.9483731217,0.0,1000002.9483731217,0.0,0.0,0.0,0,1.0,0.0
2016-05-05,1000002.9483731217,0.0,1000002.9483731217,0.0,0.0,0.0,0,1.0,0.0
2016-05-06,1000002.9483731217,0.0,1000002.9483731217,0.0,0.0,0.0,0,1.0,0.0
2016-05-09,1000002.9483731217,0.0,1000002.9483731217,0.0,0.0,0.0,0,1.0,0.0
2016-05-10,1000002.9483731217,0.0,1000002.9483731217,0.0,0.0,0.0,0,1.0,0.0
2016-05-11,1000002.9483731217,0.0,1000002.9483731217,0.0,0.0,0.0,0,1.0,0.0
2016-05-12,1000002.9483731217,0.0,1000002.9483731217,0.0,0.0,0.0,0,1.0,0.0
2016-05-13,1000002.9483731217,0.0,1000002.9483731217,0.0,0.0,0.0,0,1.0,0.0
2016-05-16,1000002.9483731217,0.0,1000002.9483731217,0.0,0.0,0.0,0,1.0,0.0
2016-05-17,1000002.9483731217,0.0,1000002.9483731217,0.0,0.0,0.0,0,1.0,0.0
2016-05-18,1000002.9483731217,0.0,1000002.9483731217,0.0,0.0,0.0,0,1.0,0.0
2016-05-19,1000002.9483731217,0.0,1000002.9483731217,0.0,0.0,0.0,0,1.0,0.0
2016-05-20,1000002.9483731217,0.0,1000002.9483731217,0.0,0.0,0.0,0,1.0,0.0
2016-05-23,1000002.9483731217,0.0,1000002.9483731217,0.0,0.0,0.0,0,1.0,0.0
2016-05-24,1000002.9483731217,0.0,1000002.9483731217,0.0,0.0,0.0,0,1.0,0.0
2016-05-25,1000002.9483731217,0.0,1000002.9483731217,0.0,0.0,0.0,0,1.0,0.0
2016-05-26,1000002.9483731217,0.0,1000002.9483731217,0.0,0.0,0.0,0,1.0,0.0
2016-05-27,1000002.9483731217,0.0,1000002.9483731217,0.0,0.0,0.0,0,1.0,0.0
2016-05-31,1000002.9483731217,0.0,1000002.9483731217,0.0,0.0,0.0,0,1.0,0.0
2016-06-01,1000002.9483731217,0.0,1000002.9483731217,0.0,0.0,0.0,0,1.0,0.0
2016-06-02,1000002.9483731217,0.0,1000002.9483731217,0.0,0.0,0.0,0,1.0,0.0
2016-06-03,1000002.9483731217,0.0,1000002.9483731217,0.0,0.0,0.0,0,1.0,0.0
2016-06-06,1000002.9483731217,0.0,1000002.9483731217,0.0,0.0,0.0,0,1.0,0.0
2016-06-07,1000002.9483731217,0.0,1000002.9483731217,0.0,0.0,0.0,0,1.0,0.0
2016-06-08,1000002.9483731217,0.0,1000002.9483731217,0.0,0.0,0.0,0,1.0,0.0
2016-06-09,1000002.9483731217,0.0,1000002.9483731217,0.0,0.0,0.0,0,1.0,0.0
2016-06-10,1000002.9483731217,0.0,1000002.9483731217,0.0,0.0,0.0,0,1.0,0.0
2016-06-13,1000002.9483731217,0.0,1000002.9483731217,0.0,0.0,0.0,0,1.0,0.0
2016-06-14,1000002.9483731217,0.0,1000002.9483731217,0.0,0.0,0.0,0,1.0,0.0
2016-06-15,1000002.9483731217,0.0,1000002.9483731217,0.0,0.0,0.0,0,1.0,0.0
2016-06-16,1000002.9483731217,0.0,1000002.9483731217,0.0,0.0,0.0,0,1.0,0.0
2016-06-17,1000002.9483731217,0.0,1000002.9483731217,0.0,0.0,0.0,0,1.0,0.0
2016-06-20,1000002.9483731217,0.0,1000002.9483731217,0.0,0.0,0.0,0,1.0,0.0
2016-06-21,1000002.9483731217,0.0,1000002.9483731217,0.0,0.0,0.0,0,1.0,0.0
2016-06-22,1000002.9483731217,0.0,1000002.9483731217,0.0,0.0,0.0,0,1.0,0.0
2016-06-23,1000002.9483731217,0.0,1000002.9483731217,0.0,0.0,0.0,0,1.0,0.0
2016-06-24,1000002.9483731217,0.0,1000002.9483731217,0.0,0.0,0.0,0,1.0,0.0
2016-06-27,1000002.9483731217,0.0,1000002.9483731217,0.0,0.0,0.0,0,1.0,0.0
2016-06-28,1000002.9483731217,0.0,1000002.9483731217,0.0,0.0,0.0,0,1.0,0.0
2016-06-29,1000002.9483731217,0.0,1000002.9483731217,0.0,0.0,0.0,0,1.0,0.0
2016-06-30,1000002.9483731217,0.0,1000002.9483731217,0.0,0.0,0.0,0,1.0,0.0
2016-07-01,1000002.9483731217,0.0,1000002.9483731217,0.0,0.0,0.0,0,1.0,0.0
2016-07-05,1000002.9483731217,0.0,1000002.9483731217,0.0,0.0,0.0,0,1.0,0.0
2016-07-06,1000002.9483731217,0.0,1000002.9483731217,0.0,0.0,0.0,0,1.0,0.0
2016-07-07,1000002.9483731217,0.0,1000002.9483731217,0.0,0.0,0.0,0,1.0,0.0
2016-07-08,1000002.9483731217,0.0,1000002.9483731217,0.0,0.0,0.0,0,1.0,0.0
2016-07-11,1000002.9483731217,0.0,1000002.9483731217,0.0,0.0,0.0,0,1.0,0.0
2016-07-12,1000002.9483731217,0.0,1000002.9483731217,0.0,0.0,0.0,0,1.0,0.0
2016-07-13,1000002.9483731217,0.0,1000002.9483731217,0.0,0.0,0.0,0,1.0,0.0
2016-07-14,1000002.9483731217,0.0,1000002.9483731217,0.0,0.0,0.0,0,1.0,0.0
2016-07-15,1000002.9483731217,0.0,1000002.9483731217,0.0,0.0,0.0,0,1.0,0.0
2016-07-18,1000002.9483731217,0.0,1000002.9483731217,0.0,0.0,0.0,0,1.0,0.0
2016-07-19,1000002.9483731217,0.0,1000002.9483731217,0.0,0.0,0.0,0,1.0,0.0
2016-07-20,1000002.9483731217,0.0,1000002.9483731217,0.0,0.0,0.0,0,1.0,0.0
2016-07-21,1000002.9483731217,0.0,1000002.9483731217,0.0,0.0,0.0,0,1.0,0.0
2016-07-22,1000002.9483731217,0.0,1000002.9483731217,0.0,0.0,0.0,0,1.0,0.0
2016-07-25,1000002.9483731217,0.0,1000002.9483731217,0.0,0.0,0.0,0,1.0,0.0
2016-07-26,1000002.9483731217,0.0,1000002.9483731217,0.0,0.0,0.0,0,1.0,0.0
2016-07-27,1000002.9483731217,0.0,1000002.9483731217,0.0,0.0,0.0,0,1.0,0.0
2016-07-28,1000002.9483731217,0.0,1000002.9483731217,0.0,0.0,0.0,0,1.0,0.0
2016-07-29,1000002.9483731217,0.0,1000002.9483731217,0.0,0.0,0.0,0,1.0,0.0
2016-08-01,1000002.9483731217,0.0,1000002.9483731217,0.0,0.0,0.0,0,1.0,0.0
2016-08-02,1000002.9483731217,0.0,1000002.9483731217,0.0,0.0,0.0,0,1.0,0.0
2016-08-03,1000002.9483731217,0.0,1000002.9483731217,0.0,0.0,0.0,0,1.0,0.0
2016-08-04,1000002.9483731217,0.0,1000002.9483731217,0.0,0.0,0.0,0,1.0,0.0
2016-08-05,1000002.9483731217,0.0,1000002.9483731217,0.0,0.0,0.0,0,1.0,0.0
2016-08-08,1000002.9483731217,0.0,1000002.9483731217,0.0,0.0,0.0,0,1.0,0.0
2016-08-09,1000002.9483731217,0.0,1000002.9483731217,0.0,0.0,0.0,0,1.0,0.0
2016-08-10,1000002.9483731217,0.0,1000002.9483731217,0.0,0.0,0.0,0,1.0,0.0
2016-08-11,1000002.9483731217,0.0,1000002.9483731217,0.0,0.0,0.0,0,1.0,0.0
2016-08-12,1000002.9483731217,0.0,1000002.9483731217,0.0,0.0,0.0,0,1.0,0.0
2016-08-15,1000002.9483731217,0.0,1000002.9483731217,0.0,0.0,0.0,0,1.0,0.0
2016-08-16,1000002.9483731217,0.0,1000002.9483731217,0.0,0.0,0.0,0,1.0,0.0
2016-08-17,1000002.9483731217,0.0,1000002.9483731217,0.0,0.0,0.0,0,1.0,0.0
2016-08-18,1000002.9483731217,0.0,1000002.9483731217,0.0,0.0,0.0,0,1.0,0.0
2016-08-19,1000002.9483731217,0.0,1000002.9483731217,0.0,0.0,0.0,0,1.0,0.0
2016-08-22,1000002.9483731217,0.0,1000002.9483731217,0.0,0.0,0.0,0,1.0,0.0
2016-08-23,1000002.9483731217,0.0,1000002.9483731217,0.0,0.0,0.0,0,1.0,0.0
2016-08-24,1000002.9483731217,0.0,1000002.9483731217,0.0,0.0,0.0,0,1.0,0.0
2016-08-25,1000002.9483731217,0.0,1000002.9483731217,0.0,0.0,0.0,0,1.0,0.0
2016-08-26,1000002.9483731217,0.0,1000002.9483731217,0.0,0.0,0.0,0,1.0,0.0
2016-08-29,1000002.9483731217,0.0,1000002.9483731217,0.0,0.0,0.0,0,1.0,0.0
2016-08-30,1000002.9483731217,0.0,1000002.9483731217,0.0,0.0,0.0,0,1.0,0.0
2016-08-31,1000002.9483731217,0.0,1000002.9483731217,0.0,0.0,0.0,0,1.0,0.0
2016-09-01,1000002.9483731217,0.0,1000002.9483731217,0.0,0.0,0.0,0,1.0,0.0
2016-09-02,1000002.9483731217,0.0,1000002.9483731217,0.0,0.0,0.0,0,1.0,0.0
2016-09-06,1000002.9483731217,0.0,1000002.9483731217,0.0,0.0,0.0,0,1.0,0.0
2016-09-07,1000002.9483731217,0.0,1000002.9483731217,0.0,0.0,0.0,0,1.0,0.0
2016-09-08,1000002.9483731217,0.0,1000002.9483731217,0.0,0.0,0.0,0,1.0,0.0
2016-09-09,1000002.9483731217,0.0,1000002.9483731217,0.0,0.0,0.0,0,1.0,0.0
2016-09-12,1000002.9483731217,0.0,1000002.9483731217,0.0,0.0,0.0,0,1.0,0.0
2016-09-13,1000002.9483731217,0.0,1000002.9483731217,0.0,0.0,0.0,0,1.0,0.0
2016-09-14,1000002.9483731217,0.0,1000002.9483731217,0.0,0.0,0.0,0,1.0,0.0
2016-09-15,1000002.9483731217,0.0,1000002.9483731217,0.0,0.0,0.0,0,1.0,0.0
2016-09-16,1000002.9483731217,0.0,1000002.9483731217,0.0,0.0,0.0,0,1.0,0.0
2016-09-19,1000002.9483731217,0.0,1000002.9483731217,0.0,0.0,0.0,0,1.0,0.0
2016-09-20,1000002.9483731217,0.0,1000002.9483731217,0.0,0.0,0.0,0,1.0,0.0
2016-09-21,1000002.9483731217,0.0,1000002.9483731217,0.0,0.0,0.0,0,1.0,0.0
2016-09-22,1000002.9483731217,0.0,1000002.9483731217,0.0,0.0,0.0,0,1.0,0.0
2016-09-23,1000002.9483731217,0.0,1000002.9483731217,0.0,0.0,0.0,0,1.0,0.0
2016-09-26,1000002.9483731217,0.0,1000002.9483731217,0.0,0.0,0.0,0,1.0,0.0
2016-09-27,1000002.9483731217,0.0,1000002.9483731217,0.0,0.0,0.0,0,1.0,0.0
2016-09-28,1000002.9483731217,0.0,1000002.9483731217,0.0,0.0,0.0,0,1.0,0.0
2016-09-29,1000002.9483731217,0.0,1000002.9483731217,0.0,0.0,0.0,0,1.0,0.0
2016-09-30,1000002.9483731217,0.0,1000002.9483731217,0.0,0.0,0.0,0,1.0,0.0
2016-10-03,1000002.9483731217,0.0,1000002.9483731217,0.0,0.0,0.0,0,1.0,0.0
2016-10-04,1000002.9483731217,0.0,1000002.9483731217,0.0,0.0,0.0,0,1.0,0.0
2016-10-05,1000002.9483731217,0.0,1000002.9483731217,0.0,0.0,0.0,0,1.0,0.0
2016-10-06,1000002.9483731217,0.0,1000002.9483731217,0.0,0.0,0.0,0,1.0,0.0
2016-10-07,1000002.9483731217,0.0,1000002.9483731217,0.0,0.0,0.0,0,1.0,0.0
2016-10-10,1000002.9483731217,0.0,1000002.9483731217,0.0,0.0,0.0,0,1.0,0.0
2016-10-11,1000002.9483731217,0.0,1000002.9483731217,0.0,0.0,0.0,0,1.0,0.0
2016-10-12,1000002.9483731217,0.0,1000002.9483731217,0.0,0.0,0.0,0,1.0,0.0
2016-10-13,1000002.9483731217,0.0,1000002.9483731217,0.0,0.0,0.0,0,1.0,0.0
2016-10-14,1000002.9483731217,0.0,1000002.9483731217,0.0,0.0,0.0,0,1.0,0.0
2016-10-17,1000002.9483731217,0.0,1000002.9483731217,0.0,0.0,0.0,0,1.0,0.0
2016-10-18,1000002.9483731217,0.0,1000002.9483731217,0.0,0.0,0.0,0,1.0,0.0
2016-10-19,1000002.9483731217,0.0,1000002.9483731217,0.0,0.0,0.0,0,1.0,0.0
2016-10-20,1000002.9483731217,0.0,1000002.9483731217,0.0,0.0,0.0,0,1.0,0.0
2016-10-21,1000002.9483731217,0.0,1000002.9483731217,0.0,0.0,0.0,0,1.0,0.0
2016-10-24,1000002.9483731217,0.0,1000002.9483731217,0.0,0.0,0.0,0,1.0,0.0
2016-10-25,1000002.9483731217,0.0,1000002.9483731217,0.0,0.0,0.0,0,1.0,0.0
2016-10-26,1000002.9483731217,0.0,1000002.9483731217,0.0,0.0,0.0,0,1.0,0.0
2016-10-27,1000002.9483731217,0.0,1000002.9483731217,0.0,0.0,0.0,0,1.0,0.0
2016-10-28,1000002.9483731217,0.0,1000002.9483731217,0.0,0.0,0.0,0,1.0,0.0
2016-10-31,1000002.9483731217,0.0,1000002.9483731217,0.0,0.0,0.0,0,1.0,0.0
2016-11-01,1000002.9483731217,0.0,1000002.9483731217,0.0,0.0,0.0,0,1.0,0.0
2016-11-02,1000002.9483731217,0.0,1000002.9483731217,0.0,0.0,0.0,0,1.0,0.0
2016-11-03,1000002.9483731217,0.0,1000002.9483731217,0.0,0.0,0.0,0,1.0,0.0
2016-11-04,1000002.9483731217,0.0,1000002.9483731217,0.0,0.0,0.0,0,1.0,0.0
2016-11-07,1000002.9483731217,0.0,1000002.9483731217,0.0,0.0,0.0,0,1.0,0.0
2016-11-08,1000002.9483731217,0.0,1000002.9483731217,0.0,0.0,0.0,0,1.0,0.0
2016-11-09,1000002.9483731217,0.0,1000002.9483731217,0.0,0.0,0.0,0,1.0,0.0
2016-11-10,1000002.9483731217,0.0,1000002.9483731217,0.0,0.0,0.0,0,1.0,0.0
2016-11-11,1000002.9483731217,0.0,1000002.9483731217,0.0,0.0,0.0,0,1.0,0.0
2016-11-14,1000002.9483731217,0.0,1000002.9483731217,0.0,0.0,0.0,0,1.0,0.0
2016-11-15,1000002.9483731217,0.0,1000002.9483731217,0.0,0.0,0.0,0,1.0,0.0
2016-11-16,1000002.9483731217,0.0,1000002.9483731217,0.0,0.0,0.0,0,1.0,0.0
2016-11-17,1000002.9483731217,0.0,1000002.9483731217,0.0,0.0,0.0,0,1.0,0.0
2016-11-18,1000002.9483731217,0.0,1000002.9483731217,0.0,0.0,0.0,0,1.0,0.0
2016-11-21,1000002.9483731217,0.0,1000002.9483731217,0.0,0.0,0.0,0,1.0,0.0
2016-11-22,1000002.9483731217,0.0,1000002.9483731217,0.0,0.0,0.0,0,1.0,0.0
2016-11-23,1000002.9483731217,0.0,1000002.9483731217,0.0,0.0,0.0,0,1.0,0.0
2016-11-25,1000002.9483731217,0.0,1000002.9483731217,0.0,0.0,0.0,0,1.0,0.0
2016-11-28,1000002.9483731217,0.0,1000002.9483731217,0.0,0.0,0.0,0,1.0,0.0
2016-11-29,1000002.9483731217,0.0,1000002.9483731217,0.0,0.0,0.0,0,1.0,0.0
2016-11-30,1000002.9483731217,0.0,1000002.9483731217,0.0,0.0,0.0,0,1.0,0.0
2016-12-01,1000002.9483731217,0.0,1000002.9483731217,0.0,0.0,0.0,0,1.0,0.0
2016-12-02,1000002.9483731217,0.0,1000002.9483731217,0.0,0.0,0.0,0,1.0,0.0
2016-12-05,1000002.9483731217,0.0,1000002.9483731217,0.0,0.0,0.0,0,1.0,0.0
2016-12-06,1000002.9483731217,0.0,1000002.9483731217,0.0,0.0,0.0,0,1.0,0.0
2016-12-07,1000002.9483731217,0.0,1000002.9483731217,0.0,0.0,0.0,0,1.0,0.0
2016-12-08,1000002.9483731217,0.0,1000002.9483731217,0.0,0.0,0.0,0,1.0,0.0
2016-12-09,1000002.9483731217,0.0,1000002.9483731217,0.0,0.0,0.0,0,1.0,0.0
2016-12-12,1000002.9483731217,0.0,1000002.9483731217,0.0,0.0,0.0,0,1.0,0.0
2016-12-13,1000002.9483731217,0.0,1000002.9483731217,0.0,0.0,0.0,0,1.0,0.0
2016-12-14,1000002.9483731217,0.0,1000002.9483731217,0.0,0.0,0.0,0,1.0,0.0
2016-12-15,1000002.9483731217,0.0,1000002.9483731217,0.0,0.0,0.0,0,1.0,0.0
2016-12-16,1000002.9483731217,0.0,1000002.9483731217,0.0,0.0,0.0,0,1.0,0.0
2016-12-19,1000002.9483731217,0.0,1000002.9483731217,0.0,0.0,0.0,0,1.0,0.0
2016-12-20,1000002.9483731217,0.0,1000002.9483731217,0.0,0.0,0.0,0,1.0,0.0
2016-12-21,1000002.9483731217,0.0,1000002.9483731217,0.0,0.0,0.0,0,1.0,0.0
2016-12-22,1000002.9483731217,0.0,1000002.9483731217,0.0,0.0,0.0,0,1.0,0.0
2016-12-23,1000002.9483731217,0.0,1000002.9483731217,0.0,0.0,0.0,0,1.0,0.0
2016-12-27,1000002.9483731217,0.0,1000002.9483731217,0.0,0.0,0.0,0,1.0,0.0
2016-12-28,1000002.9483731217,0.0,1000002.9483731217,0.0,0.0,0.0,0,1.0,0.0
2016-12-29,1000002.9483731217,0.0,1000002.9483731217,0.0,0.0,0.0,0,1.0,0.0
2016-12-30,1000002.9483731217,0.0,1000002.9483731217,0.0,0.0,0.0,0,1.0,0.0
2017-01-03,1000002.9483731217,0.0,1000002.9483731217,0.0,0.0,0.0,0,1.0,0.0
2017-01-04,1000002.9483731217,0.0,1000002.9483731217,0.0,0.0,0.0,0,1.0,0.0
2017-01-05,1000002.9483731217,0.0,1000002.9483731217,0.0,0.0,0.0,0,1.0,0.0
2017-01-06,1000002.9483731217,0.0,1000002.9483731217,0.0,0.0,0.0,0,1.0,0.0
2017-01-09,1000002.9483731217,0.0,1000002.9483731217,0.0,0.0,0.0,0,1.0,0.0
2017-01-10,1000002.9483731217,0.0,1000002.9483731217,0.0,0.0,0.0,0,1.0,0.0
2017-01-11,1000002.9483731217,0.0,1000002.9483731217,0.0,0.0,0.0,0,1.0,0.0
2017-01-12,1000002.9483731217,0.0,1000002.9483731217,0.0,0.0,0.0,0,1.0,0.0
2017-01-13,1000002.9483731217,0.0,1000002.9483731217,0.0,0.0,0.0,0,1.0,0.0
2017-01-17,1000002.9483731217,0.0,1000002.9483731217,0.0,0.0,0.0,0,1.0,0.0
2017-01-18,1000002.9483731217,0.0,1000002.9483731217,0.0,0.0,0.0,0,1.0,0.0
2017-01-19,1000002.9483731217,0.0,1000002.9483731217,0.0,0.0,0.0,0,1.0,0.0
2017-01-20,1000002.9483731217,0.0,1000002.9483731217,0.0,0.0,0.0,0,1.0,0.0
2017-01-23,1000002.9483731217,0.0,1000002.9483731217,0.0,0.0,0.0,0,1.0,0.0
2017-01-24,1000002.9483731217,0.0,1000002.9483731217,0.0,0.0,0.0,0,1.0,0.0
2017-01-25,1000002.9483731217,0.0,1000002.9483731217,0.0,0.0,0.0,0,1.0,0.0
2017-01-26,1000002.9483731217,0.0,1000002.9483731217,0.0,0.0,0.0,0,1.0,0.0
2017-01-27,1000002.9483731217,0.0,1000002.9483731217,0.0,0.0,0.0,0,1.0,0.0
2017-01-30,1000002.9483731217,0.0,1000002.9483731217,0.0,0.0,0.0,0,1.0,0.0
2017-01-31,1000002.9483731217,0.0,1000002.9483731217,0.0,0.0,0.0,0,1.0,0.0
2017-02-01,1000002.9483731217,0.0,1000002.9483731217,0.0,0.0,0.0,0,1.0,0.0
2017-02-02,1000002.9483731217,0.0,1000002.9483731217,0.0,0.0,0.0,0,1.0,0.0
2017-02-03,1000002.9483731217,0.0,1000002.9483731217,0.0,0.0,0.0,0,1.0,0.0
2017-02-06,1000002.9483731217,0.0,1000002.9483731217,0.0,0.0,0.0,0,1.0,0.0
2017-02-07,1000002.9483731217,0.0,1000002.9483731217,0.0,0.0,0.0,0,1.0,0.0
2017-02-08,1000002.9483731217,0.0,1000002.9483731217,0.0,0.0,0.0,0,1.0,0.0
2017-02-09,1000002.9483731217,0.0,1000002.9483731217,0.0,0.0,0.0,0,1.0,0.0
2017-02-10,1000002.9483731217,0.0,1000002.9483731217,0.0,0.0,0.0,0,1.0,0.0
2017-02-13,1000002.9483731217,0.0,1000002.9483731217,0.0,0.0,0.0,0,1.0,0.0
2017-02-14,1000002.9483731217,0.0,1000002.9483731217,0.0,0.0,0.0,0,1.0,0.0
2017-02-15,1000002.9483731217,0.0,1000002.9483731217,0.0,0.0,0.0,0,1.0,0.0
2017-02-16,1000002.9483731217,0.0,1000002.9483731217,0.0,0.0,0.0,0,1.0,0.0
2017-02-17,1000002.9483731217,0.0,1000002.9483731217,0.0,0.0,0.0,0,1.0,0.0
2017-02-21,1000002.9483731217,0.0,1000002.9483731217,0.0,0.0,0.0,0,1.0,0.0
2017-02-22,1000002.9483731217,0.0,1000002.9483731217,0.0,0.0,0.0,0,1.0,0.0
2017-02-23,1000002.9483731217,0.0,1000002.9483731217,0.0,0.0,0.0,0,1.0,0.0
2017-02-24,1000002.9483731217,0.0,1000002.9483731217,0.0,0.0,0.0,0,1.0,0.0
2017-02-27,1000002.9483731217,0.0,1000002.9483731217,0.0,0.0,0.0,0,1.0,0.0
2017-02-28,1000002.9483731217,0.0,1000002.9483731217,0.0,0.0,0.0,0,1.0,0.0
2017-03-01,1000002.9483731217,0.0,1000002.9483731217,0.0,0.0,0.0,0,1.0,0.0
2017-03-02,1000002.9483731217,0.0,1000002.9483731217,0.0,0.0,0.0,0,1.0,0.0
2017-03-03,1000002.9483731217,0.0,1000002.9483731217,0.0,0.0,0.0,0,1.0,0.0
2017-03-06,1000002.9483731217,0.0,1000002.9483731217,0.0,0.0,0.0,0,1.0,0.0
2017-03-07,1000002.9483731217,0.0,1000002.9483731217,0.0,0.0,0.0,0,1.0,0.0
2017-03-08,1000002.9483731217,0.0,1000002.9483731217,0.0,0.0,0.0,0,1.0,0.0
2017-03-09,1000002.9483731217,0.0,1000002.9483731217,0.0,0.0,0.0,0,1.0,0.0
2017-03-10,1000002.9483731217,0.0,1000002.9483731217,0.0,0.0,0.0,0,1.0,0.0
2017-03-13,1000002.9483731217,0.0,1000002.9483731217,0.0,0.0,0.0,0,1.0,0.0
2017-03-14,1000002.9483731217,0.0,1000002.9483731217,0.0,0.0,0.0,0,1.0,0.0
2017-03-15,1000002.9483731217,0.0,1000002.9483731217,0.0,0.0,0.0,0,1.0,0.0
2017-03-16,1000002.9483731217,0.0,1000002.9483731217,0.0,0.0,0.0,0,1.0,0.0
2017-03-17,1000002.9483731217,0.0,1000002.9483731217,0.0,0.0,0.0,0,1.0,0.0
2017-03-20,1000002.9483731217,0.0,1000002.9483731217,0.0,0.0,0.0,0,1.0,0.0
2017-03-21,1000002.9483731217,0.0,1000002.9483731217,0.0,0.0,0.0,0,1.0,0.0
2017-03-22,1000002.9483731217,0.0,1000002.9483731217,0.0,0.0,0.0,0,1.0,0.0
2017-03-23,1000002.9483731217,0.0,1000002.9483731217,0.0,0.0,0.0,0,1.0,0.0
2017-03-24,1000002.9483731217,0.0,1000002.9483731217,0.0,0.0,0.0,0,1.0,0.0
2017-03-27,1000002.9483731217,0.0,1000002.9483731217,0.0,0.0,0.0,0,1.0,0.0
2017-03-28,1000002.9483731217,0.0,1000002.9483731217,0.0,0.0,0.0,0,1.0,0.0
2017-03-29,1000002.9483731217,0.0,1000002.9483731217,0.0,0.0,0.0,0,1.0,0.0
2017-03-30,1000002.9483731217,0.0,1000002.9483731217,0.0,0.0,0.0,0,1.0,0.0
2017-03-31,1000002.9483731217,0.0,1000002.9483731217,0.0,0.0,0.0,0,1.0,0.0
2017-04-03,1000002.9483731217,0.0,1000002.9483731217,0.0,0.0,0.0,0,1.0,0.0
2017-04-04,1000002.9483731217,0.0,1000002.9483731217,0.0,0.0,0.0,0,1.0,0.0
2017-04-05,1000002.9483731217,0.0,1000002.9483731217,0.0,0.0,0.0,0,1.0,0.0
2017-04-06,1000002.9483731217,0.0,1000002.9483731217,0.0,0.0,0.0,0,1.0,0.0
2017-04-07,1000002.9483731217,0.0,1000002.9483731217,0.0,0.0,0.0,0,1.0,0.0
2017-04-10,1000002.9483731217,0.0,1000002.9483731217,0.0,0.0,0.0,0,1.0,0.0
2017-04-11,1000002.9483731217,0.0,1000002.9483731217,0.0,0.0,0.0,0,1.0,0.0
2017-04-12,1000002.9483731217,0.0,1000002.9483731217,0.0,0.0,0.0,0,1.0,0.0
2017-04-13,1000002.9483731217,0.0,1000002.9483731217,0.0,0.0,0.0,0,1.0,0.0
2017-04-17,1000002.9483731217,0.0,1000002.9483731217,0.0,0.0,0.0,0,1.0,0.0
2017-04-18,1000002.9483731217,0.0,1000002.9483731217,0.0,0.0,0.0,0,1.0,0.0
2017-04-19,1000002.9483731217,0.0,1000002.9483731217,0.0,0.0,0.0,0,1.0,0.0
2017-04-20,1000002.9483731217,0.0,1000002.9483731217,0.0,0.0,0.0,0,1.0,0.0
2017-04-21,1000002.9483731217,0.0,1000002.9483731217,0.0,0.0,0.0,0,1.0,0.0
2017-04-24,1000002.9483731217,0.0,1000002.9483731217,0.0,0.0,0.0,0,1.0,0.0
2017-04-25,1000002.9483731217,0.0,1000002.9483731217,0.0,0.0,0.0,0,1.0,0.0
2017-04-26,1000002.9483731217,0.0,1000002.9483731217,0.0,0.0,0.0,0,1.0,0.0
2017-04-27,1000002.9483731217,0.0,1000002.9483731217,0.0,0.0,0.0,0,1.0,0.0
2017-04-28,1000002.9483731217,0.0,1000002.9483731217,0.0,0.0,0.0,0,1.0,0.0
2017-05-01,1000002.9483731217,0.0,1000002.9483731217,0.0,0.0,0.0,0,1.0,0.0
2017-05-02,1000002.9483731217,0.0,1000002.9483731217,0.0,0.0,0.0,0,1.0,0.0
2017-05-03,1000002.9483731217,0.0,1000002.9483731217,0.0,0.0,0.0,0,1.0,0.0
2017-05-04,1000002.9483731217,0.0,1000002.9483731217,0.0,0.0,0.0,0,1.0,0.0
2017-05-05,1000002.9483731217,0.0,1000002.9483731217,0.0,0.0,0.0,0,1.0,0.0
2017-05-08,1000002.9483731217,0.0,1000002.9483731217,0.0,0.0,0.0,0,1.0,0.0
2017-05-09,1000002.9483731217,0.0,1000002.9483731217,0.0,0.0,0.0,0,1.0,0.0
2017-05-10,1000002.9483731217,0.0,1000002.9483731217,0.0,0.0,0.0,0,1.0,0.0
2017-05-11,1000002.9483731217,0.0,1000002.9483731217,0.0,0.0,0.0,0,1.0,0.0
2017-05-12,1000002.9483731217,0.0,1000002.9483731217,0.0,0.0,0.0,0,1.0,0.0
2017-05-15,1000002.9483731217,0.0,1000002.9483731217,0.0,0.0,0.0,0,1.0,0.0
2017-05-16,1000002.9483731217,0.0,1000002.9483731217,0.0,0.0,0.0,0,1.0,0.0
2017-05-17,1000002.9483731217,0.0,1000002.9483731217,0.0,0.0,0.0,0,1.0,0.0
2017-05-18,1000002.9483731217,0.0,1000002.9483731217,0.0,0.0,0.0,0,1.0,0.0
2017-05-19,1000002.9483731217,0.0,1000002.9483731217,0.0,0.0,0.0,0,1.0,0.0
2017-05-22,1000002.9483731217,0.0,1000002.9483731217,0.0,0.0,0.0,0,1.0,0.0
2017-05-23,1000002.9483731217,0.0,1000002.9483731217,0.0,0.0,0.0,0,1.0,0.0
2017-05-24,1000002.9483731217,0.0,1000002.9483731217,0.0,0.0,0.0,0,1.0,0.0
2017-05-25,1000002.9483731217,0.0,1000002.9483731217,0.0,0.0,0.0,0,1.0,0.0
2017-05-26,1000002.9483731217,0.0,1000002.9483731217,0.0,0.0,0.0,0,1.0,0.0
2017-05-30,1000002.9483731217,0.0,1000002.9483731217,0.0,0.0,0.0,0,1.0,0.0
2017-05-31,1000002.9483731217,0.0,1000002.9483731217,0.0,0.0,0.0,0,1.0,0.0
2017-06-01,1000002.9483731217,0.0,1000002.9483731217,0.0,0.0,0.0,0,1.0,0.0
2017-06-02,1000002.9483731217,0.0,1000002.9483731217,0.0,0.0,0.0,0,1.0,0.0
2017-06-05,1000002.9483731217,0.0,1000002.9483731217,0.0,0.0,0.0,0,1.0,0.0
2017-06-06,1000002.9483731217,0.0,1000002.9483731217,0.0,0.0,0.0,0,1.0,0.0
2017-06-07,1000002.9483731217,0.0,1000002.9483731217,0.0,0.0,0.0,0,1.0,0.0
2017-06-08,1000002.9483731217,0.0,1000002.9483731217,0.0,0.0,0.0,0,1.0,0.0
2017-06-09,1000002.9483731217,0.0,1000002.9483731217,0.0,0.0,0.0,0,1.0,0.0
2017-06-12,1000002.9483731217,0.0,1000002.9483731217,0.0,0.0,0.0,0,1.0,0.0
2017-06-13,1000002.9483731217,0.0,1000002.9483731217,0.0,0.0,0.0,0,1.0,0.0
2017-06-14,1000002.9483731217,0.0,1000002.9483731217,0.0,0.0,0.0,0,1.0,0.0
2017-06-15,1000002.9483731217,0.0,1000002.9483731217,0.0,0.0,0.0,0,1.0,0.0
2017-06-16,1000002.9483731217,0.0,1000002.9483731217,0.0,0.0,0.0,0,1.0,0.0
2017-06-19,1000002.9483731217,0.0,1000002.9483731217,0.0,0.0,0.0,0,1.0,0.0
2017-06-20,1000002.9483731217,0.0,1000002.9483731217,0.0,0.0,0.0,0,1.0,0.0
2017-06-21,1000002.9483731217,0.0,1000002.9483731217,0.0,0.0,0.0,0,1.0,0.0
2017-06-22,1000002.9483731217,0.0,1000002.9483731217,0.0,0.0,0.0,0,1.0,0.0
2017-06-23,1000002.9483731217,0.0,1000002.9483731217,0.0,0.0,0.0,0,1.0,0.0
2017-06-26,1000002.9483731217,0.0,1000002.9483731217,0.0,0.0,0.0,0,1.0,0.0
2017-06-27,1000002.9483731217,0.0,1000002.9483731217,0.0,0.0,0.0,0,1.0,0.0
2017-06-28,1000002.9483731217,0.0,1000002.9483731217,0.0,0.0,0.0,0,1.0,0.0
2017-06-29,1000002.9483731217,0.0,1000002.9483731217,0.0,0.0,0.0,0,1.0,0.0
2017-06-30,1000002.9483731217,0.0,1000002.9483731217,0.0,0.0,0.0,0,1.0,0.0
2017-07-03,1000002.9483731217,0.0,1000002.9483731217,0.0,0.0,0.0,0,1.0,0.0
2017-07-05,1000002.9483731217,0.0,1000002.9483731217,0.0,0.0,0.0,0,1.0,0.0
2017-07-06,1000002.9483731217,0.0,1000002.9483731217,0.0,0.0,0.0,0,1.0,0.0
2017-07-07,1000002.9483731217,0.0,1000002.9483731217,0.0,0.0,0.0,0,1.0,0.0
2017-07-10,1000002.9483731217,0.0,1000002.9483731217,0.0,0.0,0.0,0,1.0,0.0
2017-07-11,1000002.9483731217,0.0,1000002.9483731217,0.0,0.0,0.0,0,1.0,0.0
2017-07-12,1000002.9483731217,0.0,1000002.9483731217,0.0,0.0,0.0,0,1.0,0.0
2017-07-13,1000002.9483731217,0.0,1000002.9483731217,0.0,0.0,0.0,0,1.0,0.0
2017-07-14,1000002.9483731217,0.0,1000002.9483731217,0.0,0.0,0.0,0,1.0,0.0
2017-07-17,1000002.9483731217,0.0,1000002.9483731217,0.0,0.0,0.0,0,1.0,0.0
2017-07-18,1000002.9483731217,0.0,1000002.9483731217,0.0,0.0,0.0,0,1.0,0.0
2017-07-19,1000002.9483731217,0.0,1000002.9483731217,0.0,0.0,0.0,0,1.0,0.0
2017-07-20,1000002.9483731217,0.0,1000002.9483731217,0.0,0.0,0.0,0,1.0,0.0
2017-07-21,1000002.9483731217,0.0,1000002.9483731217,0.0,0.0,0.0,0,1.0,0.0
2017-07-24,1000002.9483731217,0.0,1000002.9483731217,0.0,0.0,0.0,0,1.0,0.0
2017-07-25,1000002.9483731217,0.0,1000002.9483731217,0.0,0.0,0.0,0,1.0,0.0
2017-07-26,1000002.9483731217,0.0,1000002.9483731217,0.0,0.0,0.0,0,1.0,0.0
2017-07-27,1000002.9483731217,0.0,1000002.9483731217,0.0,0.0,0.0,0,1.0,0.0
2017-07-28,1000002.9483731217,0.0,1000002.9483731217,0.0,0.0,0.0,0,1.0,0.0
2017-07-31,1000002.9483731217,0.0,1000002.9483731217,0.0,0.0,0.0,0,1.0,0.0
2017-08-01,1000002.9483731217,0.0,1000002.9483731217,0.0,0.0,0.0,0,1.0,0.0
2017-08-02,1000002.9483731217,0.0,1000002.9483731217,0.0,0.0,0.0,0,1.0,0.0
2017-08-03,1000002.9483731217,0.0,1000002.9483731217,0.0,0.0,0.0,0,1.0,0.0
2017-08-04,1000002.9483731217,0.0,1000002.9483731217,0.0,0.0,0.0,0,1.0,0.0
2017-08-07,1000002.9483731217,0.0,1000002.9483731217,0.0,0.0,0.0,0,1.0,0.0
2017-08-08,1000002.9483731217,0.0,1000002.9483731217,0.0,0.0,0.0,0,1.0,0.0
2017-08-09,1000002.9483731217,0.0,1000002.9483731217,0.0,0.0,0.0,0,1.0,0.0
2017-08-10,1000002.9483731217,0.0,1000002.9483731217,0.0,0.0,0.0,0,1.0,0.0
2017-08-11,1000002.9483731217,0.0,1000002.9483731217,0.0,0.0,0.0,0,1.0,0.0
2017-08-14,1000002.9483731217,0.0,1000002.9483731217,0.0,0.0,0.0,0,1.0,0.0
2017-08-15,1000002.9483731217,0.0,1000002.9483731217,0.0,0.0,0.0,0,1.0,0.0
2017-08-16,1000002.9483731217,0.0,1000002.9483731217,0.0,0.0,0.0,0,1.0,0.0
2017-08-17,1000002.9483731217,0.0,1000002.9483731217,0.0,0.0,0.0,0,1.0,0.0
2017-08-18,1000002.9483731217,0.0,1000002.9483731217,0.0,0.0,0.0,0,1.0,0.0
2017-08-21,1000002.9483731217,0.0,1000002.9483731217,0.0,0.0,0.0,0,1.0,0.0
2017-08-22,1000002.9483731217,0.0,1000002.9483731217,0.0,0.0,0.0,0,1.0,0.0
2017-08-23,1000002.9483731217,0.0,1000002.9483731217,0.0,0.0,0.0,0,1.0,0.0
2017-08-24,1000002.9483731217,0.0,1000002.9483731217,0.0,0.0,0.0,0,1.0,0.0
2017-08-25,1000002.9483731217,0.0,1000002.9483731217,0.0,0.0,0.0,0,1.0,0.0
2017-08-28,1000002.9483731217,0.0,1000002.9483731217,0.0,0.0,0.0,0,1.0,0.0
2017-08-29,1000002.9483731217,0.0,1000002.9483731217,0.0,0.0,0.0,0,1.0,0.0
2017-08-30,1000002.9483731217,0.0,1000002.9483731217,0.0,0.0,0.0,0,1.0,0.0
2017-08-31,1000002.9483731217,0.0,1000002.9483731217,0.0,0.0,0.0,0,1.0,0.0
2017-09-01,1000002.9483731217,0.0,1000002.9483731217,0.0,0.0,0.0,0,1.0,0.0
2017-09-05,1000002.9483731217,0.0,1000002.9483731217,0.0,0.0,0.0,0,1.0,0.0
2017-09-06,1000002.9483731217,0.0,1000002.9483731217,0.0,0.0,0.0,0,1.0,0.0
2017-09-07,1000002.9483731217,0.0,1000002.9483731217,0.0,0.0,0.0,0,1.0,0.0
2017-09-08,1000002.9483731217,0.0,1000002.9483731217,0.0,0.0,0.0,0,1.0,0.0
2017-09-11,1000002.9483731217,0.0,1000002.9483731217,0.0,0.0,0.0,0,1.0,0.0
2017-09-12,1000002.9483731217,0.0,1000002.9483731217,0.0,0.0,0.0,0,1.0,0.0
2017-09-13,1000002.9483731217,0.0,1000002.9483731217,0.0,0.0,0.0,0,1.0,0.0
2017-09-14,1000002.9483731217,0.0,1000002.9483731217,0.0,0.0,0.0,0,1.0,0.0
2017-09-15,1000002.9483731217,0.0,1000002.9483731217,0.0,0.0,0.0,0,1.0,0.0
2017-09-18,1000002.9483731217,0.0,1000002.9483731217,0.0,0.0,0.0,0,1.0,0.0
2017-09-19,1000002.9483731217,0.0,1000002.9483731217,0.0,0.0,0.0,0,1.0,0.0
2017-09-20,1000002.9483731217,0.0,1000002.9483731217,0.0,0.0,0.0,0,1.0,0.0
2017-09-21,1000002.9483731217,0.0,1000002.9483731217,0.0,0.0,0.0,0,1.0,0.0
2017-09-22,1000002.9483731217,0.0,1000002.9483731217,0.0,0.0,0.0,0,1.0,0.0
2017-09-25,1000002.9483731217,0.0,1000002.9483731217,0.0,0.0,0.0,0,1.0,0.0
2017-09-26,1000002.9483731217,0.0,1000002.9483731217,0.0,0.0,0.0,0,1.0,0.0
2017-09-27,1000002.9483731217,0.0,1000002.9483731217,0.0,0.0,0.0,0,1.0,0.0
2017-09-28,1000002.9483731217,0.0,1000002.9483731217,0.0,0.0,0.0,0,1.0,0.0
2017-09-29,1000002.9483731217,0.0,1000002.9483731217,0.0,0.0,0.0,0,1.0,0.0
2017-10-02,1000002.9483731217,0.0,1000002.9483731217,0.0,0.0,0.0,0,1.0,0.0
2017-10-03,1000002.9483731217,0.0,1000002.9483731217,0.0,0.0,0.0,0,1.0,0.0
2017-10-04,1000002.9483731217,0.0,1000002.9483731217,0.0,0.0,0.0,0,1.0,0.0
2017-10-05,1000002.9483731217,0.0,1000002.9483731217,0.0,0.0,0.0,0,1.0,0.0
2017-10-06,1000002.9483731217,0.0,1000002.9483731217,0.0,0.0,0.0,0,1.0,0.0
2017-10-09,1000002.9483731217,0.0,1000002.9483731217,0.0,0.0,0.0,0,1.0,0.0
2017-10-10,1000002.9483731217,0.0,1000002.9483731217,0.0,0.0,0.0,0,1.0,0.0
2017-10-11,1000002.9483731217,0.0,1000002.9483731217,0.0,0.0,0.0,0,1.0,0.0
2017-10-12,1000002.9483731217,0.0,1000002.9483731217,0.0,0.0,0.0,0,1.0,0.0
2017-10-13,1000002.9483731217,0.0,1000002.9483731217,0.0,0.0,0.0,0,1.0,0.0
2017-10-16,1000002.9483731217,0.0,1000002.9483731217,0.0,0.0,0.0,0,1.0,0.0
2017-10-17,1000002.9483731217,0.0,1000002.9483731217,0.0,0.0,0.0,0,1.0,0.0
2017-10-18,1000002.9483731217,0.0,1000002.9483731217,0.0,0.0,0.0,0,1.0,0.0
2017-10-19,1000002.9483731217,0.0,1000002.9483731217,0.0,0.0,0.0,0,1.0,0.0
2017-10-20,1000002.9483731217,0.0,1000002.9483731217,0.0,0.0,0.0,0,1.0,0.0
2017-10-23,1000002.9483731217,0.0,1000002.9483731217,0.0,0.0,0.0,0,1.0,0.0
2017-10-24,1000002.9483731217,0.0,1000002.9483731217,0.0,0.0,0.0,0,1.0,0.0
2017-10-25,1000002.9483731217,0.0,1000002.9483731217,0.0,0.0,0.0,0,1.0,0.0
2017-10-26,1000002.9483731217,0.0,1000002.9483731217,0.0,0.0,0.0,0,1.0,0.0
2017-10-27,1000002.9483731217,0.0,1000002.9483731217,0.0,0.0,0.0,0,1.0,0.0
2017-10-30,1000002.9483731217,0.0,1000002.9483731217,0.0,0.0,0.0,0,1.0,0.0
2017-10-31,1000002.9483731217,0.0,1000002.9483731217,0.0,0.0,0.0,0,1.0,0.0
2017-11-01,1000002.9483731217,0.0,1000002.9483731217,0.0,0.0,0.0,0,1.0,0.0
2017-11-02,1000002.9483731217,0.0,1000002.9483731217,0.0,0.0,0.0,0,1.0,0.0
2017-11-03,1000002.9483731217,0.0,1000002.9483731217,0.0,0.0,0.0,0,1.0,0.0
2017-11-06,1000002.9483731217,0.0,1000002.9483731217,0.0,0.0,0.0,0,1.0,0.0
2017-11-07,1000002.9483731217,0.0,1000002.9483731217,0.0,0.0,0.0,0,1.0,0.0
2017-11-08,1000002.9483731217,0.0,1000002.9483731217,0.0,0.0,0.0,0,1.0,0.0
2017-11-09,1000002.9483731217,0.0,1000002.9483731217,0.0,0.0,0.0,0,1.0,0.0
2017-11-10,1000002.9483731217,0.0,1000002.9483731217,0.0,0.0,0.0,0,1.0,0.0
2017-11-13,1000002.9483731217,0.0,1000002.9483731217,0.0,0.0,0.0,0,1.0,0.0
2017-11-14,1000002.9483731217,0.0,1000002.9483731217,0.0,0.0,0.0,0,1.0,0.0
2017-11-15,1000002.9483731217,0.0,1000002.9483731217,0.0,0.0,0.0,0,1.0,0.0
2017-11-16,1000002.9483731217,0.0,1000002.9483731217,0.0,0.0,0.0,0,1.0,0.0
2017-11-17,1000002.9483731217,0.0,1000002.9483731217,0.0,0.0,0.0,0,1.0,0.0
2017-11-20,1000002.9483731217,0.0,1000002.9483731217,0.0,0.0,0.0,0,1.0,0.0
2017-11-21,1000002.9483731217,0.0,1000002.9483731217,0.0,0.0,0.0,0,1.0,0.0
2017-11-22,1000002.9483731217,0.0,1000002.9483731217,0.0,0.0,0.0,0,1.0,0.0
2017-11-24,1000002.9483731217,0.0,1000002.9483731217,0.0,0.0,0.0,0,1.0,0.0
2017-11-27,1000002.9483731217,0.0,1000002.9483731217,0.0,0.0,0.0,0,1.0,0.0
2017-11-28,1000002.9483731217,0.0,1000002.9483731217,0.0,0.0,0.0,0,1.0,0.0
2017-11-29,1000002.9483731217,0.0,1000002.9483731217,0.0,0.0,0.0,0,1.0,0.0
2017-11-30,1000002.9483731217,0.0,1000002.9483731217,0.0,0.0,0.0,0,1.0,0.0
2017-12-01,1000002.9483731217,0.0,1000002.9483731217,0.0,0.0,0.0,0,1.0,0.0
2017-12-04,1000002.9483731217,0.0,1000002.9483731217,0.0,0.0,0.0,0,1.0,0.0
2017-12-05,1000002.9483731217,0.0,1000002.9483731217,0.0,0.0,0.0,0,1.0,0.0
2017-12-06,1000002.9483731217,0.0,1000002.9483731217,0.0,0.0,0.0,0,1.0,0.0
2017-12-07,1000002.9483731217,0.0,1000002.9483731217,0.0,0.0,0.0,0,1.0,0.0
2017-12-08,1000002.9483731217,0.0,1000002.9483731217,0.0,0.0,0.0,0,1.0,0.0
2017-12-11,1000002.9483731217,0.0,1000002.9483731217,0.0,0.0,0.0,0,1.0,0.0
2017-12-12,1000002.9483731217,0.0,1000002.9483731217,0.0,0.0,0.0,0,1.0,0.0
2017-12-13,1000002.9483731217,0.0,1000002.9483731217,0.0,0.0,0.0,0,1.0,0.0
2017-12-14,1000002.9483731217,0.0,1000002.9483731217,0.0,0.0,0.0,0,1.0,0.0
2017-12-15,1000002.9483731217,0.0,1000002.9483731217,0.0,0.0,0.0,0,1.0,0.0
2017-12-18,1000002.9483731217,0.0,1000002.9483731217,0.0,0.0,0.0,0,1.0,0.0
2017-12-19,1000002.9483731217,0.0,1000002.9483731217,0.0,0.0,0.0,0,1.0,0.0
2017-12-20,1000002.9483731217,0.0,1000002.9483731217,0.0,0.0,0.0,0,1.0,0.0
2017-12-21,1000002.9483731217,0.0,1000002.9483731217,0.0,0.0,0.0,0,1.0,0.0
2017-12-22,1000002.9483731217,0.0,1000002.9483731217,0.0,0.0,0.0,0,1.0,0.0
2017-12-26,1000002.9483731217,0.0,1000002.9483731217,0.0,0.0,0.0,0,1.0,0.0
2017-12-27,1000002.9483731217,0.0,1000002.9483731217,0.0,0.0,0.0,0,1.0,0.0
2017-12-28,1000002.9483731217,0.0,1000002.9483731217,0.0,0.0,0.0,0,1.0,0.0
2017-12-29,1000002.9483731217,0.0,1000002.9483731217,0.0,0.0,0.0,0,1.0,0.0
2018-01-02,1000002.9483731217,0.0,1000002.9483731217,0.0,0.0,0.0,0,1.0,0.0
2018-01-03,1000002.9483731217,0.0,1000002.9483731217,0.0,0.0,0.0,0,1.0,0.0
2018-01-04,1000002.9483731217,0.0,1000002.9483731217,0.0,0.0,0.0,0,1.0,0.0
2018-01-05,1000002.9483731217,0.0,1000002.9483731217,0.0,0.0,0.0,0,1.0,0.0
2018-01-08,1000002.9483731217,0.0,1000002.9483731217,0.0,0.0,0.0,0,1.0,0.0
2018-01-09,1000002.9483731217,0.0,1000002.9483731217,0.0,0.0,0.0,0,1.0,0.0
2018-01-10,1000002.9483731217,0.0,1000002.9483731217,0.0,0.0,0.0,0,1.0,0.0
2018-01-11,1000002.9483731217,0.0,1000002.9483731217,0.0,0.0,0.0,0,1.0,0.0
2018-01-12,1000002.9483731217,0.0,1000002.9483731217,0.0,0.0,0.0,0,1.0,0.0
2018-01-16,1000002.9483731217,0.0,1000002.9483731217,0.0,0.0,0.0,0,1.0,0.0
2018-01-17,1000002.9483731217,0.0,1000002.9483731217,0.0,0.0,0.0,0,1.0,0.0
2018-01-18,1000002.9483731217,0.0,1000002.9483731217,0.0,0.0,0.0,0,1.0,0.0
2018-01-19,1000002.9483731217,0.0,1000002.9483731217,0.0,0.0,0.0,0,1.0,0.0
2018-01-22,1000002.9483731217,0.0,1000002.9483731217,0.0,0.0,0.0,0,1.0,0.0
2018-01-23,1000002.9483731217,0.0,1000002.9483731217,0.0,0.0,0.0,0,1.0,0.0
2018-01-24,1000002.9483731217,0.0,1000002.9483731217,0.0,0.0,0.0,0,1.0,0.0
2018-01-25,1000002.9483731217,0.0,1000002.9483731217,0.0,0.0,0.0,0,1.0,0.0
2018-01-26,1000002.9483731217,0.0,1000002.9483731217,0.0,0.0,0.0,0,1.0,0.0
2018-01-29,1000002.9483731217,0.0,1000002.9483731217,0.0,0.0,0.0,0,1.0,0.0
2018-01-30,1000002.9483731217,0.0,1000002.9483731217,0.0,0.0,0.0,0,1.0,0.0
2018-01-31,1000002.9483731217,0.0,1000002.9483731217,0.0,0.0,0.0,0,1.0,0.0
2018-02-01,1000002.9483731217,0.0,1000002.9483731217,0.0,0.0,0.0,0,1.0,0.0
2018-02-02,1000002.9483731217,0.0,1000002.9483731217,0.0,0.0,0.0,0,1.0,0.0
2018-02-05,1000002.9483731217,0.0,1000002.9483731217,0.0,0.0,0.0,0,1.0,0.0
2018-02-06,1000002.9483731217,0.0,1000002.9483731217,0.0,0.0,0.0,0,1.0,0.0
2018-02-07,1000002.9483731217,0.0,1000002.9483731217,0.0,0.0,0.0,0,1.0,0.0
2018-02-08,1000002.9483731217,0.0,1000002.9483731217,0.0,0.0,0.0,0,1.0,0.0
2018-02-09,1000002.9483731217,0.0,1000002.9483731217,0.0,0.0,0.0,0,1.0,0.0
2018-02-12,1000002.9483731217,0.0,1000002.9483731217,0.0,0.0,0.0,0,1.0,0.0
2018-02-13,1000002.9483731217,0.0,1000002.9483731217,0.0,0.0,0.0,0,1.0,0.0
2018-02-14,1000002.9483731217,0.0,1000002.9483731217,0.0,0.0,0.0,0,1.0,0.0
2018-02-15,1000002.9483731217,0.0,1000002.9483731217,0.0,0.0,0.0,0,1.0,0.0
2018-02-16,1000002.9483731217,0.0,1000002.9483731217,0.0,0.0,0.0,0,1.0,0.0
2018-02-20,1000002.9483731217,0.0,1000002.9483731217,0.0,0.0,0.0,0,1.0,0.0
2018-02-21,1000002.9483731217,0.0,1000002.9483731217,0.0,0.0,0.0,0,1.0,0.0
2018-02-22,1000002.9483731217,0.0,1000002.9483731217,0.0,0.0,0.0,0,1.0,0.0
2018-02-23,1000002.9483731217,0.0,1000002.9483731217,0.0,0.0,0.0,0,1.0,0.0
2018-02-26,1000002.9483731217,0.0,1000002.9483731217,0.0,0.0,0.0,0,1.0,0.0
2018-02-27,1000002.9483731217,0.0,1000002.9483731217,0.0,0.0,0.0,0,1.0,0.0
2018-02-28,1000002.9483731217,0.0,1000002.9483731217,0.0,0.0,0.0,0,1.0,0.0
2018-03-01,1000002.9483731217,0.0,1000002.9483731217,0.0,0.0,0.0,0,1.0,0.0
2018-03-02,1000002.9483731217,0.0,1000002.9483731217,0.0,0.0,0.0,0,1.0,0.0
2018-03-05,1000002.9483731217,0.0,1000002.9483731217,0.0,0.0,0.0,0,1.0,0.0
2018-03-06,1000002.9483731217,0.0,1000002.9483731217,0.0,0.0,0.0,0,1.0,0.0
2018-03-07,1000002.9483731217,0.0,1000002.9483731217,0.0,0.0,0.0,0,1.0,0.0
2018-03-08,1000002.9483731217,0.0,1000002.9483731217,0.0,0.0,0.0,0,1.0,0.0
2018-03-09,1000002.9483731217,0.0,1000002.9483731217,0.0,0.0,0.0,0,1.0,0.0
2018-03-12,1000002.9483731217,0.0,1000002.9483731217,0.0,0.0,0.0,0,1.0,0.0
2018-03-13,1000002.9483731217,0.0,1000002.9483731217,0.0,0.0,0.0,0,1.0,0.0
2018-03-14,1000002.9483731217,0.0,1000002.9483731217,0.0,0.0,0.0,0,1.0,0.0
2018-03-15,1000002.9483731217,0.0,1000002.9483731217,0.0,0.0,0.0,0,1.0,0.0
2018-03-16,1000002.9483731217,0.0,1000002.9483731217,0.0,0.0,0.0,0,1.0,0.0
2018-03-19,1000002.9483731217,0.0,1000002.9483731217,0.0,0.0,0.0,0,1.0,0.0
2018-03-20,1000002.9483731217,0.0,1000002.9483731217,0.0,0.0,0.0,0,1.0,0.0
2018-03-21,1000002.9483731217,0.0,1000002.9483731217,0.0,0.0,0.0,0,1.0,0.0
2018-03-22,1000002.9483731217,0.0,1000002.9483731217,0.0,0.0,0.0,0,1.0,0.0
2018-03-23,1000002.9483731217,0.0,1000002.9483731217,0.0,0.0,0.0,0,1.0,0.0
2018-03-26,1000002.9483731217,0.0,1000002.9483731217,0.0,0.0,0.0,0,1.0,0.0
2018-03-27,1000002.9483731217,0.0,1000002.9483731217,0.0,0.0,0.0,0,1.0,0.0
2018-03-28,1000002.9483731217,0.0,1000002.9483731217,0.0,0.0,0.0,0,1.0,0.0
2018-03-29,1000002.9483731217,0.0,1000002.9483731217,0.0,0.0,0.0,0,1.0,0.0
2018-04-02,1000002.9483731217,0.0,1000002.9483731217,0.0,0.0,0.0,0,1.0,0.0
2018-04-03,1000002.9483731217,0.0,1000002.9483731217,0.0,0.0,0.0,0,1.0,0.0
2018-04-04,1000002.9483731217,0.0,1000002.9483731217,0.0,0.0,0.0,0,1.0,0.0
2018-04-05,1000002.9483731217,0.0,1000002.9483731217,0.0,0.0,0.0,0,1.0,0.0
2018-04-06,1000002.9483731217,0.0,1000002.9483731217,0.0,0.0,0.0,0,1.0,0.0
2018-04-09,1000002.9483731217,0.0,1000002.9483731217,0.0,0.0,0.0,0,1.0,0.0
2018-04-10,1000002.9483731217,0.0,1000002.9483731217,0.0,0.0,0.0,0,1.0,0.0
2018-04-11,1000002.9483731217,0.0,1000002.9483731217,0.0,0.0,0.0,0,1.0,0.0
2018-04-12,1000002.9483731217,0.0,1000002.9483731217,0.0,0.0,0.0,0,1.0,0.0
2018-04-13,1000002.9483731217,0.0,1000002.9483731217,0.0,0.0,0.0,0,1.0,0.0
2018-04-16,1000002.9483731217,0.0,1000002.9483731217,0.0,0.0,0.0,0,1.0,0.0
2018-04-17,1000002.9483731217,0.0,1000002.9483731217,0.0,0.0,0.0,0,1.0,0.0
2018-04-18,1000002.9483731217,0.0,1000002.9483731217,0.0,0.0,0.0,0,1.0,0.0
2018-04-19,1000002.9483731217,0.0,1000002.9483731217,0.0,0.0,0.0,0,1.0,0.0
2018-04-20,1000002.9483731217,0.0,1000002.9483731217,0.0,0.0,0.0,0,1.0,0.0
2018-04-23,1000002.9483731217,0.0,1000002.9483731217,0.0,0.0,0.0,0,1.0,0.0
2018-04-24,1000002.9483731217,0.0,1000002.9483731217,0.0,0.0,0.0,0,1.0,0.0
2018-04-25,1000002.9483731217,0.0,1000002.9483731217,0.0,0.0,0.0,0,1.0,0.0
2018-04-26,1000002.9483731217,0.0,1000002.9483731217,0.0,0.0,0.0,0,1.0,0.0
2018-04-27,1000002.9483731217,0.0,1000002.9483731217,0.0,0.0,0.0,0,1.0,0.0
2018-04-30,1000002.9483731217,0.0,1000002.9483731217,0.0,0.0,0.0,0,1.0,0.0
2018-05-01,1000002.9483731217,0.0,1000002.9483731217,0.0,0.0,0.0,0,1.0,0.0
2018-05-02,1000002.9483731217,0.0,1000002.9483731217,0.0,0.0,0.0,0,1.0,0.0
2018-05-03,1000002.9483731217,0.0,1000002.9483731217,0.0,0.0,0.0,0,1.0,0.0
2018-05-04,1000002.9483731217,0.0,1000002.9483731217,0.0,0.0,0.0,0,1.0,0.0
2018-05-07,1000002.9483731217,0.0,1000002.9483731217,0.0,0.0,0.0,0,1.0,0.0
2018-05-08,1000002.9483731217,0.0,1000002.9483731217,0.0,0.0,0.0,0,1.0,0.0
2018-05-09,1000002.9483731217,0.0,1000002.9483731217,0.0,0.0,0.0,0,1.0,0.0
2018-05-10,1000002.9483731217,0.0,1000002.9483731217,0.0,0.0,0.0,0,1.0,0.0
2018-05-11,1000002.9483731217,0.0,1000002.9483731217,0.0,0.0,0.0,0,1.0,0.0
2018-05-14,1000002.9483731217,0.0,1000002.9483731217,0.0,0.0,0.0,0,1.0,0.0
2018-05-15,1000002.9483731217,0.0,1000002.9483731217,0.0,0.0,0.0,0,1.0,0.0
2018-05-16,1000002.9483731217,0.0,1000002.9483731217,0.0,0.0,0.0,0,1.0,0.0
2018-05-17,1000002.9483731217,0.0,1000002.9483731217,0.0,0.0,0.0,0,1.0,0.0
2018-05-18,1000002.9483731217,0.0,1000002.9483731217,0.0,0.0,0.0,0,1.0,0.0
2018-05-21,1000002.9483731217,0.0,1000002.9483731217,0.0,0.0,0.0,0,1.0,0.0
2018-05-22,1000002.9483731217,0.0,1000002.9483731217,0.0,0.0,0.0,0,1.0,0.0
2018-05-23,1000002.9483731217,0.0,1000002.9483731217,0.0,0.0,0.0,0,1.0,0.0
2018-05-24,1000002.9483731217,0.0,1000002.9483731217,0.0,0.0,0.0,0,1.0,0.0
2018-05-25,1000002.9483731217,0.0,1000002.9483731217,0.0,0.0,0.0,0,1.0,0.0
2018-05-29,1000002.9483731217,0.0,1000002.9483731217,0.0,0.0,0.0,0,1.0,0.0
2018-05-30,1000002.9483731217,0.0,1000002.9483731217,0.0,0.0,0.0,0,1.0,0.0
2018-05-31,1000002.9483731217,0.0,1000002.9483731217,0.0,0.0,0.0,0,1.0,0.0
2018-06-01,1000002.9483731217,0.0,1000002.9483731217,0.0,0.0,0.0,0,1.0,0.0
2018-06-04,1000002.9483731217,0.0,1000002.9483731217,0.0,0.0,0.0,0,1.0,0.0
2018-06-05,1000002.9483731217,0.0,1000002.9483731217,0.0,0.0,0.0,0,1.0,0.0
2018-06-06,1000002.9483731217,0.0,1000002.9483731217,0.0,0.0,0.0,0,1.0,0.0
2018-06-07,1000002.9483731217,0.0,1000002.9483731217,0.0,0.0,0.0,0,1.0,0.0
2018-06-08,1000002.9483731217,0.0,1000002.9483731217,0.0,0.0,0.0,0,1.0,0.0
2018-06-11,1000002.9483731217,0.0,1000002.9483731217,0.0,0.0,0.0,0,1.0,0.0
2018-06-12,1000002.9483731217,0.0,1000002.9483731217,0.0,0.0,0.0,0,1.0,0.0
2018-06-13,1000002.9483731217,0.0,1000002.9483731217,0.0,0.0,0.0,0,1.0,0.0
2018-06-14,1000002.9483731217,0.0,1000002.9483731217,0.0,0.0,0.0,0,1.0,0.0
2018-06-15,1000002.9483731217,0.0,1000002.9483731217,0.0,0.0,0.0,0,1.0,0.0
2018-06-18,1000002.9483731217,0.0,1000002.9483731217,0.0,0.0,0.0,0,1.0,0.0
2018-06-19,1000002.9483731217,0.0,1000002.9483731217,0.0,0.0,0.0,0,1.0,0.0
2018-06-20,1000002.9483731217,0.0,1000002.9483731217,0.0,0.0,0.0,0,1.0,0.0
2018-06-21,1000002.9483731217,0.0,1000002.9483731217,0.0,0.0,0.0,0,1.0,0.0
2018-06-22,1000002.9483731217,0.0,1000002.9483731217,0.0,0.0,0.0,0,1.0,0.0
2018-06-25,1000002.9483731217,0.0,1000002.9483731217,0.0,0.0,0.0,0,1.0,0.0
2018-06-26,1000002.9483731217,0.0,1000002.9483731217,0.0,0.0,0.0,0,1.0,0.0
2018-06-27,1000002.9483731217,0.0,1000002.9483731217,0.0,0.0,0.0,0,1.0,0.0
2018-06-28,1000002.9483731217,0.0,1000002.9483731217,0.0,0.0,0.0,0,1.0,0.0
2018-06-29,1000002.9483731217,0.0,1000002.9483731217,0.0,0.0,0.0,0,1.0,0.0
2018-07-02,1000002.9483731217,0.0,1000002.9483731217,0.0,0.0,0.0,0,1.0,0.0
2018-07-03,1000002.9483731217,0.0,1000002.9483731217,0.0,0.0,0.0,0,1.0,0.0
2018-07-05,1000002.9483731217,0.0,1000002.9483731217,0.0,0.0,0.0,0,1.0,0.0
2018-07-06,1000002.9483731217,0.0,1000002.9483731217,0.0,0.0,0.0,0,1.0,0.0
2018-07-09,1000002.9483731217,0.0,1000002.9483731217,0.0,0.0,0.0,0,1.0,0.0
2018-07-10,1000002.9483731217,0.0,1000002.9483731217,0.0,0.0,0.0,0,1.0,0.0
2018-07-11,1000002.9483731217,0.0,1000002.9483731217,0.0,0.0,0.0,0,1.0,0.0
2018-07-12,1000002.9483731217,0.0,1000002.9483731217,0.0,0.0,0.0,0,1.0,0.0
2018-07-13,1000002.9483731217,0.0,1000002.9483731217,0.0,0.0,0.0,0,1.0,0.0
2018-07-16,1000002.9483731217,0.0,1000002.9483731217,0.0,0.0,0.0,0,1.0,0.0
2018-07-17,1000002.9483731217,0.0,1000002.9483731217,0.0,0.0,0.0,0,1.0,0.0
2018-07-18,1000002.9483731217,0.0,1000002.9483731217,0.0,0.0,0.0,0,1.0,0.0
2018-07-19,1000002.9483731217,0.0,1000002.9483731217,0.0,0.0,0.0,0,1.0,0.0
2018-07-20,1000002.9483731217,0.0,1000002.9483731217,0.0,0.0,0.0,0,1.0,0.0
2018-07-23,1000002.9483731217,0.0,1000002.9483731217,0.0,0.0,0.0,0,1.0,0.0
2018-07-24,1000002.9483731217,0.0,1000002.9483731217,0.0,0.0,0.0,0,1.0,0.0
2018-07-25,1000002.9483731217,0.0,1000002.9483731217,0.0,0.0,0.0,0,1.0,0.0
2018-07-26,1000002.9483731217,0.0,1000002.9483731217,0.0,0.0,0.0,0,1.0,0.0
2018-07-27,1000002.9483731217,0.0,1000002.9483731217,0.0,0.0,0.0,0,1.0,0.0
2018-07-30,1000002.9483731217,0.0,1000002.9483731217,0.0,0.0,0.0,0,1.0,0.0
2018-07-31,1000002.9483731217,0.0,1000002.9483731217,0.0,0.0,0.0,0,1.0,0.0
2018-08-01,1000002.9483731217,0.0,1000002.9483731217,0.0,0.0,0.0,0,1.0,0.0
2018-08-02,1000002.9483731217,0.0,1000002.9483731217,0.0,0.0,0.0,0,1.0,0.0
2018-08-03,1000002.9483731217,0.0,1000002.9483731217,0.0,0.0,0.0,0,1.0,0.0
2018-08-06,1000002.9483731217,0.0,1000002.9483731217,0.0,0.0,0.0,0,1.0,0.0
2018-08-07,1000002.9483731217,0.0,1000002.9483731217,0.0,0.0,0.0,0,1.0,0.0
2018-08-08,1000002.9483731217,0.0,1000002.9483731217,0.0,0.0,0.0,0,1.0,0.0
2018-08-09,1000002.9483731217,0.0,1000002.9483731217,0.0,0.0,0.0,0,1.0,0.0
2018-08-10,1000002.9483731217,0.0,1000002.9483731217,0.0,0.0,0.0,0,1.0,0.0
2018-08-13,1000002.9483731217,0.0,1000002.9483731217,0.0,0.0,0.0,0,1.0,0.0
2018-08-14,1000002.9483731217,0.0,1000002.9483731217,0.0,0.0,0.0,0,1.0,0.0
2018-08-15,1000002.9483731217,0.0,1000002.9483731217,0.0,0.0,0.0,0,1.0,0.0
2018-08-16,1000002.9483731217,0.0,1000002.9483731217,0.0,0.0,0.0,0,1.0,0.0
2018-08-17,1000002.9483731217,0.0,1000002.9483731217,0.0,0.0,0.0,0,1.0,0.0
2018-08-20,1000002.9483731217,0.0,1000002.9483731217,0.0,0.0,0.0,0,1.0,0.0
2018-08-21,1000002.9483731217,0.0,1000002.9483731217,0.0,0.0,0.0,0,1.0,0.0
2018-08-22,1000002.9483731217,0.0,1000002.9483731217,0.0,0.0,0.0,0,1.0,0.0
2018-08-23,1000002.9483731217,0.0,1000002.9483731217,0.0,0.0,0.0,0,1.0,0.0
2018-08-24,1000002.9483731217,0.0,1000002.9483731217,0.0,0.0,0.0,0,1.0,0.0
2018-08-27,1000002.9483731217,0.0,1000002.9483731217,0.0,0.0,0.0,0,1.0,0.0
2018-08-28,1000002.9483731217,0.0,1000002.9483731217,0.0,0.0,0.0,0,1.0,0.0
2018-08-29,1000002.9483731217,0.0,1000002.9483731217,0.0,0.0,0.0,0,1.0,0.0
2018-08-30,1000002.9483731217,0.0,1000002.9483731217,0.0,0.0,0.0,0,1.0,0.0
2018-08-31,1000002.9483731217,0.0,1000002.9483731217,0.0,0.0,0.0,0,1.0,0.0
2018-09-04,1000002.9483731217,0.0,1000002.9483731217,0.0,0.0,0.0,0,1.0,0.0
2018-09-05,1000002.9483731217,0.0,1000002.9483731217,0.0,0.0,0.0,0,1.0,0.0
2018-09-06,1000002.9483731217,0.0,1000002.9483731217,0.0,0.0,0.0,0,1.0,0.0
2018-09-07,1000002.9483731217,0.0,1000002.9483731217,0.0,0.0,0.0,0,1.0,0.0
2018-09-10,1000002.9483731217,0.0,1000002.9483731217,0.0,0.0,0.0,0,1.0,0.0
2018-09-11,1000002.9483731217,0.0,1000002.9483731217,0.0,0.0,0.0,0,1.0,0.0
2018-09-12,1000002.9483731217,0.0,1000002.9483731217,0.0,0.0,0.0,0,1.0,0.0
2018-09-13,1000002.9483731217,0.0,1000002.9483731217,0.0,0.0,0.0,0,1.0,0.0
2018-09-14,1000002.9483731217,0.0,1000002.9483731217,0.0,0.0,0.0,0,1.0,0.0
2018-09-17,1000002.9483731217,0.0,1000002.9483731217,0.0,0.0,0.0,0,1.0,0.0
2018-09-18,1000002.9483731217,0.0,1000002.9483731217,0.0,0.0,0.0,0,1.0,0.0
2018-09-19,1000002.9483731217,0.0,1000002.9483731217,0.0,0.0,0.0,0,1.0,0.0
2018-09-20,1000002.9483731217,0.0,1000002.9483731217,0.0,0.0,0.0,0,1.0,0.0
2018-09-21,1000002.9483731217,0.0,1000002.9483731217,0.0,0.0,0.0,0,1.0,0.0
2018-09-24,1000002.9483731217,0.0,1000002.9483731217,0.0,0.0,0.0,0,1.0,0.0
2018-09-25,1000002.9483731217,0.0,1000002.9483731217,0.0,0.0,0.0,0,1.0,0.0
2018-09-26,1000002.9483731217,0.0,1000002.9483731217,0.0,0.0,0.0,0,1.0,0.0
2018-09-27,1000002.9483731217,0.0,1000002.9483731217,0.0,0.0,0.0,0,1.0,0.0
2018-09-28,1000002.9483731217,0.0,1000002.9483731217,0.0,0.0,0.0,0,1.0,0.0
2018-10-01,1000002.9483731217,0.0,1000002.9483731217,0.0,0.0,0.0,0,1.0,0.0
2018-10-02,1000002.9483731217,0.0,1000002.9483731217,0.0,0.0,0.0,0,1.0,0.0
2018-10-03,1000002.9483731217,0.0,1000002.9483731217,0.0,0.0,0.0,0,1.0,0.0
2018-10-04,1000002.9483731217,0.0,1000002.9483731217,0.0,0.0,0.0,0,1.0,0.0
2018-10-05,1000002.9483731217,0.0,1000002.9483731217,0.0,0.0,0.0,0,1.0,0.0
2018-10-08,1000002.9483731217,0.0,1000002.9483731217,0.0,0.0,0.0,0,1.0,0.0
2018-10-09,1000002.9483731217,0.0,1000002.9483731217,0.0,0.0,0.0,0,1.0,0.0
2018-10-10,1000002.9483731217,0.0,1000002.9483731217,0.0,0.0,0.0,0,1.0,0.0
2018-10-11,1000002.9483731217,0.0,1000002.9483731217,0.0,0.0,0.0,0,1.0,0.0
2018-10-12,1000002.9483731217,0.0,1000002.9483731217,0.0,0.0,0.0,0,1.0,0.0
2018-10-15,1000002.9483731217,0.0,1000002.9483731217,0.0,0.0,0.0,0,1.0,0.0
2018-10-16,1000002.9483731217,0.0,1000002.9483731217,0.0,0.0,0.0,0,1.0,0.0
2018-10-17,1000002.9483731217,0.0,1000002.9483731217,0.0,0.0,0.0,0,1.0,0.0
2018-10-18,1000002.9483731217,0.0,1000002.9483731217,0.0,0.0,0.0,0,1.0,0.0
2018-10-19,1000002.9483731217,0.0,1000002.9483731217,0.0,0.0,0.0,0,1.0,0.0
2018-10-22,1000002.9483731217,0.0,1000002.9483731217,0.0,0.0,0.0,0,1.0,0.0
2018-10-23,1000002.9483731217,0.0,1000002.9483731217,0.0,0.0,0.0,0,1.0,0.0
2018-10-24,1000002.9483731217,0.0,1000002.9483731217,0.0,0.0,0.0,0,1.0,0.0
2018-10-25,1000002.9483731217,0.0,1000002.9483731217,0.0,0.0,0.0,0,1.0,0.0
2018-10-26,1000002.9483731217,0.0,1000002.9483731217,0.0,0.0,0.0,0,1.0,0.0
2018-10-29,1000002.9483731217,0.0,1000002.9483731217,0.0,0.0,0.0,0,1.0,0.0
2018-10-30,1000002.9483731217,0.0,1000002.9483731217,0.0,0.0,0.0,0,1.0,0.0
2018-10-31,1000002.9483731217,0.0,1000002.9483731217,0.0,0.0,0.0,0,1.0,0.0
2018-11-01,1000002.9483731217,0.0,1000002.9483731217,0.0,0.0,0.0,0,1.0,0.0
2018-11-02,1000002.9483731217,0.0,1000002.9483731217,0.0,0.0,0.0,0,1.0,0.0
2018-11-05,1000002.9483731217,0.0,1000002.9483731217,0.0,0.0,0.0,0,1.0,0.0
2018-11-06,1000002.9483731217,0.0,1000002.9483731217,0.0,0.0,0.0,0,1.0,0.0
2018-11-07,1000002.9483731217,0.0,1000002.9483731217,0.0,0.0,0.0,0,1.0,0.0
2018-11-08,1000002.9483731217,0.0,1000002.9483731217,0.0,0.0,0.0,0,1.0,0.0
2018-11-09,1000002.9483731217,0.0,1000002.9483731217,0.0,0.0,0.0,0,1.0,0.0
2018-11-12,1000002.9483731217,0.0,1000002.9483731217,0.0,0.0,0.0,0,1.0,0.0
2018-11-13,1000002.9483731217,0.0,1000002.9483731217,0.0,0.0,0.0,0,1.0,0.0
2018-11-14,1000002.9483731217,0.0,1000002.9483731217,0.0,0.0,0.0,0,1.0,0.0
2018-11-15,1000002.9483731217,0.0,1000002.9483731217,0.0,0.0,0.0,0,1.0,0.0
2018-11-16,1000002.9483731217,0.0,1000002.9483731217,0.0,0.0,0.0,0,1.0,0.0
2018-11-19,1000002.9483731217,0.0,1000002.9483731217,0.0,0.0,0.0,0,1.0,0.0
2018-11-20,1000002.9483731217,0.0,1000002.9483731217,0.0,0.0,0.0,0,1.0,0.0
2018-11-21,1000002.9483731217,0.0,1000002.9483731217,0.0,0.0,0.0,0,1.0,0.0
2018-11-23,1000002.9483731217,0.0,1000002.9483731217,0.0,0.0,0.0,0,1.0,0.0
2018-11-26,1000002.9483731217,0.0,1000002.9483731217,0.0,0.0,0.0,0,1.0,0.0
2018-11-27,1000002.9483731217,0.0,1000002.9483731217,0.0,0.0,0.0,0,1.0,0.0
2018-11-28,1000002.9483731217,0.0,1000002.9483731217,0.0,0.0,0.0,0,1.0,0.0
2018-11-29,1000002.9483731217,0.0,1000002.9483731217,0.0,0.0,0.0,0,1.0,0.0
2018-11-30,1000002.9483731217,0.0,1000002.9483731217,0.0,0.0,0.0,0,1.0,0.0
2018-12-03,1000002.9483731217,0.0,1000002.9483731217,0.0,0.0,0.0,0,1.0,0.0
2018-12-04,1000002.9483731217,0.0,1000002.9483731217,0.0,0.0,0.0,0,1.0,0.0
2018-12-06,1000002.9483731217,0.0,1000002.9483731217,0.0,0.0,0.0,0,1.0,0.0
2018-12-07,1000002.9483731217,0.0,1000002.9483731217,0.0,0.0,0.0,0,1.0,0.0
2018-12-10,1000002.9483731217,0.0,1000002.9483731217,0.0,0.0,0.0,0,1.0,0.0
2018-12-11,1000002.9483731217,0.0,1000002.9483731217,0.0,0.0,0.0,0,1.0,0.0
2018-12-12,1000002.9483731217,0.0,1000002.9483731217,0.0,0.0,0.0,0,1.0,0.0
2018-12-13,1000002.9483731217,0.0,1000002.9483731217,0.0,0.0,0.0,0,1.0,0.0
2018-12-14,1000002.9483731217,0.0,1000002.9483731217,0.0,0.0,0.0,0,1.0,0.0
2018-12-17,1000002.9483731217,0.0,1000002.9483731217,0.0,0.0,0.0,0,1.0,0.0
2018-12-18,1000002.9483731217,0.0,1000002.9483731217,0.0,0.0,0.0,0,1.0,0.0
2018-12-19,1000002.9483731217,0.0,1000002.9483731217,0.0,0.0,0.0,0,1.0,0.0
2018-12-20,1000002.9483731217,0.0,1000002.9483731217,0.0,0.0,0.0,0,1.0,0.0
2018-12-21,1000002.9483731217,0.0,1000002.9483731217,0.0,0.0,0.0,0,1.0,0.0
2018-12-24,1000002.9483731217,0.0,1000002.9483731217,0.0,0.0,0.0,0,1.0,0.0
2018-12-26,1000002.9483731217,0.0,1000002.9483731217,0.0,0.0,0.0,0,1.0,0.0
2018-12-27,1000002.9483731217,0.0,1000002.9483731217,0.0,0.0,0.0,0,1.0,0.0
2018-12-28,1000002.9483731217,0.0,1000002.9483731217,0.0,0.0,0.0,0,1.0,0.0
2018-12-31,1000002.9483731217,0.0,1000002.9483731217,0.0,0.0,0.0,0,1.0,0.0
2019-01-02,1000002.9483731217,0.0,1000002.9483731217,0.0,0.0,0.0,0,1.0,0.0
2019-01-03,1000002.9483731217,0.0,1000002.9483731217,0.0,0.0,0.0,0,1.0,0.0
2019-01-04,1000002.9483731217,0.0,1000002.9483731217,0.0,0.0,0.0,0,1.0,0.0
2019-01-07,1000002.9483731217,0.0,1000002.9483731217,0.0,0.0,0.0,0,1.0,0.0
2019-01-08,1000002.9483731217,0.0,1000002.9483731217,0.0,0.0,0.0,0,1.0,0.0
2019-01-09,1000002.9483731217,0.0,1000002.9483731217,0.0,0.0,0.0,0,1.0,0.0
2019-01-10,1000002.9483731217,0.0,1000002.9483731217,0.0,0.0,0.0,0,1.0,0.0
2019-01-11,1000002.9483731217,0.0,1000002.9483731217,0.0,0.0,0.0,0,1.0,0.0
2019-01-14,1000002.9483731217,0.0,1000002.9483731217,0.0,0.0,0.0,0,1.0,0.0
2019-01-15,1000002.9483731217,0.0,1000002.9483731217,0.0,0.0,0.0,0,1.0,0.0
2019-01-16,1000002.9483731217,0.0,1000002.9483731217,0.0,0.0,0.0,0,1.0,0.0
2019-01-17,1000002.9483731217,0.0,1000002.9483731217,0.0,0.0,0.0,0,1.0,0.0
2019-01-18,1000002.9483731217,0.0,1000002.9483731217,0.0,0.0,0.0,0,1.0,0.0
2019-01-22,1000002.9483731217,0.0,1000002.9483731217,0.0,0.0,0.0,0,1.0,0.0
2019-01-23,1000002.9483731217,0.0,1000002.9483731217,0.0,0.0,0.0,0,1.0,0.0
2019-01-24,1000002.9483731217,0.0,1000002.9483731217,0.0,0.0,0.0,0,1.0,0.0
2019-01-25,1000002.9483731217,0.0,1000002.9483731217,0.0,0.0,0.0,0,1.0,0.0
2019-01-28,1000002.9483731217,0.0,1000002.9483731217,0.0,0.0,0.0,0,1.0,0.0
2019-01-29,1000002.9483731217,0.0,1000002.9483731217,0.0,0.0,0.0,0,1.0,0.0
2019-01-30,1000002.9483731217,0.0,1000002.9483731217,0.0,0.0,0.0,0,1.0,0.0
2019-01-31,1000002.9483731217,0.0,1000002.9483731217,0.0,0.0,0.0,0,1.0,0.0
2019-02-01,1000002.9483731217,0.0,1000002.9483731217,0.0,0.0,0.0,0,1.0,0.0
2019-02-04,1000002.9483731217,0.0,1000002.9483731217,0.0,0.0,0.0,0,1.0,0.0
2019-02-05,1000002.9483731217,0.0,1000002.9483731217,0.0,0.0,0.0,0,1.0,0.0
2019-02-06,1000002.9483731217,0.0,1000002.9483731217,0.0,0.0,0.0,0,1.0,0.0
2019-02-07,1000002.9483731217,0.0,1000002.9483731217,0.0,0.0,0.0,0,1.0,0.0
2019-02-08,1000002.9483731217,0.0,1000002.9483731217,0.0,0.0,0.0,0,1.0,0.0
2019-02-11,1000002.9483731217,0.0,1000002.9483731217,0.0,0.0,0.0,0,1.0,0.0
2019-02-12,1000002.9483731217,0.0,1000002.9483731217,0.0,0.0,0.0,0,1.0,0.0
2019-02-13,1000002.9483731217,0.0,1000002.9483731217,0.0,0.0,0.0,0,1.0,0.0
2019-02-14,1000002.9483731217,0.0,1000002.9483731217,0.0,0.0,0.0,0,1.0,0.0
2019-02-15,1000002.9483731217,0.0,1000002.9483731217,0.0,0.0,0.0,0,1.0,0.0
2019-02-19,1000002.9483731217,0.0,1000002.9483731217,0.0,0.0,0.0,0,1.0,0.0
2019-02-20,1000002.9483731217,0.0,1000002.9483731217,0.0,0.0,0.0,0,1.0,0.0
2019-02-21,1000002.9483731217,0.0,1000002.9483731217,0.0,0.0,0.0,0,1.0,0.0
2019-02-22,1000002.9483731217,0.0,1000002.9483731217,0.0,0.0,0.0,0,1.0,0.0
2019-02-25,1000002.9483731217,0.0,1000002.9483731217,0.0,0.0,0.0,0,1.0,0.0
2019-02-26,1000002.9483731217,0.0,1000002.9483731217,0.0,0.0,0.0,0,1.0,0.0
2019-02-27,1000002.9483731217,0.0,1000002.9483731217,0.0,0.0,0.0,0,1.0,0.0
2019-02-28,1000002.9483731217,0.0,1000002.9483731217,0.0,0.0,0.0,0,1.0,0.0
2019-03-01,1000002.9483731217,0.0,1000002.9483731217,0.0,0.0,0.0,0,1.0,0.0
2019-03-04,1000002.9483731217,0.0,1000002.9483731217,0.0,0.0,0.0,0,1.0,0.0
2019-03-05,1000002.9483731217,0.0,1000002.9483731217,0.0,0.0,0.0,0,1.0,0.0
2019-03-06,1000002.9483731217,0.0,1000002.9483731217,0.0,0.0,0.0,0,1.0,0.0
2019-03-07,1000002.9483731217,0.0,1000002.9483731217,0.0,0.0,0.0,0,1.0,0.0
2019-03-08,1000002.9483731217,0.0,1000002.9483731217,0.0,0.0,0.0,0,1.0,0.0
2019-03-11,1000002.9483731217,0.0,1000002.9483731217,0.0,0.0,0.0,0,1.0,0.0
2019-03-12,1000002.9483731217,0.0,1000002.9483731217,0.0,0.0,0.0,0,1.0,0.0
2019-03-13,1000002.9483731217,0.0,1000002.9483731217,0.0,0.0,0.0,0,1.0,0.0
2019-03-14,1000002.9483731217,0.0,1000002.9483731217,0.0,0.0,0.0,0,1.0,0.0
2019-03-15,1000002.9483731217,0.0,1000002.9483731217,0.0,0.0,0.0,0,1.0,0.0
2019-03-18,1000002.9483731217,0.0,1000002.9483731217,0.0,0.0,0.0,0,1.0,0.0
2019-03-19,1000002.9483731217,0.0,1000002.9483731217,0.0,0.0,0.0,0,1.0,0.0
2019-03-20,1000002.9483731217,0.0,1000002.9483731217,0.0,0.0,0.0,0,1.0,0.0
2019-03-21,1000002.9483731217,0.0,1000002.9483731217,0.0,0.0,0.0,0,1.0,0.0
2019-03-22,1000002.9483731217,0.0,1000002.9483731217,0.0,0.0,0.0,0,1.0,0.0
2019-03-25,1000002.9483731217,0.0,1000002.9483731217,0.0,0.0,0.0,0,1.0,0.0
2019-03-26,1000002.9483731217,0.0,1000002.9483731217,0.0,0.0,0.0,0,1.0,0.0
2019-03-27,1000002.9483731217,0.0,1000002.9483731217,0.0,0.0,0.0,0,1.0,0.0
2019-03-28,1000002.9483731217,0.0,1000002.9483731217,0.0,0.0,0.0,0,1.0,0.0
2019-03-29,1000002.9483731217,0.0,1000002.9483731217,0.0,0.0,0.0,0,1.0,0.0
2019-04-01,1000002.9483731217,0.0,1000002.9483731217,0.0,0.0,0.0,0,1.0,0.0
2019-04-02,1000002.9483731217,0.0,1000002.9483731217,0.0,0.0,0.0,0,1.0,0.0
2019-04-03,1000002.9483731217,0.0,1000002.9483731217,0.0,0.0,0.0,0,1.0,0.0
2019-04-04,1000002.9483731217,0.0,1000002.9483731217,0.0,0.0,0.0,0,1.0,0.0
2019-04-05,1000002.9483731217,0.0,1000002.9483731217,0.0,0.0,0.0,0,1.0,0.0
2019-04-08,1000002.9483731217,0.0,1000002.9483731217,0.0,0.0,0.0,0,1.0,0.0
2019-04-09,1000002.9483731217,0.0,1000002.9483731217,0.0,0.0,0.0,0,1.0,0.0
2019-04-10,1000002.9483731217,0.0,1000002.9483731217,0.0,0.0,0.0,0,1.0,0.0
2019-04-11,1000002.9483731217,0.0,1000002.9483731217,0.0,0.0,0.0,0,1.0,0.0
2019-04-12,1000002.9483731217,0.0,1000002.9483731217,0.0,0.0,0.0,0,1.0,0.0
2019-04-15,1000002.9483731217,0.0,1000002.9483731217,0.0,0.0,0.0,0,1.0,0.0
2019-04-16,1000002.9483731217,0.0,1000002.9483731217,0.0,0.0,0.0,0,1.0,0.0
2019-04-17,1000002.9483731217,0.0,1000002.9483731217,0.0,0.0,0.0,0,1.0,0.0
2019-04-18,1000002.9483731217,0.0,1000002.9483731217,0.0,0.0,0.0,0,1.0,0.0
2019-04-22,1000002.9483731217,0.0,1000002.9483731217,0.0,0.0,0.0,0,1.0,0.0
2019-04-23,1000002.9483731217,0.0,1000002.9483731217,0.0,0.0,0.0,0,1.0,0.0
2019-04-24,1000002.9483731217,0.0,1000002.9483731217,0.0,0.0,0.0,0,1.0,0.0
2019-04-25,1000002.9483731217,0.0,1000002.9483731217,0.0,0.0,0.0,0,1.0,0.0
2019-04-26,1000002.9483731217,0.0,1000002.9483731217,0.0,0.0,0.0,0,1.0,0.0
2019-04-29,1000002.9483731217,0.0,1000002.9483731217,0.0,0.0,0.0,0,1.0,0.0
2019-04-30,1000002.9483731217,0.0,1000002.9483731217,0.0,0.0,0.0,0,1.0,0.0
2019-05-01,1000002.9483731217,0.0,1000002.9483731217,0.0,0.0,0.0,0,1.0,0.0
2019-05-02,1000002.9483731217,0.0,1000002.9483731217,0.0,0.0,0.0,0,1.0,0.0
2019-05-03,1000002.9483731217,0.0,1000002.9483731217,0.0,0.0,0.0,0,1.0,0.0
2019-05-06,1000002.9483731217,0.0,1000002.9483731217,0.0,0.0,0.0,0,1.0,0.0
2019-05-07,1000002.9483731217,0.0,1000002.9483731217,0.0,0.0,0.0,0,1.0,0.0
2019-05-08,1000002.9483731217,0.0,1000002.9483731217,0.0,0.0,0.0,0,1.0,0.0
2019-05-09,1000002.9483731217,0.0,1000002.9483731217,0.0,0.0,0.0,0,1.0,0.0
2019-05-10,1000002.9483731217,0.0,1000002.9483731217,0.0,0.0,0.0,0,1.0,0.0
2019-05-13,1000002.9483731217,0.0,1000002.9483731217,0.0,0.0,0.0,0,1.0,0.0
2019-05-14,1000002.9483731217,0.0,1000002.9483731217,0.0,0.0,0.0,0,1.0,0.0
2019-05-15,1000002.9483731217,0.0,1000002.9483731217,0.0,0.0,0.0,0,1.0,0.0
2019-05-16,1000002.9483731217,0.0,1000002.9483731217,0.0,0.0,0.0,0,1.0,0.0
2019-05-17,1000002.9483731217,0.0,1000002.9483731217,0.0,0.0,0.0,0,1.0,0.0
2019-05-20,1000002.9483731217,0.0,1000002.9483731217,0.0,0.0,0.0,0,1.0,0.0
2019-05-21,1000002.9483731217,0.0,1000002.9483731217,0.0,0.0,0.0,0,1.0,0.0
2019-05-22,1000002.9483731217,0.0,1000002.9483731217,0.0,0.0,0.0,0,1.0,0.0
2019-05-23,1000002.9483731217,0.0,1000002.9483731217,0.0,0.0,0.0,0,1.0,0.0
2019-05-24,1000002.9483731217,0.0,1000002.9483731217,0.0,0.0,0.0,0,1.0,0.0
2019-05-28,1000002.9483731217,0.0,1000002.9483731217,0.0,0.0,0.0,0,1.0,0.0
2019-05-29,1000002.9483731217,0.0,1000002.9483731217,0.0,0.0,0.0,0,1.0,0.0
2019-05-30,1000002.9483731217,0.0,1000002.9483731217,0.0,0.0,0.0,0,1.0,0.0
2019-05-31,1000002.9483731217,0.0,1000002.9483731217,0.0,0.0,0.0,0,1.0,0.0
2019-06-03,1000002.9483731217,0.0,1000002.9483731217,0.0,0.0,0.0,0,1.0,0.0
2019-06-04,1000002.9483731217,0.0,1000002.9483731217,0.0,0.0,0.0,0,1.0,0.0
2019-06-05,1000002.9483731217,0.0,1000002.9483731217,0.0,0.0,0.0,0,1.0,0.0
2019-06-06,1000002.9483731217,0.0,1000002.9483731217,0.0,0.0,0.0,0,1.0,0.0
2019-06-07,1000002.9483731217,0.0,1000002.9483731217,0.0,0.0,0.0,0,1.0,0.0
2019-06-10,1000002.9483731217,0.0,1000002.9483731217,0.0,0.0,0.0,0,1.0,0.0
2019-06-11,1000002.9483731217,0.0,1000002.9483731217,0.0,0.0,0.0,0,1.0,0.0
2019-06-12,1000002.9483731217,0.0,1000002.9483731217,0.0,0.0,0.0,0,1.0,0.0
2019-06-13,1000002.9483731217,0.0,1000002.9483731217,0.0,0.0,0.0,0,1.0,0.0
2019-06-14,1000002.9483731217,0.0,1000002.9483731217,0.0,0.0,0.0,0,1.0,0.0
2019-06-17,1000002.9483731217,0.0,1000002.9483731217,0.0,0.0,0.0,0,1.0,0.0
2019-06-18,1000002.9483731217,0.0,1000002.9483731217,0.0,0.0,0.0,0,1.0,0.0
2019-06-19,1000002.9483731217,0.0,1000002.9483731217,0.0,0.0,0.0,0,1.0,0.0
2019-06-20,1000002.9483731217,0.0,1000002.9483731217,0.0,0.0,0.0,0,1.0,0.0
2019-06-21,1000002.9483731217,0.0,1000002.9483731217,0.0,0.0,0.0,0,1.0,0.0
2019-06-24,1000002.9483731217,0.0,1000002.9483731217,0.0,0.0,0.0,0,1.0,0.0
2019-06-25,1000002.9483731217,0.0,1000002.9483731217,0.0,0.0,0.0,0,1.0,0.0
2019-06-26,1000002.9483731217,0.0,1000002.9483731217,0.0,0.0,0.0,0,1.0,0.0
2019-06-27,1000002.9483731217,0.0,1000002.9483731217,0.0,0.0,0.0,0,1.0,0.0
2019-06-28,1000002.9483731217,0.0,1000002.9483731217,0.0,0.0,0.0,0,1.0,0.0
2019-07-01,1000002.9483731217,0.0,1000002.9483731217,0.0,0.0,0.0,0,1.0,0.0
2019-07-02,1000002.9483731217,0.0,1000002.9483731217,0.0,0.0,0.0,0,1.0,0.0
2019-07-03,1000002.9483731217,0.0,1000002.9483731217,0.0,0.0,0.0,0,1.0,0.0
2019-07-05,1000002.9483731217,0.0,1000002.9483731217,0.0,0.0,0.0,0,1.0,0.0
2019-07-08,1000002.9483731217,0.0,1000002.9483731217,0.0,0.0,0.0,0,1.0,0.0
2019-07-09,1000002.9483731217,0.0,1000002.9483731217,0.0,0.0,0.0,0,1.0,0.0
2019-07-10,1000002.9483731217,0.0,1000002.9483731217,0.0,0.0,0.0,0,1.0,0.0
2019-07-11,1000002.9483731217,0.0,1000002.9483731217,0.0,0.0,0.0,0,1.0,0.0
2019-07-12,1000002.9483731217,0.0,1000002.9483731217,0.0,0.0,0.0,0,1.0,0.0
2019-07-15,1000002.9483731217,0.0,1000002.9483731217,0.0,0.0,0.0,0,1.0,0.0
2019-07-16,1000002.9483731217,0.0,1000002.9483731217,0.0,0.0,0.0,0,1.0,0.0
2019-07-17,1000002.9483731217,0.0,1000002.9483731217,0.0,0.0,0.0,0,1.0,0.0
2019-07-18,1000002.9483731217,0.0,1000002.9483731217,0.0,0.0,0.0,0,1.0,0.0
2019-07-19,1000002.9483731217,0.0,1000002.9483731217,0.0,0.0,0.0,0,1.0,0.0
2019-07-22,1000002.9483731217,0.0,1000002.9483731217,0.0,0.0,0.0,0,1.0,0.0
2019-07-23,1000002.9483731217,0.0,1000002.9483731217,0.0,0.0,0.0,0,1.0,0.0
2019-07-24,1000002.9483731217,0.0,1000002.9483731217,0.0,0.0,0.0,0,1.0,0.0
2019-07-25,1000002.9483731217,0.0,1000002.9483731217,0.0,0.0,0.0,0,1.0,0.0
2019-07-26,1000002.9483731217,0.0,1000002.9483731217,0.0,0.0,0.0,0,1.0,0.0
2019-07-29,1000002.9483731217,0.0,1000002.9483731217,0.0,0.0,0.0,0,1.0,0.0
2019-07-30,1000002.9483731217,0.0,1000002.9483731217,0.0,0.0,0.0,0,1.0,0.0
2019-07-31,1000002.9483731217,0.0,1000002.9483731217,0.0,0.0,0.0,0,1.0,0.0
2019-08-01,1000002.9483731217,0.0,1000002.9483731217,0.0,0.0,0.0,0,1.0,0.0
2019-08-02,1000002.9483731217,0.0,1000002.9483731217,0.0,0.0,0.0,0,1.0,0.0
2019-08-05,1000002.9483731217,0.0,1000002.9483731217,0.0,0.0,0.0,0,1.0,0.0
2019-08-06,1000002.9483731217,0.0,1000002.9483731217,0.0,0.0,0.0,0,1.0,0.0
2019-08-07,1000002.9483731217,0.0,1000002.9483731217,0.0,0.0,0.0,0,1.0,0.0
2019-08-08,1000002.9483731217,0.0,1000002.9483731217,0.0,0.0,0.0,0,1.0,0.0
2019-08-09,1000002.9483731217,0.0,1000002.9483731217,0.0,0.0,0.0,0,1.0,0.0
2019-08-12,1000002.9483731217,0.0,1000002.9483731217,0.0,0.0,0.0,0,1.0,0.0
2019-08-13,1000002.9483731217,0.0,1000002.9483731217,0.0,0.0,0.0,0,1.0,0.0
2019-08-14,1000002.9483731217,0.0,1000002.9483731217,0.0,0.0,0.0,0,1.0,0.0
2019-08-15,1000002.9483731217,0.0,1000002.9483731217,0.0,0.0,0.0,0,1.0,0.0
2019-08-16,1000002.9483731217,0.0,1000002.9483731217,0.0,0.0,0.0,0,1.0,0.0
2019-08-19,1000002.9483731217,0.0,1000002.9483731217,0.0,0.0,0.0,0,1.0,0.0
2019-08-20,1000002.9483731217,0.0,1000002.9483731217,0.0,0.0,0.0,0,1.0,0.0
2019-08-21,1000002.9483731217,0.0,1000002.9483731217,0.0,0.0,0.0,0,1.0,0.0
2019-08-22,1000002.9483731217,0.0,1000002.9483731217,0.0,0.0,0.0,0,1.0,0.0
2019-08-23,1000002.9483731217,0.0,1000002.9483731217,0.0,0.0,0.0,0,1.0,0.0
2019-08-26,1000002.9483731217,0.0,1000002.9483731217,0.0,0.0,0.0,0,1.0,0.0
2019-08-27,1000002.9483731217,0.0,1000002.9483731217,0.0,0.0,0.0,0,1.0,0.0
2019-08-28,1000002.9483731217,0.0,1000002.9483731217,0.0,0.0,0.0,0,1.0,0.0
2019-08-29,1000002.9483731217,0.0,1000002.9483731217,0.0,0.0,0.0,0,1.0,0.0
2019-08-30,1000002.9483731217,0.0,1000002.9483731217,0.0,0.0,0.0,0,1.0,0.0
2019-09-03,1000002.9483731217,0.0,1000002.9483731217,0.0,0.0,0.0,0,1.0,0.0
2019-09-04,1000002.9483731217,0.0,1000002.9483731217,0.0,0.0,0.0,0,1.0,0.0
2019-09-05,1000002.9483731217,0.0,1000002.9483731217,0.0,0.0,0.0,0,1.0,0.0
2019-09-06,1000002.9483731217,0.0,1000002.9483731217,0.0,0.0,0.0,0,1.0,0.0
2019-09-09,1000002.9483731217,0.0,1000002.9483731217,0.0,0.0,0.0,0,1.0,0.0
2019-09-10,1000002.9483731217,0.0,1000002.9483731217,0.0,0.0,0.0,0,1.0,0.0
2019-09-11,1000002.9483731217,0.0,1000002.9483731217,0.0,0.0,0.0,0,1.0,0.0
2019-09-12,1000002.9483731217,0.0,1000002.9483731217,0.0,0.0,0.0,0,1.0,0.0
2019-09-13,1000002.9483731217,0.0,1000002.9483731217,0.0,0.0,0.0,0,1.0,0.0
2019-09-16,1000002.9483731217,0.0,1000002.9483731217,0.0,0.0,0.0,0,1.0,0.0
2019-09-17,1000002.9483731217,0.0,1000002.9483731217,0.0,0.0,0.0,0,1.0,0.0
2019-09-18,1000002.9483731217,0.0,1000002.9483731217,0.0,0.0,0.0,0,1.0,0.0
2019-09-19,1000002.9483731217,0.0,1000002.9483731217,0.0,0.0,0.0,0,1.0,0.0
2019-09-20,1000002.9483731217,0.0,1000002.9483731217,0.0,0.0,0.0,0,1.0,0.0
2019-09-23,1000002.9483731217,0.0,1000002.9483731217,0.0,0.0,0.0,0,1.0,0.0
2019-09-24,1000002.9483731217,0.0,1000002.9483731217,0.0,0.0,0.0,0,1.0,0.0
2019-09-25,1000002.9483731217,0.0,1000002.9483731217,0.0,0.0,0.0,0,1.0,0.0
2019-09-26,1000002.9483731217,0.0,1000002.9483731217,0.0,0.0,0.0,0,1.0,0.0
2019-09-27,1000002.9483731217,0.0,1000002.9483731217,0.0,0.0,0.0,0,1.0,0.0
2019-09-30,1000002.9483731217,0.0,1000002.9483731217,0.0,0.0,0.0,0,1.0,0.0
2019-10-01,1000002.9483731217,0.0,1000002.9483731217,0.0,0.0,0.0,0,1.0,0.0
2019-10-02,1000002.9483731217,0.0,1000002.9483731217,0.0,0.0,0.0,0,1.0,0.0
2019-10-03,1000002.9483731217,0.0,1000002.9483731217,0.0,0.0,0.0,0,1.0,0.0
2019-10-04,1000002.9483731217,0.0,1000002.9483731217,0.0,0.0,0.0,0,1.0,0.0
2019-10-07,1000002.9483731217,0.0,1000002.9483731217,0.0,0.0,0.0,0,1.0,0.0
2019-10-08,1000002.9483731217,0.0,1000002.9483731217,0.0,0.0,0.0,0,1.0,0.0
2019-10-09,1000002.9483731217,0.0,1000002.9483731217,0.0,0.0,0.0,0,1.0,0.0
2019-10-10,1000002.9483731217,0.0,1000002.9483731217,0.0,0.0,0.0,0,1.0,0.0
2019-10-11,1000002.9483731217,0.0,1000002.9483731217,0.0,0.0,0.0,0,1.0,0.0
2019-10-14,1000002.9483731217,0.0,1000002.9483731217,0.0,0.0,0.0,0,1.0,0.0
2019-10-15,1000002.9483731217,0.0,1000002.9483731217,0.0,0.0,0.0,0,1.0,0.0
2019-10-16,1000002.9483731217,0.0,1000002.9483731217,0.0,0.0,0.0,0,1.0,0.0
2019-10-17,1000002.9483731217,0.0,1000002.9483731217,0.0,0.0,0.0,0,1.0,0.0
2019-10-18,1000002.9483731217,0.0,1000002.9483731217,0.0,0.0,0.0,0,1.0,0.0
2019-10-21,1000002.9483731217,0.0,1000002.9483731217,0.0,0.0,0.0,0,1.0,0.0
2019-10-22,1000002.9483731217,0.0,1000002.9483731217,0.0,0.0,0.0,0,1.0,0.0
2019-10-23,1000002.9483731217,0.0,1000002.9483731217,0.0,0.0,0.0,0,1.0,0.0
2019-10-24,1000002.9483731217,0.0,1000002.9483731217,0.0,0.0,0.0,0,1.0,0.0
2019-10-25,1000002.9483731217,0.0,1000002.9483731217,0.0,0.0,0.0,0,1.0,0.0
2019-10-28,1000002.9483731217,0.0,1000002.9483731217,0.0,0.0,0.0,0,1.0,0.0
2019-10-29,1000002.9483731217,0.0,1000002.9483731217,0.0,0.0,0.0,0,1.0,0.0
2019-10-30,1000002.9483731217,0.0,1000002.9483731217,0.0,0.0,0.0,0,1.0,0.0
2019-10-31,1000002.9483731217,0.0,1000002.9483731217,0.0,0.0,0.0,0,1.0,0.0
2019-11-01,1000002.9483731217,0.0,1000002.9483731217,0.0,0.0,0.0,0,1.0,0.0
2019-11-04,1000002.9483731217,0.0,1000002.9483731217,0.0,0.0,0.0,0,1.0,0.0
2019-11-05,1000002.9483731217,0.0,1000002.9483731217,0.0,0.0,0.0,0,1.0,0.0
2019-11-06,1000002.9483731217,0.0,1000002.9483731217,0.0,0.0,0.0,0,1.0,0.0
2019-11-07,1000002.9483731217,0.0,1000002.9483731217,0.0,0.0,0.0,0,1.0,0.0
2019-11-08,1000002.9483731217,0.0,1000002.9483731217,0.0,0.0,0.0,0,1.0,0.0
2019-11-11,1000002.9483731217,0.0,1000002.9483731217,0.0,0.0,0.0,0,1.0,0.0
2019-11-12,1000002.9483731217,0.0,1000002.9483731217,0.0,0.0,0.0,0,1.0,0.0
2019-11-13,1000002.9483731217,0.0,1000002.9483731217,0.0,0.0,0.0,0,1.0,0.0
2019-11-14,1000002.9483731217,0.0,1000002.9483731217,0.0,0.0,0.0,0,1.0,0.0
2019-11-15,1000002.9483731217,0.0,1000002.9483731217,0.0,0.0,0.0,0,1.0,0.0
2019-11-18,1000002.9483731217,0.0,1000002.9483731217,0.0,0.0,0.0,0,1.0,0.0
2019-11-19,1000002.9483731217,0.0,1000002.9483731217,0.0,0.0,0.0,0,1.0,0.0
2019-11-20,1000002.9483731217,0.0,1000002.9483731217,0.0,0.0,0.0,0,1.0,0.0
2019-11-21,1000002.9483731217,0.0,1000002.9483731217,0.0,0.0,0.0,0,1.0,0.0
2019-11-22,1000002.9483731217,0.0,1000002.9483731217,0.0,0.0,0.0,0,1.0,0.0
2019-11-25,1000002.9483731217,0.0,1000002.9483731217,0.0,0.0,0.0,0,1.0,0.0
2019-11-26,1000002.9483731217,0.0,1000002.9483731217,0.0,0.0,0.0,0,1.0,0.0
2019-11-27,1000002.9483731217,0.0,1000002.9483731217,0.0,0.0,0.0,0,1.0,0.0
2019-11-29,1000002.9483731217,0.0,1000002.9483731217,0.0,0.0,0.0,0,1.0,0.0
2019-12-02,1000002.9483731217,0.0,1000002.9483731217,0.0,0.0,0.0,0,1.0,0.0
2019-12-03,1000002.9483731217,0.0,1000002.9483731217,0.0,0.0,0.0,0,1.0,0.0
2019-12-04,1000002.9483731217,0.0,1000002.9483731217,0.0,0.0,0.0,0,1.0,0.0
2019-12-05,1000002.9483731217,0.0,1000002.9483731217,0.0,0.0,0.0,0,1.0,0.0
2019-12-06,1000002.9483731217,0.0,1000002.9483731217,0.0,0.0,0.0,0,1.0,0.0
2019-12-09,1000002.9483731217,0.0,1000002.9483731217,0.0,0.0,0.0,0,1.0,0.0
2019-12-10,1000002.9483731217,0.0,1000002.9483731217,0.0,0.0,0.0,0,1.0,0.0
2019-12-11,1000002.9483731217,0.0,1000002.9483731217,0.0,0.0,0.0,0,1.0,0.0
2019-12-12,1000002.9483731217,0.0,1000002.9483731217,0.0,0.0,0.0,0,1.0,0.0
2019-12-13,1000002.9483731217,0.0,1000002.9483731217,0.0,0.0,0.0,0,1.0,0.0
2019-12-16,1000002.9483731217,0.0,1000002.9483731217,0.0,0.0,0.0,0,1.0,0.0
2019-12-17,1000002.9483731217,0.0,1000002.9483731217,0.0,0.0,0.0,0,1.0,0.0
2019-12-18,1000002.9483731217,0.0,1000002.9483731217,0.0,0.0,0.0,0,1.0,0.0
2019-12-19,1000002.9483731217,0.0,1000002.9483731217,0.0,0.0,0.0,0,1.0,0.0
2019-12-20,1000002.9483731217,0.0,1000002.9483731217,0.0,0.0,0.0,0,1.0,0.0
2019-12-23,1000002.9483731217,0.0,1000002.9483731217,0.0,0.0,0.0,0,1.0,0.0
2019-12-24,1000002.9483731217,0.0,1000002.9483731217,0.0,0.0,0.0,0,1.0,0.0
2019-12-26,1000002.9483731217,0.0,1000002.9483731217,0.0,0.0,0.0,0,1.0,0.0
2019-12-27,1000002.9483731217,0.0,1000002.9483731217,0.0,0.0,0.0,0,1.0,0.0
2019-12-30,1000002.9483731217,0.0,1000002.9483731217,0.0,0.0,0.0,0,1.0,0.0
2019-12-31,1000002.9483731217,0.0,1000002.9483731217,0.0,0.0,0.0,0,1.0,0.0
2020-01-02,1000002.9483731217,0.0,1000002.9483731217,0.0,0.0,0.0,0,1.0,0.0
2020-01-03,1000002.9483731217,0.0,1000002.9483731217,0.0,0.0,0.0,0,1.0,0.0
2020-01-06,1000002.9483731217,0.0,1000002.9483731217,0.0,0.0,0.0,0,1.0,0.0
2020-01-07,1000002.9483731217,0.0,1000002.9483731217,0.0,0.0,0.0,0,1.0,0.0
2020-01-08,1000002.9483731217,0.0,1000002.9483731217,0.0,0.0,0.0,0,1.0,0.0
2020-01-09,1000002.9483731217,0.0,1000002.9483731217,0.0,0.0,0.0,0,1.0,0.0
2020-01-10,1000002.9483731217,0.0,1000002.9483731217,0.0,0.0,0.0,0,1.0,0.0
2020-01-13,1000002.9483731217,0.0,1000002.9483731217,0.0,0.0,0.0,0,1.0,0.0
2020-01-14,1000002.9483731217,0.0,1000002.9483731217,0.0,0.0,0.0,0,1.0,0.0
2020-01-15,1000002.9483731217,0.0,1000002.9483731217,0.0,0.0,0.0,0,1.0,0.0
2020-01-16,1000002.9483731217,0.0,1000002.9483731217,0.0,0.0,0.0,0,1.0,0.0
2020-01-17,1000002.9483731217,0.0,1000002.9483731217,0.0,0.0,0.0,0,1.0,0.0
2020-01-21,1000002.9483731217,0.0,1000002.9483731217,0.0,0.0,0.0,0,1.0,0.0
2020-01-22,1000002.9483731217,0.0,1000002.9483731217,0.0,0.0,0.0,0,1.0,0.0
2020-01-23,1000002.9483731217,0.0,1000002.9483731217,0.0,0.0,0.0,0,1.0,0.0
2020-01-24,1000002.9483731217,0.0,1000002.9483731217,0.0,0.0,0.0,0,1.0,0.0
2020-01-27,1000002.9483731217,0.0,1000002.9483731217,0.0,0.0,0.0,0,1.0,0.0
2020-01-28,1000002.9483731217,0.0,1000002.9483731217,0.0,0.0,0.0,0,1.0,0.0
2020-01-29,1000002.9483731217,0.0,1000002.9483731217,0.0,0.0,0.0,0,1.0,0.0
2020-01-30,1000002.9483731217,0.0,1000002.9483731217,0.0,0.0,0.0,0,1.0,0.0
2020-01-31,1000002.9483731217,0.0,1000002.9483731217,0.0,0.0,0.0,0,1.0,0.0
2020-02-03,1000002.9483731217,0.0,1000002.9483731217,0.0,0.0,0.0,0,1.0,0.0
2020-02-04,1000002.9483731217,0.0,1000002.9483731217,0.0,0.0,0.0,0,1.0,0.0
2020-02-05,1000002.9483731217,0.0,1000002.9483731217,0.0,0.0,0.0,0,1.0,0.0
2020-02-06,1000002.9483731217,0.0,1000002.9483731217,0.0,0.0,0.0,0,1.0,0.0
2020-02-07,1000002.9483731217,0.0,1000002.9483731217,0.0,0.0,0.0,0,1.0,0.0
2020-02-10,1000002.9483731217,0.0,1000002.9483731217,0.0,0.0,0.0,0,1.0,0.0
2020-02-11,1000002.9483731217,0.0,1000002.9483731217,0.0,0.0,0.0,0,1.0,0.0
2020-02-12,1000002.9483731217,0.0,1000002.9483731217,0.0,0.0,0.0,0,1.0,0.0
2020-02-13,1000002.9483731217,0.0,1000002.9483731217,0.0,0.0,0.0,0,1.0,0.0
2020-02-14,1000002.9483731217,0.0,1000002.9483731217,0.0,0.0,0.0,0,1.0,0.0
2020-02-18,1000002.9483731217,0.0,1000002.9483731217,0.0,0.0,0.0,0,1.0,0.0
2020-02-19,1000002.9483731217,0.0,1000002.9483731217,0.0,0.0,0.0,0,1.0,0.0
2020-02-20,1000002.9483731217,0.0,1000002.9483731217,0.0,0.0,0.0,0,1.0,0.0
2020-02-21,1000002.9483731217,0.0,1000002.9483731217,0.0,0.0,0.0,0,1.0,0.0
2020-02-24,1000002.9483731217,0.0,1000002.9483731217,0.0,0.0,0.0,0,1.0,0.0
2020-02-25,1000002.9483731217,0.0,1000002.9483731217,0.0,0.0,0.0,0,1.0,0.0
2020-02-26,1000002.9483731217,0.0,1000002.9483731217,0.0,0.0,0.0,0,1.0,0.0
2020-02-27,1000002.9483731217,0.0,1000002.9483731217,0.0,0.0,0.0,0,1.0,0.0
2020-02-28,1000002.9483731217,0.0,1000002.9483731217,0.0,0.0,0.0,0,1.0,0.0
2020-03-02,1000002.9483731217,0.0,1000002.9483731217,0.0,0.0,0.0,0,1.0,0.0
2020-03-03,1000002.9483731217,0.0,1000002.9483731217,0.0,0.0,0.0,0,1.0,0.0
2020-03-04,1000002.9483731217,0.0,1000002.9483731217,0.0,0.0,0.0,0,1.0,0.0
2020-03-05,1000002.9483731217,0.0,1000002.9483731217,0.0,0.0,0.0,0,1.0,0.0
2020-03-06,1000002.9483731217,0.0,1000002.9483731217,0.0,0.0,0.0,0,1.0,0.0
2020-03-09,1000002.9483731217,0.0,1000002.9483731217,0.0,0.0,0.0,0,1.0,0.0
2020-03-10,1000002.9483731217,0.0,1000002.9483731217,0.0,0.0,0.0,0,1.0,0.0
2020-03-11,1000002.9483731217,0.0,1000002.9483731217,0.0,0.0,0.0,0,1.0,0.0
2020-03-12,1000002.9483731217,0.0,1000002.9483731217,0.0,0.0,0.0,0,1.0,0.0
2020-03-13,1000002.9483731217,0.0,1000002.9483731217,0.0,0.0,0.0,0,1.0,0.0
2020-03-16,1000002.9483731217,0.0,1000002.9483731217,0.0,0.0,0.0,0,1.0,0.0
2020-03-17,1000002.9483731217,0.0,1000002.9483731217,0.0,0.0,0.0,0,1.0,0.0
2020-03-18,1000002.9483731217,0.0,1000002.9483731217,0.0,0.0,0.0,0,1.0,0.0
2020-03-19,1000002.9483731217,0.0,1000002.9483731217,0.0,0.0,0.0,0,1.0,0.0
2020-03-20,1000002.9483731217,0.0,1000002.9483731217,0.0,0.0,0.0,0,1.0,0.0
2020-03-23,1000002.9483731217,0.0,1000002.9483731217,0.0,0.0,0.0,0,1.0,0.0
2020-03-24,1000002.9483731217,0.0,1000002.9483731217,0.0,0.0,0.0,0,1.0,0.0
2020-03-25,1000002.9483731217,0.0,1000002.9483731217,0.0,0.0,0.0,0,1.0,0.0
2020-03-26,1000002.9483731217,0.0,1000002.9483731217,0.0,0.0,0.0,0,1.0,0.0
2020-03-27,1000002.9483731217,0.0,1000002.9483731217,0.0,0.0,0.0,0,1.0,0.0
2020-03-30,1000002.9483731217,0.0,1000002.9483731217,0.0,0.0,0.0,0,1.0,0.0
2020-03-31,1000002.9483731217,0.0,1000002.9483731217,0.0,0.0,0.0,0,1.0,0.0
2020-04-01,1000002.9483731217,0.0,1000002.9483731217,0.0,0.0,0.0,0,1.0,0.0
2020-04-02,1000002.9483731217,0.0,1000002.9483731217,0.0,0.0,0.0,0,1.0,0.0
2020-04-03,1000002.9483731217,0.0,1000002.9483731217,0.0,0.0,0.0,0,1.0,0.0
2020-04-06,1000002.9483731217,0.0,1000002.9483731217,0.0,0.0,0.0,0,1.0,0.0
2020-04-07,1000002.9483731217,0.0,1000002.9483731217,0.0,0.0,0.0,0,1.0,0.0
2020-04-08,1000002.9483731217,0.0,1000002.9483731217,0.0,0.0,0.0,0,1.0,0.0
2020-04-09,1000002.9483731217,0.0,1000002.9483731217,0.0,0.0,0.0,0,1.0,0.0
2020-04-13,1000002.9483731217,0.0,1000002.9483731217,0.0,0.0,0.0,0,1.0,0.0
2020-04-14,1000002.9483731217,0.0,1000002.9483731217,0.0,0.0,0.0,0,1.0,0.0
2020-04-15,1000002.9483731217,0.0,1000002.9483731217,0.0,0.0,0.0,0,1.0,0.0
2020-04-16,1000002.9483731217,0.0,1000002.9483731217,0.0,0.0,0.0,0,1.0,0.0
2020-04-17,1000002.9483731217,0.0,1000002.9483731217,0.0,0.0,0.0,0,1.0,0.0
2020-04-20,1000002.9483731217,0.0,1000002.9483731217,0.0,0.0,0.0,0,1.0,0.0
2020-04-21,1000002.9483731217,0.0,1000002.9483731217,0.0,0.0,0.0,0,1.0,0.0
2020-04-22,1000002.9483731217,0.0,1000002.9483731217,0.0,0.0,0.0,0,1.0,0.0
2020-04-23,1000002.9483731217,0.0,1000002.9483731217,0.0,0.0,0.0,0,1.0,0.0
2020-04-24,1000002.9483731217,0.0,1000002.9483731217,0.0,0.0,0.0,0,1.0,0.0
2020-04-27,1000002.9483731217,0.0,1000002.9483731217,0.0,0.0,0.0,0,1.0,0.0
2020-04-28,1000002.9483731217,0.0,1000002.9483731217,0.0,0.0,0.0,0,1.0,0.0
2020-04-29,1000002.9483731217,0.0,1000002.9483731217,0.0,0.0,0.0,0,1.0,0.0
2020-04-30,1000002.9483731217,0.0,1000002.9483731217,0.0,0.0,0.0,0,1.0,0.0
2020-05-01,1000002.9483731217,0.0,1000002.9483731217,0.0,0.0,0.0,0,1.0,0.0
2020-05-04,1000002.9483731217,0.0,1000002.9483731217,0.0,0.0,0.0,0,1.0,0.0
2020-05-05,1000002.9483731217,0.0,1000002.9483731217,0.0,0.0,0.0,0,1.0,0.0
2020-05-06,1000002.9483731217,0.0,1000002.9483731217,0.0,0.0,0.0,0,1.0,0.0
2020-05-07,1000002.9483731217,0.0,1000002.9483731217,0.0,0.0,0.0,0,1.0,0.0
2020-05-08,1000002.9483731217,0.0,1000002.9483731217,0.0,0.0,0.0,0,1.0,0.0
2020-05-11,1000002.9483731217,0.0,1000002.9483731217,0.0,0.0,0.0,0,1.0,0.0
2020-05-12,1000002.9483731217,0.0,1000002.9483731217,0.0,0.0,0.0,0,1.0,0.0
2020-05-13,1000002.9483731217,0.0,1000002.9483731217,0.0,0.0,0.0,0,1.0,0.0
2020-05-14,1000002.9483731217,0.0,1000002.9483731217,0.0,0.0,0.0,0,1.0,0.0
2020-05-15,1000002.9483731217,0.0,1000002.9483731217,0.0,0.0,0.0,0,1.0,0.0
2020-05-18,1000002.9483731217,0.0,1000002.9483731217,0.0,0.0,0.0,0,1.0,0.0
2020-05-19,1000002.9483731217,0.0,1000002.9483731217,0.0,0.0,0.0,0,1.0,0.0
2020-05-20,1000002.9483731217,0.0,1000002.9483731217,0.0,0.0,0.0,0,1.0,0.0
2020-05-21,1000002.9483731217,0.0,1000002.9483731217,0.0,0.0,0.0,0,1.0,0.0
2020-05-22,1000002.9483731217,0.0,1000002.9483731217,0.0,0.0,0.0,0,1.0,0.0
2020-05-26,1000002.9483731217,0.0,1000002.9483731217,0.0,0.0,0.0,0,1.0,0.0
2020-05-27,1000002.9483731217,0.0,1000002.9483731217,0.0,0.0,0.0,0,1.0,0.0
2020-05-28,1000002.9483731217,0.0,1000002.9483731217,0.0,0.0,0.0,0,1.0,0.0
2020-05-29,1000002.9483731217,0.0,1000002.9483731217,0.0,0.0,0.0,0,1.0,0.0
2020-06-01,1000002.9483731217,0.0,1000002.9483731217,0.0,0.0,0.0,0,1.0,0.0
2020-06-02,1000002.9483731217,0.0,1000002.9483731217,0.0,0.0,0.0,0,1.0,0.0
2020-06-03,1000002.9483731217,0.0,1000002.9483731217,0.0,0.0,0.0,0,1.0,0.0
2020-06-04,1000002.9483731217,0.0,1000002.9483731217,0.0,0.0,0.0,0,1.0,0.0
2020-06-05,1000002.9483731217,0.0,1000002.9483731217,0.0,0.0,0.0,0,1.0,0.0
2020-06-08,1000002.9483731217,0.0,1000002.9483731217,0.0,0.0,0.0,0,1.0,0.0
2020-06-09,1000002.9483731217,0.0,1000002.9483731217,0.0,0.0,0.0,0,1.0,0.0
2020-06-10,1000002.9483731217,0.0,1000002.9483731217,0.0,0.0,0.0,0,1.0,0.0
2020-06-11,1000002.9483731217,0.0,1000002.9483731217,0.0,0.0,0.0,0,1.0,0.0
2020-06-12,1000002.9483731217,0.0,1000002.9483731217,0.0,0.0,0.0,0,1.0,0.0
2020-06-15,1000002.9483731217,0.0,1000002.9483731217,0.0,0.0,0.0,0,1.0,0.0
2020-06-16,1000002.9483731217,0.0,1000002.9483731217,0.0,0.0,0.0,0,1.0,0.0
2020-06-17,1000002.9483731217,0.0,1000002.9483731217,0.0,0.0,0.0,0,1.0,0.0
2020-06-18,1000002.9483731217,0.0,1000002.9483731217,0.0,0.0,0.0,0,1.0,0.0
2020-06-19,1000002.9483731217,0.0,1000002.9483731217,0.0,0.0,0.0,0,1.0,0.0
2020-06-22,1000002.9483731217,0.0,1000002.9483731217,0.0,0.0,0.0,0,1.0,0.0
2020-06-23,1000002.9483731217,0.0,1000002.9483731217,0.0,0.0,0.0,0,1.0,0.0
2020-06-24,1000002.9483731217,0.0,1000002.9483731217,0.0,0.0,0.0,0,1.0,0.0
2020-06-25,1000002.9483731217,0.0,1000002.9483731217,0.0,0.0,0.0,0,1.0,0.0
2020-06-26,1000002.9483731217,0.0,1000002.9483731217,0.0,0.0,0.0,0,1.0,0.0
2020-06-29,1000002.9483731217,0.0,1000002.9483731217,0.0,0.0,0.0,0,1.0,0.0
2020-06-30,1000002.9483731217,0.0,1000002.9483731217,0.0,0.0,0.0,0,1.0,0.0
2020-07-01,1000002.9483731217,0.0,1000002.9483731217,0.0,0.0,0.0,0,1.0,0.0
2020-07-02,1000002.9483731217,0.0,1000002.9483731217,0.0,0.0,0.0,0,1.0,0.0
2020-07-06,1000002.9483731217,0.0,1000002.9483731217,0.0,0.0,0.0,0,1.0,0.0
2020-07-07,1000002.9483731217,0.0,1000002.9483731217,0.0,0.0,0.0,0,1.0,0.0
2020-07-08,1000002.9483731217,0.0,1000002.9483731217,0.0,0.0,0.0,0,1.0,0.0
2020-07-09,1000002.9483731217,0.0,1000002.9483731217,0.0,0.0,0.0,0,1.0,0.0
2020-07-10,1000002.9483731217,0.0,1000002.9483731217,0.0,0.0,0.0,0,1.0,0.0
2020-07-13,1000002.9483731217,0.0,1000002.9483731217,0.0,0.0,0.0,0,1.0,0.0
2020-07-14,1000002.9483731217,0.0,1000002.9483731217,0.0,0.0,0.0,0,1.0,0.0
2020-07-15,1000002.9483731217,0.0,1000002.9483731217,0.0,0.0,0.0,0,1.0,0.0
2020-07-16,1000002.9483731217,0.0,1000002.9483731217,0.0,0.0,0.0,0,1.0,0.0
2020-07-17,1000002.9483731217,0.0,1000002.9483731217,0.0,0.0,0.0,0,1.0,0.0
2020-07-20,1000002.9483731217,0.0,1000002.9483731217,0.0,0.0,0.0,0,1.0,0.0
2020-07-21,1000002.9483731217,0.0,1000002.9483731217,0.0,0.0,0.0,0,1.0,0.0
2020-07-22,1000002.9483731217,0.0,1000002.9483731217,0.0,0.0,0.0,0,1.0,0.0
2020-07-23,1000002.9483731217,0.0,1000002.9483731217,0.0,0.0,0.0,0,1.0,0.0
2020-07-24,1000002.9483731217,0.0,1000002.9483731217,0.0,0.0,0.0,0,1.0,0.0
2020-07-27,1000002.9483731217,0.0,1000002.9483731217,0.0,0.0,0.0,0,1.0,0.0
2020-07-28,1000002.9483731217,0.0,1000002.9483731217,0.0,0.0,0.0,0,1.0,0.0
2020-07-29,1000002.9483731217,0.0,1000002.9483731217,0.0,0.0,0.0,0,1.0,0.0
2020-07-30,1000002.9483731217,0.0,1000002.9483731217,0.0,0.0,0.0,0,1.0,0.0
2020-07-31,1000002.9483731217,0.0,1000002.9483731217,0.0,0.0,0.0,0,1.0,0.0
2020-08-03,1000002.9483731217,0.0,1000002.9483731217,0.0,0.0,0.0,0,1.0,0.0
2020-08-04,1000002.9483731217,0.0,1000002.9483731217,0.0,0.0,0.0,0,1.0,0.0
2020-08-05,1000002.9483731217,0.0,1000002.9483731217,0.0,0.0,0.0,0,1.0,0.0
2020-08-06,1000002.9483731217,0.0,1000002.9483731217,0.0,0.0,0.0,0,1.0,0.0
2020-08-07,1000002.9483731217,0.0,1000002.9483731217,0.0,0.0,0.0,0,1.0,0.0
2020-08-10,1000002.9483731217,0.0,1000002.9483731217,0.0,0.0,0.0,0,1.0,0.0
2020-08-11,1000002.9483731217,0.0,1000002.9483731217,0.0,0.0,0.0,0,1.0,0.0
2020-08-12,1000002.9483731217,0.0,1000002.9483731217,0.0,0.0,0.0,0,1.0,0.0
2020-08-13,1000002.9483731217,0.0,1000002.9483731217,0.0,0.0,0.0,0,1.0,0.0
2020-08-14,1000002.9483731217,0.0,1000002.9483731217,0.0,0.0,0.0,0,1.0,0.0
2020-08-17,1000002.9483731217,0.0,1000002.9483731217,0.0,0.0,0.0,0,1.0,0.0
2020-08-18,1000002.9483731217,0.0,1000002.9483731217,0.0,0.0,0.0,0,1.0,0.0
2020-08-19,1000002.9483731217,0.0,1000002.9483731217,0.0,0.0,0.0,0,1.0,0.0
2020-08-20,1000002.9483731217,0.0,1000002.9483731217,0.0,0.0,0.0,0,1.0,0.0
2020-08-21,1000002.9483731217,0.0,1000002.9483731217,0.0,0.0,0.0,0,1.0,0.0
2020-08-24,1000002.9483731217,0.0,1000002.9483731217,0.0,0.0,0.0,0,1.0,0.0
2020-08-25,1000002.9483731217,0.0,1000002.9483731217,0.0,0.0,0.0,0,1.0,0.0
2020-08-26,1000002.9483731217,0.0,1000002.9483731217,0.0,0.0,0.0,0,1.0,0.0
2020-08-27,1000002.9483731217,0.0,1000002.9483731217,0.0,0.0,0.0,0,1.0,0.0
2020-08-28,1000002.9483731217,0.0,1000002.9483731217,0.0,0.0,0.0,0,1.0,0.0
2020-08-31,1000002.9483731217,0.0,1000002.9483731217,0.0,0.0,0.0,0,1.0,0.0
2020-09-01,1000002.9483731217,0.0,1000002.9483731217,0.0,0.0,0.0,0,1.0,0.0
2020-09-02,1000002.9483731217,0.0,1000002.9483731217,0.0,0.0,0.0,0,1.0,0.0
2020-09-03,1000002.9483731217,0.0,1000002.9483731217,0.0,0.0,0.0,0,1.0,0.0
2020-09-04,1000002.9483731217,0.0,1000002.9483731217,0.0,0.0,0.0,0,1.0,0.0
2020-09-08,1000002.9483731217,0.0,1000002.9483731217,0.0,0.0,0.0,0,1.0,0.0
2020-09-09,1000002.9483731217,0.0,1000002.9483731217,0.0,0.0,0.0,0,1.0,0.0
2020-09-10,1000002.9483731217,0.0,1000002.9483731217,0.0,0.0,0.0,0,1.0,0.0
2020-09-11,1000002.9483731217,0.0,1000002.9483731217,0.0,0.0,0.0,0,1.0,0.0
2020-09-14,1000002.9483731217,0.0,1000002.9483731217,0.0,0.0,0.0,0,1.0,0.0
2020-09-15,1000002.9483731217,0.0,1000002.9483731217,0.0,0.0,0.0,0,1.0,0.0
2020-09-16,1000002.9483731217,0.0,1000002.9483731217,0.0,0.0,0.0,0,1.0,0.0
2020-09-17,1000002.9483731217,0.0,1000002.9483731217,0.0,0.0,0.0,0,1.0,0.0
2020-09-18,1000002.9483731217,0.0,1000002.9483731217,0.0,0.0,0.0,0,1.0,0.0
2020-09-21,1000002.9483731217,0.0,1000002.9483731217,0.0,0.0,0.0,0,1.0,0.0
2020-09-22,1000002.9483731217,0.0,1000002.9483731217,0.0,0.0,0.0,0,1.0,0.0
2020-09-23,1000002.9483731217,0.0,1000002.9483731217,0.0,0.0,0.0,0,1.0,0.0
2020-09-24,1000002.9483731217,0.0,1000002.9483731217,0.0,0.0,0.0,0,1.0,0.0
2020-09-25,1000002.9483731217,0.0,1000002.9483731217,0.0,0.0,0.0,0,1.0,0.0
2020-09-28,1000002.9483731217,0.0,1000002.9483731217,0.0,0.0,0.0,0,1.0,0.0
2020-09-29,1000002.9483731217,0.0,1000002.9483731217,0.0,0.0,0.0,0,1.0,0.0
2020-09-30,1000002.9483731217,0.0,1000002.9483731217,0.0,0.0,0.0,0,1.0,0.0
2020-10-01,1000002.9483731217,0.0,1000002.9483731217,0.0,0.0,0.0,0,1.0,0.0
2020-10-02,1000002.9483731217,0.0,1000002.9483731217,0.0,0.0,0.0,0,1.0,0.0
2020-10-05,1000002.9483731217,0.0,1000002.9483731217,0.0,0.0,0.0,0,1.0,0.0
2020-10-06,1000002.9483731217,0.0,1000002.9483731217,0.0,0.0,0.0,0,1.0,0.0
2020-10-07,1000002.9483731217,0.0,1000002.9483731217,0.0,0.0,0.0,0,1.0,0.0
2020-10-08,1000002.9483731217,0.0,1000002.9483731217,0.0,0.0,0.0,0,1.0,0.0
2020-10-09,1000002.9483731217,0.0,1000002.9483731217,0.0,0.0,0.0,0,1.0,0.0
2020-10-12,1000002.9483731217,0.0,1000002.9483731217,0.0,0.0,0.0,0,1.0,0.0
2020-10-13,1000002.9483731217,0.0,1000002.9483731217,0.0,0.0,0.0,0,1.0,0.0
2020-10-14,1000002.9483731217,0.0,1000002.9483731217,0.0,0.0,0.0,0,1.0,0.0
2020-10-15,1000002.9483731217,0.0,1000002.9483731217,0.0,0.0,0.0,0,1.0,0.0
2020-10-16,1000002.9483731217,0.0,1000002.9483731217,0.0,0.0,0.0,0,1.0,0.0
2020-10-19,1000002.9483731217,0.0,1000002.9483731217,0.0,0.0,0.0,0,1.0,0.0
2020-10-20,1000002.9483731217,0.0,1000002.9483731217,0.0,0.0,0.0,0,1.0,0.0
2020-10-21,1000002.9483731217,0.0,1000002.9483731217,0.0,0.0,0.0,0,1.0,0.0
2020-10-22,1000002.9483731217,0.0,1000002.9483731217,0.0,0.0,0.0,0,1.0,0.0
2020-10-23,1000002.9483731217,0.0,1000002.9483731217,0.0,0.0,0.0,0,1.0,0.0
2020-10-26,1000002.9483731217,0.0,1000002.9483731217,0.0,0.0,0.0,0,1.0,0.0
2020-10-27,1000002.9483731217,0.0,1000002.9483731217,0.0,0.0,0.0,0,1.0,0.0
2020-10-28,1000002.9483731217,0.0,1000002.9483731217,0.0,0.0,0.0,0,1.0,0.0
2020-10-29,1000002.9483731217,0.0,1000002.9483731217,0.0,0.0,0.0,0,1.0,0.0
2020-10-30,1000002.9483731217,0.0,1000002.9483731217,0.0,0.0,0.0,0,1.0,0.0
2020-11-02,1000002.9483731217,0.0,1000002.9483731217,0.0,0.0,0.0,0,1.0,0.0
2020-11-03,1000002.9483731217,0.0,1000002.9483731217,0.0,0.0,0.0,0,1.0,0.0
2020-11-04,1000002.9483731217,0.0,1000002.9483731217,0.0,0.0,0.0,0,1.0,0.0
2020-11-05,1000002.9483731217,0.0,1000002.9483731217,0.0,0.0,0.0,0,1.0,0.0
2020-11-06,1000002.9483731217,0.0,1000002.9483731217,0.0,0.0,0.0,0,1.0,0.0
2020-11-09,1000002.9483731217,0.0,1000002.9483731217,0.0,0.0,0.0,0,1.0,0.0
2020-11-10,1000002.9483731217,0.0,1000002.9483731217,0.0,0.0,0.0,0,1.0,0.0
2020-11-11,1000002.9483731217,0.0,1000002.9483731217,0.0,0.0,0.0,0,1.0,0.0
2020-11-12,1000002.9483731217,0.0,1000002.9483731217,0.0,0.0,0.0,0,1.0,0.0
2020-11-13,1000002.9483731217,0.0,1000002.9483731217,0.0,0.0,0.0,0,1.0,0.0
2020-11-16,1000002.9483731217,0.0,1000002.9483731217,0.0,0.0,0.0,0,1.0,0.0
2020-11-17,1000002.9483731217,0.0,1000002.9483731217,0.0,0.0,0.0,0,1.0,0.0
2020-11-18,1000002.9483731217,0.0,1000002.9483731217,0.0,0.0,0.0,0,1.0,0.0
2020-11-19,1000002.9483731217,0.0,1000002.9483731217,0.0,0.0,0.0,0,1.0,0.0
2020-11-20,1000002.9483731217,0.0,1000002.9483731217,0.0,0.0,0.0,0,1.0,0.0
2020-11-23,1000002.9483731217,0.0,1000002.9483731217,0.0,0.0,0.0,0,1.0,0.0
2020-11-24,1000002.9483731217,0.0,1000002.9483731217,0.0,0.0,0.0,0,1.0,0.0
2020-11-25,1000002.9483731217,0.0,1000002.9483731217,0.0,0.0,0.0,0,1.0,0.0
2020-11-27,1000002.9483731217,0.0,1000002.9483731217,0.0,0.0,0.0,0,1.0,0.0
2020-11-30,1000002.9483731217,0.0,1000002.9483731217,0.0,0.0,0.0,0,1.0,0.0
2020-12-01,1000002.9483731217,0.0,1000002.9483731217,0.0,0.0,0.0,0,1.0,0.0
2020-12-02,1000002.9483731217,0.0,1000002.9483731217,0.0,0.0,0.0,0,1.0,0.0
2020-12-03,1000002.9483731217,0.0,1000002.9483731217,0.0,0.0,0.0,0,1.0,0.0
2020-12-04,1000002.9483731217,0.0,1000002.9483731217,0.0,0.0,0.0,0,1.0,0.0
2020-12-07,1000002.9483731217,0.0,1000002.9483731217,0.0,0.0,0.0,0,1.0,0.0
2020-12-08,1000002.9483731217,0.0,1000002.9483731217,0.0,0.0,0.0,0,1.0,0.0
2020-12-09,1000002.9483731217,0.0,1000002.9483731217,0.0,0.0,0.0,0,1.0,0.0
2020-12-10,1000002.9483731217,0.0,1000002.9483731217,0.0,0.0,0.0,0,1.0,0.0
2020-12-11,1000002.9483731217,0.0,1000002.9483731217,0.0,0.0,0.0,0,1.0,0.0
2020-12-14,1000002.9483731217,0.0,1000002.9483731217,0.0,0.0,0.0,0,1.0,0.0
2020-12-15,1000002.9483731217,0.0,1000002.9483731217,0.0,0.0,0.0,0,1.0,0.0
2020-12-16,1000002.9483731217,0.0,1000002.9483731217,0.0,0.0,0.0,0,1.0,0.0
2020-12-17,1000002.9483731217,0.0,1000002.9483731217,0.0,0.0,0.0,0,1.0,0.0
2020-12-18,1000002.9483731217,0.0,1000002.9483731217,0.0,0.0,0.0,0,1.0,0.0
2020-12-21,1000002.9483731217,0.0,1000002.9483731217,0.0,0.0,0.0,0,1.0,0.0
2020-12-22,1000002.9483731217,0.0,1000002.9483731217,0.0,0.0,0.0,0,1.0,0.0
2020-12-23,1000002.9483731217,0.0,1000002.9483731217,0.0,0.0,0.0,0,1.0,0.0
2020-12-24,1000002.9483731217,0.0,1000002.9483731217,0.0,0.0,0.0,0,1.0,0.0
2020-12-28,1000002.9483731217,0.0,1000002.9483731217,0.0,0.0,0.0,0,1.0,0.0
2020-12-29,1000002.9483731217,0.0,1000002.9483731217,0.0,0.0,0.0,0,1.0,0.0
2020-12-30,1000002.9483731217,0.0,1000002.9483731217,0.0,0.0,0.0,0,1.0,0.0
2020-12-31,1000002.9483731217,0.0,1000002.9483731217,0.0,0.0,0.0,0,1.0,0.0
2021-01-04,1000002.9483731217,0.0,1000002.9483731217,0.0,0.0,0.0,0,1.0,0.0
2021-01-05,1000002.9483731217,0.0,1000002.9483731217,0.0,0.0,0.0,0,1.0,0.0
2021-01-06,1000002.9483731217,0.0,1000002.9483731217,0.0,0.0,0.0,0,1.0,0.0
2021-01-07,1000002.9483731217,0.0,1000002.9483731217,0.0,0.0,0.0,0,1.0,0.0
2021-01-08,1000002.9483731217,0.0,1000002.9483731217,0.0,0.0,0.0,0,1.0,0.0
2021-01-11,1000002.9483731217,0.0,1000002.9483731217,0.0,0.0,0.0,0,1.0,0.0
2021-01-12,1000002.9483731217,0.0,1000002.9483731217,0.0,0.0,0.0,0,1.0,0.0
2021-01-13,1000002.9483731217,0.0,1000002.9483731217,0.0,0.0,0.0,0,1.0,0.0
2021-01-14,1000002.9483731217,0.0,1000002.9483731217,0.0,0.0,0.0,0,1.0,0.0
2021-01-15,1000002.9483731217,0.0,1000002.9483731217,0.0,0.0,0.0,0,1.0,0.0
2021-01-19,1000002.9483731217,0.0,1000002.9483731217,0.0,0.0,0.0,0,1.0,0.0
2021-01-20,1000002.9483731217,0.0,1000002.9483731217,0.0,0.0,0.0,0,1.0,0.0
2021-01-21,1000002.9483731217,0.0,1000002.9483731217,0.0,0.0,0.0,0,1.0,0.0
2021-01-22,1000002.9483731217,0.0,1000002.9483731217,0.0,0.0,0.0,0,1.0,0.0
2021-01-25,1000002.9483731217,0.0,1000002.9483731217,0.0,0.0,0.0,0,1.0,0.0
2021-01-26,1000002.9483731217,0.0,1000002.9483731217,0.0,0.0,0.0,0,1.0,0.0
2021-01-27,1000002.9483731217,0.0,1000002.9483731217,0.0,0.0,0.0,0,1.0,0.0
2021-01-28,1000002.9483731217,0.0,1000002.9483731217,0.0,0.0,0.0,0,1.0,0.0
2021-01-29,1000002.9483731217,0.0,1000002.9483731217,0.0,0.0,0.0,0,1.0,0.0
2021-02-01,1000002.9483731217,0.0,1000002.9483731217,0.0,0.0,0.0,0,1.0,0.0
2021-02-02,1000002.9483731217,0.0,1000002.9483731217,0.0,0.0,0.0,0,1.0,0.0
2021-02-03,1000002.9483731217,0.0,1000002.9483731217,0.0,0.0,0.0,0,1.0,0.0
2021-02-04,1000002.9483731217,0.0,1000002.9483731217,0.0,0.0,0.0,0,1.0,0.0
2021-02-05,1000002.9483731217,0.0,1000002.9483731217,0.0,0.0,0.0,0,1.0,0.0
2021-02-08,1000002.9483731217,0.0,1000002.9483731217,0.0,0.0,0.0,0,1.0,0.0
2021-02-09,1000002.9483731217,0.0,1000002.9483731217,0.0,0.0,0.0,0,1.0,0.0
2021-02-10,1000002.9483731217,0.0,1000002.9483731217,0.0,0.0,0.0,0,1.0,0.0
2021-02-11,1000002.9483731217,0.0,1000002.9483731217,0.0,0.0,0.0,0,1.0,0.0
2021-02-12,1000002.9483731217,0.0,1000002.9483731217,0.0,0.0,0.0,0,1.0,0.0
2021-02-16,1000002.9483731217,0.0,1000002.9483731217,0.0,0.0,0.0,0,1.0,0.0
2021-02-17,1000002.9483731217,0.0,1000002.9483731217,0.0,0.0,0.0,0,1.0,0.0
2021-02-18,1000002.9483731217,0.0,1000002.9483731217,0.0,0.0,0.0,0,1.0,0.0
2021-02-19,1000002.9483731217,0.0,1000002.9483731217,0.0,0.0,0.0,0,1.0,0.0
2021-02-22,1000002.9483731217,0.0,1000002.9483731217,0.0,0.0,0.0,0,1.0,0.0
2021-02-23,1000002.9483731217,0.0,1000002.9483731217,0.0,0.0,0.0,0,1.0,0.0
2021-02-24,1000002.9483731217,0.0,1000002.9483731217,0.0,0.0,0.0,0,1.0,0.0
2021-02-25,1000002.9483731217,0.0,1000002.9483731217,0.0,0.0,0.0,0,1.0,0.0
2021-02-26,1000002.9483731217,0.0,1000002.9483731217,0.0,0.0,0.0,0,1.0,0.0
2021-03-01,1000002.9483731217,0.0,1000002.9483731217,0.0,0.0,0.0,0,1.0,0.0
2021-03-02,1000002.9483731217,0.0,1000002.9483731217,0.0,0.0,0.0,0,1.0,0.0
2021-03-03,1000002.9483731217,0.0,1000002.9483731217,0.0,0.0,0.0,0,1.0,0.0
2021-03-04,1000002.9483731217,0.0,1000002.9483731217,0.0,0.0,0.0,0,1.0,0.0
2021-03-05,1000002.9483731217,0.0,1000002.9483731217,0.0,0.0,0.0,0,1.0,0.0
2021-03-08,1000002.9483731217,0.0,1000002.9483731217,0.0,0.0,0.0,0,1.0,0.0
2021-03-09,1000002.9483731217,0.0,1000002.9483731217,0.0,0.0,0.0,0,1.0,0.0
2021-03-10,1000002.9483731217,0.0,1000002.9483731217,0.0,0.0,0.0,0,1.0,0.0
2021-03-11,1000002.9483731217,0.0,1000002.9483731217,0.0,0.0,0.0,0,1.0,0.0
2021-03-12,1000002.9483731217,0.0,1000002.9483731217,0.0,0.0,0.0,0,1.0,0.0
2021-03-15,1000002.9483731217,0.0,1000002.9483731217,0.0,0.0,0.0,0,1.0,0.0
2021-03-16,1000002.9483731217,0.0,1000002.9483731217,0.0,0.0,0.0,0,1.0,0.0
2021-03-17,1000002.9483731217,0.0,1000002.9483731217,0.0,0.0,0.0,0,1.0,0.0
2021-03-18,1000002.9483731217,0.0,1000002.9483731217,0.0,0.0,0.0,0,1.0,0.0
2021-03-19,1000002.9483731217,0.0,1000002.9483731217,0.0,0.0,0.0,0,1.0,0.0
2021-03-22,1000002.9483731217,0.0,1000002.9483731217,0.0,0.0,0.0,0,1.0,0.0
2021-03-23,1000002.9483731217,0.0,1000002.9483731217,0.0,0.0,0.0,0,1.0,0.0
2021-03-24,1000002.9483731217,0.0,1000002.9483731217,0.0,0.0,0.0,0,1.0,0.0
2021-03-25,1000002.9483731217,0.0,1000002.9483731217,0.0,0.0,0.0,0,1.0,0.0
2021-03-26,1000002.9483731217,0.0,1000002.9483731217,0.0,0.0,0.0,0,1.0,0.0
2021-03-29,1000002.9483731217,0.0,1000002.9483731217,0.0,0.0,0.0,0,1.0,0.0
2021-03-30,1000002.9483731217,0.0,1000002.9483731217,0.0,0.0,0.0,0,1.0,0.0
2021-03-31,1000002.9483731217,0.0,1000002.9483731217,0.0,0.0,0.0,0,1.0,0.0
2021-04-01,1000002.9483731217,0.0,1000002.9483731217,0.0,0.0,0.0,0,1.0,0.0
2021-04-05,1000002.9483731217,0.0,1000002.9483731217,0.0,0.0,0.0,0,1.0,0.0
2021-04-06,1000002.9483731217,0.0,1000002.9483731217,0.0,0.0,0.0,0,1.0,0.0
2021-04-07,1000002.9483731217,0.0,1000002.9483731217,0.0,0.0,0.0,0,1.0,0.0
2021-04-08,1000002.9483731217,0.0,1000002.9483731217,0.0,0.0,0.0,0,1.0,0.0
2021-04-09,1000002.9483731217,0.0,1000002.9483731217,0.0,0.0,0.0,0,1.0,0.0
2021-04-12,999944.0780659263,-5.887013362426696e-05,994294.729530665,50000.14741865608,94350.9463020508,5649.348535261364,1,1.0,0.0
2021-04-13,998989.3574049028,-0.0009547740538352611,994294.1224013168,49177.478821257435,93659.72263892883,4695.235003586036,1,1.0,0.6071293481641987
2021-04-14,999689.111535878,0.0007004620477568668,994293.5134725855,49725.92600574679,94056.253948201,5395.598063292578,1,1.0,0.6089287312480685
2021-04-15,998983.7656021833,-0.0007055652858027894,994292.9066234692,49497.40525587521,94303.95153303628,4690.858978714139,1,1.0,0.6068491162553622
2021-04-16,998467.7596956227,-0.000516530822950334,994292.2932552792,49131.773799548966,94088.08115875444,4175.466440343487,1,1.0,0.6133681899679818
2021-04-19,996482.7651248053,-0.0019880407269460276,996482.7651248053,0.0,0.0,0.0,0,1.0,1.846254922349301
2021-04-20,996482.7651248053,0.0,996482.7651248053,0.0,0.0,0.0,0,1.0,0.0
2021-04-21,996482.7651248053,0.0,996482.7651248053,0.0,0.0,0.0,0,1.0,0.0
2021-04-22,996482.7651248053,0.0,996482.7651248053,0.0,0.0,0.0,0,1.0,0.0
2021-04-23,996482.7651248053,0.0,996482.7651248053,0.0,0.0,0.0,0,1.0,0.0
2021-04-26,996482.7651248053,0.0,996482.7651248053,0.0,0.0,0.0,0,1.0,0.0
2021-04-27,996482.7651248053,0.0,996482.7651248053,0.0,0.0,0.0,0,1.0,0.0
2021-04-28,996482.7651248053,0.0,996482.7651248053,0.0,0.0,0.0,0,1.0,0.0
2021-04-29,996482.7651248053,0.0,996482.7651248053,0.0,0.0,0.0,0,1.0,0.0
2021-04-30,996482.7651248053,0.0,996482.7651248053,0.0,0.0,0.0,0,1.0,0.0
2021-05-03,996482.7651248053,0.0,996482.7651248053,0.0,0.0,0.0,0,1.0,0.0
2021-05-04,996482.7651248053,0.0,996482.7651248053,0.0,0.0,0.0,0,1.0,0.0
2021-05-05,996482.7651248053,0.0,996482.7651248053,0.0,0.0,0.0,0,1.0,0.0
2021-05-06,996482.7651248053,0.0,996482.7651248053,0.0,0.0,0.0,0,1.0,0.0
2021-05-07,996482.7651248053,0.0,996482.7651248053,0.0,0.0,0.0,0,1.0,0.0
2021-05-10,996482.7651248053,0.0,996482.7651248053,0.0,0.0,0.0,0,1.0,0.0
2021-05-11,996482.7651248053,0.0,996482.7651248053,0.0,0.0,0.0,0,1.0,0.0
2021-05-12,996482.7651248053,0.0,996482.7651248053,0.0,0.0,0.0,0,1.0,0.0
2021-05-13,996482.7651248053,0.0,996482.7651248053,0.0,0.0,0.0,0,1.0,0.0
2021-05-14,996482.7651248053,0.0,996482.7651248053,0.0,0.0,0.0,0,1.0,0.0
2021-05-17,996482.7651248053,0.0,996482.7651248053,0.0,0.0,0.0,0,1.0,0.0
2021-05-18,996482.7651248053,0.0,996482.7651248053,0.0,0.0,0.0,0,1.0,0.0
2021-05-19,996482.7651248053,0.0,996482.7651248053,0.0,0.0,0.0,0,1.0,0.0
2021-05-20,996482.7651248053,0.0,996482.7651248053,0.0,0.0,0.0,0,1.0,0.0
2021-05-21,996482.7651248053,0.0,996482.7651248053,0.0,0.0,0.0,0,1.0,0.0
2021-05-24,996482.7651248053,0.0,996482.7651248053,0.0,0.0,0.0,0,1.0,0.0
2021-05-25,996482.7651248053,0.0,996482.7651248053,0.0,0.0,0.0,0,1.0,0.0
2021-05-26,996482.7651248053,0.0,996482.7651248053,0.0,0.0,0.0,0,1.0,0.0
2021-05-27,996482.7651248053,0.0,996482.7651248053,0.0,0.0,0.0,0,1.0,0.0
2021-05-28,996482.7651248053,0.0,996482.7651248053,0.0,0.0,0.0,0,1.0,0.0
2021-06-01,996482.7651248053,0.0,996482.7651248053,0.0,0.0,0.0,0,1.0,0.0
2021-06-02,996482.7651248053,0.0,996482.7651248053,0.0,0.0,0.0,0,1.0,0.0
2021-06-03,996482.7651248053,0.0,996482.7651248053,0.0,0.0,0.0,0,1.0,0.0
2021-06-04,996482.7651248053,0.0,996482.7651248053,0.0,0.0,0.0,0,1.0,0.0
2021-06-07,996482.7651248053,0.0,996482.7651248053,0.0,0.0,0.0,0,1.0,0.0
2021-06-08,996482.7651248053,0.0,996482.7651248053,0.0,0.0,0.0,0,1.0,0.0
2021-06-09,996482.7651248053,0.0,996482.7651248053,0.0,0.0,0.0,0,1.0,0.0
2021-06-10,996482.7651248053,0.0,996482.7651248053,0.0,0.0,0.0,0,1.0,0.0
2021-06-11,996482.7651248053,0.0,996482.7651248053,0.0,0.0,0.0,0,1.0,0.0
2021-06-14,996482.7651248053,0.0,996482.7651248053,0.0,0.0,0.0,0,1.0,0.0
2021-06-15,996482.7651248053,0.0,996482.7651248053,0.0,0.0,0.0,0,1.0,0.0
2021-06-16,996482.7651248053,0.0,996482.7651248053,0.0,0.0,0.0,0,1.0,0.0
2021-06-17,996482.7651248053,0.0,996482.7651248053,0.0,0.0,0.0,0,1.0,0.0
2021-06-18,996482.7651248053,0.0,996482.7651248053,0.0,0.0,0.0,0,1.0,0.0
2021-06-21,996482.7651248053,0.0,996482.7651248053,0.0,0.0,0.0,0,1.0,0.0
2021-06-22,996482.7651248053,0.0,996482.7651248053,0.0,0.0,0.0,0,1.0,0.0
2021-06-23,996482.7651248053,0.0,996482.7651248053,0.0,0.0,0.0,0,1.0,0.0
2021-06-24,996482.7651248053,0.0,996482.7651248053,0.0,0.0,0.0,0,1.0,0.0
2021-06-25,996482.7651248053,0.0,996482.7651248053,0.0,0.0,0.0,0,1.0,0.0
2021-06-28,996482.7651248053,0.0,996482.7651248053,0.0,0.0,0.0,0,1.0,0.0
2021-06-29,996482.7651248053,0.0,996482.7651248053,0.0,0.0,0.0,0,1.0,0.0
2021-06-30,996482.7651248053,0.0,996482.7651248053,0.0,0.0,0.0,0,1.0,0.0
2021-07-01,996482.7651248053,0.0,996482.7651248053,0.0,0.0,0.0,0,1.0,0.0
2021-07-02,996482.7651248053,0.0,996482.7651248053,0.0,0.0,0.0,0,1.0,0.0
2021-07-06,996482.7651248053,0.0,996482.7651248053,0.0,0.0,0.0,0,1.0,0.0
2021-07-07,996482.7651248053,0.0,996482.7651248053,0.0,0.0,0.0,0,1.0,0.0
2021-07-08,996482.7651248053,0.0,996482.7651248053,0.0,0.0,0.0,0,1.0,0.0
2021-07-09,996482.7651248053,0.0,996482.7651248053,0.0,0.0,0.0,0,1.0,0.0
2021-07-12,996482.7651248053,0.0,996482.7651248053,0.0,0.0,0.0,0,1.0,0.0
2021-07-13,996482.7651248053,0.0,996482.7651248053,0.0,0.0,0.0,0,1.0,0.0
2021-07-14,996482.7651248053,0.0,996482.7651248053,0.0,0.0,0.0,0,1.0,0.0
2021-07-15,996482.7651248053,0.0,996482.7651248053,0.0,0.0,0.0,0,1.0,0.0
2021-07-16,996482.7651248053,0.0,996482.7651248053,0.0,0.0,0.0,0,1.0,0.0
2021-07-19,996482.7651248053,0.0,996482.7651248053,0.0,0.0,0.0,0,1.0,0.0
2021-07-20,996482.7651248053,0.0,996482.7651248053,0.0,0.0,0.0,0,1.0,0.0
2021-07-21,996482.7651248053,0.0,996482.7651248053,0.0,0.0,0.0,0,1.0,0.0
2021-07-22,996482.7651248053,0.0,996482.7651248053,0.0,0.0,0.0,0,1.0,0.0
2021-07-23,996482.7651248053,0.0,996482.7651248053,0.0,0.0,0.0,0,1.0,0.0
2021-07-26,996482.7651248053,0.0,996482.7651248053,0.0,0.0,0.0,0,1.0,0.0
2021-07-27,996482.7651248053,0.0,996482.7651248053,0.0,0.0,0.0,0,1.0,0.0
2021-07-28,996482.7651248053,0.0,996482.7651248053,0.0,0.0,0.0,0,1.0,0.0
2021-07-29,996482.7651248053,0.0,996482.7651248053,0.0,0.0,0.0,0,1.0,0.0
2021-07-30,996482.7651248053,0.0,996482.7651248053,0.0,0.0,0.0,0,1.0,0.0
2021-08-02,996482.7651248053,0.0,996482.7651248053,0.0,0.0,0.0,0,1.0,0.0
2021-08-03,996482.7651248053,0.0,996482.7651248053,0.0,0.0,0.0,0,1.0,0.0
2021-08-04,996482.7651248053,0.0,996482.7651248053,0.0,0.0,0.0,0,1.0,0.0
2021-08-05,996482.7651248053,0.0,996482.7651248053,0.0,0.0,0.0,0,1.0,0.0
2021-08-06,996482.7651248053,0.0,996482.7651248053,0.0,0.0,0.0,0,1.0,0.0
2021-08-09,996482.7651248053,0.0,996482.7651248053,0.0,0.0,0.0,0,1.0,0.0
2021-08-10,996482.7651248053,0.0,996482.7651248053,0.0,0.0,0.0,0,1.0,0.0
2021-08-11,996482.7651248053,0.0,996482.7651248053,0.0,0.0,0.0,0,1.0,0.0
2021-08-12,996482.7651248053,0.0,996482.7651248053,0.0,0.0,0.0,0,1.0,0.0
2021-08-13,996482.7651248053,0.0,996482.7651248053,0.0,0.0,0.0,0,1.0,0.0
2021-08-16,996482.7651248053,0.0,996482.7651248053,0.0,0.0,0.0,0,1.0,0.0
2021-08-17,996482.7651248053,0.0,996482.7651248053,0.0,0.0,0.0,0,1.0,0.0
2021-08-18,996482.7651248053,0.0,996482.7651248053,0.0,0.0,0.0,0,1.0,0.0
2021-08-19,996482.7651248053,0.0,996482.7651248053,0.0,0.0,0.0,0,1.0,0.0
2021-08-20,996482.7651248053,0.0,996482.7651248053,0.0,0.0,0.0,0,1.0,0.0
2021-08-23,996482.7651248053,0.0,996482.7651248053,0.0,0.0,0.0,0,1.0,0.0
2021-08-24,996482.7651248053,0.0,996482.7651248053,0.0,0.0,0.0,0,1.0,0.0
2021-08-25,996482.7651248053,0.0,996482.7651248053,0.0,0.0,0.0,0,1.0,0.0
2021-08-26,996482.7651248053,0.0,996482.7651248053,0.0,0.0,0.0,0,1.0,0.0
2021-08-27,996482.7651248053,0.0,996482.7651248053,0.0,0.0,0.0,0,1.0,0.0
2021-08-30,996482.7651248053,0.0,996482.7651248053,0.0,0.0,0.0,0,1.0,0.0
2021-08-31,996482.7651248053,0.0,996482.7651248053,0.0,0.0,0.0,0,1.0,0.0
2021-09-01,996482.7651248053,0.0,996482.7651248053,0.0,0.0,0.0,0,1.0,0.0
2021-09-02,996482.7651248053,0.0,996482.7651248053,0.0,0.0,0.0,0,1.0,0.0
2021-09-03,996482.7651248053,0.0,996482.7651248053,0.0,0.0,0.0,0,1.0,0.0
2021-09-07,996482.7651248053,0.0,996482.7651248053,0.0,0.0,0.0,0,1.0,0.0
2021-09-08,996482.7651248053,0.0,996482.7651248053,0.0,0.0,0.0,0,1.0,0.0
2021-09-09,996482.7651248053,0.0,996482.7651248053,0.0,0.0,0.0,0,1.0,0.0
2021-09-10,996482.7651248053,0.0,996482.7651248053,0.0,0.0,0.0,0,1.0,0.0
2021-09-13,996482.7651248053,0.0,996482.7651248053,0.0,0.0,0.0,0,1.0,0.0
2021-09-14,996482.7651248053,0.0,996482.7651248053,0.0,0.0,0.0,0,1.0,0.0
2021-09-15,996482.7651248053,0.0,996482.7651248053,0.0,0.0,0.0,0,1.0,0.0
2021-09-16,996482.7651248053,0.0,996482.7651248053,0.0,0.0,0.0,0,1.0,0.0
2021-09-17,996482.7651248053,0.0,996482.7651248053,0.0,0.0,0.0,0,1.0,0.0
2021-09-20,996482.7651248053,0.0,996482.7651248053,0.0,0.0,0.0,0,1.0,0.0
2021-09-21,996482.7651248053,0.0,996482.7651248053,0.0,0.0,0.0,0,1.0,0.0
2021-09-22,996482.7651248053,0.0,996482.7651248053,0.0,0.0,0.0,0,1.0,0.0
2021-09-23,996482.7651248053,0.0,996482.7651248053,0.0,0.0,0.0,0,1.0,0.0
2021-09-24,996482.7651248053,0.0,996482.7651248053,0.0,0.0,0.0,0,1.0,0.0
2021-09-27,996482.7651248053,0.0,996482.7651248053,0.0,0.0,0.0,0,1.0,0.0
2021-09-28,996482.7651248053,0.0,996482.7651248053,0.0,0.0,0.0,0,1.0,0.0
2021-09-29,996482.7651248053,0.0,996482.7651248053,0.0,0.0,0.0,0,1.0,0.0
2021-09-30,996482.7651248053,0.0,996482.7651248053,0.0,0.0,0.0,0,1.0,0.0
2021-10-01,996482.7651248053,0.0,996482.7651248053,0.0,0.0,0.0,0,1.0,0.0
2021-10-04,996482.7651248053,0.0,996482.7651248053,0.0,0.0,0.0,0,1.0,0.0
2021-10-05,996482.7651248053,0.0,996482.7651248053,0.0,0.0,0.0,0,1.0,0.0
2021-10-06,996482.7651248053,0.0,996482.7651248053,0.0,0.0,0.0,0,1.0,0.0
2021-10-07,996482.7651248053,0.0,996482.7651248053,0.0,0.0,0.0,0,1.0,0.0
2021-10-08,996482.7651248053,0.0,996482.7651248053,0.0,0.0,0.0,0,1.0,0.0
2021-10-11,996482.7651248053,0.0,996482.7651248053,0.0,0.0,0.0,0,1.0,0.0
2021-10-12,996482.7651248053,0.0,996482.7651248053,0.0,0.0,0.0,0,1.0,0.0
2021-10-13,996482.7651248053,0.0,996482.7651248053,0.0,0.0,0.0,0,1.0,0.0
2021-10-14,996482.7651248053,0.0,996482.7651248053,0.0,0.0,0.0,0,1.0,0.0
2021-10-15,996482.7651248053,0.0,996482.7651248053,0.0,0.0,0.0,0,1.0,0.0
2021-10-18,996482.7651248053,0.0,996482.7651248053,0.0,0.0,0.0,0,1.0,0.0
2021-10-19,996482.7651248053,0.0,996482.7651248053,0.0,0.0,0.0,0,1.0,0.0
2021-10-20,996482.7651248053,0.0,996482.7651248053,0.0,0.0,0.0,0,1.0,0.0
2021-10-21,996482.7651248053,0.0,996482.7651248053,0.0,0.0,0.0,0,1.0,0.0
2021-10-22,996482.7651248053,0.0,996482.7651248053,0.0,0.0,0.0,0,1.0,0.0
2021-10-25,996482.7651248053,0.0,996482.7651248053,0.0,0.0,0.0,0,1.0,0.0
2021-10-26,996482.7651248053,0.0,996482.7651248053,0.0,0.0,0.0,0,1.0,0.0
2021-10-27,996482.7651248053,0.0,996482.7651248053,0.0,0.0,0.0,0,1.0,0.0
2021-10-28,996482.7651248053,0.0,996482.7651248053,0.0,0.0,0.0,0,1.0,0.0
2021-10-29,996482.7651248053,0.0,996482.7651248053,0.0,0.0,0.0,0,1.0,0.0
2021-11-01,996482.7651248053,0.0,996482.7651248053,0.0,0.0,0.0,0,1.0,0.0
2021-11-02,996482.7651248053,0.0,996482.7651248053,0.0,0.0,0.0,0,1.0,0.0
2021-11-03,996482.7651248053,0.0,996482.7651248053,0.0,0.0,0.0,0,1.0,0.0
2021-11-04,996482.7651248053,0.0,996482.7651248053,0.0,0.0,0.0,0,1.0,0.0
2021-11-05,996482.7651248053,0.0,996482.7651248053,0.0,0.0,0.0,0,1.0,0.0
2021-11-08,996482.7651248053,0.0,996482.7651248053,0.0,0.0,0.0,0,1.0,0.0
2021-11-09,996482.7651248053,0.0,996482.7651248053,0.0,0.0,0.0,0,1.0,0.0
2021-11-10,996482.7651248053,0.0,996482.7651248053,0.0,0.0,0.0,0,1.0,0.0
2021-11-11,996482.7651248053,0.0,996482.7651248053,0.0,0.0,0.0,0,1.0,0.0
2021-11-12,996482.7651248053,0.0,996482.7651248053,0.0,0.0,0.0,0,1.0,0.0
2021-11-15,996482.7651248053,0.0,996482.7651248053,0.0,0.0,0.0,0,1.0,0.0
2021-11-16,996482.7651248053,0.0,996482.7651248053,0.0,0.0,0.0,0,1.0,0.0
2021-11-17,996482.7651248053,0.0,996482.7651248053,0.0,0.0,0.0,0,1.0,0.0
2021-11-18,996482.7651248053,0.0,996482.7651248053,0.0,0.0,0.0,0,1.0,0.0
2021-11-19,996482.7651248053,0.0,996482.7651248053,0.0,0.0,0.0,0,1.0,0.0
2021-11-22,996482.7651248053,0.0,996482.7651248053,0.0,0.0,0.0,0,1.0,0.0
2021-11-23,996482.7651248053,0.0,996482.7651248053,0.0,0.0,0.0,0,1.0,0.0
2021-11-24,996482.7651248053,0.0,996482.7651248053,0.0,0.0,0.0,0,1.0,0.0
2021-11-26,996482.7651248053,0.0,996482.7651248053,0.0,0.0,0.0,0,1.0,0.0
2021-11-29,996482.7651248053,0.0,996482.7651248053,0.0,0.0,0.0,0,1.0,0.0
2021-11-30,996482.7651248053,0.0,996482.7651248053,0.0,0.0,0.0,0,1.0,0.0
2021-12-01,996482.7651248053,0.0,996482.7651248053,0.0,0.0,0.0,0,1.0,0.0
2021-12-02,996482.7651248053,0.0,996482.7651248053,0.0,0.0,0.0,0,1.0,0.0
2021-12-03,996482.7651248053,0.0,996482.7651248053,0.0,0.0,0.0,0,1.0,0.0
2021-12-06,996482.7651248053,0.0,996482.7651248053,0.0,0.0,0.0,0,1.0,0.0
2021-12-07,996482.7651248053,0.0,996482.7651248053,0.0,0.0,0.0,0,1.0,0.0
2021-12-08,996482.7651248053,0.0,996482.7651248053,0.0,0.0,0.0,0,1.0,0.0
2021-12-09,996482.7651248053,0.0,996482.7651248053,0.0,0.0,0.0,0,1.0,0.0
2021-12-10,996482.7651248053,0.0,996482.7651248053,0.0,0.0,0.0,0,1.0,0.0
2021-12-13,996482.7651248053,0.0,996482.7651248053,0.0,0.0,0.0,0,1.0,0.0
2021-12-14,996482.7651248053,0.0,996482.7651248053,0.0,0.0,0.0,0,1.0,0.0
2021-12-15,996482.7651248053,0.0,996482.7651248053,0.0,0.0,0.0,0,1.0,0.0
2021-12-16,996482.7651248053,0.0,996482.7651248053,0.0,0.0,0.0,0,1.0,0.0
2021-12-17,996482.7651248053,0.0,996482.7651248053,0.0,0.0,0.0,0,1.0,0.0
2021-12-20,996482.7651248053,0.0,996482.7651248053,0.0,0.0,0.0,0,1.0,0.0
2021-12-21,996482.7651248053,0.0,996482.7651248053,0.0,0.0,0.0,0,1.0,0.0
2021-12-22,996482.7651248053,0.0,996482.7651248053,0.0,0.0,0.0,0,1.0,0.0
2021-12-23,996482.7651248053,0.0,996482.7651248053,0.0,0.0,0.0,0,1.0,0.0
2021-12-27,996482.7651248053,0.0,996482.7651248053,0.0,0.0,0.0,0,1.0,0.0
2021-12-28,996482.7651248053,0.0,996482.7651248053,0.0,0.0,0.0,0,1.0,0.0
2021-12-29,996482.7651248053,0.0,996482.7651248053,0.0,0.0,0.0,0,1.0,0.0
2021-12-30,996482.7651248053,0.0,996482.7651248053,0.0,0.0,0.0,0,1.0,0.0
2021-12-31,996482.7651248053,0.0,996482.7651248053,0.0,0.0,0.0,0,1.0,0.0
2022-01-03,996482.7651248053,0.0,996482.7651248053,0.0,0.0,0.0,0,1.0,0.0
2022-01-04,996482.7651248053,0.0,996482.7651248053,0.0,0.0,0.0,0,1.0,0.0
2022-01-05,996482.7651248053,0.0,996482.7651248053,0.0,0.0,0.0,0,1.0,0.0
2022-01-06,996482.7651248053,0.0,996482.7651248053,0.0,0.0,0.0,0,1.0,0.0
2022-01-07,996482.7651248053,0.0,996482.7651248053,0.0,0.0,0.0,0,1.0,0.0
2022-01-10,996482.7651248053,0.0,996482.7651248053,0.0,0.0,0.0,0,1.0,0.0
2022-01-11,996482.7651248053,0.0,996482.7651248053,0.0,0.0,0.0,0,1.0,0.0
2022-01-12,996482.7651248053,0.0,996482.7651248053,0.0,0.0,0.0,0,1.0,0.0
2022-01-13,996482.7651248053,0.0,996482.7651248053,0.0,0.0,0.0,0,1.0,0.0
2022-01-14,996482.7651248053,0.0,996482.7651248053,0.0,0.0,0.0,0,1.0,0.0
2022-01-18,996482.7651248053,0.0,996482.7651248053,0.0,0.0,0.0,0,1.0,0.0
2022-01-19,996482.7651248053,0.0,996482.7651248053,0.0,0.0,0.0,0,1.0,0.0
2022-01-20,996482.7651248053,0.0,996482.7651248053,0.0,0.0,0.0,0,1.0,0.0
2022-01-21,996482.7651248053,0.0,996482.7651248053,0.0,0.0,0.0,0,1.0,0.0
2022-01-24,996482.7651248053,0.0,996482.7651248053,0.0,0.0,0.0,0,1.0,0.0
2022-01-25,996482.7651248053,0.0,996482.7651248053,0.0,0.0,0.0,0,1.0,0.0
2022-01-26,996482.7651248053,0.0,996482.7651248053,0.0,0.0,0.0,0,1.0,0.0
2022-01-27,996482.7651248053,0.0,996482.7651248053,0.0,0.0,0.0,0,1.0,0.0
2022-01-28,996482.7651248053,0.0,996482.7651248053,0.0,0.0,0.0,0,1.0,0.0
2022-01-31,996482.7651248053,0.0,996482.7651248053,0.0,0.0,0.0,0,1.0,0.0
2022-02-01,996482.7651248053,0.0,996482.7651248053,0.0,0.0,0.0,0,1.0,0.0
2022-02-02,996482.7651248053,0.0,996482.7651248053,0.0,0.0,0.0,0,1.0,0.0
2022-02-03,996482.7651248053,0.0,996482.7651248053,0.0,0.0,0.0,0,1.0,0.0
2022-02-04,996482.7651248053,0.0,996482.7651248053,0.0,0.0,0.0,0,1.0,0.0
2022-02-07,996482.7651248053,0.0,996482.7651248053,0.0,0.0,0.0,0,1.0,0.0
2022-02-08,996482.7651248053,0.0,996482.7651248053,0.0,0.0,0.0,0,1.0,0.0
2022-02-09,996482.7651248053,0.0,996482.7651248053,0.0,0.0,0.0,0,1.0,0.0
2022-02-10,996482.7651248053,0.0,996482.7651248053,0.0,0.0,0.0,0,1.0,0.0
2022-02-11,996482.7651248053,0.0,996482.7651248053,0.0,0.0,0.0,0,1.0,0.0
2022-02-14,996482.7651248053,0.0,996482.7651248053,0.0,0.0,0.0,0,1.0,0.0
2022-02-15,996482.7651248053,0.0,996482.7651248053,0.0,0.0,0.0,0,1.0,0.0
2022-02-16,996482.7651248053,0.0,996482.7651248053,0.0,0.0,0.0,0,1.0,0.0
2022-02-17,996482.7651248053,0.0,996482.7651248053,0.0,0.0,0.0,0,1.0,0.0
2022-02-18,996482.7651248053,0.0,996482.7651248053,0.0,0.0,0.0,0,1.0,0.0
2022-02-22,996482.7651248053,0.0,996482.7651248053,0.0,0.0,0.0,0,1.0,0.0
2022-02-23,996482.7651248053,0.0,996482.7651248053,0.0,0.0,0.0,0,1.0,0.0
2022-02-24,996482.7651248053,0.0,996482.7651248053,0.0,0.0,0.0,0,1.0,0.0
2022-02-25,996482.7651248053,0.0,996482.7651248053,0.0,0.0,0.0,0,1.0,0.0
2022-02-28,996482.7651248053,0.0,996482.7651248053,0.0,0.0,0.0,0,1.0,0.0
2022-03-01,996482.7651248053,0.0,996482.7651248053,0.0,0.0,0.0,0,1.0,0.0
2022-03-02,996482.7651248053,0.0,996482.7651248053,0.0,0.0,0.0,0,1.0,0.0
2022-03-03,996482.7651248053,0.0,996482.7651248053,0.0,0.0,0.0,0,1.0,0.0
2022-03-04,996482.7651248053,0.0,996482.7651248053,0.0,0.0,0.0,0,1.0,0.0
2022-03-07,996482.7651248053,0.0,996482.7651248053,0.0,0.0,0.0,0,1.0,0.0
2022-03-08,996482.7651248053,0.0,996482.7651248053,0.0,0.0,0.0,0,1.0,0.0
2022-03-09,996482.7651248053,0.0,996482.7651248053,0.0,0.0,0.0,0,1.0,0.0
2022-03-10,996482.7651248053,0.0,996482.7651248053,0.0,0.0,0.0,0,1.0,0.0
2022-03-11,996482.7651248053,0.0,996482.7651248053,0.0,0.0,0.0,0,1.0,0.0
2022-03-14,996482.7651248053,0.0,996482.7651248053,0.0,0.0,0.0,0,1.0,0.0
2022-03-15,996482.7651248053,0.0,996482.7651248053,0.0,0.0,0.0,0,1.0,0.0
2022-03-16,996482.7651248053,0.0,996482.7651248053,0.0,0.0,0.0,0,1.0,0.0
2022-03-17,996482.7651248053,0.0,996482.7651248053,0.0,0.0,0.0,0,1.0,0.0
2022-03-18,996482.7651248053,0.0,996482.7651248053,0.0,0.0,0.0,0,1.0,0.0
2022-03-21,996482.7651248053,0.0,996482.7651248053,0.0,0.0,0.0,0,1.0,0.0
2022-03-22,996482.7651248053,0.0,996482.7651248053,0.0,0.0,0.0,0,1.0,0.0
2022-03-23,996482.7651248053,0.0,996482.7651248053,0.0,0.0,0.0,0,1.0,0.0
2022-03-24,996482.7651248053,0.0,996482.7651248053,0.0,0.0,0.0,0,1.0,0.0
2022-03-25,996482.7651248053,0.0,996482.7651248053,0.0,0.0,0.0,0,1.0,0.0
2022-03-28,996482.7651248053,0.0,996482.7651248053,0.0,0.0,0.0,0,1.0,0.0
2022-03-29,996482.7651248053,0.0,996482.7651248053,0.0,0.0,0.0,0,1.0,0.0
2022-03-30,996482.7651248053,0.0,996482.7651248053,0.0,0.0,0.0,0,1.0,0.0
2022-03-31,996482.7651248053,0.0,996482.7651248053,0.0,0.0,0.0,0,1.0,0.0
2022-04-01,996482.7651248053,0.0,996482.7651248053,0.0,0.0,0.0,0,1.0,0.0
2022-04-04,996482.7651248053,0.0,996482.7651248053,0.0,0.0,0.0,0,1.0,0.0
2022-04-05,996482.7651248053,0.0,996482.7651248053,0.0,0.0,0.0,0,1.0,0.0
2022-04-06,996482.7651248053,0.0,996482.7651248053,0.0,0.0,0.0,0,1.0,0.0
2022-04-07,996482.7651248053,0.0,996482.7651248053,0.0,0.0,0.0,0,1.0,0.0
2022-04-08,996482.7651248053,0.0,996482.7651248053,0.0,0.0,0.0,0,1.0,0.0
2022-04-11,996482.7651248053,0.0,996482.7651248053,0.0,0.0,0.0,0,1.0,0.0
2022-04-12,996482.7651248053,0.0,996482.7651248053,0.0,0.0,0.0,0,1.0,0.0
2022-04-13,996482.7651248053,0.0,996482.7651248053,0.0,0.0,0.0,0,1.0,0.0
2022-04-14,996482.7651248053,0.0,996482.7651248053,0.0,0.0,0.0,0,1.0,0.0
2022-04-18,996482.7651248053,0.0,996482.7651248053,0.0,0.0,0.0,0,1.0,0.0
2022-04-19,996482.7651248053,0.0,996482.7651248053,0.0,0.0,0.0,0,1.0,0.0
2022-04-20,996482.7651248053,0.0,996482.7651248053,0.0,0.0,0.0,0,1.0,0.0
2022-04-21,996482.7651248053,0.0,996482.7651248053,0.0,0.0,0.0,0,1.0,0.0
2022-04-22,996482.7651248053,0.0,996482.7651248053,0.0,0.0,0.0,0,1.0,0.0
2022-04-25,996482.7651248053,0.0,996482.7651248053,0.0,0.0,0.0,0,1.0,0.0
2022-04-26,996482.7651248053,0.0,996482.7651248053,0.0,0.0,0.0,0,1.0,0.0
2022-04-27,996482.7651248053,0.0,996482.7651248053,0.0,0.0,0.0,0,1.0,0.0
2022-04-28,996482.7651248053,0.0,996482.7651248053,0.0,0.0,0.0,0,1.0,0.0
2022-04-29,996482.7651248053,0.0,996482.7651248053,0.0,0.0,0.0,0,1.0,0.0
2022-05-02,996482.7651248053,0.0,996482.7651248053,0.0,0.0,0.0,0,1.0,0.0
2022-05-03,996482.7651248053,0.0,996482.7651248053,0.0,0.0,0.0,0,1.0,0.0
2022-05-04,996482.7651248053,0.0,996482.7651248053,0.0,0.0,0.0,0,1.0,0.0
2022-05-05,996482.7651248053,0.0,996482.7651248053,0.0,0.0,0.0,0,1.0,0.0
2022-05-06,996482.7651248053,0.0,996482.7651248053,0.0,0.0,0.0,0,1.0,0.0
2022-05-09,996482.7651248053,0.0,996482.7651248053,0.0,0.0,0.0,0,1.0,0.0
2022-05-10,996482.7651248053,0.0,996482.7651248053,0.0,0.0,0.0,0,1.0,0.0
2022-05-11,996482.7651248053,0.0,996482.7651248053,0.0,0.0,0.0,0,1.0,0.0
2022-05-12,996482.7651248053,0.0,996482.7651248053,0.0,0.0,0.0,0,1.0,0.0
2022-05-13,996482.7651248053,0.0,996482.7651248053,0.0,0.0,0.0,0,1.0,0.0
2022-05-16,996482.7651248053,0.0,996482.7651248053,0.0,0.0,0.0,0,1.0,0.0
2022-05-17,996482.7651248053,0.0,996482.7651248053,0.0,0.0,0.0,0,1.0,0.0
2022-05-18,996482.7651248053,0.0,996482.7651248053,0.0,0.0,0.0,0,1.0,0.0
2022-05-19,996482.7651248053,0.0,996482.7651248053,0.0,0.0,0.0,0,1.0,0.0
2022-05-20,996482.7651248053,0.0,996482.7651248053,0.0,0.0,0.0,0,1.0,0.0
2022-05-23,996482.7651248053,0.0,996482.7651248053,0.0,0.0,0.0,0,1.0,0.0
2022-05-24,996482.7651248053,0.0,996482.7651248053,0.0,0.0,0.0,0,1.0,0.0
2022-05-25,996482.7651248053,0.0,996482.7651248053,0.0,0.0,0.0,0,1.0,0.0
2022-05-26,996482.7651248053,0.0,996482.7651248053,0.0,0.0,0.0,0,1.0,0.0
2022-05-27,996482.7651248053,0.0,996482.7651248053,0.0,0.0,0.0,0,1.0,0.0
2022-05-31,996482.7651248053,0.0,996482.7651248053,0.0,0.0,0.0,0,1.0,0.0
2022-06-01,996482.7651248053,0.0,996482.7651248053,0.0,0.0,0.0,0,1.0,0.0
2022-06-02,996482.7651248053,0.0,996482.7651248053,0.0,0.0,0.0,0,1.0,0.0
2022-06-03,996482.7651248053,0.0,996482.7651248053,0.0,0.0,0.0,0,1.0,0.0
2022-06-06,996482.7651248053,0.0,996482.7651248053,0.0,0.0,0.0,0,1.0,0.0
2022-06-07,996482.7651248053,0.0,996482.7651248053,0.0,0.0,0.0,0,1.0,0.0
2022-06-08,996482.7651248053,0.0,996482.7651248053,0.0,0.0,0.0,0,1.0,0.0
2022-06-09,996482.7651248053,0.0,996482.7651248053,0.0,0.0,0.0,0,1.0,0.0
2022-06-10,996482.7651248053,0.0,996482.7651248053,0.0,0.0,0.0,0,1.0,0.0
2022-06-13,996482.7651248053,0.0,996482.7651248053,0.0,0.0,0.0,0,1.0,0.0
2022-06-14,996482.7651248053,0.0,996482.7651248053,0.0,0.0,0.0,0,1.0,0.0
2022-06-15,996482.7651248053,0.0,996482.7651248053,0.0,0.0,0.0,0,1.0,0.0
2022-06-16,996482.7651248053,0.0,996482.7651248053,0.0,0.0,0.0,0,1.0,0.0
2022-06-17,996482.7651248053,0.0,996482.7651248053,0.0,0.0,0.0,0,1.0,0.0
2022-06-21,996482.7651248053,0.0,996482.7651248053,0.0,0.0,0.0,0,1.0,0.0
2022-06-22,996482.7651248053,0.0,996482.7651248053,0.0,0.0,0.0,0,1.0,0.0
2022-06-23,996482.7651248053,0.0,996482.7651248053,0.0,0.0,0.0,0,1.0,0.0
2022-06-24,996482.7651248053,0.0,996482.7651248053,0.0,0.0,0.0,0,1.0,0.0
2022-06-27,996482.7651248053,0.0,996482.7651248053,0.0,0.0,0.0,0,1.0,0.0
2022-06-28,996482.7651248053,0.0,996482.7651248053,0.0,0.0,0.0,0,1.0,0.0
2022-06-29,996482.7651248053,0.0,996482.7651248053,0.0,0.0,0.0,0,1.0,0.0
2022-06-30,996482.7651248053,0.0,996482.7651248053,0.0,0.0,0.0,0,1.0,0.0
2022-07-01,996482.7651248053,0.0,996482.7651248053,0.0,0.0,0.0,0,1.0,0.0
2022-07-05,996482.7651248053,0.0,996482.7651248053,0.0,0.0,0.0,0,1.0,0.0
2022-07-06,996482.7651248053,0.0,996482.7651248053,0.0,0.0,0.0,0,1.0,0.0
2022-07-07,996482.7651248053,0.0,996482.7651248053,0.0,0.0,0.0,0,1.0,0.0
2022-07-08,996482.7651248053,0.0,996482.7651248053,0.0,0.0,0.0,0,1.0,0.0
2022-07-11,996482.7651248053,0.0,996482.7651248053,0.0,0.0,0.0,0,1.0,0.0
2022-07-12,996482.7651248053,0.0,996482.7651248053,0.0,0.0,0.0,0,1.0,0.0
2022-07-13,996482.7651248053,0.0,996482.7651248053,0.0,0.0,0.0,0,1.0,0.0
2022-07-14,996482.7651248053,0.0,996482.7651248053,0.0,0.0,0.0,0,1.0,0.0
2022-07-15,996482.7651248053,0.0,996482.7651248053,0.0,0.0,0.0,0,1.0,0.0
2022-07-18,996482.7651248053,0.0,996482.7651248053,0.0,0.0,0.0,0,1.0,0.0
2022-07-19,996482.7651248053,0.0,996482.7651248053,0.0,0.0,0.0,0,1.0,0.0
2022-07-20,996482.7651248053,0.0,996482.7651248053,0.0,0.0,0.0,0,1.0,0.0
2022-07-21,996482.7651248053,0.0,996482.7651248053,0.0,0.0,0.0,0,1.0,0.0
2022-07-22,996482.7651248053,0.0,996482.7651248053,0.0,0.0,0.0,0,1.0,0.0
2022-07-25,996482.7651248053,0.0,996482.7651248053,0.0,0.0,0.0,0,1.0,0.0
2022-07-26,996482.7651248053,0.0,996482.7651248053,0.0,0.0,0.0,0,1.0,0.0
2022-07-27,996482.7651248053,0.0,996482.7651248053,0.0,0.0,0.0,0,1.0,0.0
2022-07-28,996482.7651248053,0.0,996482.7651248053,0.0,0.0,0.0,0,1.0,0.0
2022-07-29,996482.7651248053,0.0,996482.7651248053,0.0,0.0,0.0,0,1.0,0.0
2022-08-01,996482.7651248053,0.0,996482.7651248053,0.0,0.0,0.0,0,1.0,0.0
2022-08-02,996482.7651248053,0.0,996482.7651248053,0.0,0.0,0.0,0,1.0,0.0
2022-08-03,996482.7651248053,0.0,996482.7651248053,0.0,0.0,0.0,0,1.0,0.0
2022-08-04,996482.7651248053,0.0,996482.7651248053,0.0,0.0,0.0,0,1.0,0.0
2022-08-05,996482.7651248053,0.0,996482.7651248053,0.0,0.0,0.0,0,1.0,0.0
2022-08-08,996482.7651248053,0.0,996482.7651248053,0.0,0.0,0.0,0,1.0,0.0
2022-08-09,996482.7651248053,0.0,996482.7651248053,0.0,0.0,0.0,0,1.0,0.0
2022-08-10,996482.7651248053,0.0,996482.7651248053,0.0,0.0,0.0,0,1.0,0.0
2022-08-11,996482.7651248053,0.0,996482.7651248053,0.0,0.0,0.0,0,1.0,0.0
2022-08-12,996482.7651248053,0.0,996482.7651248053,0.0,0.0,0.0,0,1.0,0.0
2022-08-15,996482.7651248053,0.0,996482.7651248053,0.0,0.0,0.0,0,1.0,0.0
2022-08-16,996482.7651248053,0.0,996482.7651248053,0.0,0.0,0.0,0,1.0,0.0
2022-08-17,996482.7651248053,0.0,996482.7651248053,0.0,0.0,0.0,0,1.0,0.0
2022-08-18,996482.7651248053,0.0,996482.7651248053,0.0,0.0,0.0,0,1.0,0.0
2022-08-19,996482.7651248053,0.0,996482.7651248053,0.0,0.0,0.0,0,1.0,0.0
2022-08-22,996482.7651248053,0.0,996482.7651248053,0.0,0.0,0.0,0,1.0,0.0
2022-08-23,996482.7651248053,0.0,996482.7651248053,0.0,0.0,0.0,0,1.0,0.0
2022-08-24,996482.7651248053,0.0,996482.7651248053,0.0,0.0,0.0,0,1.0,0.0
2022-08-25,996482.7651248053,0.0,996482.7651248053,0.0,0.0,0.0,0,1.0,0.0
2022-08-26,996482.7651248053,0.0,996482.7651248053,0.0,0.0,0.0,0,1.0,0.0
2022-08-29,996482.7651248053,0.0,996482.7651248053,0.0,0.0,0.0,0,1.0,0.0
2022-08-30,996482.7651248053,0.0,996482.7651248053,0.0,0.0,0.0,0,1.0,0.0
2022-08-31,996482.7651248053,0.0,996482.7651248053,0.0,0.0,0.0,0,1.0,0.0
2022-09-01,996482.7651248053,0.0,996482.7651248053,0.0,0.0,0.0,0,1.0,0.0
2022-09-02,996482.7651248053,0.0,996482.7651248053,0.0,0.0,0.0,0,1.0,0.0
2022-09-06,996482.7651248053,0.0,996482.7651248053,0.0,0.0,0.0,0,1.0,0.0
2022-09-07,996482.7651248053,0.0,996482.7651248053,0.0,0.0,0.0,0,1.0,0.0
2022-09-08,996482.7651248053,0.0,996482.7651248053,0.0,0.0,0.0,0,1.0,0.0
2022-09-09,996482.7651248053,0.0,996482.7651248053,0.0,0.0,0.0,0,1.0,0.0
2022-09-12,996482.7651248053,0.0,996482.7651248053,0.0,0.0,0.0,0,1.0,0.0
2022-09-13,996482.7651248053,0.0,996482.7651248053,0.0,0.0,0.0,0,1.0,0.0
2022-09-14,996482.7651248053,0.0,996482.7651248053,0.0,0.0,0.0,0,1.0,0.0
2022-09-15,996482.7651248053,0.0,996482.7651248053,0.0,0.0,0.0,0,1.0,0.0
2022-09-16,996482.7651248053,0.0,996482.7651248053,0.0,0.0,0.0,0,1.0,0.0
2022-09-19,996482.7651248053,0.0,996482.7651248053,0.0,0.0,0.0,0,1.0,0.0
2022-09-20,996482.7651248053,0.0,996482.7651248053,0.0,0.0,0.0,0,1.0,0.0
2022-09-21,996482.7651248053,0.0,996482.7651248053,0.0,0.0,0.0,0,1.0,0.0
2022-09-22,996482.7651248053,0.0,996482.7651248053,0.0,0.0,0.0,0,1.0,0.0
2022-09-23,996482.7651248053,0.0,996482.7651248053,0.0,0.0,0.0,0,1.0,0.0
2022-09-26,996482.7651248053,0.0,996482.7651248053,0.0,0.0,0.0,0,1.0,0.0
2022-09-27,996482.7651248053,0.0,996482.7651248053,0.0,0.0,0.0,0,1.0,0.0
2022-09-28,996482.7651248053,0.0,996482.7651248053,0.0,0.0,0.0,0,1.0,0.0
2022-09-29,996482.7651248053,0.0,996482.7651248053,0.0,0.0,0.0,0,1.0,0.0
2022-09-30,996482.7651248053,0.0,996482.7651248053,0.0,0.0,0.0,0,1.0,0.0
2022-10-03,996482.7651248053,0.0,996482.7651248053,0.0,0.0,0.0,0,1.0,0.0
2022-10-04,996482.7651248053,0.0,996482.7651248053,0.0,0.0,0.0,0,1.0,0.0
2022-10-05,996482.7651248053,0.0,996482.7651248053,0.0,0.0,0.0,0,1.0,0.0
2022-10-06,996482.7651248053,0.0,996482.7651248053,0.0,0.0,0.0,0,1.0,0.0
2022-10-07,996482.7651248053,0.0,996482.7651248053,0.0,0.0,0.0,0,1.0,0.0
2022-10-10,996482.7651248053,0.0,996482.7651248053,0.0,0.0,0.0,0,1.0,0.0
2022-10-11,996482.7651248053,0.0,996482.7651248053,0.0,0.0,0.0,0,1.0,0.0
2022-10-12,996482.7651248053,0.0,996482.7651248053,0.0,0.0,0.0,0,1.0,0.0
2022-10-13,996482.7651248053,0.0,996482.7651248053,0.0,0.0,0.0,0,1.0,0.0
2022-10-14,996482.7651248053,0.0,996482.7651248053,0.0,0.0,0.0,0,1.0,0.0
2022-10-17,996482.7651248053,0.0,996482.7651248053,0.0,0.0,0.0,0,1.0,0.0
2022-10-18,996482.7651248053,0.0,996482.7651248053,0.0,0.0,0.0,0,1.0,0.0
2022-10-19,996482.7651248053,0.0,996482.7651248053,0.0,0.0,0.0,0,1.0,0.0
2022-10-20,996482.7651248053,0.0,996482.7651248053,0.0,0.0,0.0,0,1.0,0.0
2022-10-21,996482.7651248053,0.0,996482.7651248053,0.0,0.0,0.0,0,1.0,0.0
2022-10-24,996482.7651248053,0.0,996482.7651248053,0.0,0.0,0.0,0,1.0,0.0
2022-10-25,996482.7651248053,0.0,996482.7651248053,0.0,0.0,0.0,0,1.0,0.0
2022-10-26,996482.7651248053,0.0,996482.7651248053,0.0,0.0,0.0,0,1.0,0.0
2022-10-27,996482.7651248053,0.0,996482.7651248053,0.0,0.0,0.0,0,1.0,0.0
2022-10-28,996482.7651248053,0.0,996482.7651248053,0.0,0.0,0.0,0,1.0,0.0
2022-10-31,996482.7651248053,0.0,996482.7651248053,0.0,0.0,0.0,0,1.0,0.0
2022-11-01,996482.7651248053,0.0,996482.7651248053,0.0,0.0,0.0,0,1.0,0.0
2022-11-02,996482.7651248053,0.0,996482.7651248053,0.0,0.0,0.0,0,1.0,0.0
2022-11-03,996482.7651248053,0.0,996482.7651248053,0.0,0.0,0.0,0,1.0,0.0
2022-11-04,996482.7651248053,0.0,996482.7651248053,0.0,0.0,0.0,0,1.0,0.0
2022-11-07,996482.7651248053,0.0,996482.7651248053,0.0,0.0,0.0,0,1.0,0.0
2022-11-08,996482.7651248053,0.0,996482.7651248053,0.0,0.0,0.0,0,1.0,0.0
2022-11-09,996482.7651248053,0.0,996482.7651248053,0.0,0.0,0.0,0,1.0,0.0
2022-11-10,996482.7651248053,0.0,996482.7651248053,0.0,0.0,0.0,0,1.0,0.0
2022-11-11,996482.7651248053,0.0,996482.7651248053,0.0,0.0,0.0,0,1.0,0.0
2022-11-14,996482.7651248053,0.0,996482.7651248053,0.0,0.0,0.0,0,1.0,0.0
2022-11-15,996482.7651248053,0.0,996482.7651248053,0.0,0.0,0.0,0,1.0,0.0
2022-11-16,996482.7651248053,0.0,996482.7651248053,0.0,0.0,0.0,0,1.0,0.0
2022-11-17,996482.7651248053,0.0,996482.7651248053,0.0,0.0,0.0,0,1.0,0.0
2022-11-18,996482.7651248053,0.0,996482.7651248053,0.0,0.0,0.0,0,1.0,0.0
2022-11-21,996482.7651248053,0.0,996482.7651248053,0.0,0.0,0.0,0,1.0,0.0
2022-11-22,996482.7651248053,0.0,996482.7651248053,0.0,0.0,0.0,0,1.0,0.0
2022-11-23,996482.7651248053,0.0,996482.7651248053,0.0,0.0,0.0,0,1.0,0.0
2022-11-25,996482.7651248053,0.0,996482.7651248053,0.0,0.0,0.0,0,1.0,0.0
2022-11-28,996482.7651248053,0.0,996482.7651248053,0.0,0.0,0.0,0,1.0,0.0
2022-11-29,996482.7651248053,0.0,996482.7651248053,0.0,0.0,0.0,0,1.0,0.0
2022-11-30,996482.7651248053,0.0,996482.7651248053,0.0,0.0,0.0,0,1.0,0.0
2022-12-01,996482.7651248053,0.0,996482.7651248053,0.0,0.0,0.0,0,1.0,0.0
2022-12-02,996482.7651248053,0.0,996482.7651248053,0.0,0.0,0.0,0,1.0,0.0
2022-12-05,996482.7651248053,0.0,996482.7651248053,0.0,0.0,0.0,0,1.0,0.0
2022-12-06,996482.7651248053,0.0,996482.7651248053,0.0,0.0,0.0,0,1.0,0.0
2022-12-07,996482.7651248053,0.0,996482.7651248053,0.0,0.0,0.0,0,1.0,0.0
2022-12-08,996482.7651248053,0.0,996482.7651248053,0.0,0.0,0.0,0,1.0,0.0
2022-12-09,996482.7651248053,0.0,996482.7651248053,0.0,0.0,0.0,0,1.0,0.0
2022-12-12,996482.7651248053,0.0,996482.7651248053,0.0,0.0,0.0,0,1.0,0.0
2022-12-13,996482.7651248053,0.0,996482.7651248053,0.0,0.0,0.0,0,1.0,0.0
2022-12-14,996482.7651248053,0.0,996482.7651248053,0.0,0.0,0.0,0,1.0,0.0
2022-12-15,996482.7651248053,0.0,996482.7651248053,0.0,0.0,0.0,0,1.0,0.0
2022-12-16,996482.7651248053,0.0,996482.7651248053,0.0,0.0,0.0,0,1.0,0.0
2022-12-19,996482.7651248053,0.0,996482.7651248053,0.0,0.0,0.0,0,1.0,0.0
2022-12-20,996482.7651248053,0.0,996482.7651248053,0.0,0.0,0.0,0,1.0,0.0
2022-12-21,996482.7651248053,0.0,996482.7651248053,0.0,0.0,0.0,0,1.0,0.0
2022-12-22,996482.7651248053,0.0,996482.7651248053,0.0,0.0,0.0,0,1.0,0.0
2022-12-23,996482.7651248053,0.0,996482.7651248053,0.0,0.0,0.0,0,1.0,0.0
2022-12-27,996482.7651248053,0.0,996482.7651248053,0.0,0.0,0.0,0,1.0,0.0
2022-12-28,996482.7651248053,0.0,996482.7651248053,0.0,0.0,0.0,0,1.0,0.0
2022-12-29,996423.2142078142,-5.9761110854372745e-05,995232.9696258835,49824.138256240265,98458.03193054989,1190.244581930645,1,1.0,0.0
2022-12-30,996550.6525178235,0.00012789576576710537,995232.3038641631,49824.138256240265,98329.92785882011,1318.3486536604178,1,1.0,0.6657617203875376
2023-01-03,999756.6727004666,0.0032171171375412477,995229.6478318783,52828.60890485776,101130.1929411272,4527.02486858832,1,1.0,2.6560322848777465
2023-01-04,1000885.3497546352,0.0011289517589514464,995228.986619229,54330.84422916652,103005.32532292677,5656.3631354062745,1,1.0,0.6612126493671381
2023-01-05,1001940.9690569135,0.0010546855366970753,995228.3203018971,54831.58933726943,102950.5299195225,6712.648755016373,1,1.0,0.6663173318789903
2023-01-06,1001272.4077623269,-0.0006672661516335943,1001272.4077623269,0.0,0.0,0.0,0,1.0,0.6587123967454218
2023-01-09,1001272.4077623269,0.0,1001272.4077623269,0.0,0.0,0.0,0,1.0,0.0
2023-01-10,1001272.4077623269,0.0,1001272.4077623269,0.0,0.0,0.0,0,1.0,0.0
2023-01-11,1001272.4077623269,0.0,1001272.4077623269,0.0,0.0,0.0,0,1.0,0.0
2023-01-12,1001272.4077623269,0.0,1001272.4077623269,0.0,0.0,0.0,0,1.0,0.0
2023-01-13,1001272.4077623269,0.0,1001272.4077623269,0.0,0.0,0.0,0,1.0,0.0
2023-01-17,1001272.4077623269,0.0,1001272.4077623269,0.0,0.0,0.0,0,1.0,0.0
2023-01-18,1001272.4077623269,0.0,1001272.4077623269,0.0,0.0,0.0,0,1.0,0.0
2023-01-19,1001272.4077623269,0.0,1001272.4077623269,0.0,0.0,0.0,0,1.0,0.0
2023-01-20,1001272.4077623269,0.0,1001272.4077623269,0.0,0.0,0.0,0,1.0,0.0
2023-01-23,1001272.4077623269,0.0,1001272.4077623269,0.0,0.0,0.0,0,1.0,0.0
2023-01-24,1001272.4077623269,0.0,1001272.4077623269,0.0,0.0,0.0,0,1.0,0.0
2023-01-25,1001272.4077623269,0.0,1001272.4077623269,0.0,0.0,0.0,0,1.0,0.0
2023-01-26,1001272.4077623269,0.0,1001272.4077623269,0.0,0.0,0.0,0,1.0,0.0
2023-01-27,1001272.4077623269,0.0,1001272.4077623269,0.0,0.0,0.0,0,1.0,0.0
2023-01-30,1001272.4077623269,0.0,1001272.4077623269,0.0,0.0,0.0,0,1.0,0.0
2023-01-31,1001272.4077623269,0.0,1001272.4077623269,0.0,0.0,0.0,0,1.0,0.0
2023-02-01,1001272.4077623269,0.0,1001272.4077623269,0.0,0.0,0.0,0,1.0,0.0
2023-02-02,1001272.4077623269,0.0,1001272.4077623269,0.0,0.0,0.0,0,1.0,0.0
2023-02-03,1001272.4077623269,0.0,1001272.4077623269,0.0,0.0,0.0,0,1.0,0.0
2023-02-06,1001272.4077623269,0.0,1001272.4077623269,0.0,0.0,0.0,0,1.0,0.0
2023-02-07,1001272.4077623269,0.0,1001272.4077623269,0.0,0.0,0.0,0,1.0,0.0
2023-02-08,1001272.4077623269,0.0,1001272.4077623269,0.0,0.0,0.0,0,1.0,0.0
2023-02-09,1001272.4077623269,0.0,1001272.4077623269,0.0,0.0,0.0,0,1.0,0.0
2023-02-10,1001272.4077623269,0.0,1001272.4077623269,0.0,0.0,0.0,0,1.0,0.0
2023-02-13,1001272.4077623269,0.0,1001272.4077623269,0.0,0.0,0.0,0,1.0,0.0
2023-02-14,1001272.4077623269,0.0,1001272.4077623269,0.0,0.0,0.0,0,1.0,0.0
2023-02-15,1001272.4077623269,0.0,1001272.4077623269,0.0,0.0,0.0,0,1.0,0.0
2023-02-16,1001272.4077623269,0.0,1001272.4077623269,0.0,0.0,0.0,0,1.0,0.0
2023-02-17,1001272.4077623269,0.0,1001272.4077623269,0.0,0.0,0.0,0,1.0,0.0
2023-02-21,1001272.4077623269,0.0,1001272.4077623269,0.0,0.0,0.0,0,1.0,0.0
2023-02-22,1001272.4077623269,0.0,1001272.4077623269,0.0,0.0,0.0,0,1.0,0.0
2023-02-23,1001272.4077623269,0.0,1001272.4077623269,0.0,0.0,0.0,0,1.0,0.0
2023-02-24,1001272.4077623269,0.0,1001272.4077623269,0.0,0.0,0.0,0,1.0,0.0
2023-02-27,1001272.4077623269,0.0,1001272.4077623269,0.0,0.0,0.0,0,1.0,0.0
2023-02-28,1001272.4077623269,0.0,1001272.4077623269,0.0,0.0,0.0,0,1.0,0.0
2023-03-01,1001272.4077623269,0.0,1001272.4077623269,0.0,0.0,0.0,0,1.0,0.0
2023-03-02,1001272.4077623269,0.0,1001272.4077623269,0.0,0.0,0.0,0,1.0,0.0
2023-03-03,1001272.4077623269,0.0,1001272.4077623269,0.0,0.0,0.0,0,1.0,0.0
2023-03-06,1001272.4077623269,0.0,1001272.4077623269,0.0,0.0,0.0,0,1.0,0.0
2023-03-07,1001272.4077623269,0.0,1001272.4077623269,0.0,0.0,0.0,0,1.0,0.0
2023-03-08,1001272.4077623269,0.0,1001272.4077623269,0.0,0.0,0.0,0,1.0,0.0
2023-03-09,1001272.4077623269,0.0,1001272.4077623269,0.0,0.0,0.0,0,1.0,0.0
2023-03-10,1001272.4077623269,0.0,1001272.4077623269,0.0,0.0,0.0,0,1.0,0.0
2023-03-13,1001272.4077623269,0.0,1001272.4077623269,0.0,0.0,0.0,0,1.0,0.0
2023-03-14,1001272.4077623269,0.0,1001272.4077623269,0.0,0.0,0.0,0,1.0,0.0
2023-03-15,1001272.4077623269,0.0,1001272.4077623269,0.0,0.0,0.0,0,1.0,0.0
2023-03-16,1001272.4077623269,0.0,1001272.4077623269,0.0,0.0,0.0,0,1.0,0.0
2023-03-17,1001272.4077623269,0.0,1001272.4077623269,0.0,0.0,0.0,0,1.0,0.0
2023-03-20,1001272.4077623269,0.0,1001272.4077623269,0.0,0.0,0.0,0,1.0,0.0
2023-03-21,1001272.4077623269,0.0,1001272.4077623269,0.0,0.0,0.0,0,1.0,0.0
2023-03-22,1001272.4077623269,0.0,1001272.4077623269,0.0,0.0,0.0,0,1.0,0.0
2023-03-23,1001272.4077623269,0.0,1001272.4077623269,0.0,0.0,0.0,0,1.0,0.0
2023-03-24,1001272.4077623269,0.0,1001272.4077623269,0.0,0.0,0.0,0,1.0,0.0
2023-03-27,1001272.4077623269,0.0,1001272.4077623269,0.0,0.0,0.0,0,1.0,0.0
2023-03-28,1001272.4077623269,0.0,1001272.4077623269,0.0,0.0,0.0,0,1.0,0.0
2023-03-29,1001272.4077623269,0.0,1001272.4077623269,0.0,0.0,0.0,0,1.0,0.0
2023-03-30,1001272.4077623269,0.0,1001272.4077623269,0.0,0.0,0.0,0,1.0,0.0
2023-03-31,1001272.4077623269,0.0,1001272.4077623269,0.0,0.0,0.0,0,1.0,0.0
2023-04-03,1001272.4077623269,0.0,1001272.4077623269,0.0,0.0,0.0,0,1.0,0.0
2023-04-04,1001272.4077623269,0.0,1001272.4077623269,0.0,0.0,0.0,0,1.0,0.0
2023-04-05,1001272.4077623269,0.0,1001272.4077623269,0.0,0.0,0.0,0,1.0,0.0
2023-04-06,1001272.4077623269,0.0,1001272.4077623269,0.0,0.0,0.0,0,1.0,0.0
2023-04-10,1001272.4077623269,0.0,1001272.4077623269,0.0,0.0,0.0,0,1.0,0.0
2023-04-11,1001272.4077623269,0.0,1001272.4077623269,0.0,0.0,0.0,0,1.0,0.0
2023-04-12,1001272.4077623269,0.0,1001272.4077623269,0.0,0.0,0.0,0,1.0,0.0
2023-04-13,1001272.4077623269,0.0,1001272.4077623269,0.0,0.0,0.0,0,1.0,0.0
2023-04-14,1001272.4077623269,0.0,1001272.4077623269,0.0,0.0,0.0,0,1.0,0.0
2023-04-17,1001272.4077623269,0.0,1001272.4077623269,0.0,0.0,0.0,0,1.0,0.0
2023-04-18,1001272.4077623269,0.0,1001272.4077623269,0.0,0.0,0.0,0,1.0,0.0
2023-04-19,1001272.4077623269,0.0,1001272.4077623269,0.0,0.0,0.0,0,1.0,0.0
2023-04-20,1001272.4077623269,0.0,1001272.4077623269,0.0,0.0,0.0,0,1.0,0.0
2023-04-21,1001272.4077623269,0.0,1001272.4077623269,0.0,0.0,0.0,0,1.0,0.0
2023-04-24,1001272.4077623269,0.0,1001272.4077623269,0.0,0.0,0.0,0,1.0,0.0
2023-04-25,1001272.4077623269,0.0,1001272.4077623269,0.0,0.0,0.0,0,1.0,0.0
2023-04-26,1001272.4077623269,0.0,1001272.4077623269,0.0,0.0,0.0,0,1.0,0.0
2023-04-27,1001272.4077623269,0.0,1001272.4077623269,0.0,0.0,0.0,0,1.0,0.0
2023-04-28,1001272.4077623269,0.0,1001272.4077623269,0.0,0.0,0.0,0,1.0,0.0
2023-05-01,1001272.4077623269,0.0,1001272.4077623269,0.0,0.0,0.0,0,1.0,0.0
2023-05-02,1001272.4077623269,0.0,1001272.4077623269,0.0,0.0,0.0,0,1.0,0.0
2023-05-03,1001272.4077623269,0.0,1001272.4077623269,0.0,0.0,0.0,0,1.0,0.0
2023-05-04,1001272.4077623269,0.0,1001272.4077623269,0.0,0.0,0.0,0,1.0,0.0
2023-05-05,1001272.4077623269,0.0,1001272.4077623269,0.0,0.0,0.0,0,1.0,0.0
2023-05-08,1001272.4077623269,0.0,1001272.4077623269,0.0,0.0,0.0,0,1.0,0.0
2023-05-09,1001272.4077623269,0.0,1001272.4077623269,0.0,0.0,0.0,0,1.0,0.0
2023-05-10,1001272.4077623269,0.0,1001272.4077623269,0.0,0.0,0.0,0,1.0,0.0
2023-05-11,1001272.4077623269,0.0,1001272.4077623269,0.0,0.0,0.0,0,1.0,0.0
2023-05-12,1001272.4077623269,0.0,1001272.4077623269,0.0,0.0,0.0,0,1.0,0.0
2023-05-15,1001272.4077623269,0.0,1001272.4077623269,0.0,0.0,0.0,0,1.0,0.0
2023-05-16,1001272.4077623269,0.0,1001272.4077623269,0.0,0.0,0.0,0,1.0,0.0
2023-05-17,1001272.4077623269,0.0,1001272.4077623269,0.0,0.0,0.0,0,1.0,0.0
2023-05-18,1001272.4077623269,0.0,1001272.4077623269,0.0,0.0,0.0,0,1.0,0.0
2023-05-19,1001272.4077623269,0.0,1001272.4077623269,0.0,0.0,0.0,0,1.0,0.0
2023-05-22,1001272.4077623269,0.0,1001272.4077623269,0.0,0.0,0.0,0,1.0,0.0
2023-05-23,1001272.4077623269,0.0,1001272.4077623269,0.0,0.0,0.0,0,1.0,0.0
2023-05-24,1001272.4077623269,0.0,1001272.4077623269,0.0,0.0,0.0,0,1.0,0.0
2023-05-25,1001272.4077623269,0.0,1001272.4077623269,0.0,0.0,0.0,0,1.0,0.0
2023-05-26,1001272.4077623269,0.0,1001272.4077623269,0.0,0.0,0.0,0,1.0,0.0
2023-05-30,1001272.4077623269,0.0,1001272.4077623269,0.0,0.0,0.0,0,1.0,0.0
2023-05-31,1001272.4077623269,0.0,1001272.4077623269,0.0,0.0,0.0,0,1.0,0.0
2023-06-01,1001272.4077623269,0.0,1001272.4077623269,0.0,0.0,0.0,0,1.0,0.0
2023-06-02,1001272.4077623269,0.0,1001272.4077623269,0.0,0.0,0.0,0,1.0,0.0
2023-06-05,1001272.4077623269,0.0,1001272.4077623269,0.0,0.0,0.0,0,1.0,0.0
2023-06-06,1001272.4077623269,0.0,1001272.4077623269,0.0,0.0,0.0,0,1.0,0.0
2023-06-07,1001272.4077623269,0.0,1001272.4077623269,0.0,0.0,0.0,0,1.0,0.0
2023-06-08,1001272.4077623269,0.0,1001272.4077623269,0.0,0.0,0.0,0,1.0,0.0
2023-06-09,1001272.4077623269,0.0,1001272.4077623269,0.0,0.0,0.0,0,1.0,0.0
2023-06-12,1001272.4077623269,0.0,1001272.4077623269,0.0,0.0,0.0,0,1.0,0.0
2023-06-13,1001272.4077623269,0.0,1001272.4077623269,0.0,0.0,0.0,0,1.0,0.0
2023-06-14,1001272.4077623269,0.0,1001272.4077623269,0.0,0.0,0.0,0,1.0,0.0
2023-06-15,1001272.4077623269,0.0,1001272.4077623269,0.0,0.0,0.0,0,1.0,0.0
2023-06-16,1001272.4077623269,0.0,1001272.4077623269,0.0,0.0,0.0,0,1.0,0.0
2023-06-20,1001272.4077623269,0.0,1001272.4077623269,0.0,0.0,0.0,0,1.0,0.0
2023-06-21,1001272.4077623269,0.0,1001272.4077623269,0.0,0.0,0.0,0,1.0,0.0
2023-06-22,1001272.4077623269,0.0,1001272.4077623269,0.0,0.0,0.0,0,1.0,0.0
2023-06-23,1001272.4077623269,0.0,1001272.4077623269,0.0,0.0,0.0,0,1.0,0.0
2023-06-26,1001272.4077623269,0.0,1001272.4077623269,0.0,0.0,0.0,0,1.0,0.0
2023-06-27,1001272.4077623269,0.0,1001272.4077623269,0.0,0.0,0.0,0,1.0,0.0
2023-06-28,1001272.4077623269,0.0,1001272.4077623269,0.0,0.0,0.0,0,1.0,0.0
2023-06-29,1001272.4077623269,0.0,1001272.4077623269,0.0,0.0,0.0,0,1.0,0.0
2023-06-30,1001272.4077623269,0.0,1001272.4077623269,0.0,0.0,0.0,0,1.0,0.0
2023-07-03,1001272.4077623269,0.0,1001272.4077623269,0.0,0.0,0.0,0,1.0,0.0
2023-07-05,1001272.4077623269,0.0,1001272.4077623269,0.0,0.0,0.0,0,1.0,0.0
2023-07-06,1001272.4077623269,0.0,1001272.4077623269,0.0,0.0,0.0,0,1.0,0.0
2023-07-07,1001272.4077623269,0.0,1001272.4077623269,0.0,0.0,0.0,0,1.0,0.0
2023-07-10,1001272.4077623269,0.0,1001272.4077623269,0.0,0.0,0.0,0,1.0,0.0
2023-07-11,1001272.4077623269,0.0,1001272.4077623269,0.0,0.0,0.0,0,1.0,0.0
2023-07-12,1001272.4077623269,0.0,1001272.4077623269,0.0,0.0,0.0,0,1.0,0.0
2023-07-13,1001272.4077623269,0.0,1001272.4077623269,0.0,0.0,0.0,0,1.0,0.0
2023-07-14,1001272.4077623269,0.0,1001272.4077623269,0.0,0.0,0.0,0,1.0,0.0
2023-07-17,1001272.4077623269,0.0,1001272.4077623269,0.0,0.0,0.0,0,1.0,0.0
2023-07-18,1001272.4077623269,0.0,1001272.4077623269,0.0,0.0,0.0,0,1.0,0.0
2023-07-19,1001272.4077623269,0.0,1001272.4077623269,0.0,0.0,0.0,0,1.0,0.0
2023-07-20,1001272.4077623269,0.0,1001272.4077623269,0.0,0.0,0.0,0,1.0,0.0
2023-07-21,1001272.4077623269,0.0,1001272.4077623269,0.0,0.0,0.0,0,1.0,0.0
2023-07-24,1001272.4077623269,0.0,1001272.4077623269,0.0,0.0,0.0,0,1.0,0.0
2023-07-25,1001272.4077623269,0.0,1001272.4077623269,0.0,0.0,0.0,0,1.0,0.0
2023-07-26,1001272.4077623269,0.0,1001272.4077623269,0.0,0.0,0.0,0,1.0,0.0
2023-07-27,1001272.4077623269,0.0,1001272.4077623269,0.0,0.0,0.0,0,1.0,0.0
2023-07-28,1001272.4077623269,0.0,1001272.4077623269,0.0,0.0,0.0,0,1.0,0.0
2023-07-31,1001272.4077623269,0.0,1001272.4077623269,0.0,0.0,0.0,0,1.0,0.0
2023-08-01,1001272.4077623269,0.0,1001272.4077623269,0.0,0.0,0.0,0,1.0,0.0
2023-08-02,1001272.4077623269,0.0,1001272.4077623269,0.0,0.0,0.0,0,1.0,0.0
2023-08-03,1001272.4077623269,0.0,1001272.4077623269,0.0,0.0,0.0,0,1.0,0.0
2023-08-04,1001272.4077623269,0.0,1001272.4077623269,0.0,0.0,0.0,0,1.0,0.0
2023-08-07,1001272.4077623269,0.0,1001272.4077623269,0.0,0.0,0.0,0,1.0,0.0
2023-08-08,1001272.4077623269,0.0,1001272.4077623269,0.0,0.0,0.0,0,1.0,0.0
2023-08-09,1001272.4077623269,0.0,1001272.4077623269,0.0,0.0,0.0,0,1.0,0.0
2023-08-10,1001272.4077623269,0.0,1001272.4077623269,0.0,0.0,0.0,0,1.0,0.0
2023-08-11,1001272.4077623269,0.0,1001272.4077623269,0.0,0.0,0.0,0,1.0,0.0
2023-08-14,1001272.4077623269,0.0,1001272.4077623269,0.0,0.0,0.0,0,1.0,0.0
2023-08-15,1001272.4077623269,0.0,1001272.4077623269,0.0,0.0,0.0,0,1.0,0.0
2023-08-16,1001272.4077623269,0.0,1001272.4077623269,0.0,0.0,0.0,0,1.0,0.0
2023-08-17,1001272.4077623269,0.0,1001272.4077623269,0.0,0.0,0.0,0,1.0,0.0
2023-08-18,1001272.4077623269,0.0,1001272.4077623269,0.0,0.0,0.0,0,1.0,0.0
2023-08-21,1001272.4077623269,0.0,1001272.4077623269,0.0,0.0,0.0,0,1.0,0.0
2023-08-22,1001272.4077623269,0.0,1001272.4077623269,0.0,0.0,0.0,0,1.0,0.0
2023-08-23,1001272.4077623269,0.0,1001272.4077623269,0.0,0.0,0.0,0,1.0,0.0
2023-08-24,1001272.4077623269,0.0,1001272.4077623269,0.0,0.0,0.0,0,1.0,0.0
2023-08-25,1001272.4077623269,0.0,1001272.4077623269,0.0,0.0,0.0,0,1.0,0.0
2023-08-28,1001272.4077623269,0.0,1001272.4077623269,0.0,0.0,0.0,0,1.0,0.0
2023-08-29,1001272.4077623269,0.0,1001272.4077623269,0.0,0.0,0.0,0,1.0,0.0
2023-08-30,1001272.4077623269,0.0,1001272.4077623269,0.0,0.0,0.0,0,1.0,0.0
2023-08-31,1001272.4077623269,0.0,1001272.4077623269,0.0,0.0,0.0,0,1.0,0.0
2023-09-01,1001272.4077623269,0.0,1001272.4077623269,0.0,0.0,0.0,0,1.0,0.0
2023-09-05,1001272.4077623269,0.0,1001272.4077623269,0.0,0.0,0.0,0,1.0,0.0
2023-09-06,1001272.4077623269,0.0,1001272.4077623269,0.0,0.0,0.0,0,1.0,0.0
2023-09-07,1001272.4077623269,0.0,1001272.4077623269,0.0,0.0,0.0,0,1.0,0.0
2023-09-08,1001272.4077623269,0.0,1001272.4077623269,0.0,0.0,0.0,0,1.0,0.0
2023-09-11,1001272.4077623269,0.0,1001272.4077623269,0.0,0.0,0.0,0,1.0,0.0
2023-09-12,1001272.4077623269,0.0,1001272.4077623269,0.0,0.0,0.0,0,1.0,0.0
2023-09-13,1001272.4077623269,0.0,1001272.4077623269,0.0,0.0,0.0,0,1.0,0.0
2023-09-14,1001272.4077623269,0.0,1001272.4077623269,0.0,0.0,0.0,0,1.0,0.0
2023-09-15,1001272.4077623269,0.0,1001272.4077623269,0.0,0.0,0.0,0,1.0,0.0
2023-09-18,1001272.4077623269,0.0,1001272.4077623269,0.0,0.0,0.0,0,1.0,0.0
2023-09-19,1001272.4077623269,0.0,1001272.4077623269,0.0,0.0,0.0,0,1.0,0.0
2023-09-20,1001272.4077623269,0.0,1001272.4077623269,0.0,0.0,0.0,0,1.0,0.0
2023-09-21,1001272.4077623269,0.0,1001272.4077623269,0.0,0.0,0.0,0,1.0,0.0
2023-09-22,1001272.4077623269,0.0,1001272.4077623269,0.0,0.0,0.0,0,1.0,0.0
2023-09-25,1001272.4077623269,0.0,1001272.4077623269,0.0,0.0,0.0,0,1.0,0.0
2023-09-26,1001272.4077623269,0.0,1001272.4077623269,0.0,0.0,0.0,0,1.0,0.0
2023-09-27,1001272.4077623269,0.0,1001272.4077623269,0.0,0.0,0.0,0,1.0,0.0
2023-09-28,1001272.4077623269,0.0,1001272.4077623269,0.0,0.0,0.0,0,1.0,0.0
2023-09-29,1001272.4077623269,0.0,1001272.4077623269,0.0,0.0,0.0,0,1.0,0.0
2023-10-02,1001272.4077623269,0.0,1001272.4077623269,0.0,0.0,0.0,0,1.0,0.0
2023-10-03,1001272.4077623269,0.0,1001272.4077623269,0.0,0.0,0.0,0,1.0,0.0
2023-10-04,1001272.4077623269,0.0,1001272.4077623269,0.0,0.0,0.0,0,1.0,0.0
2023-10-05,1001272.4077623269,0.0,1001272.4077623269,0.0,0.0,0.0,0,1.0,0.0
2023-10-06,1001272.4077623269,0.0,1001272.4077623269,0.0,0.0,0.0,0,1.0,0.0
2023-10-09,1001272.4077623269,0.0,1001272.4077623269,0.0,0.0,0.0,0,1.0,0.0
2023-10-10,1001272.4077623269,0.0,1001272.4077623269,0.0,0.0,0.0,0,1.0,0.0
2023-10-11,1001272.4077623269,0.0,1001272.4077623269,0.0,0.0,0.0,0,1.0,0.0
2023-10-12,1001272.4077623269,0.0,1001272.4077623269,0.0,0.0,0.0,0,1.0,0.0
2023-10-13,1001272.4077623269,0.0,1001272.4077623269,0.0,0.0,0.0,0,1.0,0.0
2023-10-16,1001272.4077623269,0.0,1001272.4077623269,0.0,0.0,0.0,0,1.0,0.0
2023-10-17,1001272.4077623269,0.0,1001272.4077623269,0.0,0.0,0.0,0,1.0,0.0
2023-10-18,1001272.4077623269,0.0,1001272.4077623269,0.0,0.0,0.0,0,1.0,0.0
2023-10-19,1001272.4077623269,0.0,1001272.4077623269,0.0,0.0,0.0,0,1.0,0.0
2023-10-20,1001272.4077623269,0.0,1001272.4077623269,0.0,0.0,0.0,0,1.0,0.0
2023-10-23,1001272.4077623269,0.0,1001272.4077623269,0.0,0.0,0.0,0,1.0,0.0
2023-10-24,1001272.4077623269,0.0,1001272.4077623269,0.0,0.0,0.0,0,1.0,0.0
2023-10-25,1001272.4077623269,0.0,1001272.4077623269,0.0,0.0,0.0,0,1.0,0.0
2023-10-26,1001272.4077623269,0.0,1001272.4077623269,0.0,0.0,0.0,0,1.0,0.0
2023-10-27,1001272.4077623269,0.0,1001272.4077623269,0.0,0.0,0.0,0,1.0,0.0
2023-10-30,1001272.4077623269,0.0,1001272.4077623269,0.0,0.0,0.0,0,1.0,0.0
2023-10-31,1001272.4077623269,0.0,1001272.4077623269,0.0,0.0,0.0,0,1.0,0.0
2023-11-01,1001272.4077623269,0.0,1001272.4077623269,0.0,0.0,0.0,0,1.0,0.0
2023-11-02,1001272.4077623269,0.0,1001272.4077623269,0.0,0.0,0.0,0,1.0,0.0
2023-11-03,1001272.4077623269,0.0,1001272.4077623269,0.0,0.0,0.0,0,1.0,0.0
2023-11-06,1001272.4077623269,0.0,1001272.4077623269,0.0,0.0,0.0,0,1.0,0.0
2023-11-07,1001272.4077623269,0.0,1001272.4077623269,0.0,0.0,0.0,0,1.0,0.0
2023-11-08,1001272.4077623269,0.0,1001272.4077623269,0.0,0.0,0.0,0,1.0,0.0
2023-11-09,1001272.4077623269,0.0,1001272.4077623269,0.0,0.0,0.0,0,1.0,0.0
2023-11-10,1001272.4077623269,0.0,1001272.4077623269,0.0,0.0,0.0,0,1.0,0.0
2023-11-13,1001272.4077623269,0.0,1001272.4077623269,0.0,0.0,0.0,0,1.0,0.0
2023-11-14,1001272.4077623269,0.0,1001272.4077623269,0.0,0.0,0.0,0,1.0,0.0
2023-11-15,1001272.4077623269,0.0,1001272.4077623269,0.0,0.0,0.0,0,1.0,0.0
2023-11-16,1001272.4077623269,0.0,1001272.4077623269,0.0,0.0,0.0,0,1.0,0.0
2023-11-17,1001272.4077623269,0.0,1001272.4077623269,0.0,0.0,0.0,0,1.0,0.0
2023-11-20,1001272.4077623269,0.0,1001272.4077623269,0.0,0.0,0.0,0,1.0,0.0
2023-11-21,1001272.4077623269,0.0,1001272.4077623269,0.0,0.0,0.0,0,1.0,0.0
2023-11-22,1001272.4077623269,0.0,1001272.4077623269,0.0,0.0,0.0,0,1.0,0.0
2023-11-24,1001272.4077623269,0.0,1001272.4077623269,0.0,0.0,0.0,0,1.0,0.0
2023-11-27,1001272.4077623269,0.0,1001272.4077623269,0.0,0.0,0.0,0,1.0,0.0
2023-11-28,1001272.4077623269,0.0,1001272.4077623269,0.0,0.0,0.0,0,1.0,0.0
2023-11-29,1001272.4077623269,0.0,1001272.4077623269,0.0,0.0,0.0,0,1.0,0.0
2023-11-30,1001272.4077623269,0.0,1001272.4077623269,0.0,0.0,0.0,0,1.0,0.0
2023-12-01,1001272.4077623269,0.0,1001272.4077623269,0.0,0.0,0.0,0,1.0,0.0
2023-12-04,1001272.4077623269,0.0,1001272.4077623269,0.0,0.0,0.0,0,1.0,0.0
2023-12-05,1001272.4077623269,0.0,1001272.4077623269,0.0,0.0,0.0,0,1.0,0.0
2023-12-06,1001272.4077623269,0.0,1001272.4077623269,0.0,0.0,0.0,0,1.0,0.0
2023-12-07,1001272.4077623269,0.0,1001272.4077623269,0.0,0.0,0.0,0,1.0,0.0
2023-12-08,1001272.4077623269,0.0,1001272.4077623269,0.0,0.0,0.0,0,1.0,0.0
2023-12-11,1001272.4077623269,0.0,1001272.4077623269,0.0,0.0,0.0,0,1.0,0.0
2023-12-12,1001272.4077623269,0.0,1001272.4077623269,0.0,0.0,0.0,0,1.0,0.0
2023-12-13,1001272.4077623269,0.0,1001272.4077623269,0.0,0.0,0.0,0,1.0,0.0
2023-12-14,1001272.4077623269,0.0,1001272.4077623269,0.0,0.0,0.0,0,1.0,0.0
2023-12-15,1001272.4077623269,0.0,1001272.4077623269,0.0,0.0,0.0,0,1.0,0.0
2023-12-18,1001272.4077623269,0.0,1001272.4077623269,0.0,0.0,0.0,0,1.0,0.0
2023-12-19,1001272.4077623269,0.0,1001272.4077623269,0.0,0.0,0.0,0,1.0,0.0
2023-12-20,1001272.4077623269,0.0,1001272.4077623269,0.0,0.0,0.0,0,1.0,0.0
2023-12-21,1001272.4077623269,0.0,1001272.4077623269,0.0,0.0,0.0,0,1.0,0.0
2023-12-22,1001272.4077623269,0.0,1001272.4077623269,0.0,0.0,0.0,0,1.0,0.0
2023-12-26,1001272.4077623269,0.0,1001272.4077623269,0.0,0.0,0.0,0,1.0,0.0
2023-12-27,1001272.4077623269,0.0,1001272.4077623269,0.0,0.0,0.0,0,1.0,0.0
2023-12-28,1001272.4077623269,0.0,1001272.4077623269,0.0,0.0,0.0,0,1.0,0.0
2023-12-29,1001272.4077623269,0.0,1001272.4077623269,0.0,0.0,0.0,0,1.0,0.0
2024-01-02,1001272.4077623269,0.0,1001272.4077623269,0.0,0.0,0.0,0,1.0,0.0
2024-01-03,1001272.4077623269,0.0,1001272.4077623269,0.0,0.0,0.0,0,1.0,0.0
2024-01-04,1001272.4077623269,0.0,1001272.4077623269,0.0,0.0,0.0,0,1.0,0.0
2024-01-05,1001272.4077623269,0.0,1001272.4077623269,0.0,0.0,0.0,0,1.0,0.0
2024-01-08,1001272.4077623269,0.0,1001272.4077623269,0.0,0.0,0.0,0,1.0,0.0
2024-01-09,1001272.4077623269,0.0,1001272.4077623269,0.0,0.0,0.0,0,1.0,0.0
2024-01-10,1001272.4077623269,0.0,1001272.4077623269,0.0,0.0,0.0,0,1.0,0.0
2024-01-11,1001272.4077623269,0.0,1001272.4077623269,0.0,0.0,0.0,0,1.0,0.0
2024-01-12,1001272.4077623269,0.0,1001272.4077623269,0.0,0.0,0.0,0,1.0,0.0
2024-01-16,1001272.4077623269,0.0,1001272.4077623269,0.0,0.0,0.0,0,1.0,0.0
2024-01-17,1001272.4077623269,0.0,1001272.4077623269,0.0,0.0,0.0,0,1.0,0.0
2024-01-18,1001272.4077623269,0.0,1001272.4077623269,0.0,0.0,0.0,0,1.0,0.0
2024-01-19,1001272.4077623269,0.0,1001272.4077623269,0.0,0.0,0.0,0,1.0,0.0
2024-01-22,1001272.4077623269,0.0,1001272.4077623269,0.0,0.0,0.0,0,1.0,0.0
2024-01-23,1001272.4077623269,0.0,1001272.4077623269,0.0,0.0,0.0,0,1.0,0.0
2024-01-24,1001272.4077623269,0.0,1001272.4077623269,0.0,0.0,0.0,0,1.0,0.0
2024-01-25,1001272.4077623269,0.0,1001272.4077623269,0.0,0.0,0.0,0,1.0,0.0
2024-01-26,1001272.4077623269,0.0,1001272.4077623269,0.0,0.0,0.0,0,1.0,0.0
2024-01-29,1001272.4077623269,0.0,1001272.4077623269,0.0,0.0,0.0,0,1.0,0.0
2024-01-30,1001272.4077623269,0.0,1001272.4077623269,0.0,0.0,0.0,0,1.0,0.0
2024-01-31,1001272.4077623269,0.0,1001272.4077623269,0.0,0.0,0.0,0,1.0,0.0
2024-02-01,1001272.4077623269,0.0,1001272.4077623269,0.0,0.0,0.0,0,1.0,0.0
2024-02-02,1001272.4077623269,0.0,1001272.4077623269,0.0,0.0,0.0,0,1.0,0.0
2024-02-05,1001272.4077623269,0.0,1001272.4077623269,0.0,0.0,0.0,0,1.0,0.0
2024-02-06,1001272.4077623269,0.0,1001272.4077623269,0.0,0.0,0.0,0,1.0,0.0
2024-02-07,1001272.4077623269,0.0,1001272.4077623269,0.0,0.0,0.0,0,1.0,0.0
2024-02-08,1001272.4077623269,0.0,1001272.4077623269,0.0,0.0,0.0,0,1.0,0.0
2024-02-09,1001272.4077623269,0.0,1001272.4077623269,0.0,0.0,0.0,0,1.0,0.0
2024-02-12,1001272.4077623269,0.0,1001272.4077623269,0.0,0.0,0.0,0,1.0,0.0
2024-02-13,1001272.4077623269,0.0,1001272.4077623269,0.0,0.0,0.0,0,1.0,0.0
2024-02-14,1001272.4077623269,0.0,1001272.4077623269,0.0,0.0,0.0,0,1.0,0.0
2024-02-15,1001272.4077623269,0.0,1001272.4077623269,0.0,0.0,0.0,0,1.0,0.0
2024-02-16,1001272.4077623269,0.0,1001272.4077623269,0.0,0.0,0.0,0,1.0,0.0
2024-02-20,1001272.4077623269,0.0,1001272.4077623269,0.0,0.0,0.0,0,1.0,0.0
2024-02-21,1001272.4077623269,0.0,1001272.4077623269,0.0,0.0,0.0,0,1.0,0.0
2024-02-22,1001272.4077623269,0.0,1001272.4077623269,0.0,0.0,0.0,0,1.0,0.0
2024-02-23,1001272.4077623269,0.0,1001272.4077623269,0.0,0.0,0.0,0,1.0,0.0
2024-02-26,1001272.4077623269,0.0,1001272.4077623269,0.0,0.0,0.0,0,1.0,0.0
2024-02-27,1001272.4077623269,0.0,1001272.4077623269,0.0,0.0,0.0,0,1.0,0.0
2024-02-28,1001272.4077623269,0.0,1001272.4077623269,0.0,0.0,0.0,0,1.0,0.0
2024-02-29,1001272.4077623269,0.0,1001272.4077623269,0.0,0.0,0.0,0,1.0,0.0
2024-03-01,1001272.4077623269,0.0,1001272.4077623269,0.0,0.0,0.0,0,1.0,0.0
2024-03-04,1001272.4077623269,0.0,1001272.4077623269,0.0,0.0,0.0,0,1.0,0.0
2024-03-05,1001272.4077623269,0.0,1001272.4077623269,0.0,0.0,0.0,0,1.0,0.0
2024-03-06,1001272.4077623269,0.0,1001272.4077623269,0.0,0.0,0.0,0,1.0,0.0
2024-03-07,1001272.4077623269,0.0,1001272.4077623269,0.0,0.0,0.0,0,1.0,0.0
2024-03-08,1001272.4077623269,0.0,1001272.4077623269,0.0,0.0,0.0,0,1.0,0.0
2024-03-11,1001272.4077623269,0.0,1001272.4077623269,0.0,0.0,0.0,0,1.0,0.0
2024-03-12,1001272.4077623269,0.0,1001272.4077623269,0.0,0.0,0.0,0,1.0,0.0
2024-03-13,1001272.4077623269,0.0,1001272.4077623269,0.0,0.0,0.0,0,1.0,0.0
2024-03-14,1001272.4077623269,0.0,1001272.4077623269,0.0,0.0,0.0,0,1.0,0.0
2024-03-15,1001272.4077623269,0.0,1001272.4077623269,0.0,0.0,0.0,0,1.0,0.0
2024-03-18,1001272.4077623269,0.0,1001272.4077623269,0.0,0.0,0.0,0,1.0,0.0
2024-03-19,1001272.4077623269,0.0,1001272.4077623269,0.0,0.0,0.0,0,1.0,0.0
2024-03-20,1001272.4077623269,0.0,1001272.4077623269,0.0,0.0,0.0,0,1.0,0.0
2024-03-21,1001272.4077623269,0.0,1001272.4077623269,0.0,0.0,0.0,0,1.0,0.0
2024-03-22,1001272.4077623269,0.0,1001272.4077623269,0.0,0.0,0.0,0,1.0,0.0
2024-03-25,1001272.4077623269,0.0,1001272.4077623269,0.0,0.0,0.0,0,1.0,0.0
2024-03-26,1001272.4077623269,0.0,1001272.4077623269,0.0,0.0,0.0,0,1.0,0.0
2024-03-27,1001272.4077623269,0.0,1001272.4077623269,0.0,0.0,0.0,0,1.0,0.0
2024-03-28,1001272.4077623269,0.0,1001272.4077623269,0.0,0.0,0.0,0,1.0,0.0
2024-04-01,1001272.4077623269,0.0,1001272.4077623269,0.0,0.0,0.0,0,1.0,0.0
2024-04-02,1001272.4077623269,0.0,1001272.4077623269,0.0,0.0,0.0,0,1.0,0.0
2024-04-03,1001272.4077623269,0.0,1001272.4077623269,0.0,0.0,0.0,0,1.0,0.0
2024-04-04,1001272.4077623269,0.0,1001272.4077623269,0.0,0.0,0.0,0,1.0,0.0
2024-04-05,1001272.4077623269,0.0,1001272.4077623269,0.0,0.0,0.0,0,1.0,0.0
2024-04-08,1001272.4077623269,0.0,1001272.4077623269,0.0,0.0,0.0,0,1.0,0.0
2024-04-09,1001272.4077623269,0.0,1001272.4077623269,0.0,0.0,0.0,0,1.0,0.0
2024-04-10,1001272.4077623269,0.0,1001272.4077623269,0.0,0.0,0.0,0,1.0,0.0
2024-04-11,1001272.4077623269,0.0,1001272.4077623269,0.0,0.0,0.0,0,1.0,0.0
2024-04-12,1001272.4077623269,0.0,1001272.4077623269,0.0,0.0,0.0,0,1.0,0.0
2024-04-15,1001272.4077623269,0.0,1001272.4077623269,0.0,0.0,0.0,0,1.0,0.0
2024-04-16,1001272.4077623269,0.0,1001272.4077623269,0.0,0.0,0.0,0,1.0,0.0
2024-04-17,1001272.4077623269,0.0,1001272.4077623269,0.0,0.0,0.0,0,1.0,0.0
2024-04-18,1001272.4077623269,0.0,1001272.4077623269,0.0,0.0,0.0,0,1.0,0.0
2024-04-19,1001272.4077623269,0.0,1001272.4077623269,0.0,0.0,0.0,0,1.0,0.0
2024-04-22,1001272.4077623269,0.0,1001272.4077623269,0.0,0.0,0.0,0,1.0,0.0
2024-04-23,1001272.4077623269,0.0,1001272.4077623269,0.0,0.0,0.0,0,1.0,0.0
2024-04-24,1001272.4077623269,0.0,1001272.4077623269,0.0,0.0,0.0,0,1.0,0.0
2024-04-25,1001272.4077623269,0.0,1001272.4077623269,0.0,0.0,0.0,0,1.0,0.0
2024-04-26,1001272.4077623269,0.0,1001272.4077623269,0.0,0.0,0.0,0,1.0,0.0
2024-04-29,1001272.4077623269,0.0,1001272.4077623269,0.0,0.0,0.0,0,1.0,0.0
2024-04-30,1001272.4077623269,0.0,1001272.4077623269,0.0,0.0,0.0,0,1.0,0.0
2024-05-01,1001272.4077623269,0.0,1001272.4077623269,0.0,0.0,0.0,0,1.0,0.0
2024-05-02,1001272.4077623269,0.0,1001272.4077623269,0.0,0.0,0.0,0,1.0,0.0
2024-05-03,1001272.4077623269,0.0,1001272.4077623269,0.0,0.0,0.0,0,1.0,0.0
2024-05-06,1001272.4077623269,0.0,1001272.4077623269,0.0,0.0,0.0,0,1.0,0.0
2024-05-07,1001272.4077623269,0.0,1001272.4077623269,0.0,0.0,0.0,0,1.0,0.0
2024-05-08,1001272.4077623269,0.0,1001272.4077623269,0.0,0.0,0.0,0,1.0,0.0
2024-05-09,1001272.4077623269,0.0,1001272.4077623269,0.0,0.0,0.0,0,1.0,0.0
2024-05-10,1001272.4077623269,0.0,1001272.4077623269,0.0,0.0,0.0,0,1.0,0.0
2024-05-13,1001272.4077623269,0.0,1001272.4077623269,0.0,0.0,0.0,0,1.0,0.0
2024-05-14,1001272.4077623269,0.0,1001272.4077623269,0.0,0.0,0.0,0,1.0,0.0
2024-05-15,1001272.4077623269,0.0,1001272.4077623269,0.0,0.0,0.0,0,1.0,0.0
2024-05-16,1001272.4077623269,0.0,1001272.4077623269,0.0,0.0,0.0,0,1.0,0.0
2024-05-17,1001272.4077623269,0.0,1001272.4077623269,0.0,0.0,0.0,0,1.0,0.0
2024-05-20,1001272.4077623269,0.0,1001272.4077623269,0.0,0.0,0.0,0,1.0,0.0
2024-05-21,1001272.4077623269,0.0,1001272.4077623269,0.0,0.0,0.0,0,1.0,0.0
2024-05-22,1001272.4077623269,0.0,1001272.4077623269,0.0,0.0,0.0,0,1.0,0.0
2024-05-23,1001272.4077623269,0.0,1001272.4077623269,0.0,0.0,0.0,0,1.0,0.0
2024-05-24,1001272.4077623269,0.0,1001272.4077623269,0.0,0.0,0.0,0,1.0,0.0
2024-05-28,1001272.4077623269,0.0,1001272.4077623269,0.0,0.0,0.0,0,1.0,0.0
2024-05-29,1001272.4077623269,0.0,1001272.4077623269,0.0,0.0,0.0,0,1.0,0.0
2024-05-30,1001272.4077623269,0.0,1001272.4077623269,0.0,0.0,0.0,0,1.0,0.0
2024-05-31,1001272.4077623269,0.0,1001272.4077623269,0.0,0.0,0.0,0,1.0,0.0
2024-06-03,1001272.4077623269,0.0,1001272.4077623269,0.0,0.0,0.0,0,1.0,0.0
2024-06-04,1001272.4077623269,0.0,1001272.4077623269,0.0,0.0,0.0,0,1.0,0.0
2024-06-05,1001272.4077623269,0.0,1001272.4077623269,0.0,0.0,0.0,0,1.0,0.0
2024-06-06,1001272.4077623269,0.0,1001272.4077623269,0.0,0.0,0.0,0,1.0,0.0
2024-06-07,1001272.4077623269,0.0,1001272.4077623269,0.0,0.0,0.0,0,1.0,0.0
2024-06-10,1001272.4077623269,0.0,1001272.4077623269,0.0,0.0,0.0,0,1.0,0.0
2024-06-11,1001272.4077623269,0.0,1001272.4077623269,0.0,0.0,0.0,0,1.0,0.0
2024-06-12,1001272.4077623269,0.0,1001272.4077623269,0.0,0.0,0.0,0,1.0,0.0
2024-06-13,1001272.4077623269,0.0,1001272.4077623269,0.0,0.0,0.0,0,1.0,0.0
2024-06-14,1001272.4077623269,0.0,1001272.4077623269,0.0,0.0,0.0,0,1.0,0.0
2024-06-17,1001272.4077623269,0.0,1001272.4077623269,0.0,0.0,0.0,0,1.0,0.0
2024-06-18,1001272.4077623269,0.0,1001272.4077623269,0.0,0.0,0.0,0,1.0,0.0
2024-06-20,1001272.4077623269,0.0,1001272.4077623269,0.0,0.0,0.0,0,1.0,0.0
2024-06-21,1001272.4077623269,0.0,1001272.4077623269,0.0,0.0,0.0,0,1.0,0.0
2024-06-24,1001272.4077623269,0.0,1001272.4077623269,0.0,0.0,0.0,0,1.0,0.0
2024-06-25,1001272.4077623269,0.0,1001272.4077623269,0.0,0.0,0.0,0,1.0,0.0
2024-06-26,1001272.4077623269,0.0,1001272.4077623269,0.0,0.0,0.0,0,1.0,0.0
2024-06-27,1001272.4077623269,0.0,1001272.4077623269,0.0,0.0,0.0,0,1.0,0.0
2024-06-28,1001272.4077623269,0.0,1001272.4077623269,0.0,0.0,0.0,0,1.0,0.0
2024-07-01,1001272.4077623269,0.0,1001272.4077623269,0.0,0.0,0.0,0,1.0,0.0
2024-07-02,1001272.4077623269,0.0,1001272.4077623269,0.0,0.0,0.0,0,1.0,0.0
2024-07-03,1001272.4077623269,0.0,1001272.4077623269,0.0,0.0,0.0,0,1.0,0.0
2024-07-05,1001272.4077623269,0.0,1001272.4077623269,0.0,0.0,0.0,0,1.0,0.0
2024-07-08,1001272.4077623269,0.0,1001272.4077623269,0.0,0.0,0.0,0,1.0,0.0
2024-07-09,1001272.4077623269,0.0,1001272.4077623269,0.0,0.0,0.0,0,1.0,0.0
2024-07-10,1001272.4077623269,0.0,1001272.4077623269,0.0,0.0,0.0,0,1.0,0.0
2024-07-11,1001272.4077623269,0.0,1001272.4077623269,0.0,0.0,0.0,0,1.0,0.0
2024-07-12,1001272.4077623269,0.0,1001272.4077623269,0.0,0.0,0.0,0,1.0,0.0
2024-07-15,1001272.4077623269,0.0,1001272.4077623269,0.0,0.0,0.0,0,1.0,0.0
2024-07-16,1001272.4077623269,0.0,1001272.4077623269,0.0,0.0,0.0,0,1.0,0.0
2024-07-17,1001272.4077623269,0.0,1001272.4077623269,0.0,0.0,0.0,0,1.0,0.0
2024-07-18,1001272.4077623269,0.0,1001272.4077623269,0.0,0.0,0.0,0,1.0,0.0
2024-07-19,1001272.4077623269,0.0,1001272.4077623269,0.0,0.0,0.0,0,1.0,0.0
2024-07-22,1001272.4077623269,0.0,1001272.4077623269,0.0,0.0,0.0,0,1.0,0.0
2024-07-23,1001272.4077623269,0.0,1001272.4077623269,0.0,0.0,0.0,0,1.0,0.0
2024-07-24,1001272.4077623269,0.0,1001272.4077623269,0.0,0.0,0.0,0,1.0,0.0
2024-07-25,1001272.4077623269,0.0,1001272.4077623269,0.0,0.0,0.0,0,1.0,0.0
2024-07-26,1001272.4077623269,0.0,1001272.4077623269,0.0,0.0,0.0,0,1.0,0.0
2024-07-29,1001272.4077623269,0.0,1001272.4077623269,0.0,0.0,0.0,0,1.0,0.0
2024-07-30,1001272.4077623269,0.0,1001272.4077623269,0.0,0.0,0.0,0,1.0,0.0
2024-07-31,1001272.4077623269,0.0,1001272.4077623269,0.0,0.0,0.0,0,1.0,0.0
2024-08-01,1001272.4077623269,0.0,1001272.4077623269,0.0,0.0,0.0,0,1.0,0.0
2024-08-02,1001272.4077623269,0.0,1001272.4077623269,0.0,0.0,0.0,0,1.0,0.0
2024-08-05,1001272.4077623269,0.0,1001272.4077623269,0.0,0.0,0.0,0,1.0,0.0
2024-08-06,1001272.4077623269,0.0,1001272.4077623269,0.0,0.0,0.0,0,1.0,0.0
2024-08-07,1001272.4077623269,0.0,1001272.4077623269,0.0,0.0,0.0,0,1.0,0.0
2024-08-08,1001272.4077623269,0.0,1001272.4077623269,0.0,0.0,0.0,0,1.0,0.0
2024-08-09,1001272.4077623269,0.0,1001272.4077623269,0.0,0.0,0.0,0,1.0,0.0
2024-08-12,1001272.4077623269,0.0,1001272.4077623269,0.0,0.0,0.0,0,1.0,0.0
2024-08-13,1001272.4077623269,0.0,1001272.4077623269,0.0,0.0,0.0,0,1.0,0.0
2024-08-14,1001272.4077623269,0.0,1001272.4077623269,0.0,0.0,0.0,0,1.0,0.0
2024-08-15,1001272.4077623269,0.0,1001272.4077623269,0.0,0.0,0.0,0,1.0,0.0
2024-08-16,1001272.4077623269,0.0,1001272.4077623269,0.0,0.0,0.0,0,1.0,0.0
2024-08-19,1001272.4077623269,0.0,1001272.4077623269,0.0,0.0,0.0,0,1.0,0.0
2024-08-20,1001272.4077623269,0.0,1001272.4077623269,0.0,0.0,0.0,0,1.0,0.0
2024-08-21,1001272.4077623269,0.0,1001272.4077623269,0.0,0.0,0.0,0,1.0,0.0
2024-08-22,1001272.4077623269,0.0,1001272.4077623269,0.0,0.0,0.0,0,1.0,0.0
2024-08-23,1001272.4077623269,0.0,1001272.4077623269,0.0,0.0,0.0,0,1.0,0.0
2024-08-26,1001272.4077623269,0.0,1001272.4077623269,0.0,0.0,0.0,0,1.0,0.0
2024-08-27,1001272.4077623269,0.0,1001272.4077623269,0.0,0.0,0.0,0,1.0,0.0
2024-08-28,1001272.4077623269,0.0,1001272.4077623269,0.0,0.0,0.0,0,1.0,0.0
2024-08-29,1001272.4077623269,0.0,1001272.4077623269,0.0,0.0,0.0,0,1.0,0.0
2024-08-30,1001272.4077623269,0.0,1001272.4077623269,0.0,0.0,0.0,0,1.0,0.0
2024-09-03,1001272.4077623269,0.0,1001272.4077623269,0.0,0.0,0.0,0,1.0,0.0
2024-09-04,1001272.4077623269,0.0,1001272.4077623269,0.0,0.0,0.0,0,1.0,0.0
2024-09-05,1001272.4077623269,0.0,1001272.4077623269,0.0,0.0,0.0,0,1.0,0.0
2024-09-06,1001272.4077623269,0.0,1001272.4077623269,0.0,0.0,0.0,0,1.0,0.0
2024-09-09,1001272.4077623269,0.0,1001272.4077623269,0.0,0.0,0.0,0,1.0,0.0
2024-09-10,1001272.4077623269,0.0,1001272.4077623269,0.0,0.0,0.0,0,1.0,0.0
2024-09-11,1001272.4077623269,0.0,1001272.4077623269,0.0,0.0,0.0,0,1.0,0.0
2024-09-12,1001272.4077623269,0.0,1001272.4077623269,0.0,0.0,0.0,0,1.0,0.0
2024-09-13,1001272.4077623269,0.0,1001272.4077623269,0.0,0.0,0.0,0,1.0,0.0
2024-09-16,1001272.4077623269,0.0,1001272.4077623269,0.0,0.0,0.0,0,1.0,0.0
2024-09-17,1001272.4077623269,0.0,1001272.4077623269,0.0,0.0,0.0,0,1.0,0.0
2024-09-18,1001272.4077623269,0.0,1001272.4077623269,0.0,0.0,0.0,0,1.0,0.0
2024-09-19,1001272.4077623269,0.0,1001272.4077623269,0.0,0.0,0.0,0,1.0,0.0
2024-09-20,1001272.4077623269,0.0,1001272.4077623269,0.0,0.0,0.0,0,1.0,0.0
2024-09-23,1001272.4077623269,0.0,1001272.4077623269,0.0,0.0,0.0,0,1.0,0.0
2024-09-24,1001272.4077623269,0.0,1001272.4077623269,0.0,0.0,0.0,0,1.0,0.0
2024-09-25,1001272.4077623269,0.0,1001272.4077623269,0.0,0.0,0.0,0,1.0,0.0
2024-09-26,1001272.4077623269,0.0,1001272.4077623269,0.0,0.0,0.0,0,1.0,0.0
2024-09-27,1001272.4077623269,0.0,1001272.4077623269,0.0,0.0,0.0,0,1.0,0.0
2024-09-30,1001272.4077623269,0.0,1001272.4077623269,0.0,0.0,0.0,0,1.0,0.0
