date,nav,daily_return,cash,long_usd,gross_usd,net_usd,active_lots,risk_scale,hedge_carry_cost
2014-06-02,1000000.0,0.0,1000000.0,0.0,0.0,0.0,0,1.0,0.0
2014-06-03,1000000.0,0.0,1000000.0,0.0,0.0,0.0,0,1.0,0.0
2014-06-04,1000000.0,0.0,1000000.0,0.0,0.0,0.0,0,1.0,0.0
2014-06-05,1000000.0,0.0,1000000.0,0.0,0.0,0.0,0,1.0,0.0
2014-06-06,1000000.0,0.0,1000000.0,0.0,0.0,0.0,0,1.0,0.0
2014-06-09,1000000.0,0.0,1000000.0,0.0,0.0,0.0,0,1.0,0.0
2014-06-10,1000000.0,0.0,1000000.0,0.0,0.0,0.0,0,1.0,0.0
2014-06-11,1000000.0,0.0,1000000.0,0.0,0.0,0.0,0,1.0,0.0
2014-06-12,1000000.0,0.0,1000000.0,0.0,0.0,0.0,0,1.0,0.0
2014-06-13,1000000.0,0.0,1000000.0,0.0,0.0,0.0,0,1.0,0.0
2014-06-16,1000000.0,0.0,1000000.0,0.0,0.0,0.0,0,1.0,0.0
2014-06-17,1000000.0,0.0,1000000.0,0.0,0.0,0.0,0,1.0,0.0
2014-06-18,1000000.0,0.0,1000000.0,0.0,0.0,0.0,0,1.0,0.0
2014-06-19,1000000.0,0.0,1000000.0,0.0,0.0,0.0,0,1.0,0.0
2014-06-20,1000000.0,0.0,1000000.0,0.0,0.0,0.0,0,1.0,0.0
2014-06-23,1000000.0,0.0,1000000.0,0.0,0.0,0.0,0,1.0,0.0
2014-06-24,1000000.0,0.0,1000000.0,0.0,0.0,0.0,0,1.0,0.0
2014-06-25,1000000.0,0.0,1000000.0,0.0,0.0,0.0,0,1.0,0.0
2014-06-26,1000000.0,0.0,1000000.0,0.0,0.0,0.0,0,1.0,0.0
2014-06-27,1000000.0,0.0,1000000.0,0.0,0.0,0.0,0,1.0,0.0
2014-06-30,1000000.0,0.0,1000000.0,0.0,0.0,0.0,0,1.0,0.0
2014-07-01,1000000.0,0.0,1000000.0,0.0,0.0,0.0,0,1.0,0.0
2014-07-02,1000000.0,0.0,1000000.0,0.0,0.0,0.0,0,1.0,0.0
2014-07-03,1000000.0,0.0,1000000.0,0.0,0.0,0.0,0,1.0,0.0
2014-07-07,1000000.0,0.0,1000000.0,0.0,0.0,0.0,0,1.0,0.0
2014-07-08,1000000.0,0.0,1000000.0,0.0,0.0,0.0,0,1.0,0.0
2014-07-09,1000000.0,0.0,1000000.0,0.0,0.0,0.0,0,1.0,0.0
2014-07-10,1000000.0,0.0,1000000.0,0.0,0.0,0.0,0,1.0,0.0
2014-07-11,1000000.0,0.0,1000000.0,0.0,0.0,0.0,0,1.0,0.0
2014-07-14,1000000.0,0.0,1000000.0,0.0,0.0,0.0,0,1.0,0.0
2014-07-15,1000000.0,0.0,1000000.0,0.0,0.0,0.0,0,1.0,0.0
2014-07-16,1000000.0,0.0,1000000.0,0.0,0.0,0.0,0,1.0,0.0
2014-07-17,1000000.0,0.0,1000000.0,0.0,0.0,0.0,0,1.0,0.0
2014-07-18,1000000.0,0.0,1000000.0,0.0,0.0,0.0,0,1.0,0.0
2014-07-21,1000000.0,0.0,1000000.0,0.0,0.0,0.0,0,1.0,0.0
2014-07-22,1000000.0,0.0,1000000.0,0.0,0.0,0.0,0,1.0,0.0
2014-07-23,1000000.0,0.0,1000000.0,0.0,0.0,0.0,0,1.0,0.0
2014-07-24,1000000.0,0.0,1000000.0,0.0,0.0,0.0,0,1.0,0.0
2014-07-25,1000000.0,0.0,1000000.0,0.0,0.0,0.0,0,1.0,0.0
2014-07-28,1000000.0,0.0,1000000.0,0.0,0.0,0.0,0,1.0,0.0
2014-07-29,1000000.0,0.0,1000000.0,0.0,0.0,0.0,0,1.0,0.0
2014-07-30,1000000.0,0.0,1000000.0,0.0,0.0,0.0,0,1.0,0.0
2014-07-31,1000000.0,0.0,1000000.0,0.0,0.0,0.0,0,1.0,0.0
2014-08-01,1000000.0,0.0,1000000.0,0.0,0.0,0.0,0,1.0,0.0
2014-08-04,1000000.0,0.0,1000000.0,0.0,0.0,0.0,0,1.0,0.0
2014-08-05,1000000.0,0.0,1000000.0,0.0,0.0,0.0,0,1.0,0.0
2014-08-06,1000000.0,0.0,1000000.0,0.0,0.0,0.0,0,1.0,0.0
2014-08-07,1000000.0,0.0,1000000.0,0.0,0.0,0.0,0,1.0,0.0
2014-08-08,1000000.0,0.0,1000000.0,0.0,0.0,0.0,0,1.0,0.0
2014-08-11,1000000.0,0.0,1000000.0,0.0,0.0,0.0,0,1.0,0.0
2014-08-12,1000000.0,0.0,1000000.0,0.0,0.0,0.0,0,1.0,0.0
2014-08-13,1000000.0,0.0,1000000.0,0.0,0.0,0.0,0,1.0,0.0
2014-08-14,1000000.0,0.0,1000000.0,0.0,0.0,0.0,0,1.0,0.0
2014-08-15,1000000.0,0.0,1000000.0,0.0,0.0,0.0,0,1.0,0.0
2014-08-18,1000000.0,0.0,1000000.0,0.0,0.0,0.0,0,1.0,0.0
2014-08-19,1000000.0,0.0,1000000.0,0.0,0.0,0.0,0,1.0,0.0
2014-08-20,1000000.0,0.0,1000000.0,0.0,0.0,0.0,0,1.0,0.0
2014-08-21,1000000.0,0.0,1000000.0,0.0,0.0,0.0,0,1.0,0.0
2014-08-22,1000000.0,0.0,1000000.0,0.0,0.0,0.0,0,1.0,0.0
2014-08-25,1000000.0,0.0,1000000.0,0.0,0.0,0.0,0,1.0,0.0
2014-08-26,1000000.0,0.0,1000000.0,0.0,0.0,0.0,0,1.0,0.0
2014-08-27,1000000.0,0.0,1000000.0,0.0,0.0,0.0,0,1.0,0.0
2014-08-28,1000000.0,0.0,1000000.0,0.0,0.0,0.0,0,1.0,0.0
2014-08-29,1000000.0,0.0,1000000.0,0.0,0.0,0.0,0,1.0,0.0
2014-09-02,1000000.0,0.0,1000000.0,0.0,0.0,0.0,0,1.0,0.0
2014-09-03,1000000.0,0.0,1000000.0,0.0,0.0,0.0,0,1.0,0.0
2014-09-04,1000000.0,0.0,1000000.0,0.0,0.0,0.0,0,1.0,0.0
2014-09-05,1000000.0,0.0,1000000.0,0.0,0.0,0.0,0,1.0,0.0
2014-09-08,1000000.0,0.0,1000000.0,0.0,0.0,0.0,0,1.0,0.0
2014-09-09,1000000.0,0.0,1000000.0,0.0,0.0,0.0,0,1.0,0.0
2014-09-10,1000000.0,0.0,1000000.0,0.0,0.0,0.0,0,1.0,0.0
2014-09-11,1000000.0,0.0,1000000.0,0.0,0.0,0.0,0,1.0,0.0
2014-09-12,1000000.0,0.0,1000000.0,0.0,0.0,0.0,0,1.0,0.0
2014-09-15,1000000.0,0.0,1000000.0,0.0,0.0,0.0,0,1.0,0.0
2014-09-16,1000000.0,0.0,1000000.0,0.0,0.0,0.0,0,1.0,0.0
2014-09-17,1000000.0,0.0,1000000.0,0.0,0.0,0.0,0,1.0,0.0
2014-09-18,1000000.0,0.0,1000000.0,0.0,0.0,0.0,0,1.0,0.0
2014-09-19,1000000.0,0.0,1000000.0,0.0,0.0,0.0,0,1.0,0.0
2014-09-22,1000000.0,0.0,1000000.0,0.0,0.0,0.0,0,1.0,0.0
2014-09-23,1000000.0,0.0,1000000.0,0.0,0.0,0.0,0,1.0,0.0
2014-09-24,1000000.0,0.0,1000000.0,0.0,0.0,0.0,0,1.0,0.0
2014-09-25,1000000.0,0.0,1000000.0,0.0,0.0,0.0,0,1.0,0.0
2014-09-26,1000000.0,0.0,1000000.0,0.0,0.0,0.0,0,1.0,0.0
2014-09-29,1000000.0,0.0,1000000.0,0.0,0.0,0.0,0,1.0,0.0
2014-09-30,1000000.0,0.0,1000000.0,0.0,0.0,0.0,0,1.0,0.0
2014-10-01,1000000.0,0.0,1000000.0,0.0,0.0,0.0,0,1.0,0.0
2014-10-02,1000000.0,0.0,1000000.0,0.0,0.0,0.0,0,1.0,0.0
2014-10-03,1000000.0,0.0,1000000.0,0.0,0.0,0.0,0,1.0,0.0
2014-10-06,1000000.0,0.0,1000000.0,0.0,0.0,0.0,0,1.0,0.0
2014-10-07,1000000.0,0.0,1000000.0,0.0,0.0,0.0,0,1.0,0.0
2014-10-08,1000000.0,0.0,1000000.0,0.0,0.0,0.0,0,1.0,0.0
2014-10-09,1000000.0,0.0,1000000.0,0.0,0.0,0.0,0,1.0,0.0
2014-10-10,1000000.0,0.0,1000000.0,0.0,0.0,0.0,0,1.0,0.0
2014-10-13,1000000.0,0.0,1000000.0,0.0,0.0,0.0,0,1.0,0.0
2014-10-14,1000000.0,0.0,1000000.0,0.0,0.0,0.0,0,1.0,0.0
2014-10-15,1000000.0,0.0,1000000.0,0.0,0.0,0.0,0,1.0,0.0
2014-10-16,1000000.0,0.0,1000000.0,0.0,0.0,0.0,0,1.0,0.0
2014-10-17,1000000.0,0.0,1000000.0,0.0,0.0,0.0,0,1.0,0.0
2014-10-20,1000000.0,0.0,1000000.0,0.0,0.0,0.0,0,1.0,0.0
2014-10-21,1000000.0,0.0,1000000.0,0.0,0.0,0.0,0,1.0,0.0
2014-10-22,1000000.0,0.0,1000000.0,0.0,0.0,0.0,0,1.0,0.0
2014-10-23,1000000.0,0.0,1000000.0,0.0,0.0,0.0,0,1.0,0.0
2014-10-24,1000000.0,0.0,1000000.0,0.0,0.0,0.0,0,1.0,0.0
2014-10-27,1000000.0,0.0,1000000.0,0.0,0.0,0.0,0,1.0,0.0
2014-10-28,1000000.0,0.0,1000000.0,0.0,0.0,0.0,0,1.0,0.0
2014-10-29,1000000.0,0.0,1000000.0,0.0,0.0,0.0,0,1.0,0.0
2014-10-30,1000000.0,0.0,1000000.0,0.0,0.0,0.0,0,1.0,0.0
2014-10-31,1000000.0,0.0,1000000.0,0.0,0.0,0.0,0,1.0,0.0
2014-11-03,1000000.0,0.0,1000000.0,0.0,0.0,0.0,0,1.0,0.0
2014-11-04,1000000.0,0.0,1000000.0,0.0,0.0,0.0,0,1.0,0.0
2014-11-05,1000000.0,0.0,1000000.0,0.0,0.0,0.0,0,1.0,0.0
2014-11-06,1000000.0,0.0,1000000.0,0.0,0.0,0.0,0,1.0,0.0
2014-11-07,1000000.0,0.0,1000000.0,0.0,0.0,0.0,0,1.0,0.0
2014-11-10,1000000.0,0.0,1000000.0,0.0,0.0,0.0,0,1.0,0.0
2014-11-11,1000000.0,0.0,1000000.0,0.0,0.0,0.0,0,1.0,0.0
2014-11-12,1000000.0,0.0,1000000.0,0.0,0.0,0.0,0,1.0,0.0
2014-11-13,1000000.0,0.0,1000000.0,0.0,0.0,0.0,0,1.0,0.0
2014-11-14,1000000.0,0.0,1000000.0,0.0,0.0,0.0,0,1.0,0.0
2014-11-17,1000000.0,0.0,1000000.0,0.0,0.0,0.0,0,1.0,0.0
2014-11-18,1000000.0,0.0,1000000.0,0.0,0.0,0.0,0,1.0,0.0
2014-11-19,1000000.0,0.0,1000000.0,0.0,0.0,0.0,0,1.0,0.0
2014-11-20,1000000.0,0.0,1000000.0,0.0,0.0,0.0,0,1.0,0.0
2014-11-21,1000000.0,0.0,1000000.0,0.0,0.0,0.0,0,1.0,0.0
2014-11-24,1000000.0,0.0,1000000.0,0.0,0.0,0.0,0,1.0,0.0
2014-11-25,1000000.0,0.0,1000000.0,0.0,0.0,0.0,0,1.0,0.0
2014-11-26,1000000.0,0.0,1000000.0,0.0,0.0,0.0,0,1.0,0.0
2014-11-28,1000000.0,0.0,1000000.0,0.0,0.0,0.0,0,1.0,0.0
2014-12-01,1000000.0,0.0,1000000.0,0.0,0.0,0.0,0,1.0,0.0
2014-12-02,1000000.0,0.0,1000000.0,0.0,0.0,0.0,0,1.0,0.0
2014-12-03,1000000.0,0.0,1000000.0,0.0,0.0,0.0,0,1.0,0.0
2014-12-04,1000000.0,0.0,1000000.0,0.0,0.0,0.0,0,1.0,0.0
2014-12-05,1000000.0,0.0,1000000.0,0.0,0.0,0.0,0,1.0,0.0
2014-12-08,1000000.0,0.0,1000000.0,0.0,0.0,0.0,0,1.0,0.0
2014-12-09,1000000.0,0.0,1000000.0,0.0,0.0,0.0,0,1.0,0.0
2014-12-10,1000000.0,0.0,1000000.0,0.0,0.0,0.0,0,1.0,0.0
2014-12-11,1000000.0,0.0,1000000.0,0.0,0.0,0.0,0,1.0,0.0
2014-12-12,1000000.0,0.0,1000000.0,0.0,0.0,0.0,0,1.0,0.0
2014-12-15,1000000.0,0.0,1000000.0,0.0,0.0,0.0,0,1.0,0.0
2014-12-16,1000000.0,0.0,1000000.0,0.0,0.0,0.0,0,1.0,0.0
2014-12-17,1000000.0,0.0,1000000.0,0.0,0.0,0.0,0,1.0,0.0
2014-12-18,1000000.0,0.0,1000000.0,0.0,0.0,0.0,0,1.0,0.0
2014-12-19,999879.5159055463,-0.00012048409445375441,1001089.7520400938,50000.0,101210.23613454754,-1210.2361345475365,1,1.0,0.0
2014-12-22,999863.8868895355,-1.5630899285579147e-05,1001085.5458605344,50224.146265012016,101669.95150102304,-1221.6589709990076,1,1.0,4.2061795593057525
2014-12-23,998499.9328355168,-0.0013641397313206571,1001084.1373511509,48931.031318831076,100446.26715329621,-2584.2045156340682,1,1.0,1.4085093836005758
2014-12-24,998778.0500078626,0.00027853499354391076,1001082.7269408611,49215.518466384005,100735.71386576653,-2304.676932998518,1,1.0,1.4104102897868624
2014-12-26,998686.6774673878,-9.14843297509238e-05,1001079.9058487106,49293.10522012461,100979.43882157202,-2393.228381322806,1,1.0,2.821092150547982
2014-12-29,998459.3042831781,-0.00022767219122843407,998459.3042831781,0.0,0.0,0.0,0,1.0,4.245284074040856
2014-12-30,998459.3042831781,0.0,998459.3042831781,0.0,0.0,0.0,0,1.0,0.0
2014-12-31,998459.3042831781,0.0,998459.3042831781,0.0,0.0,0.0,0,1.0,0.0
2015-01-02,998459.3042831781,0.0,998459.3042831781,0.0,0.0,0.0,0,1.0,0.0
2015-01-05,998459.3042831781,0.0,998459.3042831781,0.0,0.0,0.0,0,1.0,0.0
2015-01-06,998459.3042831781,0.0,998459.3042831781,0.0,0.0,0.0,0,1.0,0.0
2015-01-07,998459.3042831781,0.0,998459.3042831781,0.0,0.0,0.0,0,1.0,0.0
2015-01-08,998459.3042831781,0.0,998459.3042831781,0.0,0.0,0.0,0,1.0,0.0
2015-01-09,998459.3042831781,0.0,998459.3042831781,0.0,0.0,0.0,0,1.0,0.0
2015-01-12,998459.3042831781,0.0,998459.3042831781,0.0,0.0,0.0,0,1.0,0.0
2015-01-13,998459.3042831781,0.0,998459.3042831781,0.0,0.0,0.0,0,1.0,0.0
2015-01-14,998459.3042831781,0.0,998459.3042831781,0.0,0.0,0.0,0,1.0,0.0
2015-01-15,998459.3042831781,0.0,998459.3042831781,0.0,0.0,0.0,0,1.0,0.0
2015-01-16,998459.3042831781,0.0,998459.3042831781,0.0,0.0,0.0,0,1.0,0.0
2015-01-20,998459.3042831781,0.0,998459.3042831781,0.0,0.0,0.0,0,1.0,0.0
2015-01-21,998459.3042831781,0.0,998459.3042831781,0.0,0.0,0.0,0,1.0,0.0
2015-01-22,998459.3042831781,0.0,998459.3042831781,0.0,0.0,0.0,0,1.0,0.0
2015-01-23,998459.3042831781,0.0,998459.3042831781,0.0,0.0,0.0,0,1.0,0.0
2015-01-26,998459.3042831781,0.0,998459.3042831781,0.0,0.0,0.0,0,1.0,0.0
2015-01-27,998459.3042831781,0.0,998459.3042831781,0.0,0.0,0.0,0,1.0,0.0
2015-01-28,998459.3042831781,0.0,998459.3042831781,0.0,0.0,0.0,0,1.0,0.0
2015-01-29,998459.3042831781,0.0,998459.3042831781,0.0,0.0,0.0,0,1.0,0.0
2015-01-30,998459.3042831781,0.0,998459.3042831781,0.0,0.0,0.0,0,1.0,0.0
2015-02-02,998459.3042831781,0.0,998459.3042831781,0.0,0.0,0.0,0,1.0,0.0
2015-02-03,998459.3042831781,0.0,998459.3042831781,0.0,0.0,0.0,0,1.0,0.0
2015-02-04,998459.3042831781,0.0,998459.3042831781,0.0,0.0,0.0,0,1.0,0.0
2015-02-05,998459.3042831781,0.0,998459.3042831781,0.0,0.0,0.0,0,1.0,0.0
2015-02-06,998459.3042831781,0.0,998459.3042831781,0.0,0.0,0.0,0,1.0,0.0
2015-02-09,998459.3042831781,0.0,998459.3042831781,0.0,0.0,0.0,0,1.0,0.0
2015-02-10,998459.3042831781,0.0,998459.3042831781,0.0,0.0,0.0,0,1.0,0.0
2015-02-11,998459.3042831781,0.0,998459.3042831781,0.0,0.0,0.0,0,1.0,0.0
2015-02-12,998459.3042831781,0.0,998459.3042831781,0.0,0.0,0.0,0,1.0,0.0
2015-02-13,998459.3042831781,0.0,998459.3042831781,0.0,0.0,0.0,0,1.0,0.0
2015-02-17,998459.3042831781,0.0,998459.3042831781,0.0,0.0,0.0,0,1.0,0.0
2015-02-18,998459.3042831781,0.0,998459.3042831781,0.0,0.0,0.0,0,1.0,0.0
2015-02-19,998459.3042831781,0.0,998459.3042831781,0.0,0.0,0.0,0,1.0,0.0
2015-02-20,998459.3042831781,0.0,998459.3042831781,0.0,0.0,0.0,0,1.0,0.0
2015-02-23,998459.3042831781,0.0,998459.3042831781,0.0,0.0,0.0,0,1.0,0.0
2015-02-24,998459.3042831781,0.0,998459.3042831781,0.0,0.0,0.0,0,1.0,0.0
2015-02-25,998459.3042831781,0.0,998459.3042831781,0.0,0.0,0.0,0,1.0,0.0
2015-02-26,998459.3042831781,0.0,998459.3042831781,0.0,0.0,0.0,0,1.0,0.0
2015-02-27,998459.3042831781,0.0,998459.3042831781,0.0,0.0,0.0,0,1.0,0.0
2015-03-02,998459.3042831781,0.0,998459.3042831781,0.0,0.0,0.0,0,1.0,0.0
2015-03-03,998459.3042831781,0.0,998459.3042831781,0.0,0.0,0.0,0,1.0,0.0
2015-03-04,998459.3042831781,0.0,998459.3042831781,0.0,0.0,0.0,0,1.0,0.0
2015-03-05,998459.3042831781,0.0,998459.3042831781,0.0,0.0,0.0,0,1.0,0.0
2015-03-06,998459.3042831781,0.0,998459.3042831781,0.0,0.0,0.0,0,1.0,0.0
2015-03-09,998459.3042831781,0.0,998459.3042831781,0.0,0.0,0.0,0,1.0,0.0
2015-03-10,998459.3042831781,0.0,998459.3042831781,0.0,0.0,0.0,0,1.0,0.0
2015-03-11,998459.3042831781,0.0,998459.3042831781,0.0,0.0,0.0,0,1.0,0.0
2015-03-12,998459.3042831781,0.0,998459.3042831781,0.0,0.0,0.0,0,1.0,0.0
2015-03-13,998459.3042831781,0.0,998459.3042831781,0.0,0.0,0.0,0,1.0,0.0
2015-03-16,998459.3042831781,0.0,998459.3042831781,0.0,0.0,0.0,0,1.0,0.0
2015-03-17,998459.3042831781,0.0,998459.3042831781,0.0,0.0,0.0,0,1.0,0.0
2015-03-18,998459.3042831781,0.0,998459.3042831781,0.0,0.0,0.0,0,1.0,0.0
2015-03-19,998459.3042831781,0.0,998459.3042831781,0.0,0.0,0.0,0,1.0,0.0
2015-03-20,998459.3042831781,0.0,998459.3042831781,0.0,0.0,0.0,0,1.0,0.0
2015-03-23,998459.3042831781,0.0,998459.3042831781,0.0,0.0,0.0,0,1.0,0.0
2015-03-24,998459.3042831781,0.0,998459.3042831781,0.0,0.0,0.0,0,1.0,0.0
2015-03-25,998459.3042831781,0.0,998459.3042831781,0.0,0.0,0.0,0,1.0,0.0
2015-03-26,998459.3042831781,0.0,998459.3042831781,0.0,0.0,0.0,0,1.0,0.0
2015-03-27,998459.3042831781,0.0,998459.3042831781,0.0,0.0,0.0,0,1.0,0.0
2015-03-30,998459.3042831781,0.0,998459.3042831781,0.0,0.0,0.0,0,1.0,0.0
2015-03-31,998459.3042831781,0.0,998459.3042831781,0.0,0.0,0.0,0,1.0,0.0
2015-04-01,998459.3042831781,0.0,998459.3042831781,0.0,0.0,0.0,0,1.0,0.0
2015-04-02,998459.3042831781,0.0,998459.3042831781,0.0,0.0,0.0,0,1.0,0.0
2015-04-06,998459.3042831781,0.0,998459.3042831781,0.0,0.0,0.0,0,1.0,0.0
2015-04-07,998459.3042831781,0.0,998459.3042831781,0.0,0.0,0.0,0,1.0,0.0
2015-04-08,998459.3042831781,0.0,998459.3042831781,0.0,0.0,0.0,0,1.0,0.0
2015-04-09,998459.3042831781,0.0,998459.3042831781,0.0,0.0,0.0,0,1.0,0.0
2015-04-10,998459.3042831781,0.0,998459.3042831781,0.0,0.0,0.0,0,1.0,0.0
2015-04-13,998459.3042831781,0.0,998459.3042831781,0.0,0.0,0.0,0,1.0,0.0
2015-04-14,998459.3042831781,0.0,998459.3042831781,0.0,0.0,0.0,0,1.0,0.0
2015-04-15,998459.3042831781,0.0,998459.3042831781,0.0,0.0,0.0,0,1.0,0.0
2015-04-16,998459.3042831781,0.0,998459.3042831781,0.0,0.0,0.0,0,1.0,0.0
2015-04-17,998459.3042831781,0.0,998459.3042831781,0.0,0.0,0.0,0,1.0,0.0
2015-04-20,998459.3042831781,0.0,998459.3042831781,0.0,0.0,0.0,0,1.0,0.0
2015-04-21,998459.3042831781,0.0,998459.3042831781,0.0,0.0,0.0,0,1.0,0.0
2015-04-22,998459.3042831781,0.0,998459.3042831781,0.0,0.0,0.0,0,1.0,0.0
2015-04-23,998459.3042831781,0.0,998459.3042831781,0.0,0.0,0.0,0,1.0,0.0
2015-04-24,998459.3042831781,0.0,998459.3042831781,0.0,0.0,0.0,0,1.0,0.0
2015-04-27,998459.3042831781,0.0,998459.3042831781,0.0,0.0,0.0,0,1.0,0.0
2015-04-28,998459.3042831781,0.0,998459.3042831781,0.0,0.0,0.0,0,1.0,0.0
2015-04-29,998459.3042831781,0.0,998459.3042831781,0.0,0.0,0.0,0,1.0,0.0
2015-04-30,998459.3042831781,0.0,998459.3042831781,0.0,0.0,0.0,0,1.0,0.0
2015-05-01,998459.3042831781,0.0,998459.3042831781,0.0,0.0,0.0,0,1.0,0.0
2015-05-04,998459.3042831781,0.0,998459.3042831781,0.0,0.0,0.0,0,1.0,0.0
2015-05-05,998459.3042831781,0.0,998459.3042831781,0.0,0.0,0.0,0,1.0,0.0
2015-05-06,998459.3042831781,0.0,998459.3042831781,0.0,0.0,0.0,0,1.0,0.0
2015-05-07,998459.3042831781,0.0,998459.3042831781,0.0,0.0,0.0,0,1.0,0.0
2015-05-08,998459.3042831781,0.0,998459.3042831781,0.0,0.0,0.0,0,1.0,0.0
2015-05-11,998459.3042831781,0.0,998459.3042831781,0.0,0.0,0.0,0,1.0,0.0
2015-05-12,998459.3042831781,0.0,998459.3042831781,0.0,0.0,0.0,0,1.0,0.0
2015-05-13,998459.3042831781,0.0,998459.3042831781,0.0,0.0,0.0,0,1.0,0.0
2015-05-14,998459.3042831781,0.0,998459.3042831781,0.0,0.0,0.0,0,1.0,0.0
2015-05-15,998459.3042831781,0.0,998459.3042831781,0.0,0.0,0.0,0,1.0,0.0
2015-05-18,998459.3042831781,0.0,998459.3042831781,0.0,0.0,0.0,0,1.0,0.0
2015-05-19,998459.3042831781,0.0,998459.3042831781,0.0,0.0,0.0,0,1.0,0.0
2015-05-20,998459.3042831781,0.0,998459.3042831781,0.0,0.0,0.0,0,1.0,0.0
2015-05-21,998459.3042831781,0.0,998459.3042831781,0.0,0.0,0.0,0,1.0,0.0
2015-05-22,998459.3042831781,0.0,998459.3042831781,0.0,0.0,0.0,0,1.0,0.0
2015-05-26,998459.3042831781,0.0,998459.3042831781,0.0,0.0,0.0,0,1.0,0.0
2015-05-27,998459.3042831781,0.0,998459.3042831781,0.0,0.0,0.0,0,1.0,0.0
2015-05-28,998459.3042831781,0.0,998459.3042831781,0.0,0.0,0.0,0,1.0,0.0
2015-05-29,998459.3042831781,0.0,998459.3042831781,0.0,0.0,0.0,0,1.0,0.0
2015-06-01,998459.3042831781,0.0,998459.3042831781,0.0,0.0,0.0,0,1.0,0.0
2015-06-02,998459.3042831781,0.0,998459.3042831781,0.0,0.0,0.0,0,1.0,0.0
2015-06-03,998459.3042831781,0.0,998459.3042831781,0.0,0.0,0.0,0,1.0,0.0
2015-06-04,998459.3042831781,0.0,998459.3042831781,0.0,0.0,0.0,0,1.0,0.0
2015-06-05,998459.3042831781,0.0,998459.3042831781,0.0,0.0,0.0,0,1.0,0.0
2015-06-08,998459.3042831781,0.0,998459.3042831781,0.0,0.0,0.0,0,1.0,0.0
2015-06-09,998459.3042831781,0.0,998459.3042831781,0.0,0.0,0.0,0,1.0,0.0
2015-06-10,998459.3042831781,0.0,998459.3042831781,0.0,0.0,0.0,0,1.0,0.0
2015-06-11,998459.3042831781,0.0,998459.3042831781,0.0,0.0,0.0,0,1.0,0.0
2015-06-12,998459.3042831781,0.0,998459.3042831781,0.0,0.0,0.0,0,1.0,0.0
2015-06-15,998459.3042831781,0.0,998459.3042831781,0.0,0.0,0.0,0,1.0,0.0
2015-06-16,998459.3042831781,0.0,998459.3042831781,0.0,0.0,0.0,0,1.0,0.0
2015-06-17,998459.3042831781,0.0,998459.3042831781,0.0,0.0,0.0,0,1.0,0.0
2015-06-18,998459.3042831781,0.0,998459.3042831781,0.0,0.0,0.0,0,1.0,0.0
2015-06-19,998459.3042831781,0.0,998459.3042831781,0.0,0.0,0.0,0,1.0,0.0
2015-06-22,998459.3042831781,0.0,998459.3042831781,0.0,0.0,0.0,0,1.0,0.0
2015-06-23,998459.3042831781,0.0,998459.3042831781,0.0,0.0,0.0,0,1.0,0.0
2015-06-24,998459.3042831781,0.0,998459.3042831781,0.0,0.0,0.0,0,1.0,0.0
2015-06-25,998459.3042831781,0.0,998459.3042831781,0.0,0.0,0.0,0,1.0,0.0
2015-06-26,998459.3042831781,0.0,998459.3042831781,0.0,0.0,0.0,0,1.0,0.0
2015-06-29,998459.3042831781,0.0,998459.3042831781,0.0,0.0,0.0,0,1.0,0.0
2015-06-30,998459.3042831781,0.0,998459.3042831781,0.0,0.0,0.0,0,1.0,0.0
2015-07-01,998459.3042831781,0.0,998459.3042831781,0.0,0.0,0.0,0,1.0,0.0
2015-07-02,998459.3042831781,0.0,998459.3042831781,0.0,0.0,0.0,0,1.0,0.0
2015-07-06,998459.3042831781,0.0,998459.3042831781,0.0,0.0,0.0,0,1.0,0.0
2015-07-07,998459.3042831781,0.0,998459.3042831781,0.0,0.0,0.0,0,1.0,0.0
2015-07-08,998459.3042831781,0.0,998459.3042831781,0.0,0.0,0.0,0,1.0,0.0
2015-07-09,998459.3042831781,0.0,998459.3042831781,0.0,0.0,0.0,0,1.0,0.0
2015-07-10,998459.3042831781,0.0,998459.3042831781,0.0,0.0,0.0,0,1.0,0.0
2015-07-13,998459.3042831781,0.0,998459.3042831781,0.0,0.0,0.0,0,1.0,0.0
2015-07-14,998459.3042831781,0.0,998459.3042831781,0.0,0.0,0.0,0,1.0,0.0
2015-07-15,998459.3042831781,0.0,998459.3042831781,0.0,0.0,0.0,0,1.0,0.0
2015-07-16,998459.3042831781,0.0,998459.3042831781,0.0,0.0,0.0,0,1.0,0.0
2015-07-17,998459.3042831781,0.0,998459.3042831781,0.0,0.0,0.0,0,1.0,0.0
2015-07-20,998459.3042831781,0.0,998459.3042831781,0.0,0.0,0.0,0,1.0,0.0
2015-07-21,998459.3042831781,0.0,998459.3042831781,0.0,0.0,0.0,0,1.0,0.0
2015-07-22,998459.3042831781,0.0,998459.3042831781,0.0,0.0,0.0,0,1.0,0.0
2015-07-23,998459.3042831781,0.0,998459.3042831781,0.0,0.0,0.0,0,1.0,0.0
2015-07-24,998459.3042831781,0.0,998459.3042831781,0.0,0.0,0.0,0,1.0,0.0
2015-07-27,998459.3042831781,0.0,998459.3042831781,0.0,0.0,0.0,0,1.0,0.0
2015-07-28,998459.3042831781,0.0,998459.3042831781,0.0,0.0,0.0,0,1.0,0.0
2015-07-29,998459.3042831781,0.0,998459.3042831781,0.0,0.0,0.0,0,1.0,0.0
2015-07-30,998459.3042831781,0.0,998459.3042831781,0.0,0.0,0.0,0,1.0,0.0
2015-07-31,998459.3042831781,0.0,998459.3042831781,0.0,0.0,0.0,0,1.0,0.0
2015-08-03,998459.3042831781,0.0,998459.3042831781,0.0,0.0,0.0,0,1.0,0.0
2015-08-04,998459.3042831781,0.0,998459.3042831781,0.0,0.0,0.0,0,1.0,0.0
2015-08-05,998459.3042831781,0.0,998459.3042831781,0.0,0.0,0.0,0,1.0,0.0
2015-08-06,998459.3042831781,0.0,998459.3042831781,0.0,0.0,0.0,0,1.0,0.0
2015-08-07,998459.3042831781,0.0,998459.3042831781,0.0,0.0,0.0,0,1.0,0.0
2015-08-10,998459.3042831781,0.0,998459.3042831781,0.0,0.0,0.0,0,1.0,0.0
2015-08-11,998459.3042831781,0.0,998459.3042831781,0.0,0.0,0.0,0,1.0,0.0
2015-08-12,998459.3042831781,0.0,998459.3042831781,0.0,0.0,0.0,0,1.0,0.0
2015-08-13,998459.3042831781,0.0,998459.3042831781,0.0,0.0,0.0,0,1.0,0.0
2015-08-14,998459.3042831781,0.0,998459.3042831781,0.0,0.0,0.0,0,1.0,0.0
2015-08-17,998459.3042831781,0.0,998459.3042831781,0.0,0.0,0.0,0,1.0,0.0
2015-08-18,998459.3042831781,0.0,998459.3042831781,0.0,0.0,0.0,0,1.0,0.0
2015-08-19,998459.3042831781,0.0,998459.3042831781,0.0,0.0,0.0,0,1.0,0.0
2015-08-20,998459.3042831781,0.0,998459.3042831781,0.0,0.0,0.0,0,1.0,0.0
2015-08-21,998459.3042831781,0.0,998459.3042831781,0.0,0.0,0.0,0,1.0,0.0
2015-08-24,998459.3042831781,0.0,998459.3042831781,0.0,0.0,0.0,0,1.0,0.0
2015-08-25,998459.3042831781,0.0,998459.3042831781,0.0,0.0,0.0,0,1.0,0.0
2015-08-26,998459.3042831781,0.0,998459.3042831781,0.0,0.0,0.0,0,1.0,0.0
2015-08-27,998459.3042831781,0.0,998459.3042831781,0.0,0.0,0.0,0,1.0,0.0
2015-08-28,998459.3042831781,0.0,998459.3042831781,0.0,0.0,0.0,0,1.0,0.0
2015-08-31,998459.3042831781,0.0,998459.3042831781,0.0,0.0,0.0,0,1.0,0.0
2015-09-01,998459.3042831781,0.0,998459.3042831781,0.0,0.0,0.0,0,1.0,0.0
2015-09-02,998459.3042831781,0.0,998459.3042831781,0.0,0.0,0.0,0,1.0,0.0
2015-09-03,998459.3042831781,0.0,998459.3042831781,0.0,0.0,0.0,0,1.0,0.0
2015-09-04,998459.3042831781,0.0,998459.3042831781,0.0,0.0,0.0,0,1.0,0.0
2015-09-08,998459.3042831781,0.0,998459.3042831781,0.0,0.0,0.0,0,1.0,0.0
2015-09-09,998459.3042831781,0.0,998459.3042831781,0.0,0.0,0.0,0,1.0,0.0
2015-09-10,998459.3042831781,0.0,998459.3042831781,0.0,0.0,0.0,0,1.0,0.0
2015-09-11,998459.3042831781,0.0,998459.3042831781,0.0,0.0,0.0,0,1.0,0.0
2015-09-14,998459.3042831781,0.0,998459.3042831781,0.0,0.0,0.0,0,1.0,0.0
2015-09-15,998459.3042831781,0.0,998459.3042831781,0.0,0.0,0.0,0,1.0,0.0
2015-09-16,998459.3042831781,0.0,998459.3042831781,0.0,0.0,0.0,0,1.0,0.0
2015-09-17,998459.3042831781,0.0,998459.3042831781,0.0,0.0,0.0,0,1.0,0.0
2015-09-18,998459.3042831781,0.0,998459.3042831781,0.0,0.0,0.0,0,1.0,0.0
2015-09-21,998459.3042831781,0.0,998459.3042831781,0.0,0.0,0.0,0,1.0,0.0
2015-09-22,998459.3042831781,0.0,998459.3042831781,0.0,0.0,0.0,0,1.0,0.0
2015-09-23,998459.3042831781,0.0,998459.3042831781,0.0,0.0,0.0,0,1.0,0.0
2015-09-24,998459.3042831781,0.0,998459.3042831781,0.0,0.0,0.0,0,1.0,0.0
2015-09-25,998459.3042831781,0.0,998459.3042831781,0.0,0.0,0.0,0,1.0,0.0
2015-09-28,998459.3042831781,0.0,998459.3042831781,0.0,0.0,0.0,0,1.0,0.0
2015-09-29,998459.3042831781,0.0,998459.3042831781,0.0,0.0,0.0,0,1.0,0.0
2015-09-30,998459.3042831781,0.0,998459.3042831781,0.0,0.0,0.0,0,1.0,0.0
2015-10-01,998459.3042831781,0.0,998459.3042831781,0.0,0.0,0.0,0,1.0,0.0
2015-10-02,998459.3042831781,0.0,998459.3042831781,0.0,0.0,0.0,0,1.0,0.0
2015-10-05,998459.3042831781,0.0,998459.3042831781,0.0,0.0,0.0,0,1.0,0.0
2015-10-06,998459.3042831781,0.0,998459.3042831781,0.0,0.0,0.0,0,1.0,0.0
2015-10-07,998459.3042831781,0.0,998459.3042831781,0.0,0.0,0.0,0,1.0,0.0
2015-10-08,998459.3042831781,0.0,998459.3042831781,0.0,0.0,0.0,0,1.0,0.0
2015-10-09,998459.3042831781,0.0,998459.3042831781,0.0,0.0,0.0,0,1.0,0.0
2015-10-12,998459.3042831781,0.0,998459.3042831781,0.0,0.0,0.0,0,1.0,0.0
2015-10-13,998459.3042831781,0.0,998459.3042831781,0.0,0.0,0.0,0,1.0,0.0
2015-10-14,998459.3042831781,0.0,998459.3042831781,0.0,0.0,0.0,0,1.0,0.0
2015-10-15,998459.3042831781,0.0,998459.3042831781,0.0,0.0,0.0,0,1.0,0.0
2015-10-16,998459.3042831781,0.0,998459.3042831781,0.0,0.0,0.0,0,1.0,0.0
2015-10-19,998459.3042831781,0.0,998459.3042831781,0.0,0.0,0.0,0,1.0,0.0
2015-10-20,998459.3042831781,0.0,998459.3042831781,0.0,0.0,0.0,0,1.0,0.0
2015-10-21,998459.3042831781,0.0,998459.3042831781,0.0,0.0,0.0,0,1.0,0.0
2015-10-22,998459.3042831781,0.0,998459.3042831781,0.0,0.0,0.0,0,1.0,0.0
2015-10-23,998459.3042831781,0.0,998459.3042831781,0.0,0.0,0.0,0,1.0,0.0
2015-10-26,998459.3042831781,0.0,998459.3042831781,0.0,0.0,0.0,0,1.0,0.0
2015-10-27,998459.3042831781,0.0,998459.3042831781,0.0,0.0,0.0,0,1.0,0.0
2015-10-28,998459.3042831781,0.0,998459.3042831781,0.0,0.0,0.0,0,1.0,0.0
2015-10-29,998459.3042831781,0.0,998459.3042831781,0.0,0.0,0.0,0,1.0,0.0
2015-10-30,998459.3042831781,0.0,998459.3042831781,0.0,0.0,0.0,0,1.0,0.0
2015-11-02,998459.3042831781,0.0,998459.3042831781,0.0,0.0,0.0,0,1.0,0.0
2015-11-03,998459.3042831781,0.0,998459.3042831781,0.0,0.0,0.0,0,1.0,0.0
2015-11-04,998459.3042831781,0.0,998459.3042831781,0.0,0.0,0.0,0,1.0,0.0
2015-11-05,998459.3042831781,0.0,998459.3042831781,0.0,0.0,0.0,0,1.0,0.0
2015-11-06,998459.3042831781,0.0,998459.3042831781,0.0,0.0,0.0,0,1.0,0.0
2015-11-09,998459.3042831781,0.0,998459.3042831781,0.0,0.0,0.0,0,1.0,0.0
2015-11-10,998459.3042831781,0.0,998459.3042831781,0.0,0.0,0.0,0,1.0,0.0
2015-11-11,998459.3042831781,0.0,998459.3042831781,0.0,0.0,0.0,0,1.0,0.0
2015-11-12,998459.3042831781,0.0,998459.3042831781,0.0,0.0,0.0,0,1.0,0.0
2015-11-13,998459.3042831781,0.0,998459.3042831781,0.0,0.0,0.0,0,1.0,0.0
2015-11-16,998459.3042831781,0.0,998459.3042831781,0.0,0.0,0.0,0,1.0,0.0
2015-11-17,998459.3042831781,0.0,998459.3042831781,0.0,0.0,0.0,0,1.0,0.0
2015-11-18,998459.3042831781,0.0,998459.3042831781,0.0,0.0,0.0,0,1.0,0.0
2015-11-19,998459.3042831781,0.0,998459.3042831781,0.0,0.0,0.0,0,1.0,0.0
2015-11-20,998459.3042831781,0.0,998459.3042831781,0.0,0.0,0.0,0,1.0,0.0
2015-11-23,998459.3042831781,0.0,998459.3042831781,0.0,0.0,0.0,0,1.0,0.0
2015-11-24,998459.3042831781,0.0,998459.3042831781,0.0,0.0,0.0,0,1.0,0.0
2015-11-25,998459.3042831781,0.0,998459.3042831781,0.0,0.0,0.0,0,1.0,0.0
2015-11-27,998459.3042831781,0.0,998459.3042831781,0.0,0.0,0.0,0,1.0,0.0
2015-11-30,998459.3042831781,0.0,998459.3042831781,0.0,0.0,0.0,0,1.0,0.0
2015-12-01,998459.3042831781,0.0,998459.3042831781,0.0,0.0,0.0,0,1.0,0.0
2015-12-02,998459.3042831781,0.0,998459.3042831781,0.0,0.0,0.0,0,1.0,0.0
2015-12-03,998459.3042831781,0.0,998459.3042831781,0.0,0.0,0.0,0,1.0,0.0
2015-12-04,998459.3042831781,0.0,998459.3042831781,0.0,0.0,0.0,0,1.0,0.0
2015-12-07,998459.3042831781,0.0,998459.3042831781,0.0,0.0,0.0,0,1.0,0.0
2015-12-08,998459.3042831781,0.0,998459.3042831781,0.0,0.0,0.0,0,1.0,0.0
2015-12-09,998459.3042831781,0.0,998459.3042831781,0.0,0.0,0.0,0,1.0,0.0
2015-12-10,998459.3042831781,0.0,998459.3042831781,0.0,0.0,0.0,0,1.0,0.0
2015-12-11,998459.3042831781,0.0,998459.3042831781,0.0,0.0,0.0,0,1.0,0.0
2015-12-14,998459.3042831781,0.0,998459.3042831781,0.0,0.0,0.0,0,1.0,0.0
2015-12-15,998459.3042831781,0.0,998459.3042831781,0.0,0.0,0.0,0,1.0,0.0
2015-12-16,998459.3042831781,0.0,998459.3042831781,0.0,0.0,0.0,0,1.0,0.0
2015-12-17,998459.3042831781,0.0,998459.3042831781,0.0,0.0,0.0,0,1.0,0.0
2015-12-18,998459.3042831781,0.0,998459.3042831781,0.0,0.0,0.0,0,1.0,0.0
2015-12-21,998459.3042831781,0.0,998459.3042831781,0.0,0.0,0.0,0,1.0,0.0
2015-12-22,998459.3042831781,0.0,998459.3042831781,0.0,0.0,0.0,0,1.0,0.0
2015-12-23,998459.3042831781,0.0,998459.3042831781,0.0,0.0,0.0,0,1.0,0.0
2015-12-24,998459.3042831781,0.0,998459.3042831781,0.0,0.0,0.0,0,1.0,0.0
2015-12-28,998459.3042831781,0.0,998459.3042831781,0.0,0.0,0.0,0,1.0,0.0
2015-12-29,998459.3042831781,0.0,998459.3042831781,0.0,0.0,0.0,0,1.0,0.0
2015-12-30,998459.3042831781,0.0,998459.3042831781,0.0,0.0,0.0,0,1.0,0.0
2015-12-31,998459.3042831781,0.0,998459.3042831781,0.0,0.0,0.0,0,1.0,0.0
2016-01-04,998459.3042831781,0.0,998459.3042831781,0.0,0.0,0.0,0,1.0,0.0
2016-01-05,998459.3042831781,0.0,998459.3042831781,0.0,0.0,0.0,0,1.0,0.0
2016-01-06,998459.3042831781,0.0,998459.3042831781,0.0,0.0,0.0,0,1.0,0.0
2016-01-07,998459.3042831781,0.0,998459.3042831781,0.0,0.0,0.0,0,1.0,0.0
2016-01-08,998459.3042831781,0.0,998459.3042831781,0.0,0.0,0.0,0,1.0,0.0
2016-01-11,998459.3042831781,0.0,998459.3042831781,0.0,0.0,0.0,0,1.0,0.0
2016-01-12,998459.3042831781,0.0,998459.3042831781,0.0,0.0,0.0,0,1.0,0.0
2016-01-13,998459.3042831781,0.0,998459.3042831781,0.0,0.0,0.0,0,1.0,0.0
2016-01-14,998459.3042831781,0.0,998459.3042831781,0.0,0.0,0.0,0,1.0,0.0
2016-01-15,998459.3042831781,0.0,998459.3042831781,0.0,0.0,0.0,0,1.0,0.0
2016-01-19,998459.3042831781,0.0,998459.3042831781,0.0,0.0,0.0,0,1.0,0.0
2016-01-20,998459.3042831781,0.0,998459.3042831781,0.0,0.0,0.0,0,1.0,0.0
2016-01-21,998459.3042831781,0.0,998459.3042831781,0.0,0.0,0.0,0,1.0,0.0
2016-01-22,998459.3042831781,0.0,998459.3042831781,0.0,0.0,0.0,0,1.0,0.0
2016-01-25,998459.3042831781,0.0,998459.3042831781,0.0,0.0,0.0,0,1.0,0.0
2016-01-26,998459.3042831781,0.0,998459.3042831781,0.0,0.0,0.0,0,1.0,0.0
2016-01-27,998459.3042831781,0.0,998459.3042831781,0.0,0.0,0.0,0,1.0,0.0
2016-01-28,998459.3042831781,0.0,998459.3042831781,0.0,0.0,0.0,0,1.0,0.0
2016-01-29,998459.3042831781,0.0,998459.3042831781,0.0,0.0,0.0,0,1.0,0.0
2016-02-01,998459.3042831781,0.0,998459.3042831781,0.0,0.0,0.0,0,1.0,0.0
2016-02-02,998459.3042831781,0.0,998459.3042831781,0.0,0.0,0.0,0,1.0,0.0
2016-02-03,998459.3042831781,0.0,998459.3042831781,0.0,0.0,0.0,0,1.0,0.0
2016-02-04,998459.3042831781,0.0,998459.3042831781,0.0,0.0,0.0,0,1.0,0.0
2016-02-05,998459.3042831781,0.0,998459.3042831781,0.0,0.0,0.0,0,1.0,0.0
2016-02-08,998459.3042831781,0.0,998459.3042831781,0.0,0.0,0.0,0,1.0,0.0
2016-02-09,998459.3042831781,0.0,998459.3042831781,0.0,0.0,0.0,0,1.0,0.0
2016-02-10,998459.3042831781,0.0,998459.3042831781,0.0,0.0,0.0,0,1.0,0.0
2016-02-11,998459.3042831781,0.0,998459.3042831781,0.0,0.0,0.0,0,1.0,0.0
2016-02-12,998459.3042831781,0.0,998459.3042831781,0.0,0.0,0.0,0,1.0,0.0
2016-02-16,998459.3042831781,0.0,998459.3042831781,0.0,0.0,0.0,0,1.0,0.0
2016-02-17,998459.3042831781,0.0,998459.3042831781,0.0,0.0,0.0,0,1.0,0.0
2016-02-18,998459.3042831781,0.0,998459.3042831781,0.0,0.0,0.0,0,1.0,0.0
2016-02-19,998459.3042831781,0.0,998459.3042831781,0.0,0.0,0.0,0,1.0,0.0
2016-02-22,998459.3042831781,0.0,998459.3042831781,0.0,0.0,0.0,0,1.0,0.0
2016-02-23,998459.3042831781,0.0,998459.3042831781,0.0,0.0,0.0,0,1.0,0.0
2016-02-24,998459.3042831781,0.0,998459.3042831781,0.0,0.0,0.0,0,1.0,0.0
2016-02-25,998459.3042831781,0.0,998459.3042831781,0.0,0.0,0.0,0,1.0,0.0
2016-02-26,998459.3042831781,0.0,998459.3042831781,0.0,0.0,0.0,0,1.0,0.0
2016-02-29,998459.3042831781,0.0,998459.3042831781,0.0,0.0,0.0,0,1.0,0.0
2016-03-01,998459.3042831781,0.0,998459.3042831781,0.0,0.0,0.0,0,1.0,0.0
2016-03-02,998459.3042831781,0.0,998459.3042831781,0.0,0.0,0.0,0,1.0,0.0
2016-03-03,998459.3042831781,0.0,998459.3042831781,0.0,0.0,0.0,0,1.0,0.0
2016-03-04,998459.3042831781,0.0,998459.3042831781,0.0,0.0,0.0,0,1.0,0.0
2016-03-07,998459.3042831781,0.0,998459.3042831781,0.0,0.0,0.0,0,1.0,0.0
2016-03-08,998459.3042831781,0.0,998459.3042831781,0.0,0.0,0.0,0,1.0,0.0
2016-03-09,998459.3042831781,0.0,998459.3042831781,0.0,0.0,0.0,0,1.0,0.0
2016-03-10,998459.3042831781,0.0,998459.3042831781,0.0,0.0,0.0,0,1.0,0.0
2016-03-11,998459.3042831781,0.0,998459.3042831781,0.0,0.0,0.0,0,1.0,0.0
2016-03-14,998459.3042831781,0.0,998459.3042831781,0.0,0.0,0.0,0,1.0,0.0
2016-03-15,998459.3042831781,0.0,998459.3042831781,0.0,0.0,0.0,0,1.0,0.0
2016-03-16,998459.3042831781,0.0,998459.3042831781,0.0,0.0,0.0,0,1.0,0.0
2016-03-17,998459.3042831781,0.0,998459.3042831781,0.0,0.0,0.0,0,1.0,0.0
2016-03-18,998459.3042831781,0.0,998459.3042831781,0.0,0.0,0.0,0,1.0,0.0
2016-03-21,998459.3042831781,0.0,998459.3042831781,0.0,0.0,0.0,0,1.0,0.0
2016-03-22,998459.3042831781,0.0,998459.3042831781,0.0,0.0,0.0,0,1.0,0.0
2016-03-23,998459.3042831781,0.0,998459.3042831781,0.0,0.0,0.0,0,1.0,0.0
2016-03-24,998459.3042831781,0.0,998459.3042831781,0.0,0.0,0.0,0,1.0,0.0
2016-03-28,998459.3042831781,0.0,998459.3042831781,0.0,0.0,0.0,0,1.0,0.0
2016-03-29,998459.3042831781,0.0,998459.3042831781,0.0,0.0,0.0,0,1.0,0.0
2016-03-30,998459.3042831781,0.0,998459.3042831781,0.0,0.0,0.0,0,1.0,0.0
2016-03-31,998459.3042831781,0.0,998459.3042831781,0.0,0.0,0.0,0,1.0,0.0
2016-04-01,998459.3042831781,0.0,998459.3042831781,0.0,0.0,0.0,0,1.0,0.0
2016-04-04,998459.3042831781,0.0,998459.3042831781,0.0,0.0,0.0,0,1.0,0.0
2016-04-05,998342.4511609704,-0.0001170334351199287,990937.4653952138,49922.9652141589,92440.94466256125,7404.985765756559,1,1.0,0.0
2016-04-06,1000376.1013255527,0.002037026635717476,990936.3013163788,52422.29518912803,95404.79036908217,9439.800009173894,1,1.0,1.1640788350007487
2016-04-07,1000618.6214345,0.00024242893110493213,990935.1245197961,52151.66796973896,94619.83902477409,9683.496914703843,1,1.0,1.1767965826133917
2016-04-08,1000089.1965879673,-0.0005290975354562688,990933.9618046406,51737.76484733232,94320.2949113379,9155.234783326734,1,1.0,1.1627151555108861
2016-04-11,999214.3843651342,-0.0008747341995272162,990930.464266237,50766.68803794818,93249.45597699923,8283.920098897128,1,1.0,3.497538403614422
2016-04-12,998810.1352913347,-0.00040456690788770455,998810.1352913347,0.0,0.0,0.0,0,1.0,1.1631147964148132
2016-04-13,998810.1352913347,0.0,998810.1352913347,0.0,0.0,0.0,0,1.0,0.0
2016-04-14,998810.1352913347,0.0,998810.1352913347,0.0,0.0,0.0,0,1.0,0.0
2016-04-15,998810.1352913347,0.0,998810.1352913347,0.0,0.0,0.0,0,1.0,0.0
2016-04-18,998810.1352913347,0.0,998810.1352913347,0.0,0.0,0.0,0,1.0,0.0
2016-04-19,998810.1352913347,0.0,998810.1352913347,0.0,0.0,0.0,0,1.0,0.0
2016-04-20,998810.1352913347,0.0,998810.1352913347,0.0,0.0,0.0,0,1.0,0.0
2016-04-21,998810.1352913347,0.0,998810.1352913347,0.0,0.0,0.0,0,1.0,0.0
2016-04-22,998810.1352913347,0.0,998810.1352913347,0.0,0.0,0.0,0,1.0,0.0
2016-04-25,998810.1352913347,0.0,998810.1352913347,0.0,0.0,0.0,0,1.0,0.0
2016-04-26,998810.1352913347,0.0,998810.1352913347,0.0,0.0,0.0,0,1.0,0.0
2016-04-27,998810.1352913347,0.0,998810.1352913347,0.0,0.0,0.0,0,1.0,0.0
2016-04-28,998810.1352913347,0.0,998810.1352913347,0.0,0.0,0.0,0,1.0,0.0
2016-04-29,998810.1352913347,0.0,998810.1352913347,0.0,0.0,0.0,0,1.0,0.0
2016-05-02,998810.1352913347,0.0,998810.1352913347,0.0,0.0,0.0,0,1.0,0.0
2016-05-03,998810.1352913347,0.0,998810.1352913347,0.0,0.0,0.0,0,1.0,0.0
2016-05-04,998810.1352913347,0.0,998810.1352913347,0.0,0.0,0.0,0,1.0,0.0
2016-05-05,998810.1352913347,0.0,998810.1352913347,0.0,0.0,0.0,0,1.0,0.0
2016-05-06,998810.1352913347,0.0,998810.1352913347,0.0,0.0,0.0,0,1.0,0.0
2016-05-09,998810.1352913347,0.0,998810.1352913347,0.0,0.0,0.0,0,1.0,0.0
2016-05-10,998810.1352913347,0.0,998810.1352913347,0.0,0.0,0.0,0,1.0,0.0
2016-05-11,998810.1352913347,0.0,998810.1352913347,0.0,0.0,0.0,0,1.0,0.0
2016-05-12,998810.1352913347,0.0,998810.1352913347,0.0,0.0,0.0,0,1.0,0.0
2016-05-13,998810.1352913347,0.0,998810.1352913347,0.0,0.0,0.0,0,1.0,0.0
2016-05-16,998810.1352913347,0.0,998810.1352913347,0.0,0.0,0.0,0,1.0,0.0
2016-05-17,998810.1352913347,0.0,998810.1352913347,0.0,0.0,0.0,0,1.0,0.0
2016-05-18,998810.1352913347,0.0,998810.1352913347,0.0,0.0,0.0,0,1.0,0.0
2016-05-19,998810.1352913347,0.0,998810.1352913347,0.0,0.0,0.0,0,1.0,0.0
2016-05-20,998810.1352913347,0.0,998810.1352913347,0.0,0.0,0.0,0,1.0,0.0
2016-05-23,998810.1352913347,0.0,998810.1352913347,0.0,0.0,0.0,0,1.0,0.0
2016-05-24,998810.1352913347,0.0,998810.1352913347,0.0,0.0,0.0,0,1.0,0.0
2016-05-25,998810.1352913347,0.0,998810.1352913347,0.0,0.0,0.0,0,1.0,0.0
2016-05-26,998810.1352913347,0.0,998810.1352913347,0.0,0.0,0.0,0,1.0,0.0
2016-05-27,998810.1352913347,0.0,998810.1352913347,0.0,0.0,0.0,0,1.0,0.0
2016-05-31,998810.1352913347,0.0,998810.1352913347,0.0,0.0,0.0,0,1.0,0.0
2016-06-01,998810.1352913347,0.0,998810.1352913347,0.0,0.0,0.0,0,1.0,0.0
2016-06-02,998810.1352913347,0.0,998810.1352913347,0.0,0.0,0.0,0,1.0,0.0
2016-06-03,998810.1352913347,0.0,998810.1352913347,0.0,0.0,0.0,0,1.0,0.0
2016-06-06,998810.1352913347,0.0,998810.1352913347,0.0,0.0,0.0,0,1.0,0.0
2016-06-07,998810.1352913347,0.0,998810.1352913347,0.0,0.0,0.0,0,1.0,0.0
2016-06-08,998810.1352913347,0.0,998810.1352913347,0.0,0.0,0.0,0,1.0,0.0
2016-06-09,998810.1352913347,0.0,998810.1352913347,0.0,0.0,0.0,0,1.0,0.0
2016-06-10,998810.1352913347,0.0,998810.1352913347,0.0,0.0,0.0,0,1.0,0.0
2016-06-13,998810.1352913347,0.0,998810.1352913347,0.0,0.0,0.0,0,1.0,0.0
2016-06-14,998810.1352913347,0.0,998810.1352913347,0.0,0.0,0.0,0,1.0,0.0
2016-06-15,998810.1352913347,0.0,998810.1352913347,0.0,0.0,0.0,0,1.0,0.0
2016-06-16,998810.1352913347,0.0,998810.1352913347,0.0,0.0,0.0,0,1.0,0.0
2016-06-17,998810.1352913347,0.0,998810.1352913347,0.0,0.0,0.0,0,1.0,0.0
2016-06-20,998810.1352913347,0.0,998810.1352913347,0.0,0.0,0.0,0,1.0,0.0
2016-06-21,998810.1352913347,0.0,998810.1352913347,0.0,0.0,0.0,0,1.0,0.0
2016-06-22,998810.1352913347,0.0,998810.1352913347,0.0,0.0,0.0,0,1.0,0.0
2016-06-23,998810.1352913347,0.0,998810.1352913347,0.0,0.0,0.0,0,1.0,0.0
2016-06-24,998810.1352913347,0.0,998810.1352913347,0.0,0.0,0.0,0,1.0,0.0
2016-06-27,998810.1352913347,0.0,998810.1352913347,0.0,0.0,0.0,0,1.0,0.0
2016-06-28,998810.1352913347,0.0,998810.1352913347,0.0,0.0,0.0,0,1.0,0.0
2016-06-29,998810.1352913347,0.0,998810.1352913347,0.0,0.0,0.0,0,1.0,0.0
2016-06-30,998810.1352913347,0.0,998810.1352913347,0.0,0.0,0.0,0,1.0,0.0
2016-07-01,998810.1352913347,0.0,998810.1352913347,0.0,0.0,0.0,0,1.0,0.0
2016-07-05,998810.1352913347,0.0,998810.1352913347,0.0,0.0,0.0,0,1.0,0.0
2016-07-06,998810.1352913347,0.0,998810.1352913347,0.0,0.0,0.0,0,1.0,0.0
2016-07-07,998810.1352913347,0.0,998810.1352913347,0.0,0.0,0.0,0,1.0,0.0
2016-07-08,998810.1352913347,0.0,998810.1352913347,0.0,0.0,0.0,0,1.0,0.0
2016-07-11,998810.1352913347,0.0,998810.1352913347,0.0,0.0,0.0,0,1.0,0.0
2016-07-12,998810.1352913347,0.0,998810.1352913347,0.0,0.0,0.0,0,1.0,0.0
2016-07-13,998810.1352913347,0.0,998810.1352913347,0.0,0.0,0.0,0,1.0,0.0
2016-07-14,998810.1352913347,0.0,998810.1352913347,0.0,0.0,0.0,0,1.0,0.0
2016-07-15,998810.1352913347,0.0,998810.1352913347,0.0,0.0,0.0,0,1.0,0.0
2016-07-18,998810.1352913347,0.0,998810.1352913347,0.0,0.0,0.0,0,1.0,0.0
2016-07-19,998810.1352913347,0.0,998810.1352913347,0.0,0.0,0.0,0,1.0,0.0
2016-07-20,998810.1352913347,0.0,998810.1352913347,0.0,0.0,0.0,0,1.0,0.0
2016-07-21,998810.1352913347,0.0,998810.1352913347,0.0,0.0,0.0,0,1.0,0.0
2016-07-22,998810.1352913347,0.0,998810.1352913347,0.0,0.0,0.0,0,1.0,0.0
2016-07-25,998810.1352913347,0.0,998810.1352913347,0.0,0.0,0.0,0,1.0,0.0
2016-07-26,998810.1352913347,0.0,998810.1352913347,0.0,0.0,0.0,0,1.0,0.0
2016-07-27,998810.1352913347,0.0,998810.1352913347,0.0,0.0,0.0,0,1.0,0.0
2016-07-28,998810.1352913347,0.0,998810.1352913347,0.0,0.0,0.0,0,1.0,0.0
2016-07-29,998810.1352913347,0.0,998810.1352913347,0.0,0.0,0.0,0,1.0,0.0
2016-08-01,998810.1352913347,0.0,998810.1352913347,0.0,0.0,0.0,0,1.0,0.0
2016-08-02,998810.1352913347,0.0,998810.1352913347,0.0,0.0,0.0,0,1.0,0.0
2016-08-03,998810.1352913347,0.0,998810.1352913347,0.0,0.0,0.0,0,1.0,0.0
2016-08-04,998810.1352913347,0.0,998810.1352913347,0.0,0.0,0.0,0,1.0,0.0
2016-08-05,998810.1352913347,0.0,998810.1352913347,0.0,0.0,0.0,0,1.0,0.0
2016-08-08,998810.1352913347,0.0,998810.1352913347,0.0,0.0,0.0,0,1.0,0.0
2016-08-09,998810.1352913347,0.0,998810.1352913347,0.0,0.0,0.0,0,1.0,0.0
2016-08-10,998810.1352913347,0.0,998810.1352913347,0.0,0.0,0.0,0,1.0,0.0
2016-08-11,998810.1352913347,0.0,998810.1352913347,0.0,0.0,0.0,0,1.0,0.0
2016-08-12,998810.1352913347,0.0,998810.1352913347,0.0,0.0,0.0,0,1.0,0.0
2016-08-15,998810.1352913347,0.0,998810.1352913347,0.0,0.0,0.0,0,1.0,0.0
2016-08-16,998810.1352913347,0.0,998810.1352913347,0.0,0.0,0.0,0,1.0,0.0
2016-08-17,998810.1352913347,0.0,998810.1352913347,0.0,0.0,0.0,0,1.0,0.0
2016-08-18,998810.1352913347,0.0,998810.1352913347,0.0,0.0,0.0,0,1.0,0.0
2016-08-19,998810.1352913347,0.0,998810.1352913347,0.0,0.0,0.0,0,1.0,0.0
2016-08-22,998810.1352913347,0.0,998810.1352913347,0.0,0.0,0.0,0,1.0,0.0
2016-08-23,998810.1352913347,0.0,998810.1352913347,0.0,0.0,0.0,0,1.0,0.0
2016-08-24,998810.1352913347,0.0,998810.1352913347,0.0,0.0,0.0,0,1.0,0.0
2016-08-25,998810.1352913347,0.0,998810.1352913347,0.0,0.0,0.0,0,1.0,0.0
2016-08-26,998810.1352913347,0.0,998810.1352913347,0.0,0.0,0.0,0,1.0,0.0
2016-08-29,998810.1352913347,0.0,998810.1352913347,0.0,0.0,0.0,0,1.0,0.0
2016-08-30,998810.1352913347,0.0,998810.1352913347,0.0,0.0,0.0,0,1.0,0.0
2016-08-31,998810.1352913347,0.0,998810.1352913347,0.0,0.0,0.0,0,1.0,0.0
2016-09-01,998810.1352913347,0.0,998810.1352913347,0.0,0.0,0.0,0,1.0,0.0
2016-09-02,998810.1352913347,0.0,998810.1352913347,0.0,0.0,0.0,0,1.0,0.0
2016-09-06,998810.1352913347,0.0,998810.1352913347,0.0,0.0,0.0,0,1.0,0.0
2016-09-07,998810.1352913347,0.0,998810.1352913347,0.0,0.0,0.0,0,1.0,0.0
2016-09-08,998810.1352913347,0.0,998810.1352913347,0.0,0.0,0.0,0,1.0,0.0
2016-09-09,998810.1352913347,0.0,998810.1352913347,0.0,0.0,0.0,0,1.0,0.0
2016-09-12,998810.1352913347,0.0,998810.1352913347,0.0,0.0,0.0,0,1.0,0.0
2016-09-13,998810.1352913347,0.0,998810.1352913347,0.0,0.0,0.0,0,1.0,0.0
2016-09-14,998810.1352913347,0.0,998810.1352913347,0.0,0.0,0.0,0,1.0,0.0
2016-09-15,998810.1352913347,0.0,998810.1352913347,0.0,0.0,0.0,0,1.0,0.0
2016-09-16,998810.1352913347,0.0,998810.1352913347,0.0,0.0,0.0,0,1.0,0.0
2016-09-19,998810.1352913347,0.0,998810.1352913347,0.0,0.0,0.0,0,1.0,0.0
2016-09-20,998810.1352913347,0.0,998810.1352913347,0.0,0.0,0.0,0,1.0,0.0
2016-09-21,998810.1352913347,0.0,998810.1352913347,0.0,0.0,0.0,0,1.0,0.0
2016-09-22,998810.1352913347,0.0,998810.1352913347,0.0,0.0,0.0,0,1.0,0.0
2016-09-23,998810.1352913347,0.0,998810.1352913347,0.0,0.0,0.0,0,1.0,0.0
2016-09-26,998810.1352913347,0.0,998810.1352913347,0.0,0.0,0.0,0,1.0,0.0
2016-09-27,998810.1352913347,0.0,998810.1352913347,0.0,0.0,0.0,0,1.0,0.0
2016-09-28,998810.1352913347,0.0,998810.1352913347,0.0,0.0,0.0,0,1.0,0.0
2016-09-29,998810.1352913347,0.0,998810.1352913347,0.0,0.0,0.0,0,1.0,0.0
2016-09-30,998810.1352913347,0.0,998810.1352913347,0.0,0.0,0.0,0,1.0,0.0
2016-10-03,998810.1352913347,0.0,998810.1352913347,0.0,0.0,0.0,0,1.0,0.0
2016-10-04,998810.1352913347,0.0,998810.1352913347,0.0,0.0,0.0,0,1.0,0.0
2016-10-05,998810.1352913347,0.0,998810.1352913347,0.0,0.0,0.0,0,1.0,0.0
2016-10-06,998810.1352913347,0.0,998810.1352913347,0.0,0.0,0.0,0,1.0,0.0
2016-10-07,998810.1352913347,0.0,998810.1352913347,0.0,0.0,0.0,0,1.0,0.0
2016-10-10,998810.1352913347,0.0,998810.1352913347,0.0,0.0,0.0,0,1.0,0.0
2016-10-11,998810.1352913347,0.0,998810.1352913347,0.0,0.0,0.0,0,1.0,0.0
2016-10-12,998810.1352913347,0.0,998810.1352913347,0.0,0.0,0.0,0,1.0,0.0
2016-10-13,998810.1352913347,0.0,998810.1352913347,0.0,0.0,0.0,0,1.0,0.0
2016-10-14,998810.1352913347,0.0,998810.1352913347,0.0,0.0,0.0,0,1.0,0.0
2016-10-17,998810.1352913347,0.0,998810.1352913347,0.0,0.0,0.0,0,1.0,0.0
2016-10-18,998810.1352913347,0.0,998810.1352913347,0.0,0.0,0.0,0,1.0,0.0
2016-10-19,998810.1352913347,0.0,998810.1352913347,0.0,0.0,0.0,0,1.0,0.0
2016-10-20,998810.1352913347,0.0,998810.1352913347,0.0,0.0,0.0,0,1.0,0.0
2016-10-21,998810.1352913347,0.0,998810.1352913347,0.0,0.0,0.0,0,1.0,0.0
2016-10-24,998810.1352913347,0.0,998810.1352913347,0.0,0.0,0.0,0,1.0,0.0
2016-10-25,998810.1352913347,0.0,998810.1352913347,0.0,0.0,0.0,0,1.0,0.0
2016-10-26,998810.1352913347,0.0,998810.1352913347,0.0,0.0,0.0,0,1.0,0.0
2016-10-27,998810.1352913347,0.0,998810.1352913347,0.0,0.0,0.0,0,1.0,0.0
2016-10-28,998810.1352913347,0.0,998810.1352913347,0.0,0.0,0.0,0,1.0,0.0
2016-10-31,998810.1352913347,0.0,998810.1352913347,0.0,0.0,0.0,0,1.0,0.0
2016-11-01,998810.1352913347,0.0,998810.1352913347,0.0,0.0,0.0,0,1.0,0.0
2016-11-02,998810.1352913347,0.0,998810.1352913347,0.0,0.0,0.0,0,1.0,0.0
2016-11-03,998810.1352913347,0.0,998810.1352913347,0.0,0.0,0.0,0,1.0,0.0
2016-11-04,998810.1352913347,0.0,998810.1352913347,0.0,0.0,0.0,0,1.0,0.0
2016-11-07,998810.1352913347,0.0,998810.1352913347,0.0,0.0,0.0,0,1.0,0.0
2016-11-08,998810.1352913347,0.0,998810.1352913347,0.0,0.0,0.0,0,1.0,0.0
2016-11-09,998810.1352913347,0.0,998810.1352913347,0.0,0.0,0.0,0,1.0,0.0
2016-11-10,998810.1352913347,0.0,998810.1352913347,0.0,0.0,0.0,0,1.0,0.0
2016-11-11,998810.1352913347,0.0,998810.1352913347,0.0,0.0,0.0,0,1.0,0.0
2016-11-14,998810.1352913347,0.0,998810.1352913347,0.0,0.0,0.0,0,1.0,0.0
2016-11-15,998810.1352913347,0.0,998810.1352913347,0.0,0.0,0.0,0,1.0,0.0
2016-11-16,998810.1352913347,0.0,998810.1352913347,0.0,0.0,0.0,0,1.0,0.0
2016-11-17,998810.1352913347,0.0,998810.1352913347,0.0,0.0,0.0,0,1.0,0.0
2016-11-18,998810.1352913347,0.0,998810.1352913347,0.0,0.0,0.0,0,1.0,0.0
2016-11-21,998810.1352913347,0.0,998810.1352913347,0.0,0.0,0.0,0,1.0,0.0
2016-11-22,998810.1352913347,0.0,998810.1352913347,0.0,0.0,0.0,0,1.0,0.0
2016-11-23,998810.1352913347,0.0,998810.1352913347,0.0,0.0,0.0,0,1.0,0.0
2016-11-25,998810.1352913347,0.0,998810.1352913347,0.0,0.0,0.0,0,1.0,0.0
2016-11-28,998810.1352913347,0.0,998810.1352913347,0.0,0.0,0.0,0,1.0,0.0
2016-11-29,998810.1352913347,0.0,998810.1352913347,0.0,0.0,0.0,0,1.0,0.0
2016-11-30,998810.1352913347,0.0,998810.1352913347,0.0,0.0,0.0,0,1.0,0.0
2016-12-01,998810.1352913347,0.0,998810.1352913347,0.0,0.0,0.0,0,1.0,0.0
2016-12-02,998810.1352913347,0.0,998810.1352913347,0.0,0.0,0.0,0,1.0,0.0
2016-12-05,998810.1352913347,0.0,998810.1352913347,0.0,0.0,0.0,0,1.0,0.0
2016-12-06,998810.1352913347,0.0,998810.1352913347,0.0,0.0,0.0,0,1.0,0.0
2016-12-07,998810.1352913347,0.0,998810.1352913347,0.0,0.0,0.0,0,1.0,0.0
2016-12-08,998810.1352913347,0.0,998810.1352913347,0.0,0.0,0.0,0,1.0,0.0
2016-12-09,998810.1352913347,0.0,998810.1352913347,0.0,0.0,0.0,0,1.0,0.0
2016-12-12,998810.1352913347,0.0,998810.1352913347,0.0,0.0,0.0,0,1.0,0.0
2016-12-13,998810.1352913347,0.0,998810.1352913347,0.0,0.0,0.0,0,1.0,0.0
2016-12-14,998810.1352913347,0.0,998810.1352913347,0.0,0.0,0.0,0,1.0,0.0
2016-12-15,998810.1352913347,0.0,998810.1352913347,0.0,0.0,0.0,0,1.0,0.0
2016-12-16,998810.1352913347,0.0,998810.1352913347,0.0,0.0,0.0,0,1.0,0.0
2016-12-19,998810.1352913347,0.0,998810.1352913347,0.0,0.0,0.0,0,1.0,0.0
2016-12-20,998810.1352913347,0.0,998810.1352913347,0.0,0.0,0.0,0,1.0,0.0
2016-12-21,998810.1352913347,0.0,998810.1352913347,0.0,0.0,0.0,0,1.0,0.0
2016-12-22,998810.1352913347,0.0,998810.1352913347,0.0,0.0,0.0,0,1.0,0.0
2016-12-23,998810.1352913347,0.0,998810.1352913347,0.0,0.0,0.0,0,1.0,0.0
2016-12-27,998810.1352913347,0.0,998810.1352913347,0.0,0.0,0.0,0,1.0,0.0
2016-12-28,998810.1352913347,0.0,998810.1352913347,0.0,0.0,0.0,0,1.0,0.0
2016-12-29,998810.1352913347,0.0,998810.1352913347,0.0,0.0,0.0,0,1.0,0.0
2016-12-30,998810.1352913347,0.0,998810.1352913347,0.0,0.0,0.0,0,1.0,0.0
2017-01-03,998810.1352913347,0.0,998810.1352913347,0.0,0.0,0.0,0,1.0,0.0
2017-01-04,998810.1352913347,0.0,998810.1352913347,0.0,0.0,0.0,0,1.0,0.0
2017-01-05,998810.1352913347,0.0,998810.1352913347,0.0,0.0,0.0,0,1.0,0.0
2017-01-06,998810.1352913347,0.0,998810.1352913347,0.0,0.0,0.0,0,1.0,0.0
2017-01-09,998810.1352913347,0.0,998810.1352913347,0.0,0.0,0.0,0,1.0,0.0
2017-01-10,998810.1352913347,0.0,998810.1352913347,0.0,0.0,0.0,0,1.0,0.0
2017-01-11,998810.1352913347,0.0,998810.1352913347,0.0,0.0,0.0,0,1.0,0.0
2017-01-12,998810.1352913347,0.0,998810.1352913347,0.0,0.0,0.0,0,1.0,0.0
2017-01-13,998810.1352913347,0.0,998810.1352913347,0.0,0.0,0.0,0,1.0,0.0
2017-01-17,998810.1352913347,0.0,998810.1352913347,0.0,0.0,0.0,0,1.0,0.0
2017-01-18,998810.1352913347,0.0,998810.1352913347,0.0,0.0,0.0,0,1.0,0.0
2017-01-19,998810.1352913347,0.0,998810.1352913347,0.0,0.0,0.0,0,1.0,0.0
2017-01-20,998810.1352913347,0.0,998810.1352913347,0.0,0.0,0.0,0,1.0,0.0
2017-01-23,998810.1352913347,0.0,998810.1352913347,0.0,0.0,0.0,0,1.0,0.0
2017-01-24,998810.1352913347,0.0,998810.1352913347,0.0,0.0,0.0,0,1.0,0.0
2017-01-25,998810.1352913347,0.0,998810.1352913347,0.0,0.0,0.0,0,1.0,0.0
2017-01-26,998810.1352913347,0.0,998810.1352913347,0.0,0.0,0.0,0,1.0,0.0
2017-01-27,998810.1352913347,0.0,998810.1352913347,0.0,0.0,0.0,0,1.0,0.0
2017-01-30,998810.1352913347,0.0,998810.1352913347,0.0,0.0,0.0,0,1.0,0.0
2017-01-31,998810.1352913347,0.0,998810.1352913347,0.0,0.0,0.0,0,1.0,0.0
2017-02-01,998810.1352913347,0.0,998810.1352913347,0.0,0.0,0.0,0,1.0,0.0
2017-02-02,998810.1352913347,0.0,998810.1352913347,0.0,0.0,0.0,0,1.0,0.0
2017-02-03,998810.1352913347,0.0,998810.1352913347,0.0,0.0,0.0,0,1.0,0.0
2017-02-06,998810.1352913347,0.0,998810.1352913347,0.0,0.0,0.0,0,1.0,0.0
2017-02-07,998810.1352913347,0.0,998810.1352913347,0.0,0.0,0.0,0,1.0,0.0
2017-02-08,998810.1352913347,0.0,998810.1352913347,0.0,0.0,0.0,0,1.0,0.0
2017-02-09,998810.1352913347,0.0,998810.1352913347,0.0,0.0,0.0,0,1.0,0.0
2017-02-10,998810.1352913347,0.0,998810.1352913347,0.0,0.0,0.0,0,1.0,0.0
2017-02-13,998810.1352913347,0.0,998810.1352913347,0.0,0.0,0.0,0,1.0,0.0
2017-02-14,998810.1352913347,0.0,998810.1352913347,0.0,0.0,0.0,0,1.0,0.0
2017-02-15,998810.1352913347,0.0,998810.1352913347,0.0,0.0,0.0,0,1.0,0.0
2017-02-16,998810.1352913347,0.0,998810.1352913347,0.0,0.0,0.0,0,1.0,0.0
2017-02-17,998810.1352913347,0.0,998810.1352913347,0.0,0.0,0.0,0,1.0,0.0
2017-02-21,998810.1352913347,0.0,998810.1352913347,0.0,0.0,0.0,0,1.0,0.0
2017-02-22,998810.1352913347,0.0,998810.1352913347,0.0,0.0,0.0,0,1.0,0.0
2017-02-23,998810.1352913347,0.0,998810.1352913347,0.0,0.0,0.0,0,1.0,0.0
2017-02-24,998810.1352913347,0.0,998810.1352913347,0.0,0.0,0.0,0,1.0,0.0
2017-02-27,998810.1352913347,0.0,998810.1352913347,0.0,0.0,0.0,0,1.0,0.0
2017-02-28,998810.1352913347,0.0,998810.1352913347,0.0,0.0,0.0,0,1.0,0.0
2017-03-01,998810.1352913347,0.0,998810.1352913347,0.0,0.0,0.0,0,1.0,0.0
2017-03-02,998810.1352913347,0.0,998810.1352913347,0.0,0.0,0.0,0,1.0,0.0
2017-03-03,998810.1352913347,0.0,998810.1352913347,0.0,0.0,0.0,0,1.0,0.0
2017-03-06,998810.1352913347,0.0,998810.1352913347,0.0,0.0,0.0,0,1.0,0.0
2017-03-07,998810.1352913347,0.0,998810.1352913347,0.0,0.0,0.0,0,1.0,0.0
2017-03-08,998810.1352913347,0.0,998810.1352913347,0.0,0.0,0.0,0,1.0,0.0
2017-03-09,998810.1352913347,0.0,998810.1352913347,0.0,0.0,0.0,0,1.0,0.0
2017-03-10,998810.1352913347,0.0,998810.1352913347,0.0,0.0,0.0,0,1.0,0.0
2017-03-13,998810.1352913347,0.0,998810.1352913347,0.0,0.0,0.0,0,1.0,0.0
2017-03-14,998810.1352913347,0.0,998810.1352913347,0.0,0.0,0.0,0,1.0,0.0
2017-03-15,998810.1352913347,0.0,998810.1352913347,0.0,0.0,0.0,0,1.0,0.0
2017-03-16,998810.1352913347,0.0,998810.1352913347,0.0,0.0,0.0,0,1.0,0.0
2017-03-17,998810.1352913347,0.0,998810.1352913347,0.0,0.0,0.0,0,1.0,0.0
2017-03-20,998810.1352913347,0.0,998810.1352913347,0.0,0.0,0.0,0,1.0,0.0
2017-03-21,998810.1352913347,0.0,998810.1352913347,0.0,0.0,0.0,0,1.0,0.0
2017-03-22,998810.1352913347,0.0,998810.1352913347,0.0,0.0,0.0,0,1.0,0.0
2017-03-23,998810.1352913347,0.0,998810.1352913347,0.0,0.0,0.0,0,1.0,0.0
2017-03-24,998810.1352913347,0.0,998810.1352913347,0.0,0.0,0.0,0,1.0,0.0
2017-03-27,998810.1352913347,0.0,998810.1352913347,0.0,0.0,0.0,0,1.0,0.0
2017-03-28,998810.1352913347,0.0,998810.1352913347,0.0,0.0,0.0,0,1.0,0.0
2017-03-29,998810.1352913347,0.0,998810.1352913347,0.0,0.0,0.0,0,1.0,0.0
2017-03-30,998810.1352913347,0.0,998810.1352913347,0.0,0.0,0.0,0,1.0,0.0
2017-03-31,998810.1352913347,0.0,998810.1352913347,0.0,0.0,0.0,0,1.0,0.0
2017-04-03,998810.1352913347,0.0,998810.1352913347,0.0,0.0,0.0,0,1.0,0.0
2017-04-04,998810.1352913347,0.0,998810.1352913347,0.0,0.0,0.0,0,1.0,0.0
2017-04-05,998810.1352913347,0.0,998810.1352913347,0.0,0.0,0.0,0,1.0,0.0
2017-04-06,998810.1352913347,0.0,998810.1352913347,0.0,0.0,0.0,0,1.0,0.0
2017-04-07,998810.1352913347,0.0,998810.1352913347,0.0,0.0,0.0,0,1.0,0.0
2017-04-10,998810.1352913347,0.0,998810.1352913347,0.0,0.0,0.0,0,1.0,0.0
2017-04-11,998810.1352913347,0.0,998810.1352913347,0.0,0.0,0.0,0,1.0,0.0
2017-04-12,998810.1352913347,0.0,998810.1352913347,0.0,0.0,0.0,0,1.0,0.0
2017-04-13,998810.1352913347,0.0,998810.1352913347,0.0,0.0,0.0,0,1.0,0.0
2017-04-17,998810.1352913347,0.0,998810.1352913347,0.0,0.0,0.0,0,1.0,0.0
2017-04-18,998810.1352913347,0.0,998810.1352913347,0.0,0.0,0.0,0,1.0,0.0
2017-04-19,998810.1352913347,0.0,998810.1352913347,0.0,0.0,0.0,0,1.0,0.0
2017-04-20,998810.1352913347,0.0,998810.1352913347,0.0,0.0,0.0,0,1.0,0.0
2017-04-21,998810.1352913347,0.0,998810.1352913347,0.0,0.0,0.0,0,1.0,0.0
2017-04-24,998810.1352913347,0.0,998810.1352913347,0.0,0.0,0.0,0,1.0,0.0
2017-04-25,998810.1352913347,0.0,998810.1352913347,0.0,0.0,0.0,0,1.0,0.0
2017-04-26,998810.1352913347,0.0,998810.1352913347,0.0,0.0,0.0,0,1.0,0.0
2017-04-27,998810.1352913347,0.0,998810.1352913347,0.0,0.0,0.0,0,1.0,0.0
2017-04-28,998810.1352913347,0.0,998810.1352913347,0.0,0.0,0.0,0,1.0,0.0
2017-05-01,998810.1352913347,0.0,998810.1352913347,0.0,0.0,0.0,0,1.0,0.0
2017-05-02,998810.1352913347,0.0,998810.1352913347,0.0,0.0,0.0,0,1.0,0.0
2017-05-03,998810.1352913347,0.0,998810.1352913347,0.0,0.0,0.0,0,1.0,0.0
2017-05-04,998810.1352913347,0.0,998810.1352913347,0.0,0.0,0.0,0,1.0,0.0
2017-05-05,998810.1352913347,0.0,998810.1352913347,0.0,0.0,0.0,0,1.0,0.0
2017-05-08,998810.1352913347,0.0,998810.1352913347,0.0,0.0,0.0,0,1.0,0.0
2017-05-09,998810.1352913347,0.0,998810.1352913347,0.0,0.0,0.0,0,1.0,0.0
2017-05-10,998810.1352913347,0.0,998810.1352913347,0.0,0.0,0.0,0,1.0,0.0
2017-05-11,998810.1352913347,0.0,998810.1352913347,0.0,0.0,0.0,0,1.0,0.0
2017-05-12,998810.1352913347,0.0,998810.1352913347,0.0,0.0,0.0,0,1.0,0.0
2017-05-15,998810.1352913347,0.0,998810.1352913347,0.0,0.0,0.0,0,1.0,0.0
2017-05-16,998810.1352913347,0.0,998810.1352913347,0.0,0.0,0.0,0,1.0,0.0
2017-05-17,998810.1352913347,0.0,998810.1352913347,0.0,0.0,0.0,0,1.0,0.0
2017-05-18,998810.1352913347,0.0,998810.1352913347,0.0,0.0,0.0,0,1.0,0.0
2017-05-19,998810.1352913347,0.0,998810.1352913347,0.0,0.0,0.0,0,1.0,0.0
2017-05-22,998810.1352913347,0.0,998810.1352913347,0.0,0.0,0.0,0,1.0,0.0
2017-05-23,998810.1352913347,0.0,998810.1352913347,0.0,0.0,0.0,0,1.0,0.0
2017-05-24,998810.1352913347,0.0,998810.1352913347,0.0,0.0,0.0,0,1.0,0.0
2017-05-25,998810.1352913347,0.0,998810.1352913347,0.0,0.0,0.0,0,1.0,0.0
2017-05-26,998810.1352913347,0.0,998810.1352913347,0.0,0.0,0.0,0,1.0,0.0
2017-05-30,998810.1352913347,0.0,998810.1352913347,0.0,0.0,0.0,0,1.0,0.0
2017-05-31,998810.1352913347,0.0,998810.1352913347,0.0,0.0,0.0,0,1.0,0.0
2017-06-01,998810.1352913347,0.0,998810.1352913347,0.0,0.0,0.0,0,1.0,0.0
2017-06-02,998810.1352913347,0.0,998810.1352913347,0.0,0.0,0.0,0,1.0,0.0
2017-06-05,998810.1352913347,0.0,998810.1352913347,0.0,0.0,0.0,0,1.0,0.0
2017-06-06,998810.1352913347,0.0,998810.1352913347,0.0,0.0,0.0,0,1.0,0.0
2017-06-07,998810.1352913347,0.0,998810.1352913347,0.0,0.0,0.0,0,1.0,0.0
2017-06-08,998810.1352913347,0.0,998810.1352913347,0.0,0.0,0.0,0,1.0,0.0
2017-06-09,998810.1352913347,0.0,998810.1352913347,0.0,0.0,0.0,0,1.0,0.0
2017-06-12,998810.1352913347,0.0,998810.1352913347,0.0,0.0,0.0,0,1.0,0.0
2017-06-13,998810.1352913347,0.0,998810.1352913347,0.0,0.0,0.0,0,1.0,0.0
2017-06-14,998810.1352913347,0.0,998810.1352913347,0.0,0.0,0.0,0,1.0,0.0
2017-06-15,998810.1352913347,0.0,998810.1352913347,0.0,0.0,0.0,0,1.0,0.0
2017-06-16,998810.1352913347,0.0,998810.1352913347,0.0,0.0,0.0,0,1.0,0.0
2017-06-19,998810.1352913347,0.0,998810.1352913347,0.0,0.0,0.0,0,1.0,0.0
2017-06-20,998810.1352913347,0.0,998810.1352913347,0.0,0.0,0.0,0,1.0,0.0
2017-06-21,998810.1352913347,0.0,998810.1352913347,0.0,0.0,0.0,0,1.0,0.0
2017-06-22,998810.1352913347,0.0,998810.1352913347,0.0,0.0,0.0,0,1.0,0.0
2017-06-23,998810.1352913347,0.0,998810.1352913347,0.0,0.0,0.0,0,1.0,0.0
2017-06-26,998810.1352913347,0.0,998810.1352913347,0.0,0.0,0.0,0,1.0,0.0
2017-06-27,998810.1352913347,0.0,998810.1352913347,0.0,0.0,0.0,0,1.0,0.0
2017-06-28,998810.1352913347,0.0,998810.1352913347,0.0,0.0,0.0,0,1.0,0.0
2017-06-29,998810.1352913347,0.0,998810.1352913347,0.0,0.0,0.0,0,1.0,0.0
2017-06-30,998810.1352913347,0.0,998810.1352913347,0.0,0.0,0.0,0,1.0,0.0
2017-07-03,998810.1352913347,0.0,998810.1352913347,0.0,0.0,0.0,0,1.0,0.0
2017-07-05,998810.1352913347,0.0,998810.1352913347,0.0,0.0,0.0,0,1.0,0.0
2017-07-06,998810.1352913347,0.0,998810.1352913347,0.0,0.0,0.0,0,1.0,0.0
2017-07-07,998810.1352913347,0.0,998810.1352913347,0.0,0.0,0.0,0,1.0,0.0
2017-07-10,998810.1352913347,0.0,998810.1352913347,0.0,0.0,0.0,0,1.0,0.0
2017-07-11,998810.1352913347,0.0,998810.1352913347,0.0,0.0,0.0,0,1.0,0.0
2017-07-12,998810.1352913347,0.0,998810.1352913347,0.0,0.0,0.0,0,1.0,0.0
2017-07-13,998810.1352913347,0.0,998810.1352913347,0.0,0.0,0.0,0,1.0,0.0
2017-07-14,998810.1352913347,0.0,998810.1352913347,0.0,0.0,0.0,0,1.0,0.0
2017-07-17,998810.1352913347,0.0,998810.1352913347,0.0,0.0,0.0,0,1.0,0.0
2017-07-18,998810.1352913347,0.0,998810.1352913347,0.0,0.0,0.0,0,1.0,0.0
2017-07-19,998810.1352913347,0.0,998810.1352913347,0.0,0.0,0.0,0,1.0,0.0
2017-07-20,998810.1352913347,0.0,998810.1352913347,0.0,0.0,0.0,0,1.0,0.0
2017-07-21,998810.1352913347,0.0,998810.1352913347,0.0,0.0,0.0,0,1.0,0.0
2017-07-24,998810.1352913347,0.0,998810.1352913347,0.0,0.0,0.0,0,1.0,0.0
2017-07-25,998810.1352913347,0.0,998810.1352913347,0.0,0.0,0.0,0,1.0,0.0
2017-07-26,998810.1352913347,0.0,998810.1352913347,0.0,0.0,0.0,0,1.0,0.0
2017-07-27,998810.1352913347,0.0,998810.1352913347,0.0,0.0,0.0,0,1.0,0.0
2017-07-28,998810.1352913347,0.0,998810.1352913347,0.0,0.0,0.0,0,1.0,0.0
2017-07-31,998810.1352913347,0.0,998810.1352913347,0.0,0.0,0.0,0,1.0,0.0
2017-08-01,998810.1352913347,0.0,998810.1352913347,0.0,0.0,0.0,0,1.0,0.0
2017-08-02,998810.1352913347,0.0,998810.1352913347,0.0,0.0,0.0,0,1.0,0.0
2017-08-03,998810.1352913347,0.0,998810.1352913347,0.0,0.0,0.0,0,1.0,0.0
2017-08-04,998810.1352913347,0.0,998810.1352913347,0.0,0.0,0.0,0,1.0,0.0
2017-08-07,998810.1352913347,0.0,998810.1352913347,0.0,0.0,0.0,0,1.0,0.0
2017-08-08,998810.1352913347,0.0,998810.1352913347,0.0,0.0,0.0,0,1.0,0.0
2017-08-09,998810.1352913347,0.0,998810.1352913347,0.0,0.0,0.0,0,1.0,0.0
2017-08-10,998810.1352913347,0.0,998810.1352913347,0.0,0.0,0.0,0,1.0,0.0
2017-08-11,998810.1352913347,0.0,998810.1352913347,0.0,0.0,0.0,0,1.0,0.0
2017-08-14,998810.1352913347,0.0,998810.1352913347,0.0,0.0,0.0,0,1.0,0.0
2017-08-15,998810.1352913347,0.0,998810.1352913347,0.0,0.0,0.0,0,1.0,0.0
2017-08-16,998810.1352913347,0.0,998810.1352913347,0.0,0.0,0.0,0,1.0,0.0
2017-08-17,998810.1352913347,0.0,998810.1352913347,0.0,0.0,0.0,0,1.0,0.0
2017-08-18,998810.1352913347,0.0,998810.1352913347,0.0,0.0,0.0,0,1.0,0.0
2017-08-21,998810.1352913347,0.0,998810.1352913347,0.0,0.0,0.0,0,1.0,0.0
2017-08-22,998810.1352913347,0.0,998810.1352913347,0.0,0.0,0.0,0,1.0,0.0
2017-08-23,998810.1352913347,0.0,998810.1352913347,0.0,0.0,0.0,0,1.0,0.0
2017-08-24,998810.1352913347,0.0,998810.1352913347,0.0,0.0,0.0,0,1.0,0.0
2017-08-25,998810.1352913347,0.0,998810.1352913347,0.0,0.0,0.0,0,1.0,0.0
2017-08-28,998810.1352913347,0.0,998810.1352913347,0.0,0.0,0.0,0,1.0,0.0
2017-08-29,998810.1352913347,0.0,998810.1352913347,0.0,0.0,0.0,0,1.0,0.0
2017-08-30,998810.1352913347,0.0,998810.1352913347,0.0,0.0,0.0,0,1.0,0.0
2017-08-31,998810.1352913347,0.0,998810.1352913347,0.0,0.0,0.0,0,1.0,0.0
2017-09-01,998810.1352913347,0.0,998810.1352913347,0.0,0.0,0.0,0,1.0,0.0
2017-09-05,998810.1352913347,0.0,998810.1352913347,0.0,0.0,0.0,0,1.0,0.0
2017-09-06,998810.1352913347,0.0,998810.1352913347,0.0,0.0,0.0,0,1.0,0.0
2017-09-07,998810.1352913347,0.0,998810.1352913347,0.0,0.0,0.0,0,1.0,0.0
2017-09-08,998810.1352913347,0.0,998810.1352913347,0.0,0.0,0.0,0,1.0,0.0
2017-09-11,998810.1352913347,0.0,998810.1352913347,0.0,0.0,0.0,0,1.0,0.0
2017-09-12,998810.1352913347,0.0,998810.1352913347,0.0,0.0,0.0,0,1.0,0.0
2017-09-13,998810.1352913347,0.0,998810.1352913347,0.0,0.0,0.0,0,1.0,0.0
2017-09-14,998810.1352913347,0.0,998810.1352913347,0.0,0.0,0.0,0,1.0,0.0
2017-09-15,998810.1352913347,0.0,998810.1352913347,0.0,0.0,0.0,0,1.0,0.0
2017-09-18,998810.1352913347,0.0,998810.1352913347,0.0,0.0,0.0,0,1.0,0.0
2017-09-19,998810.1352913347,0.0,998810.1352913347,0.0,0.0,0.0,0,1.0,0.0
2017-09-20,998810.1352913347,0.0,998810.1352913347,0.0,0.0,0.0,0,1.0,0.0
2017-09-21,998810.1352913347,0.0,998810.1352913347,0.0,0.0,0.0,0,1.0,0.0
2017-09-22,998810.1352913347,0.0,998810.1352913347,0.0,0.0,0.0,0,1.0,0.0
2017-09-25,998810.1352913347,0.0,998810.1352913347,0.0,0.0,0.0,0,1.0,0.0
2017-09-26,998810.1352913347,0.0,998810.1352913347,0.0,0.0,0.0,0,1.0,0.0
2017-09-27,998810.1352913347,0.0,998810.1352913347,0.0,0.0,0.0,0,1.0,0.0
2017-09-28,998810.1352913347,0.0,998810.1352913347,0.0,0.0,0.0,0,1.0,0.0
2017-09-29,998810.1352913347,0.0,998810.1352913347,0.0,0.0,0.0,0,1.0,0.0
2017-10-02,998810.1352913347,0.0,998810.1352913347,0.0,0.0,0.0,0,1.0,0.0
2017-10-03,998810.1352913347,0.0,998810.1352913347,0.0,0.0,0.0,0,1.0,0.0
2017-10-04,998810.1352913347,0.0,998810.1352913347,0.0,0.0,0.0,0,1.0,0.0
2017-10-05,998810.1352913347,0.0,998810.1352913347,0.0,0.0,0.0,0,1.0,0.0
2017-10-06,998810.1352913347,0.0,998810.1352913347,0.0,0.0,0.0,0,1.0,0.0
2017-10-09,998810.1352913347,0.0,998810.1352913347,0.0,0.0,0.0,0,1.0,0.0
2017-10-10,998810.1352913347,0.0,998810.1352913347,0.0,0.0,0.0,0,1.0,0.0
2017-10-11,998810.1352913347,0.0,998810.1352913347,0.0,0.0,0.0,0,1.0,0.0
2017-10-12,998810.1352913347,0.0,998810.1352913347,0.0,0.0,0.0,0,1.0,0.0
2017-10-13,998810.1352913347,0.0,998810.1352913347,0.0,0.0,0.0,0,1.0,0.0
2017-10-16,998810.1352913347,0.0,998810.1352913347,0.0,0.0,0.0,0,1.0,0.0
2017-10-17,998810.1352913347,0.0,998810.1352913347,0.0,0.0,0.0,0,1.0,0.0
2017-10-18,998810.1352913347,0.0,998810.1352913347,0.0,0.0,0.0,0,1.0,0.0
2017-10-19,998810.1352913347,0.0,998810.1352913347,0.0,0.0,0.0,0,1.0,0.0
2017-10-20,998810.1352913347,0.0,998810.1352913347,0.0,0.0,0.0,0,1.0,0.0
2017-10-23,998810.1352913347,0.0,998810.1352913347,0.0,0.0,0.0,0,1.0,0.0
2017-10-24,998810.1352913347,0.0,998810.1352913347,0.0,0.0,0.0,0,1.0,0.0
2017-10-25,998810.1352913347,0.0,998810.1352913347,0.0,0.0,0.0,0,1.0,0.0
2017-10-26,998810.1352913347,0.0,998810.1352913347,0.0,0.0,0.0,0,1.0,0.0
2017-10-27,998810.1352913347,0.0,998810.1352913347,0.0,0.0,0.0,0,1.0,0.0
2017-10-30,998810.1352913347,0.0,998810.1352913347,0.0,0.0,0.0,0,1.0,0.0
2017-10-31,998810.1352913347,0.0,998810.1352913347,0.0,0.0,0.0,0,1.0,0.0
2017-11-01,998810.1352913347,0.0,998810.1352913347,0.0,0.0,0.0,0,1.0,0.0
2017-11-02,998810.1352913347,0.0,998810.1352913347,0.0,0.0,0.0,0,1.0,0.0
2017-11-03,998810.1352913347,0.0,998810.1352913347,0.0,0.0,0.0,0,1.0,0.0
2017-11-06,998810.1352913347,0.0,998810.1352913347,0.0,0.0,0.0,0,1.0,0.0
2017-11-07,998810.1352913347,0.0,998810.1352913347,0.0,0.0,0.0,0,1.0,0.0
2017-11-08,998810.1352913347,0.0,998810.1352913347,0.0,0.0,0.0,0,1.0,0.0
2017-11-09,998810.1352913347,0.0,998810.1352913347,0.0,0.0,0.0,0,1.0,0.0
2017-11-10,998810.1352913347,0.0,998810.1352913347,0.0,0.0,0.0,0,1.0,0.0
2017-11-13,998810.1352913347,0.0,998810.1352913347,0.0,0.0,0.0,0,1.0,0.0
2017-11-14,998810.1352913347,0.0,998810.1352913347,0.0,0.0,0.0,0,1.0,0.0
2017-11-15,998810.1352913347,0.0,998810.1352913347,0.0,0.0,0.0,0,1.0,0.0
2017-11-16,998810.1352913347,0.0,998810.1352913347,0.0,0.0,0.0,0,1.0,0.0
2017-11-17,998810.1352913347,0.0,998810.1352913347,0.0,0.0,0.0,0,1.0,0.0
2017-11-20,998810.1352913347,0.0,998810.1352913347,0.0,0.0,0.0,0,1.0,0.0
2017-11-21,998810.1352913347,0.0,998810.1352913347,0.0,0.0,0.0,0,1.0,0.0
2017-11-22,998810.1352913347,0.0,998810.1352913347,0.0,0.0,0.0,0,1.0,0.0
2017-11-24,998810.1352913347,0.0,998810.1352913347,0.0,0.0,0.0,0,1.0,0.0
2017-11-27,998810.1352913347,0.0,998810.1352913347,0.0,0.0,0.0,0,1.0,0.0
2017-11-28,998810.1352913347,0.0,998810.1352913347,0.0,0.0,0.0,0,1.0,0.0
2017-11-29,998810.1352913347,0.0,998810.1352913347,0.0,0.0,0.0,0,1.0,0.0
2017-11-30,998810.1352913347,0.0,998810.1352913347,0.0,0.0,0.0,0,1.0,0.0
2017-12-01,998810.1352913347,0.0,998810.1352913347,0.0,0.0,0.0,0,1.0,0.0
2017-12-04,998810.1352913347,0.0,998810.1352913347,0.0,0.0,0.0,0,1.0,0.0
2017-12-05,998810.1352913347,0.0,998810.1352913347,0.0,0.0,0.0,0,1.0,0.0
2017-12-06,998810.1352913347,0.0,998810.1352913347,0.0,0.0,0.0,0,1.0,0.0
2017-12-07,998810.1352913347,0.0,998810.1352913347,0.0,0.0,0.0,0,1.0,0.0
2017-12-08,998810.1352913347,0.0,998810.1352913347,0.0,0.0,0.0,0,1.0,0.0
2017-12-11,998810.1352913347,0.0,998810.1352913347,0.0,0.0,0.0,0,1.0,0.0
2017-12-12,998810.1352913347,0.0,998810.1352913347,0.0,0.0,0.0,0,1.0,0.0
2017-12-13,998810.1352913347,0.0,998810.1352913347,0.0,0.0,0.0,0,1.0,0.0
2017-12-14,998810.1352913347,0.0,998810.1352913347,0.0,0.0,0.0,0,1.0,0.0
2017-12-15,998810.1352913347,0.0,998810.1352913347,0.0,0.0,0.0,0,1.0,0.0
2017-12-18,998810.1352913347,0.0,998810.1352913347,0.0,0.0,0.0,0,1.0,0.0
2017-12-19,998810.1352913347,0.0,998810.1352913347,0.0,0.0,0.0,0,1.0,0.0
2017-12-20,998810.1352913347,0.0,998810.1352913347,0.0,0.0,0.0,0,1.0,0.0
2017-12-21,998810.1352913347,0.0,998810.1352913347,0.0,0.0,0.0,0,1.0,0.0
2017-12-22,998810.1352913347,0.0,998810.1352913347,0.0,0.0,0.0,0,1.0,0.0
2017-12-26,998810.1352913347,0.0,998810.1352913347,0.0,0.0,0.0,0,1.0,0.0
2017-12-27,998810.1352913347,0.0,998810.1352913347,0.0,0.0,0.0,0,1.0,0.0
2017-12-28,998810.1352913347,0.0,998810.1352913347,0.0,0.0,0.0,0,1.0,0.0
2017-12-29,998810.1352913347,0.0,998810.1352913347,0.0,0.0,0.0,0,1.0,0.0
2018-01-02,998810.1352913347,0.0,998810.1352913347,0.0,0.0,0.0,0,1.0,0.0
2018-01-03,998810.1352913347,0.0,998810.1352913347,0.0,0.0,0.0,0,1.0,0.0
2018-01-04,998810.1352913347,0.0,998810.1352913347,0.0,0.0,0.0,0,1.0,0.0
2018-01-05,998810.1352913347,0.0,998810.1352913347,0.0,0.0,0.0,0,1.0,0.0
2018-01-08,998810.1352913347,0.0,998810.1352913347,0.0,0.0,0.0,0,1.0,0.0
2018-01-09,998810.1352913347,0.0,998810.1352913347,0.0,0.0,0.0,0,1.0,0.0
2018-01-10,998810.1352913347,0.0,998810.1352913347,0.0,0.0,0.0,0,1.0,0.0
2018-01-11,998810.1352913347,0.0,998810.1352913347,0.0,0.0,0.0,0,1.0,0.0
2018-01-12,998810.1352913347,0.0,998810.1352913347,0.0,0.0,0.0,0,1.0,0.0
2018-01-16,998810.1352913347,0.0,998810.1352913347,0.0,0.0,0.0,0,1.0,0.0
2018-01-17,998810.1352913347,0.0,998810.1352913347,0.0,0.0,0.0,0,1.0,0.0
2018-01-18,998810.1352913347,0.0,998810.1352913347,0.0,0.0,0.0,0,1.0,0.0
2018-01-19,998810.1352913347,0.0,998810.1352913347,0.0,0.0,0.0,0,1.0,0.0
2018-01-22,998810.1352913347,0.0,998810.1352913347,0.0,0.0,0.0,0,1.0,0.0
2018-01-23,998810.1352913347,0.0,998810.1352913347,0.0,0.0,0.0,0,1.0,0.0
2018-01-24,998810.1352913347,0.0,998810.1352913347,0.0,0.0,0.0,0,1.0,0.0
2018-01-25,998810.1352913347,0.0,998810.1352913347,0.0,0.0,0.0,0,1.0,0.0
2018-01-26,998810.1352913347,0.0,998810.1352913347,0.0,0.0,0.0,0,1.0,0.0
2018-01-29,998810.1352913347,0.0,998810.1352913347,0.0,0.0,0.0,0,1.0,0.0
2018-01-30,998810.1352913347,0.0,998810.1352913347,0.0,0.0,0.0,0,1.0,0.0
2018-01-31,998810.1352913347,0.0,998810.1352913347,0.0,0.0,0.0,0,1.0,0.0
2018-02-01,998810.1352913347,0.0,998810.1352913347,0.0,0.0,0.0,0,1.0,0.0
2018-02-02,998810.1352913347,0.0,998810.1352913347,0.0,0.0,0.0,0,1.0,0.0
2018-02-05,998810.1352913347,0.0,998810.1352913347,0.0,0.0,0.0,0,1.0,0.0
2018-02-06,998810.1352913347,0.0,998810.1352913347,0.0,0.0,0.0,0,1.0,0.0
2018-02-07,998810.1352913347,0.0,998810.1352913347,0.0,0.0,0.0,0,1.0,0.0
2018-02-08,998810.1352913347,0.0,998810.1352913347,0.0,0.0,0.0,0,1.0,0.0
2018-02-09,998810.1352913347,0.0,998810.1352913347,0.0,0.0,0.0,0,1.0,0.0
2018-02-12,998810.1352913347,0.0,998810.1352913347,0.0,0.0,0.0,0,1.0,0.0
2018-02-13,998810.1352913347,0.0,998810.1352913347,0.0,0.0,0.0,0,1.0,0.0
2018-02-14,998810.1352913347,0.0,998810.1352913347,0.0,0.0,0.0,0,1.0,0.0
2018-02-15,998810.1352913347,0.0,998810.1352913347,0.0,0.0,0.0,0,1.0,0.0
2018-02-16,998810.1352913347,0.0,998810.1352913347,0.0,0.0,0.0,0,1.0,0.0
2018-02-20,998810.1352913347,0.0,998810.1352913347,0.0,0.0,0.0,0,1.0,0.0
2018-02-21,998810.1352913347,0.0,998810.1352913347,0.0,0.0,0.0,0,1.0,0.0
2018-02-22,998810.1352913347,0.0,998810.1352913347,0.0,0.0,0.0,0,1.0,0.0
2018-02-23,998810.1352913347,0.0,998810.1352913347,0.0,0.0,0.0,0,1.0,0.0
2018-02-26,998810.1352913347,0.0,998810.1352913347,0.0,0.0,0.0,0,1.0,0.0
2018-02-27,998810.1352913347,0.0,998810.1352913347,0.0,0.0,0.0,0,1.0,0.0
2018-02-28,998810.1352913347,0.0,998810.1352913347,0.0,0.0,0.0,0,1.0,0.0
2018-03-01,998810.1352913347,0.0,998810.1352913347,0.0,0.0,0.0,0,1.0,0.0
2018-03-02,998810.1352913347,0.0,998810.1352913347,0.0,0.0,0.0,0,1.0,0.0
2018-03-05,998810.1352913347,0.0,998810.1352913347,0.0,0.0,0.0,0,1.0,0.0
2018-03-06,998810.1352913347,0.0,998810.1352913347,0.0,0.0,0.0,0,1.0,0.0
2018-03-07,998810.1352913347,0.0,998810.1352913347,0.0,0.0,0.0,0,1.0,0.0
2018-03-08,998810.1352913347,0.0,998810.1352913347,0.0,0.0,0.0,0,1.0,0.0
2018-03-09,998810.1352913347,0.0,998810.1352913347,0.0,0.0,0.0,0,1.0,0.0
2018-03-12,998810.1352913347,0.0,998810.1352913347,0.0,0.0,0.0,0,1.0,0.0
2018-03-13,998810.1352913347,0.0,998810.1352913347,0.0,0.0,0.0,0,1.0,0.0
2018-03-14,998810.1352913347,0.0,998810.1352913347,0.0,0.0,0.0,0,1.0,0.0
2018-03-15,998810.1352913347,0.0,998810.1352913347,0.0,0.0,0.0,0,1.0,0.0
2018-03-16,998810.1352913347,0.0,998810.1352913347,0.0,0.0,0.0,0,1.0,0.0
2018-03-19,998810.1352913347,0.0,998810.1352913347,0.0,0.0,0.0,0,1.0,0.0
2018-03-20,998810.1352913347,0.0,998810.1352913347,0.0,0.0,0.0,0,1.0,0.0
2018-03-21,998810.1352913347,0.0,998810.1352913347,0.0,0.0,0.0,0,1.0,0.0
2018-03-22,998810.1352913347,0.0,998810.1352913347,0.0,0.0,0.0,0,1.0,0.0
2018-03-23,998810.1352913347,0.0,998810.1352913347,0.0,0.0,0.0,0,1.0,0.0
2018-03-26,998810.1352913347,0.0,998810.1352913347,0.0,0.0,0.0,0,1.0,0.0
2018-03-27,998810.1352913347,0.0,998810.1352913347,0.0,0.0,0.0,0,1.0,0.0
2018-03-28,998810.1352913347,0.0,998810.1352913347,0.0,0.0,0.0,0,1.0,0.0
2018-03-29,998810.1352913347,0.0,998810.1352913347,0.0,0.0,0.0,0,1.0,0.0
2018-04-02,998810.1352913347,0.0,998810.1352913347,0.0,0.0,0.0,0,1.0,0.0
2018-04-03,998810.1352913347,0.0,998810.1352913347,0.0,0.0,0.0,0,1.0,0.0
2018-04-04,998810.1352913347,0.0,998810.1352913347,0.0,0.0,0.0,0,1.0,0.0
2018-04-05,998810.1352913347,0.0,998810.1352913347,0.0,0.0,0.0,0,1.0,0.0
2018-04-06,998810.1352913347,0.0,998810.1352913347,0.0,0.0,0.0,0,1.0,0.0
2018-04-09,998810.1352913347,0.0,998810.1352913347,0.0,0.0,0.0,0,1.0,0.0
2018-04-10,998810.1352913347,0.0,998810.1352913347,0.0,0.0,0.0,0,1.0,0.0
2018-04-11,998810.1352913347,0.0,998810.1352913347,0.0,0.0,0.0,0,1.0,0.0
2018-04-12,998810.1352913347,0.0,998810.1352913347,0.0,0.0,0.0,0,1.0,0.0
2018-04-13,998810.1352913347,0.0,998810.1352913347,0.0,0.0,0.0,0,1.0,0.0
2018-04-16,998810.1352913347,0.0,998810.1352913347,0.0,0.0,0.0,0,1.0,0.0
2018-04-17,998810.1352913347,0.0,998810.1352913347,0.0,0.0,0.0,0,1.0,0.0
2018-04-18,998810.1352913347,0.0,998810.1352913347,0.0,0.0,0.0,0,1.0,0.0
2018-04-19,998810.1352913347,0.0,998810.1352913347,0.0,0.0,0.0,0,1.0,0.0
2018-04-20,998810.1352913347,0.0,998810.1352913347,0.0,0.0,0.0,0,1.0,0.0
2018-04-23,998810.1352913347,0.0,998810.1352913347,0.0,0.0,0.0,0,1.0,0.0
2018-04-24,998810.1352913347,0.0,998810.1352913347,0.0,0.0,0.0,0,1.0,0.0
2018-04-25,998810.1352913347,0.0,998810.1352913347,0.0,0.0,0.0,0,1.0,0.0
2018-04-26,998810.1352913347,0.0,998810.1352913347,0.0,0.0,0.0,0,1.0,0.0
2018-04-27,998810.1352913347,0.0,998810.1352913347,0.0,0.0,0.0,0,1.0,0.0
2018-04-30,998810.1352913347,0.0,998810.1352913347,0.0,0.0,0.0,0,1.0,0.0
2018-05-01,998810.1352913347,0.0,998810.1352913347,0.0,0.0,0.0,0,1.0,0.0
2018-05-02,998810.1352913347,0.0,998810.1352913347,0.0,0.0,0.0,0,1.0,0.0
2018-05-03,998810.1352913347,0.0,998810.1352913347,0.0,0.0,0.0,0,1.0,0.0
2018-05-04,998810.1352913347,0.0,998810.1352913347,0.0,0.0,0.0,0,1.0,0.0
2018-05-07,998810.1352913347,0.0,998810.1352913347,0.0,0.0,0.0,0,1.0,0.0
2018-05-08,998810.1352913347,0.0,998810.1352913347,0.0,0.0,0.0,0,1.0,0.0
2018-05-09,998810.1352913347,0.0,998810.1352913347,0.0,0.0,0.0,0,1.0,0.0
2018-05-10,998810.1352913347,0.0,998810.1352913347,0.0,0.0,0.0,0,1.0,0.0
2018-05-11,998810.1352913347,0.0,998810.1352913347,0.0,0.0,0.0,0,1.0,0.0
2018-05-14,998810.1352913347,0.0,998810.1352913347,0.0,0.0,0.0,0,1.0,0.0
2018-05-15,998810.1352913347,0.0,998810.1352913347,0.0,0.0,0.0,0,1.0,0.0
2018-05-16,998810.1352913347,0.0,998810.1352913347,0.0,0.0,0.0,0,1.0,0.0
2018-05-17,998810.1352913347,0.0,998810.1352913347,0.0,0.0,0.0,0,1.0,0.0
2018-05-18,998810.1352913347,0.0,998810.1352913347,0.0,0.0,0.0,0,1.0,0.0
2018-05-21,998810.1352913347,0.0,998810.1352913347,0.0,0.0,0.0,0,1.0,0.0
2018-05-22,998810.1352913347,0.0,998810.1352913347,0.0,0.0,0.0,0,1.0,0.0
2018-05-23,998810.1352913347,0.0,998810.1352913347,0.0,0.0,0.0,0,1.0,0.0
2018-05-24,998810.1352913347,0.0,998810.1352913347,0.0,0.0,0.0,0,1.0,0.0
2018-05-25,998810.1352913347,0.0,998810.1352913347,0.0,0.0,0.0,0,1.0,0.0
2018-05-29,998810.1352913347,0.0,998810.1352913347,0.0,0.0,0.0,0,1.0,0.0
2018-05-30,998810.1352913347,0.0,998810.1352913347,0.0,0.0,0.0,0,1.0,0.0
2018-05-31,998810.1352913347,0.0,998810.1352913347,0.0,0.0,0.0,0,1.0,0.0
2018-06-01,998810.1352913347,0.0,998810.1352913347,0.0,0.0,0.0,0,1.0,0.0
2018-06-04,998810.1352913347,0.0,998810.1352913347,0.0,0.0,0.0,0,1.0,0.0
2018-06-05,998810.1352913347,0.0,998810.1352913347,0.0,0.0,0.0,0,1.0,0.0
2018-06-06,998810.1352913347,0.0,998810.1352913347,0.0,0.0,0.0,0,1.0,0.0
2018-06-07,998810.1352913347,0.0,998810.1352913347,0.0,0.0,0.0,0,1.0,0.0
2018-06-08,998810.1352913347,0.0,998810.1352913347,0.0,0.0,0.0,0,1.0,0.0
2018-06-11,998810.1352913347,0.0,998810.1352913347,0.0,0.0,0.0,0,1.0,0.0
2018-06-12,998810.1352913347,0.0,998810.1352913347,0.0,0.0,0.0,0,1.0,0.0
2018-06-13,998810.1352913347,0.0,998810.1352913347,0.0,0.0,0.0,0,1.0,0.0
2018-06-14,998810.1352913347,0.0,998810.1352913347,0.0,0.0,0.0,0,1.0,0.0
2018-06-15,998810.1352913347,0.0,998810.1352913347,0.0,0.0,0.0,0,1.0,0.0
2018-06-18,998810.1352913347,0.0,998810.1352913347,0.0,0.0,0.0,0,1.0,0.0
2018-06-19,998810.1352913347,0.0,998810.1352913347,0.0,0.0,0.0,0,1.0,0.0
2018-06-20,998810.1352913347,0.0,998810.1352913347,0.0,0.0,0.0,0,1.0,0.0
2018-06-21,998810.1352913347,0.0,998810.1352913347,0.0,0.0,0.0,0,1.0,0.0
2018-06-22,998810.1352913347,0.0,998810.1352913347,0.0,0.0,0.0,0,1.0,0.0
2018-06-25,998810.1352913347,0.0,998810.1352913347,0.0,0.0,0.0,0,1.0,0.0
2018-06-26,998810.1352913347,0.0,998810.1352913347,0.0,0.0,0.0,0,1.0,0.0
2018-06-27,998810.1352913347,0.0,998810.1352913347,0.0,0.0,0.0,0,1.0,0.0
2018-06-28,998810.1352913347,0.0,998810.1352913347,0.0,0.0,0.0,0,1.0,0.0
2018-06-29,998810.1352913347,0.0,998810.1352913347,0.0,0.0,0.0,0,1.0,0.0
2018-07-02,998810.1352913347,0.0,998810.1352913347,0.0,0.0,0.0,0,1.0,0.0
2018-07-03,998810.1352913347,0.0,998810.1352913347,0.0,0.0,0.0,0,1.0,0.0
2018-07-05,998810.1352913347,0.0,998810.1352913347,0.0,0.0,0.0,0,1.0,0.0
2018-07-06,998810.1352913347,0.0,998810.1352913347,0.0,0.0,0.0,0,1.0,0.0
2018-07-09,998810.1352913347,0.0,998810.1352913347,0.0,0.0,0.0,0,1.0,0.0
2018-07-10,998810.1352913347,0.0,998810.1352913347,0.0,0.0,0.0,0,1.0,0.0
2018-07-11,998810.1352913347,0.0,998810.1352913347,0.0,0.0,0.0,0,1.0,0.0
2018-07-12,998810.1352913347,0.0,998810.1352913347,0.0,0.0,0.0,0,1.0,0.0
2018-07-13,998810.1352913347,0.0,998810.1352913347,0.0,0.0,0.0,0,1.0,0.0
2018-07-16,998810.1352913347,0.0,998810.1352913347,0.0,0.0,0.0,0,1.0,0.0
2018-07-17,998810.1352913347,0.0,998810.1352913347,0.0,0.0,0.0,0,1.0,0.0
2018-07-18,998810.1352913347,0.0,998810.1352913347,0.0,0.0,0.0,0,1.0,0.0
2018-07-19,998810.1352913347,0.0,998810.1352913347,0.0,0.0,0.0,0,1.0,0.0
2018-07-20,998810.1352913347,0.0,998810.1352913347,0.0,0.0,0.0,0,1.0,0.0
2018-07-23,998810.1352913347,0.0,998810.1352913347,0.0,0.0,0.0,0,1.0,0.0
2018-07-24,998810.1352913347,0.0,998810.1352913347,0.0,0.0,0.0,0,1.0,0.0
2018-07-25,998810.1352913347,0.0,998810.1352913347,0.0,0.0,0.0,0,1.0,0.0
2018-07-26,998810.1352913347,0.0,998810.1352913347,0.0,0.0,0.0,0,1.0,0.0
2018-07-27,998810.1352913347,0.0,998810.1352913347,0.0,0.0,0.0,0,1.0,0.0
2018-07-30,998810.1352913347,0.0,998810.1352913347,0.0,0.0,0.0,0,1.0,0.0
2018-07-31,998810.1352913347,0.0,998810.1352913347,0.0,0.0,0.0,0,1.0,0.0
2018-08-01,998810.1352913347,0.0,998810.1352913347,0.0,0.0,0.0,0,1.0,0.0
2018-08-02,998810.1352913347,0.0,998810.1352913347,0.0,0.0,0.0,0,1.0,0.0
2018-08-03,998810.1352913347,0.0,998810.1352913347,0.0,0.0,0.0,0,1.0,0.0
2018-08-06,998810.1352913347,0.0,998810.1352913347,0.0,0.0,0.0,0,1.0,0.0
2018-08-07,998810.1352913347,0.0,998810.1352913347,0.0,0.0,0.0,0,1.0,0.0
2018-08-08,998810.1352913347,0.0,998810.1352913347,0.0,0.0,0.0,0,1.0,0.0
2018-08-09,998810.1352913347,0.0,998810.1352913347,0.0,0.0,0.0,0,1.0,0.0
2018-08-10,998810.1352913347,0.0,998810.1352913347,0.0,0.0,0.0,0,1.0,0.0
2018-08-13,998810.1352913347,0.0,998810.1352913347,0.0,0.0,0.0,0,1.0,0.0
2018-08-14,998810.1352913347,0.0,998810.1352913347,0.0,0.0,0.0,0,1.0,0.0
2018-08-15,998810.1352913347,0.0,998810.1352913347,0.0,0.0,0.0,0,1.0,0.0
2018-08-16,998810.1352913347,0.0,998810.1352913347,0.0,0.0,0.0,0,1.0,0.0
2018-08-17,998810.1352913347,0.0,998810.1352913347,0.0,0.0,0.0,0,1.0,0.0
2018-08-20,998810.1352913347,0.0,998810.1352913347,0.0,0.0,0.0,0,1.0,0.0
2018-08-21,998810.1352913347,0.0,998810.1352913347,0.0,0.0,0.0,0,1.0,0.0
2018-08-22,998810.1352913347,0.0,998810.1352913347,0.0,0.0,0.0,0,1.0,0.0
2018-08-23,998810.1352913347,0.0,998810.1352913347,0.0,0.0,0.0,0,1.0,0.0
2018-08-24,998810.1352913347,0.0,998810.1352913347,0.0,0.0,0.0,0,1.0,0.0
2018-08-27,998810.1352913347,0.0,998810.1352913347,0.0,0.0,0.0,0,1.0,0.0
2018-08-28,998810.1352913347,0.0,998810.1352913347,0.0,0.0,0.0,0,1.0,0.0
2018-08-29,998810.1352913347,0.0,998810.1352913347,0.0,0.0,0.0,0,1.0,0.0
2018-08-30,998810.1352913347,0.0,998810.1352913347,0.0,0.0,0.0,0,1.0,0.0
2018-08-31,998810.1352913347,0.0,998810.1352913347,0.0,0.0,0.0,0,1.0,0.0
2018-09-04,998810.1352913347,0.0,998810.1352913347,0.0,0.0,0.0,0,1.0,0.0
2018-09-05,998810.1352913347,0.0,998810.1352913347,0.0,0.0,0.0,0,1.0,0.0
2018-09-06,998810.1352913347,0.0,998810.1352913347,0.0,0.0,0.0,0,1.0,0.0
2018-09-07,998810.1352913347,0.0,998810.1352913347,0.0,0.0,0.0,0,1.0,0.0
2018-09-10,998810.1352913347,0.0,998810.1352913347,0.0,0.0,0.0,0,1.0,0.0
2018-09-11,998810.1352913347,0.0,998810.1352913347,0.0,0.0,0.0,0,1.0,0.0
2018-09-12,998810.1352913347,0.0,998810.1352913347,0.0,0.0,0.0,0,1.0,0.0
2018-09-13,998810.1352913347,0.0,998810.1352913347,0.0,0.0,0.0,0,1.0,0.0
2018-09-14,998810.1352913347,0.0,998810.1352913347,0.0,0.0,0.0,0,1.0,0.0
2018-09-17,998810.1352913347,0.0,998810.1352913347,0.0,0.0,0.0,0,1.0,0.0
2018-09-18,998810.1352913347,0.0,998810.1352913347,0.0,0.0,0.0,0,1.0,0.0
2018-09-19,998810.1352913347,0.0,998810.1352913347,0.0,0.0,0.0,0,1.0,0.0
2018-09-20,998810.1352913347,0.0,998810.1352913347,0.0,0.0,0.0,0,1.0,0.0
2018-09-21,998810.1352913347,0.0,998810.1352913347,0.0,0.0,0.0,0,1.0,0.0
2018-09-24,998810.1352913347,0.0,998810.1352913347,0.0,0.0,0.0,0,1.0,0.0
2018-09-25,998810.1352913347,0.0,998810.1352913347,0.0,0.0,0.0,0,1.0,0.0
2018-09-26,998810.1352913347,0.0,998810.1352913347,0.0,0.0,0.0,0,1.0,0.0
2018-09-27,998810.1352913347,0.0,998810.1352913347,0.0,0.0,0.0,0,1.0,0.0
2018-09-28,998810.1352913347,0.0,998810.1352913347,0.0,0.0,0.0,0,1.0,0.0
2018-10-01,998810.1352913347,0.0,998810.1352913347,0.0,0.0,0.0,0,1.0,0.0
2018-10-02,998810.1352913347,0.0,998810.1352913347,0.0,0.0,0.0,0,1.0,0.0
2018-10-03,998810.1352913347,0.0,998810.1352913347,0.0,0.0,0.0,0,1.0,0.0
2018-10-04,998810.1352913347,0.0,998810.1352913347,0.0,0.0,0.0,0,1.0,0.0
2018-10-05,998810.1352913347,0.0,998810.1352913347,0.0,0.0,0.0,0,1.0,0.0
2018-10-08,998810.1352913347,0.0,998810.1352913347,0.0,0.0,0.0,0,1.0,0.0
2018-10-09,998810.1352913347,0.0,998810.1352913347,0.0,0.0,0.0,0,1.0,0.0
2018-10-10,998810.1352913347,0.0,998810.1352913347,0.0,0.0,0.0,0,1.0,0.0
2018-10-11,998810.1352913347,0.0,998810.1352913347,0.0,0.0,0.0,0,1.0,0.0
2018-10-12,998810.1352913347,0.0,998810.1352913347,0.0,0.0,0.0,0,1.0,0.0
2018-10-15,998810.1352913347,0.0,998810.1352913347,0.0,0.0,0.0,0,1.0,0.0
2018-10-16,998810.1352913347,0.0,998810.1352913347,0.0,0.0,0.0,0,1.0,0.0
2018-10-17,998810.1352913347,0.0,998810.1352913347,0.0,0.0,0.0,0,1.0,0.0
2018-10-18,998810.1352913347,0.0,998810.1352913347,0.0,0.0,0.0,0,1.0,0.0
2018-10-19,998810.1352913347,0.0,998810.1352913347,0.0,0.0,0.0,0,1.0,0.0
2018-10-22,998810.1352913347,0.0,998810.1352913347,0.0,0.0,0.0,0,1.0,0.0
2018-10-23,998810.1352913347,0.0,998810.1352913347,0.0,0.0,0.0,0,1.0,0.0
2018-10-24,998810.1352913347,0.0,998810.1352913347,0.0,0.0,0.0,0,1.0,0.0
2018-10-25,998810.1352913347,0.0,998810.1352913347,0.0,0.0,0.0,0,1.0,0.0
2018-10-26,998810.1352913347,0.0,998810.1352913347,0.0,0.0,0.0,0,1.0,0.0
2018-10-29,998810.1352913347,0.0,998810.1352913347,0.0,0.0,0.0,0,1.0,0.0
2018-10-30,998810.1352913347,0.0,998810.1352913347,0.0,0.0,0.0,0,1.0,0.0
2018-10-31,998810.1352913347,0.0,998810.1352913347,0.0,0.0,0.0,0,1.0,0.0
2018-11-01,998810.1352913347,0.0,998810.1352913347,0.0,0.0,0.0,0,1.0,0.0
2018-11-02,998810.1352913347,0.0,998810.1352913347,0.0,0.0,0.0,0,1.0,0.0
2018-11-05,998810.1352913347,0.0,998810.1352913347,0.0,0.0,0.0,0,1.0,0.0
2018-11-06,998810.1352913347,0.0,998810.1352913347,0.0,0.0,0.0,0,1.0,0.0
2018-11-07,998810.1352913347,0.0,998810.1352913347,0.0,0.0,0.0,0,1.0,0.0
2018-11-08,998810.1352913347,0.0,998810.1352913347,0.0,0.0,0.0,0,1.0,0.0
2018-11-09,998810.1352913347,0.0,998810.1352913347,0.0,0.0,0.0,0,1.0,0.0
2018-11-12,998810.1352913347,0.0,998810.1352913347,0.0,0.0,0.0,0,1.0,0.0
2018-11-13,998810.1352913347,0.0,998810.1352913347,0.0,0.0,0.0,0,1.0,0.0
2018-11-14,998810.1352913347,0.0,998810.1352913347,0.0,0.0,0.0,0,1.0,0.0
2018-11-15,998810.1352913347,0.0,998810.1352913347,0.0,0.0,0.0,0,1.0,0.0
2018-11-16,998810.1352913347,0.0,998810.1352913347,0.0,0.0,0.0,0,1.0,0.0
2018-11-19,998810.1352913347,0.0,998810.1352913347,0.0,0.0,0.0,0,1.0,0.0
2018-11-20,998810.1352913347,0.0,998810.1352913347,0.0,0.0,0.0,0,1.0,0.0
2018-11-21,998810.1352913347,0.0,998810.1352913347,0.0,0.0,0.0,0,1.0,0.0
2018-11-23,998810.1352913347,0.0,998810.1352913347,0.0,0.0,0.0,0,1.0,0.0
2018-11-26,998810.1352913347,0.0,998810.1352913347,0.0,0.0,0.0,0,1.0,0.0
2018-11-27,998810.1352913347,0.0,998810.1352913347,0.0,0.0,0.0,0,1.0,0.0
2018-11-28,998810.1352913347,0.0,998810.1352913347,0.0,0.0,0.0,0,1.0,0.0
2018-11-29,998810.1352913347,0.0,998810.1352913347,0.0,0.0,0.0,0,1.0,0.0
2018-11-30,998810.1352913347,0.0,998810.1352913347,0.0,0.0,0.0,0,1.0,0.0
2018-12-03,998810.1352913347,0.0,998810.1352913347,0.0,0.0,0.0,0,1.0,0.0
2018-12-04,998810.1352913347,0.0,998810.1352913347,0.0,0.0,0.0,0,1.0,0.0
2018-12-06,998810.1352913347,0.0,998810.1352913347,0.0,0.0,0.0,0,1.0,0.0
2018-12-07,998810.1352913347,0.0,998810.1352913347,0.0,0.0,0.0,0,1.0,0.0
2018-12-10,998810.1352913347,0.0,998810.1352913347,0.0,0.0,0.0,0,1.0,0.0
2018-12-11,998810.1352913347,0.0,998810.1352913347,0.0,0.0,0.0,0,1.0,0.0
2018-12-12,998810.1352913347,0.0,998810.1352913347,0.0,0.0,0.0,0,1.0,0.0
2018-12-13,998810.1352913347,0.0,998810.1352913347,0.0,0.0,0.0,0,1.0,0.0
2018-12-14,998810.1352913347,0.0,998810.1352913347,0.0,0.0,0.0,0,1.0,0.0
2018-12-17,998810.1352913347,0.0,998810.1352913347,0.0,0.0,0.0,0,1.0,0.0
2018-12-18,998810.1352913347,0.0,998810.1352913347,0.0,0.0,0.0,0,1.0,0.0
2018-12-19,998810.1352913347,0.0,998810.1352913347,0.0,0.0,0.0,0,1.0,0.0
2018-12-20,998810.1352913347,0.0,998810.1352913347,0.0,0.0,0.0,0,1.0,0.0
2018-12-21,998810.1352913347,0.0,998810.1352913347,0.0,0.0,0.0,0,1.0,0.0
2018-12-24,998810.1352913347,0.0,998810.1352913347,0.0,0.0,0.0,0,1.0,0.0
2018-12-26,998810.1352913347,0.0,998810.1352913347,0.0,0.0,0.0,0,1.0,0.0
2018-12-27,998810.1352913347,0.0,998810.1352913347,0.0,0.0,0.0,0,1.0,0.0
2018-12-28,998810.1352913347,0.0,998810.1352913347,0.0,0.0,0.0,0,1.0,0.0
2018-12-31,998810.1352913347,0.0,998810.1352913347,0.0,0.0,0.0,0,1.0,0.0
2019-01-02,998810.1352913347,0.0,998810.1352913347,0.0,0.0,0.0,0,1.0,0.0
2019-01-03,998810.1352913347,0.0,998810.1352913347,0.0,0.0,0.0,0,1.0,0.0
2019-01-04,998810.1352913347,0.0,998810.1352913347,0.0,0.0,0.0,0,1.0,0.0
2019-01-07,998810.1352913347,0.0,998810.1352913347,0.0,0.0,0.0,0,1.0,0.0
2019-01-08,998810.1352913347,0.0,998810.1352913347,0.0,0.0,0.0,0,1.0,0.0
2019-01-09,998810.1352913347,0.0,998810.1352913347,0.0,0.0,0.0,0,1.0,0.0
2019-01-10,998810.1352913347,0.0,998810.1352913347,0.0,0.0,0.0,0,1.0,0.0
2019-01-11,998810.1352913347,0.0,998810.1352913347,0.0,0.0,0.0,0,1.0,0.0
2019-01-14,998810.1352913347,0.0,998810.1352913347,0.0,0.0,0.0,0,1.0,0.0
2019-01-15,998810.1352913347,0.0,998810.1352913347,0.0,0.0,0.0,0,1.0,0.0
2019-01-16,998810.1352913347,0.0,998810.1352913347,0.0,0.0,0.0,0,1.0,0.0
2019-01-17,998810.1352913347,0.0,998810.1352913347,0.0,0.0,0.0,0,1.0,0.0
2019-01-18,998810.1352913347,0.0,998810.1352913347,0.0,0.0,0.0,0,1.0,0.0
2019-01-22,998810.1352913347,0.0,998810.1352913347,0.0,0.0,0.0,0,1.0,0.0
2019-01-23,998810.1352913347,0.0,998810.1352913347,0.0,0.0,0.0,0,1.0,0.0
2019-01-24,998810.1352913347,0.0,998810.1352913347,0.0,0.0,0.0,0,1.0,0.0
2019-01-25,998810.1352913347,0.0,998810.1352913347,0.0,0.0,0.0,0,1.0,0.0
2019-01-28,998810.1352913347,0.0,998810.1352913347,0.0,0.0,0.0,0,1.0,0.0
2019-01-29,998810.1352913347,0.0,998810.1352913347,0.0,0.0,0.0,0,1.0,0.0
2019-01-30,998810.1352913347,0.0,998810.1352913347,0.0,0.0,0.0,0,1.0,0.0
2019-01-31,998810.1352913347,0.0,998810.1352913347,0.0,0.0,0.0,0,1.0,0.0
2019-02-01,998810.1352913347,0.0,998810.1352913347,0.0,0.0,0.0,0,1.0,0.0
2019-02-04,998810.1352913347,0.0,998810.1352913347,0.0,0.0,0.0,0,1.0,0.0
2019-02-05,998810.1352913347,0.0,998810.1352913347,0.0,0.0,0.0,0,1.0,0.0
2019-02-06,998810.1352913347,0.0,998810.1352913347,0.0,0.0,0.0,0,1.0,0.0
2019-02-07,998810.1352913347,0.0,998810.1352913347,0.0,0.0,0.0,0,1.0,0.0
2019-02-08,998810.1352913347,0.0,998810.1352913347,0.0,0.0,0.0,0,1.0,0.0
2019-02-11,998810.1352913347,0.0,998810.1352913347,0.0,0.0,0.0,0,1.0,0.0
2019-02-12,998810.1352913347,0.0,998810.1352913347,0.0,0.0,0.0,0,1.0,0.0
2019-02-13,998810.1352913347,0.0,998810.1352913347,0.0,0.0,0.0,0,1.0,0.0
2019-02-14,998810.1352913347,0.0,998810.1352913347,0.0,0.0,0.0,0,1.0,0.0
2019-02-15,998810.1352913347,0.0,998810.1352913347,0.0,0.0,0.0,0,1.0,0.0
2019-02-19,998810.1352913347,0.0,998810.1352913347,0.0,0.0,0.0,0,1.0,0.0
2019-02-20,998810.1352913347,0.0,998810.1352913347,0.0,0.0,0.0,0,1.0,0.0
2019-02-21,998810.1352913347,0.0,998810.1352913347,0.0,0.0,0.0,0,1.0,0.0
2019-02-22,998810.1352913347,0.0,998810.1352913347,0.0,0.0,0.0,0,1.0,0.0
2019-02-25,998810.1352913347,0.0,998810.1352913347,0.0,0.0,0.0,0,1.0,0.0
2019-02-26,998810.1352913347,0.0,998810.1352913347,0.0,0.0,0.0,0,1.0,0.0
2019-02-27,998810.1352913347,0.0,998810.1352913347,0.0,0.0,0.0,0,1.0,0.0
2019-02-28,998810.1352913347,0.0,998810.1352913347,0.0,0.0,0.0,0,1.0,0.0
2019-03-01,998810.1352913347,0.0,998810.1352913347,0.0,0.0,0.0,0,1.0,0.0
2019-03-04,998810.1352913347,0.0,998810.1352913347,0.0,0.0,0.0,0,1.0,0.0
2019-03-05,998810.1352913347,0.0,998810.1352913347,0.0,0.0,0.0,0,1.0,0.0
2019-03-06,998810.1352913347,0.0,998810.1352913347,0.0,0.0,0.0,0,1.0,0.0
2019-03-07,998810.1352913347,0.0,998810.1352913347,0.0,0.0,0.0,0,1.0,0.0
2019-03-08,998810.1352913347,0.0,998810.1352913347,0.0,0.0,0.0,0,1.0,0.0
2019-03-11,998810.1352913347,0.0,998810.1352913347,0.0,0.0,0.0,0,1.0,0.0
2019-03-12,998810.1352913347,0.0,998810.1352913347,0.0,0.0,0.0,0,1.0,0.0
2019-03-13,998810.1352913347,0.0,998810.1352913347,0.0,0.0,0.0,0,1.0,0.0
2019-03-14,998810.1352913347,0.0,998810.1352913347,0.0,0.0,0.0,0,1.0,0.0
2019-03-15,998810.1352913347,0.0,998810.1352913347,0.0,0.0,0.0,0,1.0,0.0
2019-03-18,998810.1352913347,0.0,998810.1352913347,0.0,0.0,0.0,0,1.0,0.0
2019-03-19,998810.1352913347,0.0,998810.1352913347,0.0,0.0,0.0,0,1.0,0.0
2019-03-20,998810.1352913347,0.0,998810.1352913347,0.0,0.0,0.0,0,1.0,0.0
2019-03-21,998810.1352913347,0.0,998810.1352913347,0.0,0.0,0.0,0,1.0,0.0
2019-03-22,998810.1352913347,0.0,998810.1352913347,0.0,0.0,0.0,0,1.0,0.0
2019-03-25,998810.1352913347,0.0,998810.1352913347,0.0,0.0,0.0,0,1.0,0.0
2019-03-26,998810.1352913347,0.0,998810.1352913347,0.0,0.0,0.0,0,1.0,0.0
2019-03-27,998810.1352913347,0.0,998810.1352913347,0.0,0.0,0.0,0,1.0,0.0
2019-03-28,998810.1352913347,0.0,998810.1352913347,0.0,0.0,0.0,0,1.0,0.0
2019-03-29,998810.1352913347,0.0,998810.1352913347,0.0,0.0,0.0,0,1.0,0.0
2019-04-01,998810.1352913347,0.0,998810.1352913347,0.0,0.0,0.0,0,1.0,0.0
2019-04-02,998810.1352913347,0.0,998810.1352913347,0.0,0.0,0.0,0,1.0,0.0
2019-04-03,998810.1352913347,0.0,998810.1352913347,0.0,0.0,0.0,0,1.0,0.0
2019-04-04,998810.1352913347,0.0,998810.1352913347,0.0,0.0,0.0,0,1.0,0.0
2019-04-05,998810.1352913347,0.0,998810.1352913347,0.0,0.0,0.0,0,1.0,0.0
2019-04-08,998810.1352913347,0.0,998810.1352913347,0.0,0.0,0.0,0,1.0,0.0
2019-04-09,998810.1352913347,0.0,998810.1352913347,0.0,0.0,0.0,0,1.0,0.0
2019-04-10,998810.1352913347,0.0,998810.1352913347,0.0,0.0,0.0,0,1.0,0.0
2019-04-11,998810.1352913347,0.0,998810.1352913347,0.0,0.0,0.0,0,1.0,0.0
2019-04-12,998810.1352913347,0.0,998810.1352913347,0.0,0.0,0.0,0,1.0,0.0
2019-04-15,998810.1352913347,0.0,998810.1352913347,0.0,0.0,0.0,0,1.0,0.0
2019-04-16,998810.1352913347,0.0,998810.1352913347,0.0,0.0,0.0,0,1.0,0.0
2019-04-17,998810.1352913347,0.0,998810.1352913347,0.0,0.0,0.0,0,1.0,0.0
2019-04-18,998810.1352913347,0.0,998810.1352913347,0.0,0.0,0.0,0,1.0,0.0
2019-04-22,998810.1352913347,0.0,998810.1352913347,0.0,0.0,0.0,0,1.0,0.0
2019-04-23,998810.1352913347,0.0,998810.1352913347,0.0,0.0,0.0,0,1.0,0.0
2019-04-24,998810.1352913347,0.0,998810.1352913347,0.0,0.0,0.0,0,1.0,0.0
2019-04-25,998810.1352913347,0.0,998810.1352913347,0.0,0.0,0.0,0,1.0,0.0
2019-04-26,998810.1352913347,0.0,998810.1352913347,0.0,0.0,0.0,0,1.0,0.0
2019-04-29,998810.1352913347,0.0,998810.1352913347,0.0,0.0,0.0,0,1.0,0.0
2019-04-30,998810.1352913347,0.0,998810.1352913347,0.0,0.0,0.0,0,1.0,0.0
2019-05-01,998810.1352913347,0.0,998810.1352913347,0.0,0.0,0.0,0,1.0,0.0
2019-05-02,998810.1352913347,0.0,998810.1352913347,0.0,0.0,0.0,0,1.0,0.0
2019-05-03,998810.1352913347,0.0,998810.1352913347,0.0,0.0,0.0,0,1.0,0.0
2019-05-06,998810.1352913347,0.0,998810.1352913347,0.0,0.0,0.0,0,1.0,0.0
2019-05-07,998810.1352913347,0.0,998810.1352913347,0.0,0.0,0.0,0,1.0,0.0
2019-05-08,998810.1352913347,0.0,998810.1352913347,0.0,0.0,0.0,0,1.0,0.0
2019-05-09,998810.1352913347,0.0,998810.1352913347,0.0,0.0,0.0,0,1.0,0.0
2019-05-10,998810.1352913347,0.0,998810.1352913347,0.0,0.0,0.0,0,1.0,0.0
2019-05-13,998810.1352913347,0.0,998810.1352913347,0.0,0.0,0.0,0,1.0,0.0
2019-05-14,998810.1352913347,0.0,998810.1352913347,0.0,0.0,0.0,0,1.0,0.0
2019-05-15,998810.1352913347,0.0,998810.1352913347,0.0,0.0,0.0,0,1.0,0.0
2019-05-16,998810.1352913347,0.0,998810.1352913347,0.0,0.0,0.0,0,1.0,0.0
2019-05-17,998810.1352913347,0.0,998810.1352913347,0.0,0.0,0.0,0,1.0,0.0
2019-05-20,998810.1352913347,0.0,998810.1352913347,0.0,0.0,0.0,0,1.0,0.0
2019-05-21,998810.1352913347,0.0,998810.1352913347,0.0,0.0,0.0,0,1.0,0.0
2019-05-22,998810.1352913347,0.0,998810.1352913347,0.0,0.0,0.0,0,1.0,0.0
2019-05-23,998810.1352913347,0.0,998810.1352913347,0.0,0.0,0.0,0,1.0,0.0
2019-05-24,998810.1352913347,0.0,998810.1352913347,0.0,0.0,0.0,0,1.0,0.0
2019-05-28,998810.1352913347,0.0,998810.1352913347,0.0,0.0,0.0,0,1.0,0.0
2019-05-29,998810.1352913347,0.0,998810.1352913347,0.0,0.0,0.0,0,1.0,0.0
2019-05-30,998810.1352913347,0.0,998810.1352913347,0.0,0.0,0.0,0,1.0,0.0
2019-05-31,998810.1352913347,0.0,998810.1352913347,0.0,0.0,0.0,0,1.0,0.0
2019-06-03,998810.1352913347,0.0,998810.1352913347,0.0,0.0,0.0,0,1.0,0.0
2019-06-04,998810.1352913347,0.0,998810.1352913347,0.0,0.0,0.0,0,1.0,0.0
2019-06-05,998810.1352913347,0.0,998810.1352913347,0.0,0.0,0.0,0,1.0,0.0
2019-06-06,998810.1352913347,0.0,998810.1352913347,0.0,0.0,0.0,0,1.0,0.0
2019-06-07,998810.1352913347,0.0,998810.1352913347,0.0,0.0,0.0,0,1.0,0.0
2019-06-10,998810.1352913347,0.0,998810.1352913347,0.0,0.0,0.0,0,1.0,0.0
2019-06-11,998810.1352913347,0.0,998810.1352913347,0.0,0.0,0.0,0,1.0,0.0
2019-06-12,998810.1352913347,0.0,998810.1352913347,0.0,0.0,0.0,0,1.0,0.0
2019-06-13,998810.1352913347,0.0,998810.1352913347,0.0,0.0,0.0,0,1.0,0.0
2019-06-14,998810.1352913347,0.0,998810.1352913347,0.0,0.0,0.0,0,1.0,0.0
2019-06-17,998810.1352913347,0.0,998810.1352913347,0.0,0.0,0.0,0,1.0,0.0
2019-06-18,998810.1352913347,0.0,998810.1352913347,0.0,0.0,0.0,0,1.0,0.0
2019-06-19,998810.1352913347,0.0,998810.1352913347,0.0,0.0,0.0,0,1.0,0.0
2019-06-20,998810.1352913347,0.0,998810.1352913347,0.0,0.0,0.0,0,1.0,0.0
2019-06-21,998810.1352913347,0.0,998810.1352913347,0.0,0.0,0.0,0,1.0,0.0
2019-06-24,998810.1352913347,0.0,998810.1352913347,0.0,0.0,0.0,0,1.0,0.0
2019-06-25,998810.1352913347,0.0,998810.1352913347,0.0,0.0,0.0,0,1.0,0.0
2019-06-26,998810.1352913347,0.0,998810.1352913347,0.0,0.0,0.0,0,1.0,0.0
2019-06-27,998810.1352913347,0.0,998810.1352913347,0.0,0.0,0.0,0,1.0,0.0
2019-06-28,998810.1352913347,0.0,998810.1352913347,0.0,0.0,0.0,0,1.0,0.0
2019-07-01,998810.1352913347,0.0,998810.1352913347,0.0,0.0,0.0,0,1.0,0.0
2019-07-02,998810.1352913347,0.0,998810.1352913347,0.0,0.0,0.0,0,1.0,0.0
2019-07-03,998810.1352913347,0.0,998810.1352913347,0.0,0.0,0.0,0,1.0,0.0
2019-07-05,998810.1352913347,0.0,998810.1352913347,0.0,0.0,0.0,0,1.0,0.0
2019-07-08,998810.1352913347,0.0,998810.1352913347,0.0,0.0,0.0,0,1.0,0.0
2019-07-09,998810.1352913347,0.0,998810.1352913347,0.0,0.0,0.0,0,1.0,0.0
2019-07-10,998810.1352913347,0.0,998810.1352913347,0.0,0.0,0.0,0,1.0,0.0
2019-07-11,998810.1352913347,0.0,998810.1352913347,0.0,0.0,0.0,0,1.0,0.0
2019-07-12,998810.1352913347,0.0,998810.1352913347,0.0,0.0,0.0,0,1.0,0.0
2019-07-15,998810.1352913347,0.0,998810.1352913347,0.0,0.0,0.0,0,1.0,0.0
2019-07-16,998810.1352913347,0.0,998810.1352913347,0.0,0.0,0.0,0,1.0,0.0
2019-07-17,998810.1352913347,0.0,998810.1352913347,0.0,0.0,0.0,0,1.0,0.0
2019-07-18,998810.1352913347,0.0,998810.1352913347,0.0,0.0,0.0,0,1.0,0.0
2019-07-19,998810.1352913347,0.0,998810.1352913347,0.0,0.0,0.0,0,1.0,0.0
2019-07-22,998810.1352913347,0.0,998810.1352913347,0.0,0.0,0.0,0,1.0,0.0
2019-07-23,998810.1352913347,0.0,998810.1352913347,0.0,0.0,0.0,0,1.0,0.0
2019-07-24,998810.1352913347,0.0,998810.1352913347,0.0,0.0,0.0,0,1.0,0.0
2019-07-25,998810.1352913347,0.0,998810.1352913347,0.0,0.0,0.0,0,1.0,0.0
2019-07-26,998810.1352913347,0.0,998810.1352913347,0.0,0.0,0.0,0,1.0,0.0
2019-07-29,998810.1352913347,0.0,998810.1352913347,0.0,0.0,0.0,0,1.0,0.0
2019-07-30,998810.1352913347,0.0,998810.1352913347,0.0,0.0,0.0,0,1.0,0.0
2019-07-31,998810.1352913347,0.0,998810.1352913347,0.0,0.0,0.0,0,1.0,0.0
2019-08-01,998810.1352913347,0.0,998810.1352913347,0.0,0.0,0.0,0,1.0,0.0
2019-08-02,998810.1352913347,0.0,998810.1352913347,0.0,0.0,0.0,0,1.0,0.0
2019-08-05,998810.1352913347,0.0,998810.1352913347,0.0,0.0,0.0,0,1.0,0.0
2019-08-06,998810.1352913347,0.0,998810.1352913347,0.0,0.0,0.0,0,1.0,0.0
2019-08-07,998810.1352913347,0.0,998810.1352913347,0.0,0.0,0.0,0,1.0,0.0
2019-08-08,998810.1352913347,0.0,998810.1352913347,0.0,0.0,0.0,0,1.0,0.0
2019-08-09,998810.1352913347,0.0,998810.1352913347,0.0,0.0,0.0,0,1.0,0.0
2019-08-12,998810.1352913347,0.0,998810.1352913347,0.0,0.0,0.0,0,1.0,0.0
2019-08-13,998810.1352913347,0.0,998810.1352913347,0.0,0.0,0.0,0,1.0,0.0
2019-08-14,998810.1352913347,0.0,998810.1352913347,0.0,0.0,0.0,0,1.0,0.0
2019-08-15,998810.1352913347,0.0,998810.1352913347,0.0,0.0,0.0,0,1.0,0.0
2019-08-16,998810.1352913347,0.0,998810.1352913347,0.0,0.0,0.0,0,1.0,0.0
2019-08-19,998810.1352913347,0.0,998810.1352913347,0.0,0.0,0.0,0,1.0,0.0
2019-08-20,998810.1352913347,0.0,998810.1352913347,0.0,0.0,0.0,0,1.0,0.0
2019-08-21,998810.1352913347,0.0,998810.1352913347,0.0,0.0,0.0,0,1.0,0.0
2019-08-22,998810.1352913347,0.0,998810.1352913347,0.0,0.0,0.0,0,1.0,0.0
2019-08-23,998810.1352913347,0.0,998810.1352913347,0.0,0.0,0.0,0,1.0,0.0
2019-08-26,998810.1352913347,0.0,998810.1352913347,0.0,0.0,0.0,0,1.0,0.0
2019-08-27,998810.1352913347,0.0,998810.1352913347,0.0,0.0,0.0,0,1.0,0.0
2019-08-28,998810.1352913347,0.0,998810.1352913347,0.0,0.0,0.0,0,1.0,0.0
2019-08-29,998810.1352913347,0.0,998810.1352913347,0.0,0.0,0.0,0,1.0,0.0
2019-08-30,998810.1352913347,0.0,998810.1352913347,0.0,0.0,0.0,0,1.0,0.0
2019-09-03,998810.1352913347,0.0,998810.1352913347,0.0,0.0,0.0,0,1.0,0.0
2019-09-04,998810.1352913347,0.0,998810.1352913347,0.0,0.0,0.0,0,1.0,0.0
2019-09-05,998810.1352913347,0.0,998810.1352913347,0.0,0.0,0.0,0,1.0,0.0
2019-09-06,998810.1352913347,0.0,998810.1352913347,0.0,0.0,0.0,0,1.0,0.0
2019-09-09,998810.1352913347,0.0,998810.1352913347,0.0,0.0,0.0,0,1.0,0.0
2019-09-10,998810.1352913347,0.0,998810.1352913347,0.0,0.0,0.0,0,1.0,0.0
2019-09-11,998810.1352913347,0.0,998810.1352913347,0.0,0.0,0.0,0,1.0,0.0
2019-09-12,998810.1352913347,0.0,998810.1352913347,0.0,0.0,0.0,0,1.0,0.0
2019-09-13,998810.1352913347,0.0,998810.1352913347,0.0,0.0,0.0,0,1.0,0.0
2019-09-16,998810.1352913347,0.0,998810.1352913347,0.0,0.0,0.0,0,1.0,0.0
2019-09-17,998810.1352913347,0.0,998810.1352913347,0.0,0.0,0.0,0,1.0,0.0
2019-09-18,998810.1352913347,0.0,998810.1352913347,0.0,0.0,0.0,0,1.0,0.0
2019-09-19,998810.1352913347,0.0,998810.1352913347,0.0,0.0,0.0,0,1.0,0.0
2019-09-20,998810.1352913347,0.0,998810.1352913347,0.0,0.0,0.0,0,1.0,0.0
2019-09-23,998810.1352913347,0.0,998810.1352913347,0.0,0.0,0.0,0,1.0,0.0
2019-09-24,998810.1352913347,0.0,998810.1352913347,0.0,0.0,0.0,0,1.0,0.0
2019-09-25,998810.1352913347,0.0,998810.1352913347,0.0,0.0,0.0,0,1.0,0.0
2019-09-26,998810.1352913347,0.0,998810.1352913347,0.0,0.0,0.0,0,1.0,0.0
2019-09-27,998810.1352913347,0.0,998810.1352913347,0.0,0.0,0.0,0,1.0,0.0
2019-09-30,998810.1352913347,0.0,998810.1352913347,0.0,0.0,0.0,0,1.0,0.0
2019-10-01,998810.1352913347,0.0,998810.1352913347,0.0,0.0,0.0,0,1.0,0.0
2019-10-02,998810.1352913347,0.0,998810.1352913347,0.0,0.0,0.0,0,1.0,0.0
2019-10-03,998810.1352913347,0.0,998810.1352913347,0.0,0.0,0.0,0,1.0,0.0
2019-10-04,998810.1352913347,0.0,998810.1352913347,0.0,0.0,0.0,0,1.0,0.0
2019-10-07,998810.1352913347,0.0,998810.1352913347,0.0,0.0,0.0,0,1.0,0.0
2019-10-08,998810.1352913347,0.0,998810.1352913347,0.0,0.0,0.0,0,1.0,0.0
2019-10-09,998810.1352913347,0.0,998810.1352913347,0.0,0.0,0.0,0,1.0,0.0
2019-10-10,998810.1352913347,0.0,998810.1352913347,0.0,0.0,0.0,0,1.0,0.0
2019-10-11,998810.1352913347,0.0,998810.1352913347,0.0,0.0,0.0,0,1.0,0.0
2019-10-14,998810.1352913347,0.0,998810.1352913347,0.0,0.0,0.0,0,1.0,0.0
2019-10-15,998810.1352913347,0.0,998810.1352913347,0.0,0.0,0.0,0,1.0,0.0
2019-10-16,998810.1352913347,0.0,998810.1352913347,0.0,0.0,0.0,0,1.0,0.0
2019-10-17,998810.1352913347,0.0,998810.1352913347,0.0,0.0,0.0,0,1.0,0.0
2019-10-18,998810.1352913347,0.0,998810.1352913347,0.0,0.0,0.0,0,1.0,0.0
2019-10-21,998810.1352913347,0.0,998810.1352913347,0.0,0.0,0.0,0,1.0,0.0
2019-10-22,998810.1352913347,0.0,998810.1352913347,0.0,0.0,0.0,0,1.0,0.0
2019-10-23,998810.1352913347,0.0,998810.1352913347,0.0,0.0,0.0,0,1.0,0.0
2019-10-24,998810.1352913347,0.0,998810.1352913347,0.0,0.0,0.0,0,1.0,0.0
2019-10-25,998810.1352913347,0.0,998810.1352913347,0.0,0.0,0.0,0,1.0,0.0
2019-10-28,998810.1352913347,0.0,998810.1352913347,0.0,0.0,0.0,0,1.0,0.0
2019-10-29,998810.1352913347,0.0,998810.1352913347,0.0,0.0,0.0,0,1.0,0.0
2019-10-30,998810.1352913347,0.0,998810.1352913347,0.0,0.0,0.0,0,1.0,0.0
2019-10-31,998810.1352913347,0.0,998810.1352913347,0.0,0.0,0.0,0,1.0,0.0
2019-11-01,998810.1352913347,0.0,998810.1352913347,0.0,0.0,0.0,0,1.0,0.0
2019-11-04,998810.1352913347,0.0,998810.1352913347,0.0,0.0,0.0,0,1.0,0.0
2019-11-05,998810.1352913347,0.0,998810.1352913347,0.0,0.0,0.0,0,1.0,0.0
2019-11-06,998810.1352913347,0.0,998810.1352913347,0.0,0.0,0.0,0,1.0,0.0
2019-11-07,998810.1352913347,0.0,998810.1352913347,0.0,0.0,0.0,0,1.0,0.0
2019-11-08,998810.1352913347,0.0,998810.1352913347,0.0,0.0,0.0,0,1.0,0.0
2019-11-11,998810.1352913347,0.0,998810.1352913347,0.0,0.0,0.0,0,1.0,0.0
2019-11-12,998810.1352913347,0.0,998810.1352913347,0.0,0.0,0.0,0,1.0,0.0
2019-11-13,998810.1352913347,0.0,998810.1352913347,0.0,0.0,0.0,0,1.0,0.0
2019-11-14,998810.1352913347,0.0,998810.1352913347,0.0,0.0,0.0,0,1.0,0.0
2019-11-15,998810.1352913347,0.0,998810.1352913347,0.0,0.0,0.0,0,1.0,0.0
2019-11-18,998810.1352913347,0.0,998810.1352913347,0.0,0.0,0.0,0,1.0,0.0
2019-11-19,998810.1352913347,0.0,998810.1352913347,0.0,0.0,0.0,0,1.0,0.0
2019-11-20,998810.1352913347,0.0,998810.1352913347,0.0,0.0,0.0,0,1.0,0.0
2019-11-21,998810.1352913347,0.0,998810.1352913347,0.0,0.0,0.0,0,1.0,0.0
2019-11-22,998810.1352913347,0.0,998810.1352913347,0.0,0.0,0.0,0,1.0,0.0
2019-11-25,998810.1352913347,0.0,998810.1352913347,0.0,0.0,0.0,0,1.0,0.0
2019-11-26,998810.1352913347,0.0,998810.1352913347,0.0,0.0,0.0,0,1.0,0.0
2019-11-27,998810.1352913347,0.0,998810.1352913347,0.0,0.0,0.0,0,1.0,0.0
2019-11-29,998810.1352913347,0.0,998810.1352913347,0.0,0.0,0.0,0,1.0,0.0
2019-12-02,998810.1352913347,0.0,998810.1352913347,0.0,0.0,0.0,0,1.0,0.0
2019-12-03,998810.1352913347,0.0,998810.1352913347,0.0,0.0,0.0,0,1.0,0.0
2019-12-04,998810.1352913347,0.0,998810.1352913347,0.0,0.0,0.0,0,1.0,0.0
2019-12-05,998810.1352913347,0.0,998810.1352913347,0.0,0.0,0.0,0,1.0,0.0
2019-12-06,998810.1352913347,0.0,998810.1352913347,0.0,0.0,0.0,0,1.0,0.0
2019-12-09,998810.1352913347,0.0,998810.1352913347,0.0,0.0,0.0,0,1.0,0.0
2019-12-10,998810.1352913347,0.0,998810.1352913347,0.0,0.0,0.0,0,1.0,0.0
2019-12-11,998810.1352913347,0.0,998810.1352913347,0.0,0.0,0.0,0,1.0,0.0
2019-12-12,998810.1352913347,0.0,998810.1352913347,0.0,0.0,0.0,0,1.0,0.0
2019-12-13,998810.1352913347,0.0,998810.1352913347,0.0,0.0,0.0,0,1.0,0.0
2019-12-16,998810.1352913347,0.0,998810.1352913347,0.0,0.0,0.0,0,1.0,0.0
2019-12-17,998810.1352913347,0.0,998810.1352913347,0.0,0.0,0.0,0,1.0,0.0
2019-12-18,998810.1352913347,0.0,998810.1352913347,0.0,0.0,0.0,0,1.0,0.0
2019-12-19,998810.1352913347,0.0,998810.1352913347,0.0,0.0,0.0,0,1.0,0.0
2019-12-20,998810.1352913347,0.0,998810.1352913347,0.0,0.0,0.0,0,1.0,0.0
2019-12-23,998810.1352913347,0.0,998810.1352913347,0.0,0.0,0.0,0,1.0,0.0
2019-12-24,998810.1352913347,0.0,998810.1352913347,0.0,0.0,0.0,0,1.0,0.0
2019-12-26,998810.1352913347,0.0,998810.1352913347,0.0,0.0,0.0,0,1.0,0.0
2019-12-27,998810.1352913347,0.0,998810.1352913347,0.0,0.0,0.0,0,1.0,0.0
2019-12-30,998810.1352913347,0.0,998810.1352913347,0.0,0.0,0.0,0,1.0,0.0
2019-12-31,998810.1352913347,0.0,998810.1352913347,0.0,0.0,0.0,0,1.0,0.0
2020-01-02,998810.1352913347,0.0,998810.1352913347,0.0,0.0,0.0,0,1.0,0.0
2020-01-03,998810.1352913347,0.0,998810.1352913347,0.0,0.0,0.0,0,1.0,0.0
2020-01-06,998810.1352913347,0.0,998810.1352913347,0.0,0.0,0.0,0,1.0,0.0
2020-01-07,998810.1352913347,0.0,998810.1352913347,0.0,0.0,0.0,0,1.0,0.0
2020-01-08,998810.1352913347,0.0,998810.1352913347,0.0,0.0,0.0,0,1.0,0.0
2020-01-09,998810.1352913347,0.0,998810.1352913347,0.0,0.0,0.0,0,1.0,0.0
2020-01-10,998810.1352913347,0.0,998810.1352913347,0.0,0.0,0.0,0,1.0,0.0
2020-01-13,998810.1352913347,0.0,998810.1352913347,0.0,0.0,0.0,0,1.0,0.0
2020-01-14,998810.1352913347,0.0,998810.1352913347,0.0,0.0,0.0,0,1.0,0.0
2020-01-15,998810.1352913347,0.0,998810.1352913347,0.0,0.0,0.0,0,1.0,0.0
2020-01-16,998810.1352913347,0.0,998810.1352913347,0.0,0.0,0.0,0,1.0,0.0
2020-01-17,998810.1352913347,0.0,998810.1352913347,0.0,0.0,0.0,0,1.0,0.0
2020-01-21,998810.1352913347,0.0,998810.1352913347,0.0,0.0,0.0,0,1.0,0.0
2020-01-22,998810.1352913347,0.0,998810.1352913347,0.0,0.0,0.0,0,1.0,0.0
2020-01-23,998810.1352913347,0.0,998810.1352913347,0.0,0.0,0.0,0,1.0,0.0
2020-01-24,998810.1352913347,0.0,998810.1352913347,0.0,0.0,0.0,0,1.0,0.0
2020-01-27,998810.1352913347,0.0,998810.1352913347,0.0,0.0,0.0,0,1.0,0.0
2020-01-28,998810.1352913347,0.0,998810.1352913347,0.0,0.0,0.0,0,1.0,0.0
2020-01-29,998810.1352913347,0.0,998810.1352913347,0.0,0.0,0.0,0,1.0,0.0
2020-01-30,998810.1352913347,0.0,998810.1352913347,0.0,0.0,0.0,0,1.0,0.0
2020-01-31,998810.1352913347,0.0,998810.1352913347,0.0,0.0,0.0,0,1.0,0.0
2020-02-03,998810.1352913347,0.0,998810.1352913347,0.0,0.0,0.0,0,1.0,0.0
2020-02-04,998810.1352913347,0.0,998810.1352913347,0.0,0.0,0.0,0,1.0,0.0
2020-02-05,998810.1352913347,0.0,998810.1352913347,0.0,0.0,0.0,0,1.0,0.0
2020-02-06,998810.1352913347,0.0,998810.1352913347,0.0,0.0,0.0,0,1.0,0.0
2020-02-07,998810.1352913347,0.0,998810.1352913347,0.0,0.0,0.0,0,1.0,0.0
2020-02-10,998810.1352913347,0.0,998810.1352913347,0.0,0.0,0.0,0,1.0,0.0
2020-02-11,998810.1352913347,0.0,998810.1352913347,0.0,0.0,0.0,0,1.0,0.0
2020-02-12,998810.1352913347,0.0,998810.1352913347,0.0,0.0,0.0,0,1.0,0.0
2020-02-13,998810.1352913347,0.0,998810.1352913347,0.0,0.0,0.0,0,1.0,0.0
2020-02-14,998810.1352913347,0.0,998810.1352913347,0.0,0.0,0.0,0,1.0,0.0
2020-02-18,998810.1352913347,0.0,998810.1352913347,0.0,0.0,0.0,0,1.0,0.0
2020-02-19,998810.1352913347,0.0,998810.1352913347,0.0,0.0,0.0,0,1.0,0.0
2020-02-20,998810.1352913347,0.0,998810.1352913347,0.0,0.0,0.0,0,1.0,0.0
2020-02-21,998810.1352913347,0.0,998810.1352913347,0.0,0.0,0.0,0,1.0,0.0
2020-02-24,998810.1352913347,0.0,998810.1352913347,0.0,0.0,0.0,0,1.0,0.0
2020-02-25,998810.1352913347,0.0,998810.1352913347,0.0,0.0,0.0,0,1.0,0.0
2020-02-26,998810.1352913347,0.0,998810.1352913347,0.0,0.0,0.0,0,1.0,0.0
2020-02-27,998810.1352913347,0.0,998810.1352913347,0.0,0.0,0.0,0,1.0,0.0
2020-02-28,998810.1352913347,0.0,998810.1352913347,0.0,0.0,0.0,0,1.0,0.0
2020-03-02,998810.1352913347,0.0,998810.1352913347,0.0,0.0,0.0,0,1.0,0.0
2020-03-03,998810.1352913347,0.0,998810.1352913347,0.0,0.0,0.0,0,1.0,0.0
2020-03-04,998810.1352913347,0.0,998810.1352913347,0.0,0.0,0.0,0,1.0,0.0
2020-03-05,998810.1352913347,0.0,998810.1352913347,0.0,0.0,0.0,0,1.0,0.0
2020-03-06,998810.1352913347,0.0,998810.1352913347,0.0,0.0,0.0,0,1.0,0.0
2020-03-09,998810.1352913347,0.0,998810.1352913347,0.0,0.0,0.0,0,1.0,0.0
2020-03-10,998810.1352913347,0.0,998810.1352913347,0.0,0.0,0.0,0,1.0,0.0
2020-03-11,998810.1352913347,0.0,998810.1352913347,0.0,0.0,0.0,0,1.0,0.0
2020-03-12,998810.1352913347,0.0,998810.1352913347,0.0,0.0,0.0,0,1.0,0.0
2020-03-13,998810.1352913347,0.0,998810.1352913347,0.0,0.0,0.0,0,1.0,0.0
2020-03-16,998810.1352913347,0.0,998810.1352913347,0.0,0.0,0.0,0,1.0,0.0
2020-03-17,998810.1352913347,0.0,998810.1352913347,0.0,0.0,0.0,0,1.0,0.0
2020-03-18,998810.1352913347,0.0,998810.1352913347,0.0,0.0,0.0,0,1.0,0.0
2020-03-19,998810.1352913347,0.0,998810.1352913347,0.0,0.0,0.0,0,1.0,0.0
2020-03-20,998810.1352913347,0.0,998810.1352913347,0.0,0.0,0.0,0,1.0,0.0
2020-03-23,998810.1352913347,0.0,998810.1352913347,0.0,0.0,0.0,0,1.0,0.0
2020-03-24,998810.1352913347,0.0,998810.1352913347,0.0,0.0,0.0,0,1.0,0.0
2020-03-25,998810.1352913347,0.0,998810.1352913347,0.0,0.0,0.0,0,1.0,0.0
2020-03-26,998810.1352913347,0.0,998810.1352913347,0.0,0.0,0.0,0,1.0,0.0
2020-03-27,998810.1352913347,0.0,998810.1352913347,0.0,0.0,0.0,0,1.0,0.0
2020-03-30,998810.1352913347,0.0,998810.1352913347,0.0,0.0,0.0,0,1.0,0.0
2020-03-31,998810.1352913347,0.0,998810.1352913347,0.0,0.0,0.0,0,1.0,0.0
2020-04-01,998810.1352913347,0.0,998810.1352913347,0.0,0.0,0.0,0,1.0,0.0
2020-04-02,998810.1352913347,0.0,998810.1352913347,0.0,0.0,0.0,0,1.0,0.0
2020-04-03,998810.1352913347,0.0,998810.1352913347,0.0,0.0,0.0,0,1.0,0.0
2020-04-06,998810.1352913347,0.0,998810.1352913347,0.0,0.0,0.0,0,1.0,0.0
2020-04-07,998810.1352913347,0.0,998810.1352913347,0.0,0.0,0.0,0,1.0,0.0
2020-04-08,998810.1352913347,0.0,998810.1352913347,0.0,0.0,0.0,0,1.0,0.0
2020-04-09,998810.1352913347,0.0,998810.1352913347,0.0,0.0,0.0,0,1.0,0.0
2020-04-13,998810.1352913347,0.0,998810.1352913347,0.0,0.0,0.0,0,1.0,0.0
2020-04-14,998810.1352913347,0.0,998810.1352913347,0.0,0.0,0.0,0,1.0,0.0
2020-04-15,998810.1352913347,0.0,998810.1352913347,0.0,0.0,0.0,0,1.0,0.0
2020-04-16,998810.1352913347,0.0,998810.1352913347,0.0,0.0,0.0,0,1.0,0.0
2020-04-17,998810.1352913347,0.0,998810.1352913347,0.0,0.0,0.0,0,1.0,0.0
2020-04-20,998810.1352913347,0.0,998810.1352913347,0.0,0.0,0.0,0,1.0,0.0
2020-04-21,998810.1352913347,0.0,998810.1352913347,0.0,0.0,0.0,0,1.0,0.0
2020-04-22,998810.1352913347,0.0,998810.1352913347,0.0,0.0,0.0,0,1.0,0.0
2020-04-23,998810.1352913347,0.0,998810.1352913347,0.0,0.0,0.0,0,1.0,0.0
2020-04-24,998810.1352913347,0.0,998810.1352913347,0.0,0.0,0.0,0,1.0,0.0
2020-04-27,998810.1352913347,0.0,998810.1352913347,0.0,0.0,0.0,0,1.0,0.0
2020-04-28,998810.1352913347,0.0,998810.1352913347,0.0,0.0,0.0,0,1.0,0.0
2020-04-29,998810.1352913347,0.0,998810.1352913347,0.0,0.0,0.0,0,1.0,0.0
2020-04-30,998810.1352913347,0.0,998810.1352913347,0.0,0.0,0.0,0,1.0,0.0
2020-05-01,998810.1352913347,0.0,998810.1352913347,0.0,0.0,0.0,0,1.0,0.0
2020-05-04,998810.1352913347,0.0,998810.1352913347,0.0,0.0,0.0,0,1.0,0.0
2020-05-05,998810.1352913347,0.0,998810.1352913347,0.0,0.0,0.0,0,1.0,0.0
2020-05-06,998810.1352913347,0.0,998810.1352913347,0.0,0.0,0.0,0,1.0,0.0
2020-05-07,998810.1352913347,0.0,998810.1352913347,0.0,0.0,0.0,0,1.0,0.0
2020-05-08,998810.1352913347,0.0,998810.1352913347,0.0,0.0,0.0,0,1.0,0.0
2020-05-11,998810.1352913347,0.0,998810.1352913347,0.0,0.0,0.0,0,1.0,0.0
2020-05-12,998810.1352913347,0.0,998810.1352913347,0.0,0.0,0.0,0,1.0,0.0
2020-05-13,998810.1352913347,0.0,998810.1352913347,0.0,0.0,0.0,0,1.0,0.0
2020-05-14,998810.1352913347,0.0,998810.1352913347,0.0,0.0,0.0,0,1.0,0.0
2020-05-15,998810.1352913347,0.0,998810.1352913347,0.0,0.0,0.0,0,1.0,0.0
2020-05-18,998810.1352913347,0.0,998810.1352913347,0.0,0.0,0.0,0,1.0,0.0
2020-05-19,998810.1352913347,0.0,998810.1352913347,0.0,0.0,0.0,0,1.0,0.0
2020-05-20,998810.1352913347,0.0,998810.1352913347,0.0,0.0,0.0,0,1.0,0.0
2020-05-21,998810.1352913347,0.0,998810.1352913347,0.0,0.0,0.0,0,1.0,0.0
2020-05-22,998810.1352913347,0.0,998810.1352913347,0.0,0.0,0.0,0,1.0,0.0
2020-05-26,998810.1352913347,0.0,998810.1352913347,0.0,0.0,0.0,0,1.0,0.0
2020-05-27,998810.1352913347,0.0,998810.1352913347,0.0,0.0,0.0,0,1.0,0.0
2020-05-28,998810.1352913347,0.0,998810.1352913347,0.0,0.0,0.0,0,1.0,0.0
2020-05-29,998810.1352913347,0.0,998810.1352913347,0.0,0.0,0.0,0,1.0,0.0
2020-06-01,998810.1352913347,0.0,998810.1352913347,0.0,0.0,0.0,0,1.0,0.0
2020-06-02,998810.1352913347,0.0,998810.1352913347,0.0,0.0,0.0,0,1.0,0.0
2020-06-03,998810.1352913347,0.0,998810.1352913347,0.0,0.0,0.0,0,1.0,0.0
2020-06-04,998810.1352913347,0.0,998810.1352913347,0.0,0.0,0.0,0,1.0,0.0
2020-06-05,998810.1352913347,0.0,998810.1352913347,0.0,0.0,0.0,0,1.0,0.0
2020-06-08,998810.1352913347,0.0,998810.1352913347,0.0,0.0,0.0,0,1.0,0.0
2020-06-09,998810.1352913347,0.0,998810.1352913347,0.0,0.0,0.0,0,1.0,0.0
2020-06-10,998810.1352913347,0.0,998810.1352913347,0.0,0.0,0.0,0,1.0,0.0
2020-06-11,998810.1352913347,0.0,998810.1352913347,0.0,0.0,0.0,0,1.0,0.0
2020-06-12,998810.1352913347,0.0,998810.1352913347,0.0,0.0,0.0,0,1.0,0.0
2020-06-15,998810.1352913347,0.0,998810.1352913347,0.0,0.0,0.0,0,1.0,0.0
2020-06-16,998810.1352913347,0.0,998810.1352913347,0.0,0.0,0.0,0,1.0,0.0
2020-06-17,998810.1352913347,0.0,998810.1352913347,0.0,0.0,0.0,0,1.0,0.0
2020-06-18,998810.1352913347,0.0,998810.1352913347,0.0,0.0,0.0,0,1.0,0.0
2020-06-19,998810.1352913347,0.0,998810.1352913347,0.0,0.0,0.0,0,1.0,0.0
2020-06-22,998810.1352913347,0.0,998810.1352913347,0.0,0.0,0.0,0,1.0,0.0
2020-06-23,998810.1352913347,0.0,998810.1352913347,0.0,0.0,0.0,0,1.0,0.0
2020-06-24,998810.1352913347,0.0,998810.1352913347,0.0,0.0,0.0,0,1.0,0.0
2020-06-25,998810.1352913347,0.0,998810.1352913347,0.0,0.0,0.0,0,1.0,0.0
2020-06-26,998810.1352913347,0.0,998810.1352913347,0.0,0.0,0.0,0,1.0,0.0
2020-06-29,998810.1352913347,0.0,998810.1352913347,0.0,0.0,0.0,0,1.0,0.0
2020-06-30,998810.1352913347,0.0,998810.1352913347,0.0,0.0,0.0,0,1.0,0.0
2020-07-01,998810.1352913347,0.0,998810.1352913347,0.0,0.0,0.0,0,1.0,0.0
2020-07-02,998810.1352913347,0.0,998810.1352913347,0.0,0.0,0.0,0,1.0,0.0
2020-07-06,998810.1352913347,0.0,998810.1352913347,0.0,0.0,0.0,0,1.0,0.0
2020-07-07,998810.1352913347,0.0,998810.1352913347,0.0,0.0,0.0,0,1.0,0.0
2020-07-08,998810.1352913347,0.0,998810.1352913347,0.0,0.0,0.0,0,1.0,0.0
2020-07-09,998810.1352913347,0.0,998810.1352913347,0.0,0.0,0.0,0,1.0,0.0
2020-07-10,998810.1352913347,0.0,998810.1352913347,0.0,0.0,0.0,0,1.0,0.0
2020-07-13,998810.1352913347,0.0,998810.1352913347,0.0,0.0,0.0,0,1.0,0.0
2020-07-14,998810.1352913347,0.0,998810.1352913347,0.0,0.0,0.0,0,1.0,0.0
2020-07-15,998810.1352913347,0.0,998810.1352913347,0.0,0.0,0.0,0,1.0,0.0
2020-07-16,998810.1352913347,0.0,998810.1352913347,0.0,0.0,0.0,0,1.0,0.0
2020-07-17,998810.1352913347,0.0,998810.1352913347,0.0,0.0,0.0,0,1.0,0.0
2020-07-20,998810.1352913347,0.0,998810.1352913347,0.0,0.0,0.0,0,1.0,0.0
2020-07-21,998810.1352913347,0.0,998810.1352913347,0.0,0.0,0.0,0,1.0,0.0
2020-07-22,998810.1352913347,0.0,998810.1352913347,0.0,0.0,0.0,0,1.0,0.0
2020-07-23,998810.1352913347,0.0,998810.1352913347,0.0,0.0,0.0,0,1.0,0.0
2020-07-24,998810.1352913347,0.0,998810.1352913347,0.0,0.0,0.0,0,1.0,0.0
2020-07-27,998810.1352913347,0.0,998810.1352913347,0.0,0.0,0.0,0,1.0,0.0
2020-07-28,998810.1352913347,0.0,998810.1352913347,0.0,0.0,0.0,0,1.0,0.0
2020-07-29,998810.1352913347,0.0,998810.1352913347,0.0,0.0,0.0,0,1.0,0.0
2020-07-30,998810.1352913347,0.0,998810.1352913347,0.0,0.0,0.0,0,1.0,0.0
2020-07-31,998810.1352913347,0.0,998810.1352913347,0.0,0.0,0.0,0,1.0,0.0
2020-08-03,998810.1352913347,0.0,998810.1352913347,0.0,0.0,0.0,0,1.0,0.0
2020-08-04,998810.1352913347,0.0,998810.1352913347,0.0,0.0,0.0,0,1.0,0.0
2020-08-05,998810.1352913347,0.0,998810.1352913347,0.0,0.0,0.0,0,1.0,0.0
2020-08-06,998810.1352913347,0.0,998810.1352913347,0.0,0.0,0.0,0,1.0,0.0
2020-08-07,998810.1352913347,0.0,998810.1352913347,0.0,0.0,0.0,0,1.0,0.0
2020-08-10,998810.1352913347,0.0,998810.1352913347,0.0,0.0,0.0,0,1.0,0.0
2020-08-11,998810.1352913347,0.0,998810.1352913347,0.0,0.0,0.0,0,1.0,0.0
2020-08-12,998810.1352913347,0.0,998810.1352913347,0.0,0.0,0.0,0,1.0,0.0
2020-08-13,998810.1352913347,0.0,998810.1352913347,0.0,0.0,0.0,0,1.0,0.0
2020-08-14,998810.1352913347,0.0,998810.1352913347,0.0,0.0,0.0,0,1.0,0.0
2020-08-17,998810.1352913347,0.0,998810.1352913347,0.0,0.0,0.0,0,1.0,0.0
2020-08-18,998810.1352913347,0.0,998810.1352913347,0.0,0.0,0.0,0,1.0,0.0
2020-08-19,998810.1352913347,0.0,998810.1352913347,0.0,0.0,0.0,0,1.0,0.0
2020-08-20,998810.1352913347,0.0,998810.1352913347,0.0,0.0,0.0,0,1.0,0.0
2020-08-21,998810.1352913347,0.0,998810.1352913347,0.0,0.0,0.0,0,1.0,0.0
2020-08-24,998810.1352913347,0.0,998810.1352913347,0.0,0.0,0.0,0,1.0,0.0
2020-08-25,998810.1352913347,0.0,998810.1352913347,0.0,0.0,0.0,0,1.0,0.0
2020-08-26,998810.1352913347,0.0,998810.1352913347,0.0,0.0,0.0,0,1.0,0.0
2020-08-27,998810.1352913347,0.0,998810.1352913347,0.0,0.0,0.0,0,1.0,0.0
2020-08-28,998810.1352913347,0.0,998810.1352913347,0.0,0.0,0.0,0,1.0,0.0
2020-08-31,998810.1352913347,0.0,998810.1352913347,0.0,0.0,0.0,0,1.0,0.0
2020-09-01,998810.1352913347,0.0,998810.1352913347,0.0,0.0,0.0,0,1.0,0.0
2020-09-02,998810.1352913347,0.0,998810.1352913347,0.0,0.0,0.0,0,1.0,0.0
2020-09-03,998810.1352913347,0.0,998810.1352913347,0.0,0.0,0.0,0,1.0,0.0
2020-09-04,998810.1352913347,0.0,998810.1352913347,0.0,0.0,0.0,0,1.0,0.0
2020-09-08,998810.1352913347,0.0,998810.1352913347,0.0,0.0,0.0,0,1.0,0.0
2020-09-09,998810.1352913347,0.0,998810.1352913347,0.0,0.0,0.0,0,1.0,0.0
2020-09-10,998810.1352913347,0.0,998810.1352913347,0.0,0.0,0.0,0,1.0,0.0
2020-09-11,998810.1352913347,0.0,998810.1352913347,0.0,0.0,0.0,0,1.0,0.0
2020-09-14,998810.1352913347,0.0,998810.1352913347,0.0,0.0,0.0,0,1.0,0.0
2020-09-15,998810.1352913347,0.0,998810.1352913347,0.0,0.0,0.0,0,1.0,0.0
2020-09-16,998810.1352913347,0.0,998810.1352913347,0.0,0.0,0.0,0,1.0,0.0
2020-09-17,998810.1352913347,0.0,998810.1352913347,0.0,0.0,0.0,0,1.0,0.0
2020-09-18,998810.1352913347,0.0,998810.1352913347,0.0,0.0,0.0,0,1.0,0.0
2020-09-21,998810.1352913347,0.0,998810.1352913347,0.0,0.0,0.0,0,1.0,0.0
2020-09-22,998810.1352913347,0.0,998810.1352913347,0.0,0.0,0.0,0,1.0,0.0
2020-09-23,998810.1352913347,0.0,998810.1352913347,0.0,0.0,0.0,0,1.0,0.0
2020-09-24,998810.1352913347,0.0,998810.1352913347,0.0,0.0,0.0,0,1.0,0.0
2020-09-25,998810.1352913347,0.0,998810.1352913347,0.0,0.0,0.0,0,1.0,0.0
2020-09-28,998810.1352913347,0.0,998810.1352913347,0.0,0.0,0.0,0,1.0,0.0
2020-09-29,998810.1352913347,0.0,998810.1352913347,0.0,0.0,0.0,0,1.0,0.0
2020-09-30,998810.1352913347,0.0,998810.1352913347,0.0,0.0,0.0,0,1.0,0.0
2020-10-01,998810.1352913347,0.0,998810.1352913347,0.0,0.0,0.0,0,1.0,0.0
2020-10-02,998810.1352913347,0.0,998810.1352913347,0.0,0.0,0.0,0,1.0,0.0
2020-10-05,998810.1352913347,0.0,998810.1352913347,0.0,0.0,0.0,0,1.0,0.0
2020-10-06,998810.1352913347,0.0,998810.1352913347,0.0,0.0,0.0,0,1.0,0.0
2020-10-07,998810.1352913347,0.0,998810.1352913347,0.0,0.0,0.0,0,1.0,0.0
2020-10-08,998810.1352913347,0.0,998810.1352913347,0.0,0.0,0.0,0,1.0,0.0
2020-10-09,998810.1352913347,0.0,998810.1352913347,0.0,0.0,0.0,0,1.0,0.0
2020-10-12,998810.1352913347,0.0,998810.1352913347,0.0,0.0,0.0,0,1.0,0.0
2020-10-13,998810.1352913347,0.0,998810.1352913347,0.0,0.0,0.0,0,1.0,0.0
2020-10-14,998810.1352913347,0.0,998810.1352913347,0.0,0.0,0.0,0,1.0,0.0
2020-10-15,998810.1352913347,0.0,998810.1352913347,0.0,0.0,0.0,0,1.0,0.0
2020-10-16,998810.1352913347,0.0,998810.1352913347,0.0,0.0,0.0,0,1.0,0.0
2020-10-19,998810.1352913347,0.0,998810.1352913347,0.0,0.0,0.0,0,1.0,0.0
2020-10-20,998810.1352913347,0.0,998810.1352913347,0.0,0.0,0.0,0,1.0,0.0
2020-10-21,998810.1352913347,0.0,998810.1352913347,0.0,0.0,0.0,0,1.0,0.0
2020-10-22,998810.1352913347,0.0,998810.1352913347,0.0,0.0,0.0,0,1.0,0.0
2020-10-23,998810.1352913347,0.0,998810.1352913347,0.0,0.0,0.0,0,1.0,0.0
2020-10-26,998810.1352913347,0.0,998810.1352913347,0.0,0.0,0.0,0,1.0,0.0
2020-10-27,998810.1352913347,0.0,998810.1352913347,0.0,0.0,0.0,0,1.0,0.0
2020-10-28,998810.1352913347,0.0,998810.1352913347,0.0,0.0,0.0,0,1.0,0.0
2020-10-29,998810.1352913347,0.0,998810.1352913347,0.0,0.0,0.0,0,1.0,0.0
2020-10-30,998810.1352913347,0.0,998810.1352913347,0.0,0.0,0.0,0,1.0,0.0
2020-11-02,998810.1352913347,0.0,998810.1352913347,0.0,0.0,0.0,0,1.0,0.0
2020-11-03,998810.1352913347,0.0,998810.1352913347,0.0,0.0,0.0,0,1.0,0.0
2020-11-04,998810.1352913347,0.0,998810.1352913347,0.0,0.0,0.0,0,1.0,0.0
2020-11-05,998810.1352913347,0.0,998810.1352913347,0.0,0.0,0.0,0,1.0,0.0
2020-11-06,998810.1352913347,0.0,998810.1352913347,0.0,0.0,0.0,0,1.0,0.0
2020-11-09,998810.1352913347,0.0,998810.1352913347,0.0,0.0,0.0,0,1.0,0.0
2020-11-10,998810.1352913347,0.0,998810.1352913347,0.0,0.0,0.0,0,1.0,0.0
2020-11-11,998810.1352913347,0.0,998810.1352913347,0.0,0.0,0.0,0,1.0,0.0
2020-11-12,998810.1352913347,0.0,998810.1352913347,0.0,0.0,0.0,0,1.0,0.0
2020-11-13,998810.1352913347,0.0,998810.1352913347,0.0,0.0,0.0,0,1.0,0.0
2020-11-16,998810.1352913347,0.0,998810.1352913347,0.0,0.0,0.0,0,1.0,0.0
2020-11-17,998810.1352913347,0.0,998810.1352913347,0.0,0.0,0.0,0,1.0,0.0
2020-11-18,998810.1352913347,0.0,998810.1352913347,0.0,0.0,0.0,0,1.0,0.0
2020-11-19,998810.1352913347,0.0,998810.1352913347,0.0,0.0,0.0,0,1.0,0.0
2020-11-20,998810.1352913347,0.0,998810.1352913347,0.0,0.0,0.0,0,1.0,0.0
2020-11-23,998810.1352913347,0.0,998810.1352913347,0.0,0.0,0.0,0,1.0,0.0
2020-11-24,998810.1352913347,0.0,998810.1352913347,0.0,0.0,0.0,0,1.0,0.0
2020-11-25,998810.1352913347,0.0,998810.1352913347,0.0,0.0,0.0,0,1.0,0.0
2020-11-27,998810.1352913347,0.0,998810.1352913347,0.0,0.0,0.0,0,1.0,0.0
2020-11-30,998810.1352913347,0.0,998810.1352913347,0.0,0.0,0.0,0,1.0,0.0
2020-12-01,998810.1352913347,0.0,998810.1352913347,0.0,0.0,0.0,0,1.0,0.0
2020-12-02,998810.1352913347,0.0,998810.1352913347,0.0,0.0,0.0,0,1.0,0.0
2020-12-03,998810.1352913347,0.0,998810.1352913347,0.0,0.0,0.0,0,1.0,0.0
2020-12-04,998810.1352913347,0.0,998810.1352913347,0.0,0.0,0.0,0,1.0,0.0
2020-12-07,998810.1352913347,0.0,998810.1352913347,0.0,0.0,0.0,0,1.0,0.0
2020-12-08,998810.1352913347,0.0,998810.1352913347,0.0,0.0,0.0,0,1.0,0.0
2020-12-09,998810.1352913347,0.0,998810.1352913347,0.0,0.0,0.0,0,1.0,0.0
2020-12-10,998810.1352913347,0.0,998810.1352913347,0.0,0.0,0.0,0,1.0,0.0
2020-12-11,998810.1352913347,0.0,998810.1352913347,0.0,0.0,0.0,0,1.0,0.0
2020-12-14,998810.1352913347,0.0,998810.1352913347,0.0,0.0,0.0,0,1.0,0.0
2020-12-15,998810.1352913347,0.0,998810.1352913347,0.0,0.0,0.0,0,1.0,0.0
2020-12-16,998810.1352913347,0.0,998810.1352913347,0.0,0.0,0.0,0,1.0,0.0
2020-12-17,998810.1352913347,0.0,998810.1352913347,0.0,0.0,0.0,0,1.0,0.0
2020-12-18,998810.1352913347,0.0,998810.1352913347,0.0,0.0,0.0,0,1.0,0.0
2020-12-21,998810.1352913347,0.0,998810.1352913347,0.0,0.0,0.0,0,1.0,0.0
2020-12-22,998810.1352913347,0.0,998810.1352913347,0.0,0.0,0.0,0,1.0,0.0
2020-12-23,998810.1352913347,0.0,998810.1352913347,0.0,0.0,0.0,0,1.0,0.0
2020-12-24,998810.1352913347,0.0,998810.1352913347,0.0,0.0,0.0,0,1.0,0.0
2020-12-28,998810.1352913347,0.0,998810.1352913347,0.0,0.0,0.0,0,1.0,0.0
2020-12-29,998810.1352913347,0.0,998810.1352913347,0.0,0.0,0.0,0,1.0,0.0
2020-12-30,998810.1352913347,0.0,998810.1352913347,0.0,0.0,0.0,0,1.0,0.0
2020-12-31,998810.1352913347,0.0,998810.1352913347,0.0,0.0,0.0,0,1.0,0.0
2021-01-04,998810.1352913347,0.0,998810.1352913347,0.0,0.0,0.0,0,1.0,0.0
2021-01-05,998810.1352913347,0.0,998810.1352913347,0.0,0.0,0.0,0,1.0,0.0
2021-01-06,998810.1352913347,0.0,998810.1352913347,0.0,0.0,0.0,0,1.0,0.0
2021-01-07,998810.1352913347,0.0,998810.1352913347,0.0,0.0,0.0,0,1.0,0.0
2021-01-08,998810.1352913347,0.0,998810.1352913347,0.0,0.0,0.0,0,1.0,0.0
2021-01-11,998810.1352913347,0.0,998810.1352913347,0.0,0.0,0.0,0,1.0,0.0
2021-01-12,998810.1352913347,0.0,998810.1352913347,0.0,0.0,0.0,0,1.0,0.0
2021-01-13,998810.1352913347,0.0,998810.1352913347,0.0,0.0,0.0,0,1.0,0.0
2021-01-14,998810.1352913347,0.0,998810.1352913347,0.0,0.0,0.0,0,1.0,0.0
2021-01-15,998810.1352913347,0.0,998810.1352913347,0.0,0.0,0.0,0,1.0,0.0
2021-01-19,998810.1352913347,0.0,998810.1352913347,0.0,0.0,0.0,0,1.0,0.0
2021-01-20,998810.1352913347,0.0,998810.1352913347,0.0,0.0,0.0,0,1.0,0.0
2021-01-21,998810.1352913347,0.0,998810.1352913347,0.0,0.0,0.0,0,1.0,0.0
2021-01-22,998810.1352913347,0.0,998810.1352913347,0.0,0.0,0.0,0,1.0,0.0
2021-01-25,998810.1352913347,0.0,998810.1352913347,0.0,0.0,0.0,0,1.0,0.0
2021-01-26,998810.1352913347,0.0,998810.1352913347,0.0,0.0,0.0,0,1.0,0.0
2021-01-27,998810.1352913347,0.0,998810.1352913347,0.0,0.0,0.0,0,1.0,0.0
2021-01-28,998810.1352913347,0.0,998810.1352913347,0.0,0.0,0.0,0,1.0,0.0
2021-01-29,998810.1352913347,0.0,998810.1352913347,0.0,0.0,0.0,0,1.0,0.0
2021-02-01,998810.1352913347,0.0,998810.1352913347,0.0,0.0,0.0,0,1.0,0.0
2021-02-02,998810.1352913347,0.0,998810.1352913347,0.0,0.0,0.0,0,1.0,0.0
2021-02-03,998810.1352913347,0.0,998810.1352913347,0.0,0.0,0.0,0,1.0,0.0
2021-02-04,998810.1352913347,0.0,998810.1352913347,0.0,0.0,0.0,0,1.0,0.0
2021-02-05,998810.1352913347,0.0,998810.1352913347,0.0,0.0,0.0,0,1.0,0.0
2021-02-08,998810.1352913347,0.0,998810.1352913347,0.0,0.0,0.0,0,1.0,0.0
2021-02-09,998810.1352913347,0.0,998810.1352913347,0.0,0.0,0.0,0,1.0,0.0
2021-02-10,998810.1352913347,0.0,998810.1352913347,0.0,0.0,0.0,0,1.0,0.0
2021-02-11,998810.1352913347,0.0,998810.1352913347,0.0,0.0,0.0,0,1.0,0.0
2021-02-12,998810.1352913347,0.0,998810.1352913347,0.0,0.0,0.0,0,1.0,0.0
2021-02-16,998810.1352913347,0.0,998810.1352913347,0.0,0.0,0.0,0,1.0,0.0
2021-02-17,998810.1352913347,0.0,998810.1352913347,0.0,0.0,0.0,0,1.0,0.0
2021-02-18,998810.1352913347,0.0,998810.1352913347,0.0,0.0,0.0,0,1.0,0.0
2021-02-19,998810.1352913347,0.0,998810.1352913347,0.0,0.0,0.0,0,1.0,0.0
2021-02-22,998810.1352913347,0.0,998810.1352913347,0.0,0.0,0.0,0,1.0,0.0
2021-02-23,998810.1352913347,0.0,998810.1352913347,0.0,0.0,0.0,0,1.0,0.0
2021-02-24,998810.1352913347,0.0,998810.1352913347,0.0,0.0,0.0,0,1.0,0.0
2021-02-25,998810.1352913347,0.0,998810.1352913347,0.0,0.0,0.0,0,1.0,0.0
2021-02-26,998810.1352913347,0.0,998810.1352913347,0.0,0.0,0.0,0,1.0,0.0
2021-03-01,998810.1352913347,0.0,998810.1352913347,0.0,0.0,0.0,0,1.0,0.0
2021-03-02,998810.1352913347,0.0,998810.1352913347,0.0,0.0,0.0,0,1.0,0.0
2021-03-03,998810.1352913347,0.0,998810.1352913347,0.0,0.0,0.0,0,1.0,0.0
2021-03-04,998810.1352913347,0.0,998810.1352913347,0.0,0.0,0.0,0,1.0,0.0
2021-03-05,998810.1352913347,0.0,998810.1352913347,0.0,0.0,0.0,0,1.0,0.0
2021-03-08,998810.1352913347,0.0,998810.1352913347,0.0,0.0,0.0,0,1.0,0.0
2021-03-09,998810.1352913347,0.0,998810.1352913347,0.0,0.0,0.0,0,1.0,0.0
2021-03-10,998810.1352913347,0.0,998810.1352913347,0.0,0.0,0.0,0,1.0,0.0
2021-03-11,998810.1352913347,0.0,998810.1352913347,0.0,0.0,0.0,0,1.0,0.0
2021-03-12,998810.1352913347,0.0,998810.1352913347,0.0,0.0,0.0,0,1.0,0.0
2021-03-15,998810.1352913347,0.0,998810.1352913347,0.0,0.0,0.0,0,1.0,0.0
2021-03-16,998810.1352913347,0.0,998810.1352913347,0.0,0.0,0.0,0,1.0,0.0
2021-03-17,998810.1352913347,0.0,998810.1352913347,0.0,0.0,0.0,0,1.0,0.0
2021-03-18,998810.1352913347,0.0,998810.1352913347,0.0,0.0,0.0,0,1.0,0.0
2021-03-19,998810.1352913347,0.0,998810.1352913347,0.0,0.0,0.0,0,1.0,0.0
2021-03-22,998810.1352913347,0.0,998810.1352913347,0.0,0.0,0.0,0,1.0,0.0
2021-03-23,998810.1352913347,0.0,998810.1352913347,0.0,0.0,0.0,0,1.0,0.0
2021-03-24,998810.1352913347,0.0,998810.1352913347,0.0,0.0,0.0,0,1.0,0.0
2021-03-25,998810.1352913347,0.0,998810.1352913347,0.0,0.0,0.0,0,1.0,0.0
2021-03-26,998810.1352913347,0.0,998810.1352913347,0.0,0.0,0.0,0,1.0,0.0
2021-03-29,998810.1352913347,0.0,998810.1352913347,0.0,0.0,0.0,0,1.0,0.0
2021-03-30,998810.1352913347,0.0,998810.1352913347,0.0,0.0,0.0,0,1.0,0.0
2021-03-31,998810.1352913347,0.0,998810.1352913347,0.0,0.0,0.0,0,1.0,0.0
2021-04-01,998810.1352913347,0.0,998810.1352913347,0.0,0.0,0.0,0,1.0,0.0
2021-04-05,998810.1352913347,0.0,998810.1352913347,0.0,0.0,0.0,0,1.0,0.0
2021-04-06,998810.1352913347,0.0,998810.1352913347,0.0,0.0,0.0,0,1.0,0.0
2021-04-07,998810.1352913347,0.0,998810.1352913347,0.0,0.0,0.0,0,1.0,0.0
2021-04-08,998810.1352913347,0.0,998810.1352913347,0.0,0.0,0.0,0,1.0,0.0
2021-04-09,998810.1352913347,0.0,998810.1352913347,0.0,0.0,0.0,0,1.0,0.0
2021-04-12,998810.1352913347,0.0,998810.1352913347,0.0,0.0,0.0,0,1.0,0.0
2021-04-13,998810.1352913347,0.0,998810.1352913347,0.0,0.0,0.0,0,1.0,0.0
2021-04-14,998810.1352913347,0.0,998810.1352913347,0.0,0.0,0.0,0,1.0,0.0
2021-04-15,998810.1352913347,0.0,998810.1352913347,0.0,0.0,0.0,0,1.0,0.0
2021-04-16,998810.1352913347,0.0,998810.1352913347,0.0,0.0,0.0,0,1.0,0.0
2021-04-19,998810.1352913347,0.0,998810.1352913347,0.0,0.0,0.0,0,1.0,0.0
2021-04-20,998810.1352913347,0.0,998810.1352913347,0.0,0.0,0.0,0,1.0,0.0
2021-04-21,998810.1352913347,0.0,998810.1352913347,0.0,0.0,0.0,0,1.0,0.0
2021-04-22,998810.1352913347,0.0,998810.1352913347,0.0,0.0,0.0,0,1.0,0.0
2021-04-23,998810.1352913347,0.0,998810.1352913347,0.0,0.0,0.0,0,1.0,0.0
2021-04-26,998810.1352913347,0.0,998810.1352913347,0.0,0.0,0.0,0,1.0,0.0
2021-04-27,998810.1352913347,0.0,998810.1352913347,0.0,0.0,0.0,0,1.0,0.0
2021-04-28,998810.1352913347,0.0,998810.1352913347,0.0,0.0,0.0,0,1.0,0.0
2021-04-29,998810.1352913347,0.0,998810.1352913347,0.0,0.0,0.0,0,1.0,0.0
2021-04-30,998810.1352913347,0.0,998810.1352913347,0.0,0.0,0.0,0,1.0,0.0
2021-05-03,998810.1352913347,0.0,998810.1352913347,0.0,0.0,0.0,0,1.0,0.0
2021-05-04,998810.1352913347,0.0,998810.1352913347,0.0,0.0,0.0,0,1.0,0.0
2021-05-05,998810.1352913347,0.0,998810.1352913347,0.0,0.0,0.0,0,1.0,0.0
2021-05-06,998810.1352913347,0.0,998810.1352913347,0.0,0.0,0.0,0,1.0,0.0
2021-05-07,998810.1352913347,0.0,998810.1352913347,0.0,0.0,0.0,0,1.0,0.0
2021-05-10,998693.0821297078,-0.00011719260497167205,991682.9456094513,49940.50676456674,92870.87700887695,7010.136520256521,1,1.0,0.0
2021-05-11,999075.0485969485,0.0003824663193081612,991681.7702399716,49940.50676456674,92487.73517215656,7393.278356976909,1,1.0,1.1753694796525727
2021-05-12,1000044.4422032047,0.0009702910783504493,991680.6053603437,50037.953886151234,91712.07092944148,8363.83684286099,1,1.0,1.1648796278600912
2021-05-13,1000304.7102619159,0.0002602564923392947,991679.4643852022,50768.78871189694,92912.33154708009,8625.245876713787,1,1.0,1.140975141500075
2021-05-14,1000387.2616518172,8.252624330817859e-05,991678.3105578829,51499.62353764267,94290.29598135097,8708.951093934382,1,1.0,1.1538273192384163
2021-05-17,1001296.4348069149,0.0009088212034971122,1001296.4348069149,0.0,0.0,0.0,0,1.0,3.51463428695756
2021-05-18,1001296.4348069149,0.0,1001296.4348069149,0.0,0.0,0.0,0,1.0,0.0
2021-05-19,1001296.4348069149,0.0,1001296.4348069149,0.0,0.0,0.0,0,1.0,0.0
2021-05-20,1001296.4348069149,0.0,1001296.4348069149,0.0,0.0,0.0,0,1.0,0.0
2021-05-21,1001296.4348069149,0.0,1001296.4348069149,0.0,0.0,0.0,0,1.0,0.0
2021-05-24,1001296.4348069149,0.0,1001296.4348069149,0.0,0.0,0.0,0,1.0,0.0
2021-05-25,1001296.4348069149,0.0,1001296.4348069149,0.0,0.0,0.0,0,1.0,0.0
2021-05-26,1001296.4348069149,0.0,1001296.4348069149,0.0,0.0,0.0,0,1.0,0.0
2021-05-27,1001296.4348069149,0.0,1001296.4348069149,0.0,0.0,0.0,0,1.0,0.0
2021-05-28,1001296.4348069149,0.0,1001296.4348069149,0.0,0.0,0.0,0,1.0,0.0
2021-06-01,1001296.4348069149,0.0,1001296.4348069149,0.0,0.0,0.0,0,1.0,0.0
2021-06-02,1001296.4348069149,0.0,1001296.4348069149,0.0,0.0,0.0,0,1.0,0.0
2021-06-03,1001296.4348069149,0.0,1001296.4348069149,0.0,0.0,0.0,0,1.0,0.0
2021-06-04,1001296.4348069149,0.0,1001296.4348069149,0.0,0.0,0.0,0,1.0,0.0
2021-06-07,1001296.4348069149,0.0,1001296.4348069149,0.0,0.0,0.0,0,1.0,0.0
2021-06-08,1001296.4348069149,0.0,1001296.4348069149,0.0,0.0,0.0,0,1.0,0.0
2021-06-09,1001296.4348069149,0.0,1001296.4348069149,0.0,0.0,0.0,0,1.0,0.0
2021-06-10,1001296.4348069149,0.0,1001296.4348069149,0.0,0.0,0.0,0,1.0,0.0
2021-06-11,1001296.4348069149,0.0,1001296.4348069149,0.0,0.0,0.0,0,1.0,0.0
2021-06-14,1001296.4348069149,0.0,1001296.4348069149,0.0,0.0,0.0,0,1.0,0.0
2021-06-15,1001296.4348069149,0.0,1001296.4348069149,0.0,0.0,0.0,0,1.0,0.0
2021-06-16,1001296.4348069149,0.0,1001296.4348069149,0.0,0.0,0.0,0,1.0,0.0
2021-06-17,1001296.4348069149,0.0,1001296.4348069149,0.0,0.0,0.0,0,1.0,0.0
2021-06-18,1001296.4348069149,0.0,1001296.4348069149,0.0,0.0,0.0,0,1.0,0.0
2021-06-21,1001296.4348069149,0.0,1001296.4348069149,0.0,0.0,0.0,0,1.0,0.0
2021-06-22,1001296.4348069149,0.0,1001296.4348069149,0.0,0.0,0.0,0,1.0,0.0
2021-06-23,1001296.4348069149,0.0,1001296.4348069149,0.0,0.0,0.0,0,1.0,0.0
2021-06-24,1001296.4348069149,0.0,1001296.4348069149,0.0,0.0,0.0,0,1.0,0.0
2021-06-25,1001296.4348069149,0.0,1001296.4348069149,0.0,0.0,0.0,0,1.0,0.0
2021-06-28,1001296.4348069149,0.0,1001296.4348069149,0.0,0.0,0.0,0,1.0,0.0
2021-06-29,1001296.4348069149,0.0,1001296.4348069149,0.0,0.0,0.0,0,1.0,0.0
2021-06-30,1001296.4348069149,0.0,1001296.4348069149,0.0,0.0,0.0,0,1.0,0.0
2021-07-01,1001296.4348069149,0.0,1001296.4348069149,0.0,0.0,0.0,0,1.0,0.0
2021-07-02,1001296.4348069149,0.0,1001296.4348069149,0.0,0.0,0.0,0,1.0,0.0
2021-07-06,1001296.4348069149,0.0,1001296.4348069149,0.0,0.0,0.0,0,1.0,0.0
2021-07-07,1001296.4348069149,0.0,1001296.4348069149,0.0,0.0,0.0,0,1.0,0.0
2021-07-08,1001296.4348069149,0.0,1001296.4348069149,0.0,0.0,0.0,0,1.0,0.0
2021-07-09,1001296.4348069149,0.0,1001296.4348069149,0.0,0.0,0.0,0,1.0,0.0
2021-07-12,1001296.4348069149,0.0,1001296.4348069149,0.0,0.0,0.0,0,1.0,0.0
2021-07-13,1001296.4348069149,0.0,1001296.4348069149,0.0,0.0,0.0,0,1.0,0.0
2021-07-14,1001296.4348069149,0.0,1001296.4348069149,0.0,0.0,0.0,0,1.0,0.0
2021-07-15,1001296.4348069149,0.0,1001296.4348069149,0.0,0.0,0.0,0,1.0,0.0
2021-07-16,1001296.4348069149,0.0,1001296.4348069149,0.0,0.0,0.0,0,1.0,0.0
2021-07-19,1001296.4348069149,0.0,1001296.4348069149,0.0,0.0,0.0,0,1.0,0.0
2021-07-20,1001296.4348069149,0.0,1001296.4348069149,0.0,0.0,0.0,0,1.0,0.0
2021-07-21,1001296.4348069149,0.0,1001296.4348069149,0.0,0.0,0.0,0,1.0,0.0
2021-07-22,1001296.4348069149,0.0,1001296.4348069149,0.0,0.0,0.0,0,1.0,0.0
2021-07-23,1001296.4348069149,0.0,1001296.4348069149,0.0,0.0,0.0,0,1.0,0.0
2021-07-26,1001296.4348069149,0.0,1001296.4348069149,0.0,0.0,0.0,0,1.0,0.0
2021-07-27,1001296.4348069149,0.0,1001296.4348069149,0.0,0.0,0.0,0,1.0,0.0
2021-07-28,1001296.4348069149,0.0,1001296.4348069149,0.0,0.0,0.0,0,1.0,0.0
2021-07-29,1001296.4348069149,0.0,1001296.4348069149,0.0,0.0,0.0,0,1.0,0.0
2021-07-30,1001296.4348069149,0.0,1001296.4348069149,0.0,0.0,0.0,0,1.0,0.0
2021-08-02,1001296.4348069149,0.0,1001296.4348069149,0.0,0.0,0.0,0,1.0,0.0
2021-08-03,1001296.4348069149,0.0,1001296.4348069149,0.0,0.0,0.0,0,1.0,0.0
2021-08-04,1001296.4348069149,0.0,1001296.4348069149,0.0,0.0,0.0,0,1.0,0.0
2021-08-05,1001296.4348069149,0.0,1001296.4348069149,0.0,0.0,0.0,0,1.0,0.0
2021-08-06,1001296.4348069149,0.0,1001296.4348069149,0.0,0.0,0.0,0,1.0,0.0
2021-08-09,1001296.4348069149,0.0,1001296.4348069149,0.0,0.0,0.0,0,1.0,0.0
2021-08-10,1001296.4348069149,0.0,1001296.4348069149,0.0,0.0,0.0,0,1.0,0.0
2021-08-11,1001296.4348069149,0.0,1001296.4348069149,0.0,0.0,0.0,0,1.0,0.0
2021-08-12,1001296.4348069149,0.0,1001296.4348069149,0.0,0.0,0.0,0,1.0,0.0
2021-08-13,1001296.4348069149,0.0,1001296.4348069149,0.0,0.0,0.0,0,1.0,0.0
2021-08-16,1001296.4348069149,0.0,1001296.4348069149,0.0,0.0,0.0,0,1.0,0.0
2021-08-17,1001296.4348069149,0.0,1001296.4348069149,0.0,0.0,0.0,0,1.0,0.0
2021-08-18,1001296.4348069149,0.0,1001296.4348069149,0.0,0.0,0.0,0,1.0,0.0
2021-08-19,1001296.4348069149,0.0,1001296.4348069149,0.0,0.0,0.0,0,1.0,0.0
2021-08-20,1001296.4348069149,0.0,1001296.4348069149,0.0,0.0,0.0,0,1.0,0.0
2021-08-23,1001296.4348069149,0.0,1001296.4348069149,0.0,0.0,0.0,0,1.0,0.0
2021-08-24,1001296.4348069149,0.0,1001296.4348069149,0.0,0.0,0.0,0,1.0,0.0
2021-08-25,1001296.4348069149,0.0,1001296.4348069149,0.0,0.0,0.0,0,1.0,0.0
2021-08-26,1001296.4348069149,0.0,1001296.4348069149,0.0,0.0,0.0,0,1.0,0.0
2021-08-27,1001296.4348069149,0.0,1001296.4348069149,0.0,0.0,0.0,0,1.0,0.0
2021-08-30,1001296.4348069149,0.0,1001296.4348069149,0.0,0.0,0.0,0,1.0,0.0
2021-08-31,1001296.4348069149,0.0,1001296.4348069149,0.0,0.0,0.0,0,1.0,0.0
2021-09-01,1001296.4348069149,0.0,1001296.4348069149,0.0,0.0,0.0,0,1.0,0.0
2021-09-02,1001296.4348069149,0.0,1001296.4348069149,0.0,0.0,0.0,0,1.0,0.0
2021-09-03,1001296.4348069149,0.0,1001296.4348069149,0.0,0.0,0.0,0,1.0,0.0
2021-09-07,1001296.4348069149,0.0,1001296.4348069149,0.0,0.0,0.0,0,1.0,0.0
2021-09-08,1001296.4348069149,0.0,1001296.4348069149,0.0,0.0,0.0,0,1.0,0.0
2021-09-09,1001296.4348069149,0.0,1001296.4348069149,0.0,0.0,0.0,0,1.0,0.0
2021-09-10,1001296.4348069149,0.0,1001296.4348069149,0.0,0.0,0.0,0,1.0,0.0
2021-09-13,1001296.4348069149,0.0,1001296.4348069149,0.0,0.0,0.0,0,1.0,0.0
2021-09-14,1001296.4348069149,0.0,1001296.4348069149,0.0,0.0,0.0,0,1.0,0.0
2021-09-15,1001296.4348069149,0.0,1001296.4348069149,0.0,0.0,0.0,0,1.0,0.0
2021-09-16,1001296.4348069149,0.0,1001296.4348069149,0.0,0.0,0.0,0,1.0,0.0
2021-09-17,1001296.4348069149,0.0,1001296.4348069149,0.0,0.0,0.0,0,1.0,0.0
2021-09-20,1001296.4348069149,0.0,1001296.4348069149,0.0,0.0,0.0,0,1.0,0.0
2021-09-21,1001296.4348069149,0.0,1001296.4348069149,0.0,0.0,0.0,0,1.0,0.0
2021-09-22,1001296.4348069149,0.0,1001296.4348069149,0.0,0.0,0.0,0,1.0,0.0
2021-09-23,1001296.4348069149,0.0,1001296.4348069149,0.0,0.0,0.0,0,1.0,0.0
2021-09-24,1001296.4348069149,0.0,1001296.4348069149,0.0,0.0,0.0,0,1.0,0.0
2021-09-27,1001296.4348069149,0.0,1001296.4348069149,0.0,0.0,0.0,0,1.0,0.0
2021-09-28,1001296.4348069149,0.0,1001296.4348069149,0.0,0.0,0.0,0,1.0,0.0
2021-09-29,1001296.4348069149,0.0,1001296.4348069149,0.0,0.0,0.0,0,1.0,0.0
2021-09-30,1001296.4348069149,0.0,1001296.4348069149,0.0,0.0,0.0,0,1.0,0.0
2021-10-01,1001296.4348069149,0.0,1001296.4348069149,0.0,0.0,0.0,0,1.0,0.0
2021-10-04,1001296.4348069149,0.0,1001296.4348069149,0.0,0.0,0.0,0,1.0,0.0
2021-10-05,1001296.4348069149,0.0,1001296.4348069149,0.0,0.0,0.0,0,1.0,0.0
2021-10-06,1001296.4348069149,0.0,1001296.4348069149,0.0,0.0,0.0,0,1.0,0.0
2021-10-07,1001296.4348069149,0.0,1001296.4348069149,0.0,0.0,0.0,0,1.0,0.0
2021-10-08,1001296.4348069149,0.0,1001296.4348069149,0.0,0.0,0.0,0,1.0,0.0
2021-10-11,1001296.4348069149,0.0,1001296.4348069149,0.0,0.0,0.0,0,1.0,0.0
2021-10-12,1001296.4348069149,0.0,1001296.4348069149,0.0,0.0,0.0,0,1.0,0.0
2021-10-13,1001296.4348069149,0.0,1001296.4348069149,0.0,0.0,0.0,0,1.0,0.0
2021-10-14,1001296.4348069149,0.0,1001296.4348069149,0.0,0.0,0.0,0,1.0,0.0
2021-10-15,1001296.4348069149,0.0,1001296.4348069149,0.0,0.0,0.0,0,1.0,0.0
2021-10-18,1001296.4348069149,0.0,1001296.4348069149,0.0,0.0,0.0,0,1.0,0.0
2021-10-19,1001296.4348069149,0.0,1001296.4348069149,0.0,0.0,0.0,0,1.0,0.0
2021-10-20,1001296.4348069149,0.0,1001296.4348069149,0.0,0.0,0.0,0,1.0,0.0
2021-10-21,1001296.4348069149,0.0,1001296.4348069149,0.0,0.0,0.0,0,1.0,0.0
2021-10-22,1001296.4348069149,0.0,1001296.4348069149,0.0,0.0,0.0,0,1.0,0.0
2021-10-25,1001296.4348069149,0.0,1001296.4348069149,0.0,0.0,0.0,0,1.0,0.0
2021-10-26,1001296.4348069149,0.0,1001296.4348069149,0.0,0.0,0.0,0,1.0,0.0
2021-10-27,1001296.4348069149,0.0,1001296.4348069149,0.0,0.0,0.0,0,1.0,0.0
2021-10-28,1001296.4348069149,0.0,1001296.4348069149,0.0,0.0,0.0,0,1.0,0.0
2021-10-29,1001296.4348069149,0.0,1001296.4348069149,0.0,0.0,0.0,0,1.0,0.0
2021-11-01,1001296.4348069149,0.0,1001296.4348069149,0.0,0.0,0.0,0,1.0,0.0
2021-11-02,1001296.4348069149,0.0,1001296.4348069149,0.0,0.0,0.0,0,1.0,0.0
2021-11-03,1001296.4348069149,0.0,1001296.4348069149,0.0,0.0,0.0,0,1.0,0.0
2021-11-04,1001296.4348069149,0.0,1001296.4348069149,0.0,0.0,0.0,0,1.0,0.0
2021-11-05,1001296.4348069149,0.0,1001296.4348069149,0.0,0.0,0.0,0,1.0,0.0
2021-11-08,1001187.1896032474,-0.00010910375775829984,973911.2683297963,50064.821740345746,72853.72220724035,27275.921273451146,2,1.0,0.0
2021-11-09,1000767.1062525391,-0.00041958522349339056,973910.6444037055,49570.035924152544,72283.60999947149,26856.46184883359,2,1.0,0.6239260908116251
2021-11-10,1001239.801437054,0.0004723328550284567,973910.0225399389,49860.625756613634,72391.47261611227,27329.778897115015,2,1.0,0.6218637666069528
2021-11-11,1001553.0949821748,0.000312905604302971,973909.4056789709,50181.825801767394,72719.96230033081,27643.689303203973,2,1.0,0.6168609680903114
2021-11-12,1001614.0413273474,6.085183649062742e-05,973908.7886184233,50413.48101082505,73121.70931272602,27705.2527089241,2,1.0,0.6170605475308261
2021-11-15,1001594.1374076674,-1.9871845699848123e-05,1001594.1374076674,0.0,0.0,0.0,0,1.0,1.86515222192205
2021-11-16,1001594.1374076674,0.0,1001594.1374076674,0.0,0.0,0.0,0,1.0,0.0
2021-11-17,1001594.1374076674,0.0,1001594.1374076674,0.0,0.0,0.0,0,1.0,0.0
2021-11-18,1001594.1374076674,0.0,1001594.1374076674,0.0,0.0,0.0,0,1.0,0.0
2021-11-19,1001594.1374076674,0.0,1001594.1374076674,0.0,0.0,0.0,0,1.0,0.0
2021-11-22,1001594.1374076674,0.0,1001594.1374076674,0.0,0.0,0.0,0,1.0,0.0
2021-11-23,1001594.1374076674,0.0,1001594.1374076674,0.0,0.0,0.0,0,1.0,0.0
2021-11-24,1001594.1374076674,0.0,1001594.1374076674,0.0,0.0,0.0,0,1.0,0.0
2021-11-26,1001594.1374076674,0.0,1001594.1374076674,0.0,0.0,0.0,0,1.0,0.0
2021-11-29,1001594.1374076674,0.0,1001594.1374076674,0.0,0.0,0.0,0,1.0,0.0
2021-11-30,1001594.1374076674,0.0,1001594.1374076674,0.0,0.0,0.0,0,1.0,0.0
2021-12-01,1001594.1374076674,0.0,1001594.1374076674,0.0,0.0,0.0,0,1.0,0.0
2021-12-02,1001594.1374076674,0.0,1001594.1374076674,0.0,0.0,0.0,0,1.0,0.0
2021-12-03,1001594.1374076674,0.0,1001594.1374076674,0.0,0.0,0.0,0,1.0,0.0
2021-12-06,1001594.1374076674,0.0,1001594.1374076674,0.0,0.0,0.0,0,1.0,0.0
2021-12-07,1001594.1374076674,0.0,1001594.1374076674,0.0,0.0,0.0,0,1.0,0.0
2021-12-08,1001594.1374076674,0.0,1001594.1374076674,0.0,0.0,0.0,0,1.0,0.0
2021-12-09,1001594.1374076674,0.0,1001594.1374076674,0.0,0.0,0.0,0,1.0,0.0
2021-12-10,1001594.1374076674,0.0,1001594.1374076674,0.0,0.0,0.0,0,1.0,0.0
2021-12-13,1001594.1374076674,0.0,1001594.1374076674,0.0,0.0,0.0,0,1.0,0.0
2021-12-14,1001594.1374076674,0.0,1001594.1374076674,0.0,0.0,0.0,0,1.0,0.0
2021-12-15,1001594.1374076674,0.0,1001594.1374076674,0.0,0.0,0.0,0,1.0,0.0
2021-12-16,1001594.1374076674,0.0,1001594.1374076674,0.0,0.0,0.0,0,1.0,0.0
2021-12-17,1001594.1374076674,0.0,1001594.1374076674,0.0,0.0,0.0,0,1.0,0.0
2021-12-20,1001594.1374076674,0.0,1001594.1374076674,0.0,0.0,0.0,0,1.0,0.0
2021-12-21,1001594.1374076674,0.0,1001594.1374076674,0.0,0.0,0.0,0,1.0,0.0
2021-12-22,1001594.1374076674,0.0,1001594.1374076674,0.0,0.0,0.0,0,1.0,0.0
2021-12-23,1001594.1374076674,0.0,1001594.1374076674,0.0,0.0,0.0,0,1.0,0.0
2021-12-27,1001594.1374076674,0.0,1001594.1374076674,0.0,0.0,0.0,0,1.0,0.0
2021-12-28,1001594.1374076674,0.0,1001594.1374076674,0.0,0.0,0.0,0,1.0,0.0
2021-12-29,1001594.1374076674,0.0,1001594.1374076674,0.0,0.0,0.0,0,1.0,0.0
2021-12-30,1001594.1374076674,0.0,1001594.1374076674,0.0,0.0,0.0,0,1.0,0.0
2021-12-31,1001594.1374076674,0.0,1001594.1374076674,0.0,0.0,0.0,0,1.0,0.0
2022-01-03,1001594.1374076674,0.0,1001594.1374076674,0.0,0.0,0.0,0,1.0,0.0
2022-01-04,1001594.1374076674,0.0,1001594.1374076674,0.0,0.0,0.0,0,1.0,0.0
2022-01-05,1001594.1374076674,0.0,1001594.1374076674,0.0,0.0,0.0,0,1.0,0.0
2022-01-06,1001594.1374076674,0.0,1001594.1374076674,0.0,0.0,0.0,0,1.0,0.0
2022-01-07,1001594.1374076674,0.0,1001594.1374076674,0.0,0.0,0.0,0,1.0,0.0
2022-01-10,1001594.1374076674,0.0,1001594.1374076674,0.0,0.0,0.0,0,1.0,0.0
2022-01-11,1001594.1374076674,0.0,1001594.1374076674,0.0,0.0,0.0,0,1.0,0.0
2022-01-12,1001594.1374076674,0.0,1001594.1374076674,0.0,0.0,0.0,0,1.0,0.0
2022-01-13,1001594.1374076674,0.0,1001594.1374076674,0.0,0.0,0.0,0,1.0,0.0
2022-01-14,1001594.1374076674,0.0,1001594.1374076674,0.0,0.0,0.0,0,1.0,0.0
2022-01-18,1001594.1374076674,0.0,1001594.1374076674,0.0,0.0,0.0,0,1.0,0.0
2022-01-19,1001594.1374076674,0.0,1001594.1374076674,0.0,0.0,0.0,0,1.0,0.0
2022-01-20,1001594.1374076674,0.0,1001594.1374076674,0.0,0.0,0.0,0,1.0,0.0
2022-01-21,1001594.1374076674,0.0,1001594.1374076674,0.0,0.0,0.0,0,1.0,0.0
2022-01-24,1001594.1374076674,0.0,1001594.1374076674,0.0,0.0,0.0,0,1.0,0.0
2022-01-25,1001594.1374076674,0.0,1001594.1374076674,0.0,0.0,0.0,0,1.0,0.0
2022-01-26,1001594.1374076674,0.0,1001594.1374076674,0.0,0.0,0.0,0,1.0,0.0
2022-01-27,1001594.1374076674,0.0,1001594.1374076674,0.0,0.0,0.0,0,1.0,0.0
2022-01-28,1001594.1374076674,0.0,1001594.1374076674,0.0,0.0,0.0,0,1.0,0.0
2022-01-31,1001594.1374076674,0.0,1001594.1374076674,0.0,0.0,0.0,0,1.0,0.0
2022-02-01,1001594.1374076674,0.0,1001594.1374076674,0.0,0.0,0.0,0,1.0,0.0
2022-02-02,1001594.1374076674,0.0,1001594.1374076674,0.0,0.0,0.0,0,1.0,0.0
2022-02-03,1001594.1374076674,0.0,1001594.1374076674,0.0,0.0,0.0,0,1.0,0.0
2022-02-04,1001594.1374076674,0.0,1001594.1374076674,0.0,0.0,0.0,0,1.0,0.0
2022-02-07,1001594.1374076674,0.0,1001594.1374076674,0.0,0.0,0.0,0,1.0,0.0
2022-02-08,1001594.1374076674,0.0,1001594.1374076674,0.0,0.0,0.0,0,1.0,0.0
2022-02-09,1001594.1374076674,0.0,1001594.1374076674,0.0,0.0,0.0,0,1.0,0.0
2022-02-10,1001594.1374076674,0.0,1001594.1374076674,0.0,0.0,0.0,0,1.0,0.0
2022-02-11,1001594.1374076674,0.0,1001594.1374076674,0.0,0.0,0.0,0,1.0,0.0
2022-02-14,1001594.1374076674,0.0,1001594.1374076674,0.0,0.0,0.0,0,1.0,0.0
2022-02-15,1001594.1374076674,0.0,1001594.1374076674,0.0,0.0,0.0,0,1.0,0.0
2022-02-16,1001594.1374076674,0.0,1001594.1374076674,0.0,0.0,0.0,0,1.0,0.0
2022-02-17,1001594.1374076674,0.0,1001594.1374076674,0.0,0.0,0.0,0,1.0,0.0
2022-02-18,1001594.1374076674,0.0,1001594.1374076674,0.0,0.0,0.0,0,1.0,0.0
2022-02-22,1001594.1374076674,0.0,1001594.1374076674,0.0,0.0,0.0,0,1.0,0.0
2022-02-23,1001594.1374076674,0.0,1001594.1374076674,0.0,0.0,0.0,0,1.0,0.0
2022-02-24,1001594.1374076674,0.0,1001594.1374076674,0.0,0.0,0.0,0,1.0,0.0
2022-02-25,1001594.1374076674,0.0,1001594.1374076674,0.0,0.0,0.0,0,1.0,0.0
2022-02-28,1001594.1374076674,0.0,1001594.1374076674,0.0,0.0,0.0,0,1.0,0.0
2022-03-01,1001594.1374076674,0.0,1001594.1374076674,0.0,0.0,0.0,0,1.0,0.0
2022-03-02,1001594.1374076674,0.0,1001594.1374076674,0.0,0.0,0.0,0,1.0,0.0
2022-03-03,1001594.1374076674,0.0,1001594.1374076674,0.0,0.0,0.0,0,1.0,0.0
2022-03-04,1001594.1374076674,0.0,1001594.1374076674,0.0,0.0,0.0,0,1.0,0.0
2022-03-07,1001594.1374076674,0.0,1001594.1374076674,0.0,0.0,0.0,0,1.0,0.0
2022-03-08,1001594.1374076674,0.0,1001594.1374076674,0.0,0.0,0.0,0,1.0,0.0
2022-03-09,1001594.1374076674,0.0,1001594.1374076674,0.0,0.0,0.0,0,1.0,0.0
2022-03-10,1001594.1374076674,0.0,1001594.1374076674,0.0,0.0,0.0,0,1.0,0.0
2022-03-11,1001594.1374076674,0.0,1001594.1374076674,0.0,0.0,0.0,0,1.0,0.0
2022-03-14,1001594.1374076674,0.0,1001594.1374076674,0.0,0.0,0.0,0,1.0,0.0
2022-03-15,1001594.1374076674,0.0,1001594.1374076674,0.0,0.0,0.0,0,1.0,0.0
2022-03-16,1001594.1374076674,0.0,1001594.1374076674,0.0,0.0,0.0,0,1.0,0.0
2022-03-17,1001594.1374076674,0.0,1001594.1374076674,0.0,0.0,0.0,0,1.0,0.0
2022-03-18,1001594.1374076674,0.0,1001594.1374076674,0.0,0.0,0.0,0,1.0,0.0
2022-03-21,1001594.1374076674,0.0,1001594.1374076674,0.0,0.0,0.0,0,1.0,0.0
2022-03-22,1001594.1374076674,0.0,1001594.1374076674,0.0,0.0,0.0,0,1.0,0.0
2022-03-23,1001594.1374076674,0.0,1001594.1374076674,0.0,0.0,0.0,0,1.0,0.0
2022-03-24,1001594.1374076674,0.0,1001594.1374076674,0.0,0.0,0.0,0,1.0,0.0
2022-03-25,1001594.1374076674,0.0,1001594.1374076674,0.0,0.0,0.0,0,1.0,0.0
2022-03-28,1001594.1374076674,0.0,1001594.1374076674,0.0,0.0,0.0,0,1.0,0.0
2022-03-29,1001594.1374076674,0.0,1001594.1374076674,0.0,0.0,0.0,0,1.0,0.0
2022-03-30,1001594.1374076674,0.0,1001594.1374076674,0.0,0.0,0.0,0,1.0,0.0
2022-03-31,1001594.1374076674,0.0,1001594.1374076674,0.0,0.0,0.0,0,1.0,0.0
2022-04-01,1001594.1374076674,0.0,1001594.1374076674,0.0,0.0,0.0,0,1.0,0.0
2022-04-04,1001594.1374076674,0.0,1001594.1374076674,0.0,0.0,0.0,0,1.0,0.0
2022-04-05,1001594.1374076674,0.0,1001594.1374076674,0.0,0.0,0.0,0,1.0,0.0
2022-04-06,1001594.1374076674,0.0,1001594.1374076674,0.0,0.0,0.0,0,1.0,0.0
2022-04-07,1001594.1374076674,0.0,1001594.1374076674,0.0,0.0,0.0,0,1.0,0.0
2022-04-08,1001594.1374076674,0.0,1001594.1374076674,0.0,0.0,0.0,0,1.0,0.0
2022-04-11,1001594.1374076674,0.0,1001594.1374076674,0.0,0.0,0.0,0,1.0,0.0
2022-04-12,1001594.1374076674,0.0,1001594.1374076674,0.0,0.0,0.0,0,1.0,0.0
2022-04-13,1001594.1374076674,0.0,1001594.1374076674,0.0,0.0,0.0,0,1.0,0.0
2022-04-14,1001594.1374076674,0.0,1001594.1374076674,0.0,0.0,0.0,0,1.0,0.0
2022-04-18,1001594.1374076674,0.0,1001594.1374076674,0.0,0.0,0.0,0,1.0,0.0
2022-04-19,1001594.1374076674,0.0,1001594.1374076674,0.0,0.0,0.0,0,1.0,0.0
2022-04-20,1001594.1374076674,0.0,1001594.1374076674,0.0,0.0,0.0,0,1.0,0.0
2022-04-21,1001594.1374076674,0.0,1001594.1374076674,0.0,0.0,0.0,0,1.0,0.0
2022-04-22,1001594.1374076674,0.0,1001594.1374076674,0.0,0.0,0.0,0,1.0,0.0
2022-04-25,1001594.1374076674,0.0,1001594.1374076674,0.0,0.0,0.0,0,1.0,0.0
2022-04-26,1001594.1374076674,0.0,1001594.1374076674,0.0,0.0,0.0,0,1.0,0.0
2022-04-27,1001594.1374076674,0.0,1001594.1374076674,0.0,0.0,0.0,0,1.0,0.0
2022-04-28,1001594.1374076674,0.0,1001594.1374076674,0.0,0.0,0.0,0,1.0,0.0
2022-04-29,1001594.1374076674,0.0,1001594.1374076674,0.0,0.0,0.0,0,1.0,0.0
2022-05-02,1001594.1374076674,0.0,1001594.1374076674,0.0,0.0,0.0,0,1.0,0.0
2022-05-03,1001594.1374076674,0.0,1001594.1374076674,0.0,0.0,0.0,0,1.0,0.0
2022-05-04,1001594.1374076674,0.0,1001594.1374076674,0.0,0.0,0.0,0,1.0,0.0
2022-05-05,1001594.1374076674,0.0,1001594.1374076674,0.0,0.0,0.0,0,1.0,0.0
2022-05-06,1001594.1374076674,0.0,1001594.1374076674,0.0,0.0,0.0,0,1.0,0.0
2022-05-09,1001594.1374076674,0.0,1001594.1374076674,0.0,0.0,0.0,0,1.0,0.0
2022-05-10,1001594.1374076674,0.0,1001594.1374076674,0.0,0.0,0.0,0,1.0,0.0
2022-05-11,1001594.1374076674,0.0,1001594.1374076674,0.0,0.0,0.0,0,1.0,0.0
2022-05-12,1001594.1374076674,0.0,1001594.1374076674,0.0,0.0,0.0,0,1.0,0.0
2022-05-13,1001594.1374076674,0.0,1001594.1374076674,0.0,0.0,0.0,0,1.0,0.0
2022-05-16,1001594.1374076674,0.0,1001594.1374076674,0.0,0.0,0.0,0,1.0,0.0
2022-05-17,1001594.1374076674,0.0,1001594.1374076674,0.0,0.0,0.0,0,1.0,0.0
2022-05-18,1001594.1374076674,0.0,1001594.1374076674,0.0,0.0,0.0,0,1.0,0.0
2022-05-19,1001594.1374076674,0.0,1001594.1374076674,0.0,0.0,0.0,0,1.0,0.0
2022-05-20,1001594.1374076674,0.0,1001594.1374076674,0.0,0.0,0.0,0,1.0,0.0
2022-05-23,1001594.1374076674,0.0,1001594.1374076674,0.0,0.0,0.0,0,1.0,0.0
2022-05-24,1001594.1374076674,0.0,1001594.1374076674,0.0,0.0,0.0,0,1.0,0.0
2022-05-25,1001594.1374076674,0.0,1001594.1374076674,0.0,0.0,0.0,0,1.0,0.0
2022-05-26,1001594.1374076674,0.0,1001594.1374076674,0.0,0.0,0.0,0,1.0,0.0
2022-05-27,1001594.1374076674,0.0,1001594.1374076674,0.0,0.0,0.0,0,1.0,0.0
2022-05-31,1001594.1374076674,0.0,1001594.1374076674,0.0,0.0,0.0,0,1.0,0.0
2022-06-01,1001594.1374076674,0.0,1001594.1374076674,0.0,0.0,0.0,0,1.0,0.0
2022-06-02,1001594.1374076674,0.0,1001594.1374076674,0.0,0.0,0.0,0,1.0,0.0
2022-06-03,1001594.1374076674,0.0,1001594.1374076674,0.0,0.0,0.0,0,1.0,0.0
2022-06-06,1001594.1374076674,0.0,1001594.1374076674,0.0,0.0,0.0,0,1.0,0.0
2022-06-07,1001594.1374076674,0.0,1001594.1374076674,0.0,0.0,0.0,0,1.0,0.0
2022-06-08,1001594.1374076674,0.0,1001594.1374076674,0.0,0.0,0.0,0,1.0,0.0
2022-06-09,1001594.1374076674,0.0,1001594.1374076674,0.0,0.0,0.0,0,1.0,0.0
2022-06-10,1001594.1374076674,0.0,1001594.1374076674,0.0,0.0,0.0,0,1.0,0.0
2022-06-13,1001594.1374076674,0.0,1001594.1374076674,0.0,0.0,0.0,0,1.0,0.0
2022-06-14,1001594.1374076674,0.0,1001594.1374076674,0.0,0.0,0.0,0,1.0,0.0
2022-06-15,1001594.1374076674,0.0,1001594.1374076674,0.0,0.0,0.0,0,1.0,0.0
2022-06-16,1001594.1374076674,0.0,1001594.1374076674,0.0,0.0,0.0,0,1.0,0.0
2022-06-17,1001594.1374076674,0.0,1001594.1374076674,0.0,0.0,0.0,0,1.0,0.0
2022-06-21,1001594.1374076674,0.0,1001594.1374076674,0.0,0.0,0.0,0,1.0,0.0
2022-06-22,1001594.1374076674,0.0,1001594.1374076674,0.0,0.0,0.0,0,1.0,0.0
2022-06-23,1001594.1374076674,0.0,1001594.1374076674,0.0,0.0,0.0,0,1.0,0.0
2022-06-24,1001594.1374076674,0.0,1001594.1374076674,0.0,0.0,0.0,0,1.0,0.0
2022-06-27,1001594.1374076674,0.0,1001594.1374076674,0.0,0.0,0.0,0,1.0,0.0
2022-06-28,1001594.1374076674,0.0,1001594.1374076674,0.0,0.0,0.0,0,1.0,0.0
2022-06-29,1001594.1374076674,0.0,1001594.1374076674,0.0,0.0,0.0,0,1.0,0.0
2022-06-30,1001594.1374076674,0.0,1001594.1374076674,0.0,0.0,0.0,0,1.0,0.0
2022-07-01,1001594.1374076674,0.0,1001594.1374076674,0.0,0.0,0.0,0,1.0,0.0
2022-07-05,1001594.1374076674,0.0,1001594.1374076674,0.0,0.0,0.0,0,1.0,0.0
2022-07-06,1001594.1374076674,0.0,1001594.1374076674,0.0,0.0,0.0,0,1.0,0.0
2022-07-07,1001594.1374076674,0.0,1001594.1374076674,0.0,0.0,0.0,0,1.0,0.0
2022-07-08,1001594.1374076674,0.0,1001594.1374076674,0.0,0.0,0.0,0,1.0,0.0
2022-07-11,1001594.1374076674,0.0,1001594.1374076674,0.0,0.0,0.0,0,1.0,0.0
2022-07-12,1001594.1374076674,0.0,1001594.1374076674,0.0,0.0,0.0,0,1.0,0.0
2022-07-13,1001594.1374076674,0.0,1001594.1374076674,0.0,0.0,0.0,0,1.0,0.0
2022-07-14,1001594.1374076674,0.0,1001594.1374076674,0.0,0.0,0.0,0,1.0,0.0
2022-07-15,1001594.1374076674,0.0,1001594.1374076674,0.0,0.0,0.0,0,1.0,0.0
2022-07-18,1001594.1374076674,0.0,1001594.1374076674,0.0,0.0,0.0,0,1.0,0.0
2022-07-19,1001594.1374076674,0.0,1001594.1374076674,0.0,0.0,0.0,0,1.0,0.0
2022-07-20,1001594.1374076674,0.0,1001594.1374076674,0.0,0.0,0.0,0,1.0,0.0
2022-07-21,1001594.1374076674,0.0,1001594.1374076674,0.0,0.0,0.0,0,1.0,0.0
2022-07-22,1001594.1374076674,0.0,1001594.1374076674,0.0,0.0,0.0,0,1.0,0.0
2022-07-25,1001594.1374076674,0.0,1001594.1374076674,0.0,0.0,0.0,0,1.0,0.0
2022-07-26,1001594.1374076674,0.0,1001594.1374076674,0.0,0.0,0.0,0,1.0,0.0
2022-07-27,1001594.1374076674,0.0,1001594.1374076674,0.0,0.0,0.0,0,1.0,0.0
2022-07-28,1001594.1374076674,0.0,1001594.1374076674,0.0,0.0,0.0,0,1.0,0.0
2022-07-29,1001594.1374076674,0.0,1001594.1374076674,0.0,0.0,0.0,0,1.0,0.0
2022-08-01,1001594.1374076674,0.0,1001594.1374076674,0.0,0.0,0.0,0,1.0,0.0
2022-08-02,1001594.1374076674,0.0,1001594.1374076674,0.0,0.0,0.0,0,1.0,0.0
2022-08-03,1001594.1374076674,0.0,1001594.1374076674,0.0,0.0,0.0,0,1.0,0.0
2022-08-04,1001594.1374076674,0.0,1001594.1374076674,0.0,0.0,0.0,0,1.0,0.0
2022-08-05,1001594.1374076674,0.0,1001594.1374076674,0.0,0.0,0.0,0,1.0,0.0
2022-08-08,1001594.1374076674,0.0,1001594.1374076674,0.0,0.0,0.0,0,1.0,0.0
2022-08-09,1001594.1374076674,0.0,1001594.1374076674,0.0,0.0,0.0,0,1.0,0.0
2022-08-10,1001594.1374076674,0.0,1001594.1374076674,0.0,0.0,0.0,0,1.0,0.0
2022-08-11,1001594.1374076674,0.0,1001594.1374076674,0.0,0.0,0.0,0,1.0,0.0
2022-08-12,1001594.1374076674,0.0,1001594.1374076674,0.0,0.0,0.0,0,1.0,0.0
2022-08-15,1001594.1374076674,0.0,1001594.1374076674,0.0,0.0,0.0,0,1.0,0.0
2022-08-16,1001594.1374076674,0.0,1001594.1374076674,0.0,0.0,0.0,0,1.0,0.0
2022-08-17,1001594.1374076674,0.0,1001594.1374076674,0.0,0.0,0.0,0,1.0,0.0
2022-08-18,1001594.1374076674,0.0,1001594.1374076674,0.0,0.0,0.0,0,1.0,0.0
2022-08-19,1001594.1374076674,0.0,1001594.1374076674,0.0,0.0,0.0,0,1.0,0.0
2022-08-22,1001594.1374076674,0.0,1001594.1374076674,0.0,0.0,0.0,0,1.0,0.0
2022-08-23,1001594.1374076674,0.0,1001594.1374076674,0.0,0.0,0.0,0,1.0,0.0
2022-08-24,1001594.1374076674,0.0,1001594.1374076674,0.0,0.0,0.0,0,1.0,0.0
2022-08-25,1001594.1374076674,0.0,1001594.1374076674,0.0,0.0,0.0,0,1.0,0.0
2022-08-26,1001594.1374076674,0.0,1001594.1374076674,0.0,0.0,0.0,0,1.0,0.0
2022-08-29,1001594.1374076674,0.0,1001594.1374076674,0.0,0.0,0.0,0,1.0,0.0
2022-08-30,1001594.1374076674,0.0,1001594.1374076674,0.0,0.0,0.0,0,1.0,0.0
2022-08-31,1001594.1374076674,0.0,1001594.1374076674,0.0,0.0,0.0,0,1.0,0.0
2022-09-01,1001594.1374076674,0.0,1001594.1374076674,0.0,0.0,0.0,0,1.0,0.0
2022-09-02,1001594.1374076674,0.0,1001594.1374076674,0.0,0.0,0.0,0,1.0,0.0
2022-09-06,1001594.1374076674,0.0,1001594.1374076674,0.0,0.0,0.0,0,1.0,0.0
2022-09-07,1001594.1374076674,0.0,1001594.1374076674,0.0,0.0,0.0,0,1.0,0.0
2022-09-08,1001594.1374076674,0.0,1001594.1374076674,0.0,0.0,0.0,0,1.0,0.0
2022-09-09,1001594.1374076674,0.0,1001594.1374076674,0.0,0.0,0.0,0,1.0,0.0
2022-09-12,1001594.1374076674,0.0,1001594.1374076674,0.0,0.0,0.0,0,1.0,0.0
2022-09-13,1001594.1374076674,0.0,1001594.1374076674,0.0,0.0,0.0,0,1.0,0.0
2022-09-14,1001594.1374076674,0.0,1001594.1374076674,0.0,0.0,0.0,0,1.0,0.0
2022-09-15,1001594.1374076674,0.0,1001594.1374076674,0.0,0.0,0.0,0,1.0,0.0
2022-09-16,1001594.1374076674,0.0,1001594.1374076674,0.0,0.0,0.0,0,1.0,0.0
2022-09-19,1001594.1374076674,0.0,1001594.1374076674,0.0,0.0,0.0,0,1.0,0.0
2022-09-20,1001594.1374076674,0.0,1001594.1374076674,0.0,0.0,0.0,0,1.0,0.0
2022-09-21,1001594.1374076674,0.0,1001594.1374076674,0.0,0.0,0.0,0,1.0,0.0
2022-09-22,1001594.1374076674,0.0,1001594.1374076674,0.0,0.0,0.0,0,1.0,0.0
2022-09-23,1001594.1374076674,0.0,1001594.1374076674,0.0,0.0,0.0,0,1.0,0.0
2022-09-26,1001594.1374076674,0.0,1001594.1374076674,0.0,0.0,0.0,0,1.0,0.0
2022-09-27,1001594.1374076674,0.0,1001594.1374076674,0.0,0.0,0.0,0,1.0,0.0
2022-09-28,1001594.1374076674,0.0,1001594.1374076674,0.0,0.0,0.0,0,1.0,0.0
2022-09-29,1001594.1374076674,0.0,1001594.1374076674,0.0,0.0,0.0,0,1.0,0.0
2022-09-30,1001594.1374076674,0.0,1001594.1374076674,0.0,0.0,0.0,0,1.0,0.0
2022-10-03,1001594.1374076674,0.0,1001594.1374076674,0.0,0.0,0.0,0,1.0,0.0
2022-10-04,1001594.1374076674,0.0,1001594.1374076674,0.0,0.0,0.0,0,1.0,0.0
2022-10-05,1001594.1374076674,0.0,1001594.1374076674,0.0,0.0,0.0,0,1.0,0.0
2022-10-06,1001594.1374076674,0.0,1001594.1374076674,0.0,0.0,0.0,0,1.0,0.0
2022-10-07,1001594.1374076674,0.0,1001594.1374076674,0.0,0.0,0.0,0,1.0,0.0
2022-10-10,1001594.1374076674,0.0,1001594.1374076674,0.0,0.0,0.0,0,1.0,0.0
2022-10-11,1001594.1374076674,0.0,1001594.1374076674,0.0,0.0,0.0,0,1.0,0.0
2022-10-12,1001594.1374076674,0.0,1001594.1374076674,0.0,0.0,0.0,0,1.0,0.0
2022-10-13,1001594.1374076674,0.0,1001594.1374076674,0.0,0.0,0.0,0,1.0,0.0
2022-10-14,1001594.1374076674,0.0,1001594.1374076674,0.0,0.0,0.0,0,1.0,0.0
2022-10-17,1001594.1374076674,0.0,1001594.1374076674,0.0,0.0,0.0,0,1.0,0.0
2022-10-18,1001594.1374076674,0.0,1001594.1374076674,0.0,0.0,0.0,0,1.0,0.0
2022-10-19,1001594.1374076674,0.0,1001594.1374076674,0.0,0.0,0.0,0,1.0,0.0
2022-10-20,1001594.1374076674,0.0,1001594.1374076674,0.0,0.0,0.0,0,1.0,0.0
2022-10-21,1001594.1374076674,0.0,1001594.1374076674,0.0,0.0,0.0,0,1.0,0.0
2022-10-24,1001594.1374076674,0.0,1001594.1374076674,0.0,0.0,0.0,0,1.0,0.0
2022-10-25,1001594.1374076674,0.0,1001594.1374076674,0.0,0.0,0.0,0,1.0,0.0
2022-10-26,1001594.1374076674,0.0,1001594.1374076674,0.0,0.0,0.0,0,1.0,0.0
2022-10-27,1001594.1374076674,0.0,1001594.1374076674,0.0,0.0,0.0,0,1.0,0.0
2022-10-28,1001594.1374076674,0.0,1001594.1374076674,0.0,0.0,0.0,0,1.0,0.0
2022-10-31,1001594.1374076674,0.0,1001594.1374076674,0.0,0.0,0.0,0,1.0,0.0
2022-11-01,1001594.1374076674,0.0,1001594.1374076674,0.0,0.0,0.0,0,1.0,0.0
2022-11-02,1001594.1374076674,0.0,1001594.1374076674,0.0,0.0,0.0,0,1.0,0.0
2022-11-03,1001594.1374076674,0.0,1001594.1374076674,0.0,0.0,0.0,0,1.0,0.0
2022-11-04,1001594.1374076674,0.0,1001594.1374076674,0.0,0.0,0.0,0,1.0,0.0
2022-11-07,1001594.1374076674,0.0,1001594.1374076674,0.0,0.0,0.0,0,1.0,0.0
2022-11-08,1001594.1374076674,0.0,1001594.1374076674,0.0,0.0,0.0,0,1.0,0.0
2022-11-09,1001594.1374076674,0.0,1001594.1374076674,0.0,0.0,0.0,0,1.0,0.0
2022-11-10,1001594.1374076674,0.0,1001594.1374076674,0.0,0.0,0.0,0,1.0,0.0
2022-11-11,1001594.1374076674,0.0,1001594.1374076674,0.0,0.0,0.0,0,1.0,0.0
2022-11-14,1001594.1374076674,0.0,1001594.1374076674,0.0,0.0,0.0,0,1.0,0.0
2022-11-15,1001594.1374076674,0.0,1001594.1374076674,0.0,0.0,0.0,0,1.0,0.0
2022-11-16,1001594.1374076674,0.0,1001594.1374076674,0.0,0.0,0.0,0,1.0,0.0
2022-11-17,1001594.1374076674,0.0,1001594.1374076674,0.0,0.0,0.0,0,1.0,0.0
2022-11-18,1001594.1374076674,0.0,1001594.1374076674,0.0,0.0,0.0,0,1.0,0.0
2022-11-21,1001594.1374076674,0.0,1001594.1374076674,0.0,0.0,0.0,0,1.0,0.0
2022-11-22,1001594.1374076674,0.0,1001594.1374076674,0.0,0.0,0.0,0,1.0,0.0
2022-11-23,1001594.1374076674,0.0,1001594.1374076674,0.0,0.0,0.0,0,1.0,0.0
2022-11-25,1001594.1374076674,0.0,1001594.1374076674,0.0,0.0,0.0,0,1.0,0.0
2022-11-28,1001594.1374076674,0.0,1001594.1374076674,0.0,0.0,0.0,0,1.0,0.0
2022-11-29,1001594.1374076674,0.0,1001594.1374076674,0.0,0.0,0.0,0,1.0,0.0
2022-11-30,1001594.1374076674,0.0,1001594.1374076674,0.0,0.0,0.0,0,1.0,0.0
2022-12-01,1001594.1374076674,0.0,1001594.1374076674,0.0,0.0,0.0,0,1.0,0.0
2022-12-02,1001594.1374076674,0.0,1001594.1374076674,0.0,0.0,0.0,0,1.0,0.0
2022-12-05,1001594.1374076674,0.0,1001594.1374076674,0.0,0.0,0.0,0,1.0,0.0
2022-12-06,1001594.1374076674,0.0,1001594.1374076674,0.0,0.0,0.0,0,1.0,0.0
2022-12-07,1001594.1374076674,0.0,1001594.1374076674,0.0,0.0,0.0,0,1.0,0.0
2022-12-08,1001594.1374076674,0.0,1001594.1374076674,0.0,0.0,0.0,0,1.0,0.0
2022-12-09,1001594.1374076674,0.0,1001594.1374076674,0.0,0.0,0.0,0,1.0,0.0
2022-12-12,1001594.1374076674,0.0,1001594.1374076674,0.0,0.0,0.0,0,1.0,0.0
2022-12-13,1001594.1374076674,0.0,1001594.1374076674,0.0,0.0,0.0,0,1.0,0.0
2022-12-14,1001594.1374076674,0.0,1001594.1374076674,0.0,0.0,0.0,0,1.0,0.0
2022-12-15,1001594.1374076674,0.0,1001594.1374076674,0.0,0.0,0.0,0,1.0,0.0
2022-12-16,1001594.1374076674,0.0,1001594.1374076674,0.0,0.0,0.0,0,1.0,0.0
2022-12-19,1001594.1374076674,0.0,1001594.1374076674,0.0,0.0,0.0,0,1.0,0.0
2022-12-20,1001594.1374076674,0.0,1001594.1374076674,0.0,0.0,0.0,0,1.0,0.0
2022-12-21,1001594.1374076674,0.0,1001594.1374076674,0.0,0.0,0.0,0,1.0,0.0
2022-12-22,1001594.1374076674,0.0,1001594.1374076674,0.0,0.0,0.0,0,1.0,0.0
2022-12-23,1001594.1374076674,0.0,1001594.1374076674,0.0,0.0,0.0,0,1.0,0.0
2022-12-27,1001594.1374076674,0.0,1001594.1374076674,0.0,0.0,0.0,0,1.0,0.0
2022-12-28,1001594.1374076674,0.0,1001594.1374076674,0.0,0.0,0.0,0,1.0,0.0
2022-12-29,1001594.1374076674,0.0,1001594.1374076674,0.0,0.0,0.0,0,1.0,0.0
2022-12-30,1001594.1374076674,0.0,1001594.1374076674,0.0,0.0,0.0,0,1.0,0.0
2023-01-03,1001594.1374076674,0.0,1001594.1374076674,0.0,0.0,0.0,0,1.0,0.0
2023-01-04,1001594.1374076674,0.0,1001594.1374076674,0.0,0.0,0.0,0,1.0,0.0
2023-01-05,1001594.1374076674,0.0,1001594.1374076674,0.0,0.0,0.0,0,1.0,0.0
2023-01-06,1001594.1374076674,0.0,1001594.1374076674,0.0,0.0,0.0,0,1.0,0.0
2023-01-09,1001594.1374076674,0.0,1001594.1374076674,0.0,0.0,0.0,0,1.0,0.0
2023-01-10,1001594.1374076674,0.0,1001594.1374076674,0.0,0.0,0.0,0,1.0,0.0
2023-01-11,1001594.1374076674,0.0,1001594.1374076674,0.0,0.0,0.0,0,1.0,0.0
2023-01-12,1001594.1374076674,0.0,1001594.1374076674,0.0,0.0,0.0,0,1.0,0.0
2023-01-13,1001594.1374076674,0.0,1001594.1374076674,0.0,0.0,0.0,0,1.0,0.0
2023-01-17,1001594.1374076674,0.0,1001594.1374076674,0.0,0.0,0.0,0,1.0,0.0
2023-01-18,1001594.1374076674,0.0,1001594.1374076674,0.0,0.0,0.0,0,1.0,0.0
2023-01-19,1001594.1374076674,0.0,1001594.1374076674,0.0,0.0,0.0,0,1.0,0.0
2023-01-20,1001594.1374076674,0.0,1001594.1374076674,0.0,0.0,0.0,0,1.0,0.0
2023-01-23,1001594.1374076674,0.0,1001594.1374076674,0.0,0.0,0.0,0,1.0,0.0
2023-01-24,1001594.1374076674,0.0,1001594.1374076674,0.0,0.0,0.0,0,1.0,0.0
2023-01-25,1001594.1374076674,0.0,1001594.1374076674,0.0,0.0,0.0,0,1.0,0.0
2023-01-26,1001594.1374076674,0.0,1001594.1374076674,0.0,0.0,0.0,0,1.0,0.0
2023-01-27,1001594.1374076674,0.0,1001594.1374076674,0.0,0.0,0.0,0,1.0,0.0
2023-01-30,1001474.444299786,-0.0001195026043094849,1000228.9727809542,50079.70687038337,98913.94222193497,1245.4715188317714,1,1.0,0.0
2023-01-31,1003390.8561992277,0.0019135904169593765,1000227.6357724572,52715.48091619303,102267.74140561555,3163.2204267705165,1,1.0,1.3370084969623985
2023-02-01,1006217.4880933998,0.00281707958240629,1000226.2791055033,56070.102429041675,106148.99587018686,5991.208987896498,1,1.0,1.3566669538514036
2023-02-02,1006685.1996457796,0.00046482153005111826,1000224.9080201251,57268.18154077334,108076.07145589229,6460.29162565439,1,1.0,1.3710853782654395
2023-02-03,1008182.3145090828,0.001487172816119653,1000223.5169759111,58226.64483015867,108494.4921271456,7958.797533171746,1,1.0,1.3910442139662955
2023-02-06,1010979.4532064919,0.0027744373781948273,1010979.4532064919,0.0,0.0,0.0,0,1.0,4.128775958684757
2023-02-07,1010979.4532064919,0.0,1010979.4532064919,0.0,0.0,0.0,0,1.0,0.0
2023-02-08,1010979.4532064919,0.0,1010979.4532064919,0.0,0.0,0.0,0,1.0,0.0
2023-02-09,1010979.4532064919,0.0,1010979.4532064919,0.0,0.0,0.0,0,1.0,0.0
2023-02-10,1010979.4532064919,0.0,1010979.4532064919,0.0,0.0,0.0,0,1.0,0.0
2023-02-13,1010979.4532064919,0.0,1010979.4532064919,0.0,0.0,0.0,0,1.0,0.0
2023-02-14,1010979.4532064919,0.0,1010979.4532064919,0.0,0.0,0.0,0,1.0,0.0
2023-02-15,1010979.4532064919,0.0,1010979.4532064919,0.0,0.0,0.0,0,1.0,0.0
2023-02-16,1010979.4532064919,0.0,1010979.4532064919,0.0,0.0,0.0,0,1.0,0.0
2023-02-17,1010979.4532064919,0.0,1010979.4532064919,0.0,0.0,0.0,0,1.0,0.0
2023-02-21,1010979.4532064919,0.0,1010979.4532064919,0.0,0.0,0.0,0,1.0,0.0
2023-02-22,1010979.4532064919,0.0,1010979.4532064919,0.0,0.0,0.0,0,1.0,0.0
2023-02-23,1010979.4532064919,0.0,1010979.4532064919,0.0,0.0,0.0,0,1.0,0.0
2023-02-24,1010979.4532064919,0.0,1010979.4532064919,0.0,0.0,0.0,0,1.0,0.0
2023-02-27,1010979.4532064919,0.0,1010979.4532064919,0.0,0.0,0.0,0,1.0,0.0
2023-02-28,1010979.4532064919,0.0,1010979.4532064919,0.0,0.0,0.0,0,1.0,0.0
2023-03-01,1010979.4532064919,0.0,1010979.4532064919,0.0,0.0,0.0,0,1.0,0.0
2023-03-02,1010979.4532064919,0.0,1010979.4532064919,0.0,0.0,0.0,0,1.0,0.0
2023-03-03,1010979.4532064919,0.0,1010979.4532064919,0.0,0.0,0.0,0,1.0,0.0
2023-03-06,1010979.4532064919,0.0,1010979.4532064919,0.0,0.0,0.0,0,1.0,0.0
2023-03-07,1010979.4532064919,0.0,1010979.4532064919,0.0,0.0,0.0,0,1.0,0.0
2023-03-08,1010979.4532064919,0.0,1010979.4532064919,0.0,0.0,0.0,0,1.0,0.0
2023-03-09,1010979.4532064919,0.0,1010979.4532064919,0.0,0.0,0.0,0,1.0,0.0
2023-03-10,1010979.4532064919,0.0,1010979.4532064919,0.0,0.0,0.0,0,1.0,0.0
2023-03-13,1010979.4532064919,0.0,1010979.4532064919,0.0,0.0,0.0,0,1.0,0.0
2023-03-14,1010979.4532064919,0.0,1010979.4532064919,0.0,0.0,0.0,0,1.0,0.0
2023-03-15,1010979.4532064919,0.0,1010979.4532064919,0.0,0.0,0.0,0,1.0,0.0
2023-03-16,1010979.4532064919,0.0,1010979.4532064919,0.0,0.0,0.0,0,1.0,0.0
2023-03-17,1010979.4532064919,0.0,1010979.4532064919,0.0,0.0,0.0,0,1.0,0.0
2023-03-20,1010856.6502641711,-0.00012146927608802649,1014570.170104263,50548.972660324594,104811.46516074112,-3713.5198400919253,1,1.0,0.0
2023-03-21,1011742.7002881612,0.0008765338030456427,1014568.6844781849,52149.00152140605,107123.98723283588,-2825.984190023788,1,1.0,1.485626078040151
2023-03-22,1012263.4982090248,0.0005147533268243798,1014567.1793451059,51734.17608436879,105772.0333048187,-2303.681136081126,1,1.0,1.5051330790261421
2023-03-23,1010930.733539453,-0.0013166183231241302,1014565.6998692066,50548.972660324594,104732.91165040279,-3634.9663297535953,1,1.0,1.479475899259409
2023-03-24,1010040.3494570985,-0.0008807567648448922,1014564.2163938065,50015.62970663078,104555.12634996959,-4523.866936708022,1,1.0,1.4834754001390331
2023-03-27,1011527.1096321903,0.0014719809717413934,1011527.1096321903,0.0,0.0,0.0,0,1.0,4.479630114442612
2023-03-28,1011527.1096321903,0.0,1011527.1096321903,0.0,0.0,0.0,0,1.0,0.0
2023-03-29,1011527.1096321903,0.0,1011527.1096321903,0.0,0.0,0.0,0,1.0,0.0
2023-03-30,1011527.1096321903,0.0,1011527.1096321903,0.0,0.0,0.0,0,1.0,0.0
2023-03-31,1011527.1096321903,0.0,1011527.1096321903,0.0,0.0,0.0,0,1.0,0.0
2023-04-03,1011527.1096321903,0.0,1011527.1096321903,0.0,0.0,0.0,0,1.0,0.0
2023-04-04,1011527.1096321903,0.0,1011527.1096321903,0.0,0.0,0.0,0,1.0,0.0
2023-04-05,1011527.1096321903,0.0,1011527.1096321903,0.0,0.0,0.0,0,1.0,0.0
2023-04-06,1011527.1096321903,0.0,1011527.1096321903,0.0,0.0,0.0,0,1.0,0.0
2023-04-10,1011527.1096321903,0.0,1011527.1096321903,0.0,0.0,0.0,0,1.0,0.0
2023-04-11,1011527.1096321903,0.0,1011527.1096321903,0.0,0.0,0.0,0,1.0,0.0
2023-04-12,1011527.1096321903,0.0,1011527.1096321903,0.0,0.0,0.0,0,1.0,0.0
2023-04-13,1011527.1096321903,0.0,1011527.1096321903,0.0,0.0,0.0,0,1.0,0.0
2023-04-14,1011527.1096321903,0.0,1011527.1096321903,0.0,0.0,0.0,0,1.0,0.0
2023-04-17,1011527.1096321903,0.0,1011527.1096321903,0.0,0.0,0.0,0,1.0,0.0
2023-04-18,1011527.1096321903,0.0,1011527.1096321903,0.0,0.0,0.0,0,1.0,0.0
2023-04-19,1011527.1096321903,0.0,1011527.1096321903,0.0,0.0,0.0,0,1.0,0.0
2023-04-20,1011527.1096321903,0.0,1011527.1096321903,0.0,0.0,0.0,0,1.0,0.0
2023-04-21,1011527.1096321903,0.0,1011527.1096321903,0.0,0.0,0.0,0,1.0,0.0
2023-04-24,1011527.1096321903,0.0,1011527.1096321903,0.0,0.0,0.0,0,1.0,0.0
2023-04-25,1011527.1096321903,0.0,1011527.1096321903,0.0,0.0,0.0,0,1.0,0.0
2023-04-26,1011527.1096321903,0.0,1011527.1096321903,0.0,0.0,0.0,0,1.0,0.0
2023-04-27,1011527.1096321903,0.0,1011527.1096321903,0.0,0.0,0.0,0,1.0,0.0
2023-04-28,1011527.1096321903,0.0,1011527.1096321903,0.0,0.0,0.0,0,1.0,0.0
2023-05-01,1011527.1096321903,0.0,1011527.1096321903,0.0,0.0,0.0,0,1.0,0.0
2023-05-02,1011527.1096321903,0.0,1011527.1096321903,0.0,0.0,0.0,0,1.0,0.0
2023-05-03,1011527.1096321903,0.0,1011527.1096321903,0.0,0.0,0.0,0,1.0,0.0
2023-05-04,1011527.1096321903,0.0,1011527.1096321903,0.0,0.0,0.0,0,1.0,0.0
2023-05-05,1011527.1096321903,0.0,1011527.1096321903,0.0,0.0,0.0,0,1.0,0.0
2023-05-08,1011527.1096321903,0.0,1011527.1096321903,0.0,0.0,0.0,0,1.0,0.0
2023-05-09,1011527.1096321903,0.0,1011527.1096321903,0.0,0.0,0.0,0,1.0,0.0
2023-05-10,1011527.1096321903,0.0,1011527.1096321903,0.0,0.0,0.0,0,1.0,0.0
2023-05-11,1011527.1096321903,0.0,1011527.1096321903,0.0,0.0,0.0,0,1.0,0.0
2023-05-12,1011527.1096321903,0.0,1011527.1096321903,0.0,0.0,0.0,0,1.0,0.0
2023-05-15,1011527.1096321903,0.0,1011527.1096321903,0.0,0.0,0.0,0,1.0,0.0
2023-05-16,1011527.1096321903,0.0,1011527.1096321903,0.0,0.0,0.0,0,1.0,0.0
2023-05-17,1011527.1096321903,0.0,1011527.1096321903,0.0,0.0,0.0,0,1.0,0.0
2023-05-18,1011527.1096321903,0.0,1011527.1096321903,0.0,0.0,0.0,0,1.0,0.0
2023-05-19,1011527.1096321903,0.0,1011527.1096321903,0.0,0.0,0.0,0,1.0,0.0
2023-05-22,1011527.1096321903,0.0,1011527.1096321903,0.0,0.0,0.0,0,1.0,0.0
2023-05-23,1011527.1096321903,0.0,1011527.1096321903,0.0,0.0,0.0,0,1.0,0.0
2023-05-24,1011527.1096321903,0.0,1011527.1096321903,0.0,0.0,0.0,0,1.0,0.0
2023-05-25,1011527.1096321903,0.0,1011527.1096321903,0.0,0.0,0.0,0,1.0,0.0
2023-05-26,1011527.1096321903,0.0,1011527.1096321903,0.0,0.0,0.0,0,1.0,0.0
2023-05-30,1011527.1096321903,0.0,1011527.1096321903,0.0,0.0,0.0,0,1.0,0.0
2023-05-31,1011527.1096321903,0.0,1011527.1096321903,0.0,0.0,0.0,0,1.0,0.0
2023-06-01,1011527.1096321903,0.0,1011527.1096321903,0.0,0.0,0.0,0,1.0,0.0
2023-06-02,1011527.1096321903,0.0,1011527.1096321903,0.0,0.0,0.0,0,1.0,0.0
2023-06-05,1011527.1096321903,0.0,1011527.1096321903,0.0,0.0,0.0,0,1.0,0.0
2023-06-06,1011527.1096321903,0.0,1011527.1096321903,0.0,0.0,0.0,0,1.0,0.0
2023-06-07,1011527.1096321903,0.0,1011527.1096321903,0.0,0.0,0.0,0,1.0,0.0
2023-06-08,1011527.1096321903,0.0,1011527.1096321903,0.0,0.0,0.0,0,1.0,0.0
2023-06-09,1011527.1096321903,0.0,1011527.1096321903,0.0,0.0,0.0,0,1.0,0.0
2023-06-12,1011527.1096321903,0.0,1011527.1096321903,0.0,0.0,0.0,0,1.0,0.0
2023-06-13,1011527.1096321903,0.0,1011527.1096321903,0.0,0.0,0.0,0,1.0,0.0
2023-06-14,1011527.1096321903,0.0,1011527.1096321903,0.0,0.0,0.0,0,1.0,0.0
2023-06-15,1011527.1096321903,0.0,1011527.1096321903,0.0,0.0,0.0,0,1.0,0.0
2023-06-16,1011527.1096321903,0.0,1011527.1096321903,0.0,0.0,0.0,0,1.0,0.0
2023-06-20,1011527.1096321903,0.0,1011527.1096321903,0.0,0.0,0.0,0,1.0,0.0
2023-06-21,1011527.1096321903,0.0,1011527.1096321903,0.0,0.0,0.0,0,1.0,0.0
2023-06-22,1011527.1096321903,0.0,1011527.1096321903,0.0,0.0,0.0,0,1.0,0.0
2023-06-23,1011527.1096321903,0.0,1011527.1096321903,0.0,0.0,0.0,0,1.0,0.0
2023-06-26,1011527.1096321903,0.0,1011527.1096321903,0.0,0.0,0.0,0,1.0,0.0
2023-06-27,1011527.1096321903,0.0,1011527.1096321903,0.0,0.0,0.0,0,1.0,0.0
2023-06-28,1011527.1096321903,0.0,1011527.1096321903,0.0,0.0,0.0,0,1.0,0.0
2023-06-29,1011527.1096321903,0.0,1011527.1096321903,0.0,0.0,0.0,0,1.0,0.0
2023-06-30,1011527.1096321903,0.0,1011527.1096321903,0.0,0.0,0.0,0,1.0,0.0
2023-07-03,1011527.1096321903,0.0,1011527.1096321903,0.0,0.0,0.0,0,1.0,0.0
2023-07-05,1011527.1096321903,0.0,1011527.1096321903,0.0,0.0,0.0,0,1.0,0.0
2023-07-06,1011527.1096321903,0.0,1011527.1096321903,0.0,0.0,0.0,0,1.0,0.0
2023-07-07,1011527.1096321903,0.0,1011527.1096321903,0.0,0.0,0.0,0,1.0,0.0
2023-07-10,1011527.1096321903,0.0,1011527.1096321903,0.0,0.0,0.0,0,1.0,0.0
2023-07-11,1011527.1096321903,0.0,1011527.1096321903,0.0,0.0,0.0,0,1.0,0.0
2023-07-12,1011527.1096321903,0.0,1011527.1096321903,0.0,0.0,0.0,0,1.0,0.0
2023-07-13,1011527.1096321903,0.0,1011527.1096321903,0.0,0.0,0.0,0,1.0,0.0
2023-07-14,1011527.1096321903,0.0,1011527.1096321903,0.0,0.0,0.0,0,1.0,0.0
2023-07-17,1011527.1096321903,0.0,1011527.1096321903,0.0,0.0,0.0,0,1.0,0.0
2023-07-18,1011527.1096321903,0.0,1011527.1096321903,0.0,0.0,0.0,0,1.0,0.0
2023-07-19,1011527.1096321903,0.0,1011527.1096321903,0.0,0.0,0.0,0,1.0,0.0
2023-07-20,1011527.1096321903,0.0,1011527.1096321903,0.0,0.0,0.0,0,1.0,0.0
2023-07-21,1011527.1096321903,0.0,1011527.1096321903,0.0,0.0,0.0,0,1.0,0.0
2023-07-24,1011527.1096321903,0.0,1011527.1096321903,0.0,0.0,0.0,0,1.0,0.0
2023-07-25,1011527.1096321903,0.0,1011527.1096321903,0.0,0.0,0.0,0,1.0,0.0
2023-07-26,1011527.1096321903,0.0,1011527.1096321903,0.0,0.0,0.0,0,1.0,0.0
2023-07-27,1011527.1096321903,0.0,1011527.1096321903,0.0,0.0,0.0,0,1.0,0.0
2023-07-28,1011527.1096321903,0.0,1011527.1096321903,0.0,0.0,0.0,0,1.0,0.0
2023-07-31,1011527.1096321903,0.0,1011527.1096321903,0.0,0.0,0.0,0,1.0,0.0
2023-08-01,1011527.1096321903,0.0,1011527.1096321903,0.0,0.0,0.0,0,1.0,0.0
2023-08-02,1011527.1096321903,0.0,1011527.1096321903,0.0,0.0,0.0,0,1.0,0.0
2023-08-03,1011527.1096321903,0.0,1011527.1096321903,0.0,0.0,0.0,0,1.0,0.0
2023-08-04,1011527.1096321903,0.0,1011527.1096321903,0.0,0.0,0.0,0,1.0,0.0
2023-08-07,1011527.1096321903,0.0,1011527.1096321903,0.0,0.0,0.0,0,1.0,0.0
2023-08-08,1011527.1096321903,0.0,1011527.1096321903,0.0,0.0,0.0,0,1.0,0.0
2023-08-09,1011527.1096321903,0.0,1011527.1096321903,0.0,0.0,0.0,0,1.0,0.0
2023-08-10,1011527.1096321903,0.0,1011527.1096321903,0.0,0.0,0.0,0,1.0,0.0
2023-08-11,1011527.1096321903,0.0,1011527.1096321903,0.0,0.0,0.0,0,1.0,0.0
2023-08-14,1011527.1096321903,0.0,1011527.1096321903,0.0,0.0,0.0,0,1.0,0.0
2023-08-15,1011527.1096321903,0.0,1011527.1096321903,0.0,0.0,0.0,0,1.0,0.0
2023-08-16,1011527.1096321903,0.0,1011527.1096321903,0.0,0.0,0.0,0,1.0,0.0
2023-08-17,1011527.1096321903,0.0,1011527.1096321903,0.0,0.0,0.0,0,1.0,0.0
2023-08-18,1011527.1096321903,0.0,1011527.1096321903,0.0,0.0,0.0,0,1.0,0.0
2023-08-21,1011527.1096321903,0.0,1011527.1096321903,0.0,0.0,0.0,0,1.0,0.0
2023-08-22,1011527.1096321903,0.0,1011527.1096321903,0.0,0.0,0.0,0,1.0,0.0
2023-08-23,1011527.1096321903,0.0,1011527.1096321903,0.0,0.0,0.0,0,1.0,0.0
2023-08-24,1011527.1096321903,0.0,1011527.1096321903,0.0,0.0,0.0,0,1.0,0.0
2023-08-25,1011527.1096321903,0.0,1011527.1096321903,0.0,0.0,0.0,0,1.0,0.0
2023-08-28,1011408.472414992,-0.00011728525718046612,1004543.3825210275,50576.35548160952,94287.62106925446,6865.089893964585,1,1.0,0.0
2023-08-29,1011193.8570482015,-0.0002121945511076584,1004542.1857717985,50994.77373889353,95337.87620138406,6651.671276403002,1,1.0,1.19674922895674
2023-08-30,1010696.1864682592,-0.0004921613956349047,1004540.9717238187,50680.95755196099,95206.70035948142,6155.214744440564,1,1.0,1.214047979808091
2023-08-31,1011126.2452847629,0.0004255075088455129,1004539.7526754187,51047.077268038796,95507.66192673345,6586.492609344139,1,1.0,1.2190483999321131
2023-09-01,1011460.5176684946,0.00033059411254576787,1004538.5354109517,51465.495525322796,96009.00879310272,6921.98225754287,1,1.0,1.217264467041606
2023-09-05,1010065.9459192966,-0.0013787703274988905,1010065.9459192966,0.0,0.0,0.0,0,1.0,4.878139714472819
2023-09-06,1010065.9459192966,0.0,1010065.9459192966,0.0,0.0,0.0,0,1.0,0.0
2023-09-07,1010065.9459192966,0.0,1010065.9459192966,0.0,0.0,0.0,0,1.0,0.0
2023-09-08,1010065.9459192966,0.0,1010065.9459192966,0.0,0.0,0.0,0,1.0,0.0
2023-09-11,1010065.9459192966,0.0,1010065.9459192966,0.0,0.0,0.0,0,1.0,0.0
2023-09-12,1010065.9459192966,0.0,1010065.9459192966,0.0,0.0,0.0,0,1.0,0.0
2023-09-13,1010065.9459192966,0.0,1010065.9459192966,0.0,0.0,0.0,0,1.0,0.0
2023-09-14,1010065.9459192966,0.0,1010065.9459192966,0.0,0.0,0.0,0,1.0,0.0
2023-09-15,1010065.9459192966,0.0,1010065.9459192966,0.0,0.0,0.0,0,1.0,0.0
2023-09-18,1010065.9459192966,0.0,1010065.9459192966,0.0,0.0,0.0,0,1.0,0.0
2023-09-19,1010065.9459192966,0.0,1010065.9459192966,0.0,0.0,0.0,0,1.0,0.0
2023-09-20,1010065.9459192966,0.0,1010065.9459192966,0.0,0.0,0.0,0,1.0,0.0
2023-09-21,1010065.9459192966,0.0,1010065.9459192966,0.0,0.0,0.0,0,1.0,0.0
2023-09-22,1010065.9459192966,0.0,1010065.9459192966,0.0,0.0,0.0,0,1.0,0.0
2023-09-25,1010065.9459192966,0.0,1010065.9459192966,0.0,0.0,0.0,0,1.0,0.0
2023-09-26,1010065.9459192966,0.0,1010065.9459192966,0.0,0.0,0.0,0,1.0,0.0
2023-09-27,1010065.9459192966,0.0,1010065.9459192966,0.0,0.0,0.0,0,1.0,0.0
2023-09-28,1010065.9459192966,0.0,1010065.9459192966,0.0,0.0,0.0,0,1.0,0.0
2023-09-29,1010065.9459192966,0.0,1010065.9459192966,0.0,0.0,0.0,0,1.0,0.0
2023-10-02,1010065.9459192966,0.0,1010065.9459192966,0.0,0.0,0.0,0,1.0,0.0
2023-10-03,1010065.9459192966,0.0,1010065.9459192966,0.0,0.0,0.0,0,1.0,0.0
2023-10-04,1010065.9459192966,0.0,1010065.9459192966,0.0,0.0,0.0,0,1.0,0.0
2023-10-05,1010065.9459192966,0.0,1010065.9459192966,0.0,0.0,0.0,0,1.0,0.0
2023-10-06,1010065.9459192966,0.0,1010065.9459192966,0.0,0.0,0.0,0,1.0,0.0
2023-10-09,1010065.9459192966,0.0,1010065.9459192966,0.0,0.0,0.0,0,1.0,0.0
2023-10-10,1010065.9459192966,0.0,1010065.9459192966,0.0,0.0,0.0,0,1.0,0.0
2023-10-11,1010065.9459192966,0.0,1010065.9459192966,0.0,0.0,0.0,0,1.0,0.0
2023-10-12,1010065.9459192966,0.0,1010065.9459192966,0.0,0.0,0.0,0,1.0,0.0
2023-10-13,1010065.9459192966,0.0,1010065.9459192966,0.0,0.0,0.0,0,1.0,0.0
2023-10-16,1010065.9459192966,0.0,1010065.9459192966,0.0,0.0,0.0,0,1.0,0.0
2023-10-17,1010065.9459192966,0.0,1010065.9459192966,0.0,0.0,0.0,0,1.0,0.0
2023-10-18,1010065.9459192966,0.0,1010065.9459192966,0.0,0.0,0.0,0,1.0,0.0
2023-10-19,1010065.9459192966,0.0,1010065.9459192966,0.0,0.0,0.0,0,1.0,0.0
2023-10-20,1010065.9459192966,0.0,1010065.9459192966,0.0,0.0,0.0,0,1.0,0.0
2023-10-23,1010065.9459192966,0.0,1010065.9459192966,0.0,0.0,0.0,0,1.0,0.0
2023-10-24,1010065.9459192966,0.0,1010065.9459192966,0.0,0.0,0.0,0,1.0,0.0
2023-10-25,1010065.9459192966,0.0,1010065.9459192966,0.0,0.0,0.0,0,1.0,0.0
2023-10-26,1010065.9459192966,0.0,1010065.9459192966,0.0,0.0,0.0,0,1.0,0.0
2023-10-27,1010065.9459192966,0.0,1010065.9459192966,0.0,0.0,0.0,0,1.0,0.0
2023-10-30,1010065.9459192966,0.0,1010065.9459192966,0.0,0.0,0.0,0,1.0,0.0
2023-10-31,1010065.9459192966,0.0,1010065.9459192966,0.0,0.0,0.0,0,1.0,0.0
2023-11-01,1010065.9459192966,0.0,1010065.9459192966,0.0,0.0,0.0,0,1.0,0.0
2023-11-02,1010065.9459192966,0.0,1010065.9459192966,0.0,0.0,0.0,0,1.0,0.0
2023-11-03,1010065.9459192966,0.0,1010065.9459192966,0.0,0.0,0.0,0,1.0,0.0
2023-11-06,1010065.9459192966,0.0,1010065.9459192966,0.0,0.0,0.0,0,1.0,0.0
2023-11-07,1010065.9459192966,0.0,1010065.9459192966,0.0,0.0,0.0,0,1.0,0.0
2023-11-08,1010065.9459192966,0.0,1010065.9459192966,0.0,0.0,0.0,0,1.0,0.0
2023-11-09,1010065.9459192966,0.0,1010065.9459192966,0.0,0.0,0.0,0,1.0,0.0
2023-11-10,1010065.9459192966,0.0,1010065.9459192966,0.0,0.0,0.0,0,1.0,0.0
2023-11-13,1010065.9459192966,0.0,1010065.9459192966,0.0,0.0,0.0,0,1.0,0.0
2023-11-14,1010065.9459192966,0.0,1010065.9459192966,0.0,0.0,0.0,0,1.0,0.0
2023-11-15,1010065.9459192966,0.0,1010065.9459192966,0.0,0.0,0.0,0,1.0,0.0
2023-11-16,1010065.9459192966,0.0,1010065.9459192966,0.0,0.0,0.0,0,1.0,0.0
2023-11-17,1010065.9459192966,0.0,1010065.9459192966,0.0,0.0,0.0,0,1.0,0.0
2023-11-20,1010065.9459192966,0.0,1010065.9459192966,0.0,0.0,0.0,0,1.0,0.0
2023-11-21,1010065.9459192966,0.0,1010065.9459192966,0.0,0.0,0.0,0,1.0,0.0
2023-11-22,1010065.9459192966,0.0,1010065.9459192966,0.0,0.0,0.0,0,1.0,0.0
2023-11-24,1010065.9459192966,0.0,1010065.9459192966,0.0,0.0,0.0,0,1.0,0.0
2023-11-27,1010065.9459192966,0.0,1010065.9459192966,0.0,0.0,0.0,0,1.0,0.0
2023-11-28,1010065.9459192966,0.0,1010065.9459192966,0.0,0.0,0.0,0,1.0,0.0
2023-11-29,1010065.9459192966,0.0,1010065.9459192966,0.0,0.0,0.0,0,1.0,0.0
2023-11-30,1010065.9459192966,0.0,1010065.9459192966,0.0,0.0,0.0,0,1.0,0.0
2023-12-01,1010065.9459192966,0.0,1010065.9459192966,0.0,0.0,0.0,0,1.0,0.0
2023-12-04,1010065.9459192966,0.0,1010065.9459192966,0.0,0.0,0.0,0,1.0,0.0
2023-12-05,1010065.9459192966,0.0,1010065.9459192966,0.0,0.0,0.0,0,1.0,0.0
2023-12-06,1010065.9459192966,0.0,1010065.9459192966,0.0,0.0,0.0,0,1.0,0.0
2023-12-07,1010065.9459192966,0.0,1010065.9459192966,0.0,0.0,0.0,0,1.0,0.0
2023-12-08,1010065.9459192966,0.0,1010065.9459192966,0.0,0.0,0.0,0,1.0,0.0
2023-12-11,1010065.9459192966,0.0,1010065.9459192966,0.0,0.0,0.0,0,1.0,0.0
2023-12-12,1010065.9459192966,0.0,1010065.9459192966,0.0,0.0,0.0,0,1.0,0.0
2023-12-13,1010065.9459192966,0.0,1010065.9459192966,0.0,0.0,0.0,0,1.0,0.0
2023-12-14,1010065.9459192966,0.0,1010065.9459192966,0.0,0.0,0.0,0,1.0,0.0
2023-12-15,1010065.9459192966,0.0,1010065.9459192966,0.0,0.0,0.0,0,1.0,0.0
2023-12-18,1010065.9459192966,0.0,1010065.9459192966,0.0,0.0,0.0,0,1.0,0.0
2023-12-19,1010065.9459192966,0.0,1010065.9459192966,0.0,0.0,0.0,0,1.0,0.0
2023-12-20,1010065.9459192966,0.0,1010065.9459192966,0.0,0.0,0.0,0,1.0,0.0
2023-12-21,1010065.9459192966,0.0,1010065.9459192966,0.0,0.0,0.0,0,1.0,0.0
2023-12-22,1010065.9459192966,0.0,1010065.9459192966,0.0,0.0,0.0,0,1.0,0.0
2023-12-26,1010065.9459192966,0.0,1010065.9459192966,0.0,0.0,0.0,0,1.0,0.0
2023-12-27,1010065.9459192966,0.0,1010065.9459192966,0.0,0.0,0.0,0,1.0,0.0
2023-12-28,1010065.9459192966,0.0,1010065.9459192966,0.0,0.0,0.0,0,1.0,0.0
2023-12-29,1010065.9459192966,0.0,1010065.9459192966,0.0,0.0,0.0,0,1.0,0.0
2024-01-02,1010065.9459192966,0.0,1010065.9459192966,0.0,0.0,0.0,0,1.0,0.0
2024-01-03,1010065.9459192966,0.0,1010065.9459192966,0.0,0.0,0.0,0,1.0,0.0
2024-01-04,1010065.9459192966,0.0,1010065.9459192966,0.0,0.0,0.0,0,1.0,0.0
2024-01-05,1010065.9459192966,0.0,1010065.9459192966,0.0,0.0,0.0,0,1.0,0.0
2024-01-08,1010065.9459192966,0.0,1010065.9459192966,0.0,0.0,0.0,0,1.0,0.0
2024-01-09,1010065.9459192966,0.0,1010065.9459192966,0.0,0.0,0.0,0,1.0,0.0
2024-01-10,1010065.9459192966,0.0,1010065.9459192966,0.0,0.0,0.0,0,1.0,0.0
2024-01-11,1010065.9459192966,0.0,1010065.9459192966,0.0,0.0,0.0,0,1.0,0.0
2024-01-12,1010065.9459192966,0.0,1010065.9459192966,0.0,0.0,0.0,0,1.0,0.0
2024-01-16,1010065.9459192966,0.0,1010065.9459192966,0.0,0.0,0.0,0,1.0,0.0
2024-01-17,1010065.9459192966,0.0,1010065.9459192966,0.0,0.0,0.0,0,1.0,0.0
2024-01-18,1010065.9459192966,0.0,1010065.9459192966,0.0,0.0,0.0,0,1.0,0.0
2024-01-19,1010065.9459192966,0.0,1010065.9459192966,0.0,0.0,0.0,0,1.0,0.0
2024-01-22,1010065.9459192966,0.0,1010065.9459192966,0.0,0.0,0.0,0,1.0,0.0
2024-01-23,1010065.9459192966,0.0,1010065.9459192966,0.0,0.0,0.0,0,1.0,0.0
2024-01-24,1010065.9459192966,0.0,1010065.9459192966,0.0,0.0,0.0,0,1.0,0.0
2024-01-25,1010065.9459192966,0.0,1010065.9459192966,0.0,0.0,0.0,0,1.0,0.0
2024-01-26,1010065.9459192966,0.0,1010065.9459192966,0.0,0.0,0.0,0,1.0,0.0
2024-01-29,1010065.9459192966,0.0,1010065.9459192966,0.0,0.0,0.0,0,1.0,0.0
2024-01-30,1010065.9459192966,0.0,1010065.9459192966,0.0,0.0,0.0,0,1.0,0.0
2024-01-31,1010065.9459192966,0.0,1010065.9459192966,0.0,0.0,0.0,0,1.0,0.0
2024-02-01,1010065.9459192966,0.0,1010065.9459192966,0.0,0.0,0.0,0,1.0,0.0
2024-02-02,1010065.9459192966,0.0,1010065.9459192966,0.0,0.0,0.0,0,1.0,0.0
2024-02-05,1010065.9459192966,0.0,1010065.9459192966,0.0,0.0,0.0,0,1.0,0.0
2024-02-06,1010065.9459192966,0.0,1010065.9459192966,0.0,0.0,0.0,0,1.0,0.0
2024-02-07,1010065.9459192966,0.0,1010065.9459192966,0.0,0.0,0.0,0,1.0,0.0
2024-02-08,1010065.9459192966,0.0,1010065.9459192966,0.0,0.0,0.0,0,1.0,0.0
2024-02-09,1010065.9459192966,0.0,1010065.9459192966,0.0,0.0,0.0,0,1.0,0.0
2024-02-12,1010065.9459192966,0.0,1010065.9459192966,0.0,0.0,0.0,0,1.0,0.0
2024-02-13,1010065.9459192966,0.0,1010065.9459192966,0.0,0.0,0.0,0,1.0,0.0
2024-02-14,1010065.9459192966,0.0,1010065.9459192966,0.0,0.0,0.0,0,1.0,0.0
2024-02-15,1010065.9459192966,0.0,1010065.9459192966,0.0,0.0,0.0,0,1.0,0.0
2024-02-16,1010065.9459192966,0.0,1010065.9459192966,0.0,0.0,0.0,0,1.0,0.0
2024-02-20,1010065.9459192966,0.0,1010065.9459192966,0.0,0.0,0.0,0,1.0,0.0
2024-02-21,1010065.9459192966,0.0,1010065.9459192966,0.0,0.0,0.0,0,1.0,0.0
2024-02-22,1010065.9459192966,0.0,1010065.9459192966,0.0,0.0,0.0,0,1.0,0.0
2024-02-23,1010065.9459192966,0.0,1010065.9459192966,0.0,0.0,0.0,0,1.0,0.0
2024-02-26,1010065.9459192966,0.0,1010065.9459192966,0.0,0.0,0.0,0,1.0,0.0
2024-02-27,1010065.9459192966,0.0,1010065.9459192966,0.0,0.0,0.0,0,1.0,0.0
2024-02-28,1010065.9459192966,0.0,1010065.9459192966,0.0,0.0,0.0,0,1.0,0.0
2024-02-29,1010065.9459192966,0.0,1010065.9459192966,0.0,0.0,0.0,0,1.0,0.0
2024-03-01,1010065.9459192966,0.0,1010065.9459192966,0.0,0.0,0.0,0,1.0,0.0
2024-03-04,1010065.9459192966,0.0,1010065.9459192966,0.0,0.0,0.0,0,1.0,0.0
2024-03-05,1010065.9459192966,0.0,1010065.9459192966,0.0,0.0,0.0,0,1.0,0.0
2024-03-06,1010065.9459192966,0.0,1010065.9459192966,0.0,0.0,0.0,0,1.0,0.0
2024-03-07,1010065.9459192966,0.0,1010065.9459192966,0.0,0.0,0.0,0,1.0,0.0
2024-03-08,1010065.9459192966,0.0,1010065.9459192966,0.0,0.0,0.0,0,1.0,0.0
2024-03-11,1010065.9459192966,0.0,1010065.9459192966,0.0,0.0,0.0,0,1.0,0.0
2024-03-12,1010065.9459192966,0.0,1010065.9459192966,0.0,0.0,0.0,0,1.0,0.0
2024-03-13,1010065.9459192966,0.0,1010065.9459192966,0.0,0.0,0.0,0,1.0,0.0
2024-03-14,1010065.9459192966,0.0,1010065.9459192966,0.0,0.0,0.0,0,1.0,0.0
2024-03-15,1010065.9459192966,0.0,1010065.9459192966,0.0,0.0,0.0,0,1.0,0.0
2024-03-18,1010065.9459192966,0.0,1010065.9459192966,0.0,0.0,0.0,0,1.0,0.0
2024-03-19,1010065.9459192966,0.0,1010065.9459192966,0.0,0.0,0.0,0,1.0,0.0
2024-03-20,1010065.9459192966,0.0,1010065.9459192966,0.0,0.0,0.0,0,1.0,0.0
2024-03-21,1010065.9459192966,0.0,1010065.9459192966,0.0,0.0,0.0,0,1.0,0.0
2024-03-22,1010065.9459192966,0.0,1010065.9459192966,0.0,0.0,0.0,0,1.0,0.0
2024-03-25,1010065.9459192966,0.0,1010065.9459192966,0.0,0.0,0.0,0,1.0,0.0
2024-03-26,1010065.9459192966,0.0,1010065.9459192966,0.0,0.0,0.0,0,1.0,0.0
2024-03-27,1010065.9459192966,0.0,1010065.9459192966,0.0,0.0,0.0,0,1.0,0.0
2024-03-28,1010065.9459192966,0.0,1010065.9459192966,0.0,0.0,0.0,0,1.0,0.0
2024-04-01,1010065.9459192966,0.0,1010065.9459192966,0.0,0.0,0.0,0,1.0,0.0
2024-04-02,1010065.9459192966,0.0,1010065.9459192966,0.0,0.0,0.0,0,1.0,0.0
2024-04-03,1010065.9459192966,0.0,1010065.9459192966,0.0,0.0,0.0,0,1.0,0.0
2024-04-04,1010065.9459192966,0.0,1010065.9459192966,0.0,0.0,0.0,0,1.0,0.0
2024-04-05,1010065.9459192966,0.0,1010065.9459192966,0.0,0.0,0.0,0,1.0,0.0
2024-04-08,1010065.9459192966,0.0,1010065.9459192966,0.0,0.0,0.0,0,1.0,0.0
2024-04-09,1010065.9459192966,0.0,1010065.9459192966,0.0,0.0,0.0,0,1.0,0.0
2024-04-10,1010065.9459192966,0.0,1010065.9459192966,0.0,0.0,0.0,0,1.0,0.0
2024-04-11,1010065.9459192966,0.0,1010065.9459192966,0.0,0.0,0.0,0,1.0,0.0
2024-04-12,1010065.9459192966,0.0,1010065.9459192966,0.0,0.0,0.0,0,1.0,0.0
2024-04-15,1010065.9459192966,0.0,1010065.9459192966,0.0,0.0,0.0,0,1.0,0.0
2024-04-16,1010065.9459192966,0.0,1010065.9459192966,0.0,0.0,0.0,0,1.0,0.0
2024-04-17,1010065.9459192966,0.0,1010065.9459192966,0.0,0.0,0.0,0,1.0,0.0
2024-04-18,1010065.9459192966,0.0,1010065.9459192966,0.0,0.0,0.0,0,1.0,0.0
2024-04-19,1010065.9459192966,0.0,1010065.9459192966,0.0,0.0,0.0,0,1.0,0.0
2024-04-22,1010065.9459192966,0.0,1010065.9459192966,0.0,0.0,0.0,0,1.0,0.0
2024-04-23,1010065.9459192966,0.0,1010065.9459192966,0.0,0.0,0.0,0,1.0,0.0
2024-04-24,1010065.9459192966,0.0,1010065.9459192966,0.0,0.0,0.0,0,1.0,0.0
2024-04-25,1010065.9459192966,0.0,1010065.9459192966,0.0,0.0,0.0,0,1.0,0.0
2024-04-26,1010065.9459192966,0.0,1010065.9459192966,0.0,0.0,0.0,0,1.0,0.0
2024-04-29,1010065.9459192966,0.0,1010065.9459192966,0.0,0.0,0.0,0,1.0,0.0
2024-04-30,1010065.9459192966,0.0,1010065.9459192966,0.0,0.0,0.0,0,1.0,0.0
2024-05-01,1010065.9459192966,0.0,1010065.9459192966,0.0,0.0,0.0,0,1.0,0.0
2024-05-02,1010065.9459192966,0.0,1010065.9459192966,0.0,0.0,0.0,0,1.0,0.0
2024-05-03,1010065.9459192966,0.0,1010065.9459192966,0.0,0.0,0.0,0,1.0,0.0
2024-05-06,1010065.9459192966,0.0,1010065.9459192966,0.0,0.0,0.0,0,1.0,0.0
2024-05-07,1010065.9459192966,0.0,1010065.9459192966,0.0,0.0,0.0,0,1.0,0.0
2024-05-08,1010065.9459192966,0.0,1010065.9459192966,0.0,0.0,0.0,0,1.0,0.0
2024-05-09,1010065.9459192966,0.0,1010065.9459192966,0.0,0.0,0.0,0,1.0,0.0
2024-05-10,1010065.9459192966,0.0,1010065.9459192966,0.0,0.0,0.0,0,1.0,0.0
2024-05-13,1010065.9459192966,0.0,1010065.9459192966,0.0,0.0,0.0,0,1.0,0.0
2024-05-14,1010065.9459192966,0.0,1010065.9459192966,0.0,0.0,0.0,0,1.0,0.0
2024-05-15,1010065.9459192966,0.0,1010065.9459192966,0.0,0.0,0.0,0,1.0,0.0
2024-05-16,1010065.9459192966,0.0,1010065.9459192966,0.0,0.0,0.0,0,1.0,0.0
2024-05-17,1010065.9459192966,0.0,1010065.9459192966,0.0,0.0,0.0,0,1.0,0.0
2024-05-20,1010065.9459192966,0.0,1010065.9459192966,0.0,0.0,0.0,0,1.0,0.0
2024-05-21,1010065.9459192966,0.0,1010065.9459192966,0.0,0.0,0.0,0,1.0,0.0
2024-05-22,1010065.9459192966,0.0,1010065.9459192966,0.0,0.0,0.0,0,1.0,0.0
2024-05-23,1010065.9459192966,0.0,1010065.9459192966,0.0,0.0,0.0,0,1.0,0.0
2024-05-24,1010065.9459192966,0.0,1010065.9459192966,0.0,0.0,0.0,0,1.0,0.0
2024-05-28,1010065.9459192966,0.0,1010065.9459192966,0.0,0.0,0.0,0,1.0,0.0
2024-05-29,1010065.9459192966,0.0,1010065.9459192966,0.0,0.0,0.0,0,1.0,0.0
2024-05-30,1010065.9459192966,0.0,1010065.9459192966,0.0,0.0,0.0,0,1.0,0.0
2024-05-31,1010065.9459192966,0.0,1010065.9459192966,0.0,0.0,0.0,0,1.0,0.0
2024-06-03,1010065.9459192966,0.0,1010065.9459192966,0.0,0.0,0.0,0,1.0,0.0
2024-06-04,1010065.9459192966,0.0,1010065.9459192966,0.0,0.0,0.0,0,1.0,0.0
2024-06-05,1010065.9459192966,0.0,1010065.9459192966,0.0,0.0,0.0,0,1.0,0.0
2024-06-06,1010065.9459192966,0.0,1010065.9459192966,0.0,0.0,0.0,0,1.0,0.0
2024-06-07,1010065.9459192966,0.0,1010065.9459192966,0.0,0.0,0.0,0,1.0,0.0
2024-06-10,1010065.9459192966,0.0,1010065.9459192966,0.0,0.0,0.0,0,1.0,0.0
2024-06-11,1010065.9459192966,0.0,1010065.9459192966,0.0,0.0,0.0,0,1.0,0.0
2024-06-12,1010065.9459192966,0.0,1010065.9459192966,0.0,0.0,0.0,0,1.0,0.0
2024-06-13,1010065.9459192966,0.0,1010065.9459192966,0.0,0.0,0.0,0,1.0,0.0
2024-06-14,1010065.9459192966,0.0,1010065.9459192966,0.0,0.0,0.0,0,1.0,0.0
2024-06-17,1010065.9459192966,0.0,1010065.9459192966,0.0,0.0,0.0,0,1.0,0.0
2024-06-18,1010065.9459192966,0.0,1010065.9459192966,0.0,0.0,0.0,0,1.0,0.0
2024-06-20,1010065.9459192966,0.0,1010065.9459192966,0.0,0.0,0.0,0,1.0,0.0
2024-06-21,1010065.9459192966,0.0,1010065.9459192966,0.0,0.0,0.0,0,1.0,0.0
2024-06-24,1010065.9459192966,0.0,1010065.9459192966,0.0,0.0,0.0,0,1.0,0.0
2024-06-25,1010065.9459192966,0.0,1010065.9459192966,0.0,0.0,0.0,0,1.0,0.0
2024-06-26,1010065.9459192966,0.0,1010065.9459192966,0.0,0.0,0.0,0,1.0,0.0
2024-06-27,1010065.9459192966,0.0,1010065.9459192966,0.0,0.0,0.0,0,1.0,0.0
2024-06-28,1010065.9459192966,0.0,1010065.9459192966,0.0,0.0,0.0,0,1.0,0.0
2024-07-01,1010065.9459192966,0.0,1010065.9459192966,0.0,0.0,0.0,0,1.0,0.0
2024-07-02,1010065.9459192966,0.0,1010065.9459192966,0.0,0.0,0.0,0,1.0,0.0
2024-07-03,1010065.9459192966,0.0,1010065.9459192966,0.0,0.0,0.0,0,1.0,0.0
2024-07-05,1010065.9459192966,0.0,1010065.9459192966,0.0,0.0,0.0,0,1.0,0.0
2024-07-08,1010065.9459192966,0.0,1010065.9459192966,0.0,0.0,0.0,0,1.0,0.0
2024-07-09,1010065.9459192966,0.0,1010065.9459192966,0.0,0.0,0.0,0,1.0,0.0
2024-07-10,1010065.9459192966,0.0,1010065.9459192966,0.0,0.0,0.0,0,1.0,0.0
2024-07-11,1010065.9459192966,0.0,1010065.9459192966,0.0,0.0,0.0,0,1.0,0.0
2024-07-12,1010065.9459192966,0.0,1010065.9459192966,0.0,0.0,0.0,0,1.0,0.0
2024-07-15,1010065.9459192966,0.0,1010065.9459192966,0.0,0.0,0.0,0,1.0,0.0
2024-07-16,1010065.9459192966,0.0,1010065.9459192966,0.0,0.0,0.0,0,1.0,0.0
2024-07-17,1010065.9459192966,0.0,1010065.9459192966,0.0,0.0,0.0,0,1.0,0.0
2024-07-18,1010065.9459192966,0.0,1010065.9459192966,0.0,0.0,0.0,0,1.0,0.0
2024-07-19,1010065.9459192966,0.0,1010065.9459192966,0.0,0.0,0.0,0,1.0,0.0
2024-07-22,1010065.9459192966,0.0,1010065.9459192966,0.0,0.0,0.0,0,1.0,0.0
2024-07-23,1010065.9459192966,0.0,1010065.9459192966,0.0,0.0,0.0,0,1.0,0.0
2024-07-24,1010065.9459192966,0.0,1010065.9459192966,0.0,0.0,0.0,0,1.0,0.0
2024-07-25,1010065.9459192966,0.0,1010065.9459192966,0.0,0.0,0.0,0,1.0,0.0
2024-07-26,1010065.9459192966,0.0,1010065.9459192966,0.0,0.0,0.0,0,1.0,0.0
2024-07-29,1010065.9459192966,0.0,1010065.9459192966,0.0,0.0,0.0,0,1.0,0.0
2024-07-30,1010065.9459192966,0.0,1010065.9459192966,0.0,0.0,0.0,0,1.0,0.0
2024-07-31,1010065.9459192966,0.0,1010065.9459192966,0.0,0.0,0.0,0,1.0,0.0
2024-08-01,1010065.9459192966,0.0,1010065.9459192966,0.0,0.0,0.0,0,1.0,0.0
2024-08-02,1010065.9459192966,0.0,1010065.9459192966,0.0,0.0,0.0,0,1.0,0.0
2024-08-05,1010065.9459192966,0.0,1010065.9459192966,0.0,0.0,0.0,0,1.0,0.0
2024-08-06,1010065.9459192966,0.0,1010065.9459192966,0.0,0.0,0.0,0,1.0,0.0
2024-08-07,1010065.9459192966,0.0,1010065.9459192966,0.0,0.0,0.0,0,1.0,0.0
2024-08-08,1010065.9459192966,0.0,1010065.9459192966,0.0,0.0,0.0,0,1.0,0.0
2024-08-09,1010065.9459192966,0.0,1010065.9459192966,0.0,0.0,0.0,0,1.0,0.0
2024-08-12,1010065.9459192966,0.0,1010065.9459192966,0.0,0.0,0.0,0,1.0,0.0
2024-08-13,1010065.9459192966,0.0,1010065.9459192966,0.0,0.0,0.0,0,1.0,0.0
2024-08-14,1010065.9459192966,0.0,1010065.9459192966,0.0,0.0,0.0,0,1.0,0.0
2024-08-15,1010065.9459192966,0.0,1010065.9459192966,0.0,0.0,0.0,0,1.0,0.0
2024-08-16,1010065.9459192966,0.0,1010065.9459192966,0.0,0.0,0.0,0,1.0,0.0
2024-08-19,1010065.9459192966,0.0,1010065.9459192966,0.0,0.0,0.0,0,1.0,0.0
2024-08-20,1010065.9459192966,0.0,1010065.9459192966,0.0,0.0,0.0,0,1.0,0.0
2024-08-21,1010065.9459192966,0.0,1010065.9459192966,0.0,0.0,0.0,0,1.0,0.0
2024-08-22,1010065.9459192966,0.0,1010065.9459192966,0.0,0.0,0.0,0,1.0,0.0
2024-08-23,1010065.9459192966,0.0,1010065.9459192966,0.0,0.0,0.0,0,1.0,0.0
2024-08-26,1010065.9459192966,0.0,1010065.9459192966,0.0,0.0,0.0,0,1.0,0.0
2024-08-27,1010065.9459192966,0.0,1010065.9459192966,0.0,0.0,0.0,0,1.0,0.0
2024-08-28,1010065.9459192966,0.0,1010065.9459192966,0.0,0.0,0.0,0,1.0,0.0
2024-08-29,1010065.9459192966,0.0,1010065.9459192966,0.0,0.0,0.0,0,1.0,0.0
2024-08-30,1010065.9459192966,0.0,1010065.9459192966,0.0,0.0,0.0,0,1.0,0.0
2024-09-03,1010065.9459192966,0.0,1010065.9459192966,0.0,0.0,0.0,0,1.0,0.0
2024-09-04,1010065.9459192966,0.0,1010065.9459192966,0.0,0.0,0.0,0,1.0,0.0
2024-09-05,1010065.9459192966,0.0,1010065.9459192966,0.0,0.0,0.0,0,1.0,0.0
2024-09-06,1010065.9459192966,0.0,1010065.9459192966,0.0,0.0,0.0,0,1.0,0.0
2024-09-09,1010065.9459192966,0.0,1010065.9459192966,0.0,0.0,0.0,0,1.0,0.0
2024-09-10,1010065.9459192966,0.0,1010065.9459192966,0.0,0.0,0.0,0,1.0,0.0
2024-09-11,1010065.9459192966,0.0,1010065.9459192966,0.0,0.0,0.0,0,1.0,0.0
2024-09-12,1010065.9459192966,0.0,1010065.9459192966,0.0,0.0,0.0,0,1.0,0.0
2024-09-13,1010065.9459192966,0.0,1010065.9459192966,0.0,0.0,0.0,0,1.0,0.0
2024-09-16,1010065.9459192966,0.0,1010065.9459192966,0.0,0.0,0.0,0,1.0,0.0
2024-09-17,1010065.9459192966,0.0,1010065.9459192966,0.0,0.0,0.0,0,1.0,0.0
2024-09-18,1010065.9459192966,0.0,1010065.9459192966,0.0,0.0,0.0,0,1.0,0.0
2024-09-19,1010065.9459192966,0.0,1010065.9459192966,0.0,0.0,0.0,0,1.0,0.0
2024-09-20,1010065.9459192966,0.0,1010065.9459192966,0.0,0.0,0.0,0,1.0,0.0
2024-09-23,1010065.9459192966,0.0,1010065.9459192966,0.0,0.0,0.0,0,1.0,0.0
2024-09-24,1010065.9459192966,0.0,1010065.9459192966,0.0,0.0,0.0,0,1.0,0.0
2024-09-25,1010065.9459192966,0.0,1010065.9459192966,0.0,0.0,0.0,0,1.0,0.0
2024-09-26,1010065.9459192966,0.0,1010065.9459192966,0.0,0.0,0.0,0,1.0,0.0
2024-09-27,1010065.9459192966,0.0,1010065.9459192966,0.0,0.0,0.0,0,1.0,0.0
2024-09-30,1010065.9459192966,0.0,1010065.9459192966,0.0,0.0,0.0,0,1.0,0.0
