date,nav,daily_return,cash,long_usd,gross_usd,net_usd,active_lots,risk_scale,hedge_carry_cost
2014-06-02,1000000.0,0.0,1000000.0,0.0,0.0,0.0,0,1.0,0.0
2014-06-03,1000000.0,0.0,1000000.0,0.0,0.0,0.0,0,1.0,0.0
2014-06-04,1000000.0,0.0,1000000.0,0.0,0.0,0.0,0,1.0,0.0
2014-06-05,1000000.0,0.0,1000000.0,0.0,0.0,0.0,0,1.0,0.0
2014-06-06,1000000.0,0.0,1000000.0,0.0,0.0,0.0,0,1.0,0.0
2014-06-09,1000000.0,0.0,1000000.0,0.0,0.0,0.0,0,1.0,0.0
2014-06-10,1000000.0,0.0,1000000.0,0.0,0.0,0.0,0,1.0,0.0
2014-06-11,1000000.0,0.0,1000000.0,0.0,0.0,0.0,0,1.0,0.0
2014-06-12,1000000.0,0.0,1000000.0,0.0,0.0,0.0,0,1.0,0.0
2014-06-13,1000000.0,0.0,1000000.0,0.0,0.0,0.0,0,1.0,0.0
2014-06-16,1000000.0,0.0,1000000.0,0.0,0.0,0.0,0,1.0,0.0
2014-06-17,1000000.0,0.0,1000000.0,0.0,0.0,0.0,0,1.0,0.0
2014-06-18,1000000.0,0.0,1000000.0,0.0,0.0,0.0,0,1.0,0.0
2014-06-19,1000000.0,0.0,1000000.0,0.0,0.0,0.0,0,1.0,0.0
2014-06-20,1000000.0,0.0,1000000.0,0.0,0.0,0.0,0,1.0,0.0
2014-06-23,1000000.0,0.0,1000000.0,0.0,0.0,0.0,0,1.0,0.0
2014-06-24,1000000.0,0.0,1000000.0,0.0,0.0,0.0,0,1.0,0.0
2014-06-25,1000000.0,0.0,1000000.0,0.0,0.0,0.0,0,1.0,0.0
2014-06-26,1000000.0,0.0,1000000.0,0.0,0.0,0.0,0,1.0,0.0
2014-06-27,1000000.0,0.0,1000000.0,0.0,0.0,0.0,0,1.0,0.0
2014-06-30,1000000.0,0.0,1000000.0,0.0,0.0,0.0,0,1.0,0.0
2014-07-01,1000000.0,0.0,1000000.0,0.0,0.0,0.0,0,1.0,0.0
2014-07-02,1000000.0,0.0,1000000.0,0.0,0.0,0.0,0,1.0,0.0
2014-07-03,1000000.0,0.0,1000000.0,0.0,0.0,0.0,0,1.0,0.0
2014-07-07,1000000.0,0.0,1000000.0,0.0,0.0,0.0,0,1.0,0.0
2014-07-08,1000000.0,0.0,1000000.0,0.0,0.0,0.0,0,1.0,0.0
2014-07-09,1000000.0,0.0,1000000.0,0.0,0.0,0.0,0,1.0,0.0
2014-07-10,1000000.0,0.0,1000000.0,0.0,0.0,0.0,0,1.0,0.0
2014-07-11,1000000.0,0.0,1000000.0,0.0,0.0,0.0,0,1.0,0.0
2014-07-14,1000000.0,0.0,1000000.0,0.0,0.0,0.0,0,1.0,0.0
2014-07-15,1000000.0,0.0,1000000.0,0.0,0.0,0.0,0,1.0,0.0
2014-07-16,1000000.0,0.0,1000000.0,0.0,0.0,0.0,0,1.0,0.0
2014-07-17,1000000.0,0.0,1000000.0,0.0,0.0,0.0,0,1.0,0.0
2014-07-18,1000000.0,0.0,1000000.0,0.0,0.0,0.0,0,1.0,0.0
2014-07-21,1000000.0,0.0,1000000.0,0.0,0.0,0.0,0,1.0,0.0
2014-07-22,1000000.0,0.0,1000000.0,0.0,0.0,0.0,0,1.0,0.0
2014-07-23,1000000.0,0.0,1000000.0,0.0,0.0,0.0,0,1.0,0.0
2014-07-24,1000000.0,0.0,1000000.0,0.0,0.0,0.0,0,1.0,0.0
2014-07-25,1000000.0,0.0,1000000.0,0.0,0.0,0.0,0,1.0,0.0
2014-07-28,1000000.0,0.0,1000000.0,0.0,0.0,0.0,0,1.0,0.0
2014-07-29,1000000.0,0.0,1000000.0,0.0,0.0,0.0,0,1.0,0.0
2014-07-30,1000000.0,0.0,1000000.0,0.0,0.0,0.0,0,1.0,0.0
2014-07-31,1000000.0,0.0,1000000.0,0.0,0.0,0.0,0,1.0,0.0
2014-08-01,1000000.0,0.0,1000000.0,0.0,0.0,0.0,0,1.0,0.0
2014-08-04,1000000.0,0.0,1000000.0,0.0,0.0,0.0,0,1.0,0.0
2014-08-05,1000000.0,0.0,1000000.0,0.0,0.0,0.0,0,1.0,0.0
2014-08-06,1000000.0,0.0,1000000.0,0.0,0.0,0.0,0,1.0,0.0
2014-08-07,1000000.0,0.0,1000000.0,0.0,0.0,0.0,0,1.0,0.0
2014-08-08,1000000.0,0.0,1000000.0,0.0,0.0,0.0,0,1.0,0.0
2014-08-11,1000000.0,0.0,1000000.0,0.0,0.0,0.0,0,1.0,0.0
2014-08-12,1000000.0,0.0,1000000.0,0.0,0.0,0.0,0,1.0,0.0
2014-08-13,1000000.0,0.0,1000000.0,0.0,0.0,0.0,0,1.0,0.0
2014-08-14,1000000.0,0.0,1000000.0,0.0,0.0,0.0,0,1.0,0.0
2014-08-15,1000000.0,0.0,1000000.0,0.0,0.0,0.0,0,1.0,0.0
2014-08-18,1000000.0,0.0,1000000.0,0.0,0.0,0.0,0,1.0,0.0
2014-08-19,1000000.0,0.0,1000000.0,0.0,0.0,0.0,0,1.0,0.0
2014-08-20,1000000.0,0.0,1000000.0,0.0,0.0,0.0,0,1.0,0.0
2014-08-21,1000000.0,0.0,1000000.0,0.0,0.0,0.0,0,1.0,0.0
2014-08-22,1000000.0,0.0,1000000.0,0.0,0.0,0.0,0,1.0,0.0
2014-08-25,1000000.0,0.0,1000000.0,0.0,0.0,0.0,0,1.0,0.0
2014-08-26,1000000.0,0.0,1000000.0,0.0,0.0,0.0,0,1.0,0.0
2014-08-27,1000000.0,0.0,1000000.0,0.0,0.0,0.0,0,1.0,0.0
2014-08-28,1000000.0,0.0,1000000.0,0.0,0.0,0.0,0,1.0,0.0
2014-08-29,1000000.0,0.0,1000000.0,0.0,0.0,0.0,0,1.0,0.0
2014-09-02,1000000.0,0.0,1000000.0,0.0,0.0,0.0,0,1.0,0.0
2014-09-03,1000000.0,0.0,1000000.0,0.0,0.0,0.0,0,1.0,0.0
2014-09-04,1000000.0,0.0,1000000.0,0.0,0.0,0.0,0,1.0,0.0
2014-09-05,1000000.0,0.0,1000000.0,0.0,0.0,0.0,0,1.0,0.0
2014-09-08,1000000.0,0.0,1000000.0,0.0,0.0,0.0,0,1.0,0.0
2014-09-09,1000000.0,0.0,1000000.0,0.0,0.0,0.0,0,1.0,0.0
2014-09-10,1000000.0,0.0,1000000.0,0.0,0.0,0.0,0,1.0,0.0
2014-09-11,1000000.0,0.0,1000000.0,0.0,0.0,0.0,0,1.0,0.0
2014-09-12,1000000.0,0.0,1000000.0,0.0,0.0,0.0,0,1.0,0.0
2014-09-15,1000000.0,0.0,1000000.0,0.0,0.0,0.0,0,1.0,0.0
2014-09-16,1000000.0,0.0,1000000.0,0.0,0.0,0.0,0,1.0,0.0
2014-09-17,1000000.0,0.0,1000000.0,0.0,0.0,0.0,0,1.0,0.0
2014-09-18,1000000.0,0.0,1000000.0,0.0,0.0,0.0,0,1.0,0.0
2014-09-19,1000000.0,0.0,1000000.0,0.0,0.0,0.0,0,1.0,0.0
2014-09-22,1000000.0,0.0,1000000.0,0.0,0.0,0.0,0,1.0,0.0
2014-09-23,1000000.0,0.0,1000000.0,0.0,0.0,0.0,0,1.0,0.0
2014-09-24,1000000.0,0.0,1000000.0,0.0,0.0,0.0,0,1.0,0.0
2014-09-25,1000000.0,0.0,1000000.0,0.0,0.0,0.0,0,1.0,0.0
2014-09-26,1000000.0,0.0,1000000.0,0.0,0.0,0.0,0,1.0,0.0
2014-09-29,1000000.0,0.0,1000000.0,0.0,0.0,0.0,0,1.0,0.0
2014-09-30,1000000.0,0.0,1000000.0,0.0,0.0,0.0,0,1.0,0.0
2014-10-01,1000000.0,0.0,1000000.0,0.0,0.0,0.0,0,1.0,0.0
2014-10-02,1000000.0,0.0,1000000.0,0.0,0.0,0.0,0,1.0,0.0
2014-10-03,1000000.0,0.0,1000000.0,0.0,0.0,0.0,0,1.0,0.0
2014-10-06,1000000.0,0.0,1000000.0,0.0,0.0,0.0,0,1.0,0.0
2014-10-07,1000000.0,0.0,1000000.0,0.0,0.0,0.0,0,1.0,0.0
2014-10-08,1000000.0,0.0,1000000.0,0.0,0.0,0.0,0,1.0,0.0
2014-10-09,1000000.0,0.0,1000000.0,0.0,0.0,0.0,0,1.0,0.0
2014-10-10,1000000.0,0.0,1000000.0,0.0,0.0,0.0,0,1.0,0.0
2014-10-13,1000000.0,0.0,1000000.0,0.0,0.0,0.0,0,1.0,0.0
2014-10-14,1000000.0,0.0,1000000.0,0.0,0.0,0.0,0,1.0,0.0
2014-10-15,1000000.0,0.0,1000000.0,0.0,0.0,0.0,0,1.0,0.0
2014-10-16,1000000.0,0.0,1000000.0,0.0,0.0,0.0,0,1.0,0.0
2014-10-17,1000000.0,0.0,1000000.0,0.0,0.0,0.0,0,1.0,0.0
2014-10-20,1000000.0,0.0,1000000.0,0.0,0.0,0.0,0,1.0,0.0
2014-10-21,1000000.0,0.0,1000000.0,0.0,0.0,0.0,0,1.0,0.0
2014-10-22,1000000.0,0.0,1000000.0,0.0,0.0,0.0,0,1.0,0.0
2014-10-23,1000000.0,0.0,1000000.0,0.0,0.0,0.0,0,1.0,0.0
2014-10-24,1000000.0,0.0,1000000.0,0.0,0.0,0.0,0,1.0,0.0
2014-10-27,1000000.0,0.0,1000000.0,0.0,0.0,0.0,0,1.0,0.0
2014-10-28,1000000.0,0.0,1000000.0,0.0,0.0,0.0,0,1.0,0.0
2014-10-29,1000000.0,0.0,1000000.0,0.0,0.0,0.0,0,1.0,0.0
2014-10-30,1000000.0,0.0,1000000.0,0.0,0.0,0.0,0,1.0,0.0
2014-10-31,1000000.0,0.0,1000000.0,0.0,0.0,0.0,0,1.0,0.0
2014-11-03,1000000.0,0.0,1000000.0,0.0,0.0,0.0,0,1.0,0.0
2014-11-04,1000000.0,0.0,1000000.0,0.0,0.0,0.0,0,1.0,0.0
2014-11-05,1000000.0,0.0,1000000.0,0.0,0.0,0.0,0,1.0,0.0
2014-11-06,1000000.0,0.0,1000000.0,0.0,0.0,0.0,0,1.0,0.0
2014-11-07,1000000.0,0.0,1000000.0,0.0,0.0,0.0,0,1.0,0.0
2014-11-10,1000000.0,0.0,1000000.0,0.0,0.0,0.0,0,1.0,0.0
2014-11-11,1000000.0,0.0,1000000.0,0.0,0.0,0.0,0,1.0,0.0
2014-11-12,1000000.0,0.0,1000000.0,0.0,0.0,0.0,0,1.0,0.0
2014-11-13,1000000.0,0.0,1000000.0,0.0,0.0,0.0,0,1.0,0.0
2014-11-14,1000000.0,0.0,1000000.0,0.0,0.0,0.0,0,1.0,0.0
2014-11-17,1000000.0,0.0,1000000.0,0.0,0.0,0.0,0,1.0,0.0
2014-11-18,1000000.0,0.0,1000000.0,0.0,0.0,0.0,0,1.0,0.0
2014-11-19,1000000.0,0.0,1000000.0,0.0,0.0,0.0,0,1.0,0.0
2014-11-20,1000000.0,0.0,1000000.0,0.0,0.0,0.0,0,1.0,0.0
2014-11-21,1000000.0,0.0,1000000.0,0.0,0.0,0.0,0,1.0,0.0
2014-11-24,1000000.0,0.0,1000000.0,0.0,0.0,0.0,0,1.0,0.0
2014-11-25,1000000.0,0.0,1000000.0,0.0,0.0,0.0,0,1.0,0.0
2014-11-26,1000000.0,0.0,1000000.0,0.0,0.0,0.0,0,1.0,0.0
2014-11-28,1000000.0,0.0,1000000.0,0.0,0.0,0.0,0,1.0,0.0
2014-12-01,1000000.0,0.0,1000000.0,0.0,0.0,0.0,0,1.0,0.0
2014-12-02,1000000.0,0.0,1000000.0,0.0,0.0,0.0,0,1.0,0.0
2014-12-03,1000000.0,0.0,1000000.0,0.0,0.0,0.0,0,1.0,0.0
2014-12-04,1000000.0,0.0,1000000.0,0.0,0.0,0.0,0,1.0,0.0
2014-12-05,1000000.0,0.0,1000000.0,0.0,0.0,0.0,0,1.0,0.0
2014-12-08,1000000.0,0.0,1000000.0,0.0,0.0,0.0,0,1.0,0.0
2014-12-09,1000000.0,0.0,1000000.0,0.0,0.0,0.0,0,1.0,0.0
2014-12-10,1000000.0,0.0,1000000.0,0.0,0.0,0.0,0,1.0,0.0
2014-12-11,1000000.0,0.0,1000000.0,0.0,0.0,0.0,0,1.0,0.0
2014-12-12,1000000.0,0.0,1000000.0,0.0,0.0,0.0,0,1.0,0.0
2014-12-15,1000000.0,0.0,1000000.0,0.0,0.0,0.0,0,1.0,0.0
2014-12-16,1000000.0,0.0,1000000.0,0.0,0.0,0.0,0,1.0,0.0
2014-12-17,1000000.0,0.0,1000000.0,0.0,0.0,0.0,0,1.0,0.0
2014-12-18,1000000.0,0.0,1000000.0,0.0,0.0,0.0,0,1.0,0.0
2014-12-19,1000000.0,0.0,1000000.0,0.0,0.0,0.0,0,1.0,0.0
2014-12-22,1000000.0,0.0,1000000.0,0.0,0.0,0.0,0,1.0,0.0
2014-12-23,1000000.0,0.0,1000000.0,0.0,0.0,0.0,0,1.0,0.0
2014-12-24,1000000.0,0.0,1000000.0,0.0,0.0,0.0,0,1.0,0.0
2014-12-26,1000000.0,0.0,1000000.0,0.0,0.0,0.0,0,1.0,0.0
2014-12-29,1000000.0,0.0,1000000.0,0.0,0.0,0.0,0,1.0,0.0
2014-12-30,1000000.0,0.0,1000000.0,0.0,0.0,0.0,0,1.0,0.0
2014-12-31,1000000.0,0.0,1000000.0,0.0,0.0,0.0,0,1.0,0.0
2015-01-02,1000000.0,0.0,1000000.0,0.0,0.0,0.0,0,1.0,0.0
2015-01-05,1000000.0,0.0,1000000.0,0.0,0.0,0.0,0,1.0,0.0
2015-01-06,1000000.0,0.0,1000000.0,0.0,0.0,0.0,0,1.0,0.0
2015-01-07,1000000.0,0.0,1000000.0,0.0,0.0,0.0,0,1.0,0.0
2015-01-08,1000000.0,0.0,1000000.0,0.0,0.0,0.0,0,1.0,0.0
2015-01-09,1000000.0,0.0,1000000.0,0.0,0.0,0.0,0,1.0,0.0
2015-01-12,1000000.0,0.0,1000000.0,0.0,0.0,0.0,0,1.0,0.0
2015-01-13,1000000.0,0.0,1000000.0,0.0,0.0,0.0,0,1.0,0.0
2015-01-14,1000000.0,0.0,1000000.0,0.0,0.0,0.0,0,1.0,0.0
2015-01-15,1000000.0,0.0,1000000.0,0.0,0.0,0.0,0,1.0,0.0
2015-01-16,1000000.0,0.0,1000000.0,0.0,0.0,0.0,0,1.0,0.0
2015-01-20,1000000.0,0.0,1000000.0,0.0,0.0,0.0,0,1.0,0.0
2015-01-21,1000000.0,0.0,1000000.0,0.0,0.0,0.0,0,1.0,0.0
2015-01-22,1000000.0,0.0,1000000.0,0.0,0.0,0.0,0,1.0,0.0
2015-01-23,1000000.0,0.0,1000000.0,0.0,0.0,0.0,0,1.0,0.0
2015-01-26,1000000.0,0.0,1000000.0,0.0,0.0,0.0,0,1.0,0.0
2015-01-27,1000000.0,0.0,1000000.0,0.0,0.0,0.0,0,1.0,0.0
2015-01-28,1000000.0,0.0,1000000.0,0.0,0.0,0.0,0,1.0,0.0
2015-01-29,1000000.0,0.0,1000000.0,0.0,0.0,0.0,0,1.0,0.0
2015-01-30,1000000.0,0.0,1000000.0,0.0,0.0,0.0,0,1.0,0.0
2015-02-02,1000000.0,0.0,1000000.0,0.0,0.0,0.0,0,1.0,0.0
2015-02-03,1000000.0,0.0,1000000.0,0.0,0.0,0.0,0,1.0,0.0
2015-02-04,1000000.0,0.0,1000000.0,0.0,0.0,0.0,0,1.0,0.0
2015-02-05,1000000.0,0.0,1000000.0,0.0,0.0,0.0,0,1.0,0.0
2015-02-06,1000000.0,0.0,1000000.0,0.0,0.0,0.0,0,1.0,0.0
2015-02-09,1000000.0,0.0,1000000.0,0.0,0.0,0.0,0,1.0,0.0
2015-02-10,1000000.0,0.0,1000000.0,0.0,0.0,0.0,0,1.0,0.0
2015-02-11,1000000.0,0.0,1000000.0,0.0,0.0,0.0,0,1.0,0.0
2015-02-12,1000000.0,0.0,1000000.0,0.0,0.0,0.0,0,1.0,0.0
2015-02-13,1000000.0,0.0,1000000.0,0.0,0.0,0.0,0,1.0,0.0
2015-02-17,1000000.0,0.0,1000000.0,0.0,0.0,0.0,0,1.0,0.0
2015-02-18,1000000.0,0.0,1000000.0,0.0,0.0,0.0,0,1.0,0.0
2015-02-19,1000000.0,0.0,1000000.0,0.0,0.0,0.0,0,1.0,0.0
2015-02-20,1000000.0,0.0,1000000.0,0.0,0.0,0.0,0,1.0,0.0
2015-02-23,1000000.0,0.0,1000000.0,0.0,0.0,0.0,0,1.0,0.0
2015-02-24,1000000.0,0.0,1000000.0,0.0,0.0,0.0,0,1.0,0.0
2015-02-25,1000000.0,0.0,1000000.0,0.0,0.0,0.0,0,1.0,0.0
2015-02-26,1000000.0,0.0,1000000.0,0.0,0.0,0.0,0,1.0,0.0
2015-02-27,1000000.0,0.0,1000000.0,0.0,0.0,0.0,0,1.0,0.0
2015-03-02,1000000.0,0.0,1000000.0,0.0,0.0,0.0,0,1.0,0.0
2015-03-03,1000000.0,0.0,1000000.0,0.0,0.0,0.0,0,1.0,0.0
2015-03-04,1000000.0,0.0,1000000.0,0.0,0.0,0.0,0,1.0,0.0
2015-03-05,1000000.0,0.0,1000000.0,0.0,0.0,0.0,0,1.0,0.0
2015-03-06,1000000.0,0.0,1000000.0,0.0,0.0,0.0,0,1.0,0.0
2015-03-09,1000000.0,0.0,1000000.0,0.0,0.0,0.0,0,1.0,0.0
2015-03-10,1000000.0,0.0,1000000.0,0.0,0.0,0.0,0,1.0,0.0
2015-03-11,1000000.0,0.0,1000000.0,0.0,0.0,0.0,0,1.0,0.0
2015-03-12,1000000.0,0.0,1000000.0,0.0,0.0,0.0,0,1.0,0.0
2015-03-13,1000000.0,0.0,1000000.0,0.0,0.0,0.0,0,1.0,0.0
2015-03-16,1000000.0,0.0,1000000.0,0.0,0.0,0.0,0,1.0,0.0
2015-03-17,1000000.0,0.0,1000000.0,0.0,0.0,0.0,0,1.0,0.0
2015-03-18,1000000.0,0.0,1000000.0,0.0,0.0,0.0,0,1.0,0.0
2015-03-19,1000000.0,0.0,1000000.0,0.0,0.0,0.0,0,1.0,0.0
2015-03-20,1000000.0,0.0,1000000.0,0.0,0.0,0.0,0,1.0,0.0
2015-03-23,1000000.0,0.0,1000000.0,0.0,0.0,0.0,0,1.0,0.0
2015-03-24,1000000.0,0.0,1000000.0,0.0,0.0,0.0,0,1.0,0.0
2015-03-25,1000000.0,0.0,1000000.0,0.0,0.0,0.0,0,1.0,0.0
2015-03-26,1000000.0,0.0,1000000.0,0.0,0.0,0.0,0,1.0,0.0
2015-03-27,1000000.0,0.0,1000000.0,0.0,0.0,0.0,0,1.0,0.0
2015-03-30,1000000.0,0.0,1000000.0,0.0,0.0,0.0,0,1.0,0.0
2015-03-31,1000000.0,0.0,1000000.0,0.0,0.0,0.0,0,1.0,0.0
2015-04-01,1000000.0,0.0,1000000.0,0.0,0.0,0.0,0,1.0,0.0
2015-04-02,1000000.0,0.0,1000000.0,0.0,0.0,0.0,0,1.0,0.0
2015-04-06,1000000.0,0.0,1000000.0,0.0,0.0,0.0,0,1.0,0.0
2015-04-07,1000000.0,0.0,1000000.0,0.0,0.0,0.0,0,1.0,0.0
2015-04-08,1000000.0,0.0,1000000.0,0.0,0.0,0.0,0,1.0,0.0
2015-04-09,1000000.0,0.0,1000000.0,0.0,0.0,0.0,0,1.0,0.0
2015-04-10,1000000.0,0.0,1000000.0,0.0,0.0,0.0,0,1.0,0.0
2015-04-13,1000000.0,0.0,1000000.0,0.0,0.0,0.0,0,1.0,0.0
2015-04-14,1000000.0,0.0,1000000.0,0.0,0.0,0.0,0,1.0,0.0
2015-04-15,1000000.0,0.0,1000000.0,0.0,0.0,0.0,0,1.0,0.0
2015-04-16,1000000.0,0.0,1000000.0,0.0,0.0,0.0,0,1.0,0.0
2015-04-17,1000000.0,0.0,1000000.0,0.0,0.0,0.0,0,1.0,0.0
2015-04-20,1000000.0,0.0,1000000.0,0.0,0.0,0.0,0,1.0,0.0
2015-04-21,1000000.0,0.0,1000000.0,0.0,0.0,0.0,0,1.0,0.0
2015-04-22,1000000.0,0.0,1000000.0,0.0,0.0,0.0,0,1.0,0.0
2015-04-23,1000000.0,0.0,1000000.0,0.0,0.0,0.0,0,1.0,0.0
2015-04-24,1000000.0,0.0,1000000.0,0.0,0.0,0.0,0,1.0,0.0
2015-04-27,1000000.0,0.0,1000000.0,0.0,0.0,0.0,0,1.0,0.0
2015-04-28,1000000.0,0.0,1000000.0,0.0,0.0,0.0,0,1.0,0.0
2015-04-29,1000000.0,0.0,1000000.0,0.0,0.0,0.0,0,1.0,0.0
2015-04-30,1000000.0,0.0,1000000.0,0.0,0.0,0.0,0,1.0,0.0
2015-05-01,1000000.0,0.0,1000000.0,0.0,0.0,0.0,0,1.0,0.0
2015-05-04,1000000.0,0.0,1000000.0,0.0,0.0,0.0,0,1.0,0.0
2015-05-05,1000000.0,0.0,1000000.0,0.0,0.0,0.0,0,1.0,0.0
2015-05-06,1000000.0,0.0,1000000.0,0.0,0.0,0.0,0,1.0,0.0
2015-05-07,1000000.0,0.0,1000000.0,0.0,0.0,0.0,0,1.0,0.0
2015-05-08,1000000.0,0.0,1000000.0,0.0,0.0,0.0,0,1.0,0.0
2015-05-11,1000000.0,0.0,1000000.0,0.0,0.0,0.0,0,1.0,0.0
2015-05-12,1000000.0,0.0,1000000.0,0.0,0.0,0.0,0,1.0,0.0
2015-05-13,1000000.0,0.0,1000000.0,0.0,0.0,0.0,0,1.0,0.0
2015-05-14,1000000.0,0.0,1000000.0,0.0,0.0,0.0,0,1.0,0.0
2015-05-15,1000000.0,0.0,1000000.0,0.0,0.0,0.0,0,1.0,0.0
2015-05-18,1000000.0,0.0,1000000.0,0.0,0.0,0.0,0,1.0,0.0
2015-05-19,1000000.0,0.0,1000000.0,0.0,0.0,0.0,0,1.0,0.0
2015-05-20,1000000.0,0.0,1000000.0,0.0,0.0,0.0,0,1.0,0.0
2015-05-21,1000000.0,0.0,1000000.0,0.0,0.0,0.0,0,1.0,0.0
2015-05-22,1000000.0,0.0,1000000.0,0.0,0.0,0.0,0,1.0,0.0
2015-05-26,1000000.0,0.0,1000000.0,0.0,0.0,0.0,0,1.0,0.0
2015-05-27,1000000.0,0.0,1000000.0,0.0,0.0,0.0,0,1.0,0.0
2015-05-28,1000000.0,0.0,1000000.0,0.0,0.0,0.0,0,1.0,0.0
2015-05-29,1000000.0,0.0,1000000.0,0.0,0.0,0.0,0,1.0,0.0
2015-06-01,1000000.0,0.0,1000000.0,0.0,0.0,0.0,0,1.0,0.0
2015-06-02,1000000.0,0.0,1000000.0,0.0,0.0,0.0,0,1.0,0.0
2015-06-03,1000000.0,0.0,1000000.0,0.0,0.0,0.0,0,1.0,0.0
2015-06-04,1000000.0,0.0,1000000.0,0.0,0.0,0.0,0,1.0,0.0
2015-06-05,1000000.0,0.0,1000000.0,0.0,0.0,0.0,0,1.0,0.0
2015-06-08,1000000.0,0.0,1000000.0,0.0,0.0,0.0,0,1.0,0.0
2015-06-09,1000000.0,0.0,1000000.0,0.0,0.0,0.0,0,1.0,0.0
2015-06-10,1000000.0,0.0,1000000.0,0.0,0.0,0.0,0,1.0,0.0
2015-06-11,1000000.0,0.0,1000000.0,0.0,0.0,0.0,0,1.0,0.0
2015-06-12,1000000.0,0.0,1000000.0,0.0,0.0,0.0,0,1.0,0.0
2015-06-15,1000000.0,0.0,1000000.0,0.0,0.0,0.0,0,1.0,0.0
2015-06-16,1000000.0,0.0,1000000.0,0.0,0.0,0.0,0,1.0,0.0
2015-06-17,1000000.0,0.0,1000000.0,0.0,0.0,0.0,0,1.0,0.0
2015-06-18,1000000.0,0.0,1000000.0,0.0,0.0,0.0,0,1.0,0.0
2015-06-19,1000000.0,0.0,1000000.0,0.0,0.0,0.0,0,1.0,0.0
2015-06-22,1000000.0,0.0,1000000.0,0.0,0.0,0.0,0,1.0,0.0
2015-06-23,1000000.0,0.0,1000000.0,0.0,0.0,0.0,0,1.0,0.0
2015-06-24,1000000.0,0.0,1000000.0,0.0,0.0,0.0,0,1.0,0.0
2015-06-25,1000000.0,0.0,1000000.0,0.0,0.0,0.0,0,1.0,0.0
2015-06-26,1000000.0,0.0,1000000.0,0.0,0.0,0.0,0,1.0,0.0
2015-06-29,1000000.0,0.0,1000000.0,0.0,0.0,0.0,0,1.0,0.0
2015-06-30,1000000.0,0.0,1000000.0,0.0,0.0,0.0,0,1.0,0.0
2015-07-01,1000000.0,0.0,1000000.0,0.0,0.0,0.0,0,1.0,0.0
2015-07-02,1000000.0,0.0,1000000.0,0.0,0.0,0.0,0,1.0,0.0
2015-07-06,1000000.0,0.0,1000000.0,0.0,0.0,0.0,0,1.0,0.0
2015-07-07,1000000.0,0.0,1000000.0,0.0,0.0,0.0,0,1.0,0.0
2015-07-08,1000000.0,0.0,1000000.0,0.0,0.0,0.0,0,1.0,0.0
2015-07-09,1000000.0,0.0,1000000.0,0.0,0.0,0.0,0,1.0,0.0
2015-07-10,1000000.0,0.0,1000000.0,0.0,0.0,0.0,0,1.0,0.0
2015-07-13,1000000.0,0.0,1000000.0,0.0,0.0,0.0,0,1.0,0.0
2015-07-14,1000000.0,0.0,1000000.0,0.0,0.0,0.0,0,1.0,0.0
2015-07-15,1000000.0,0.0,1000000.0,0.0,0.0,0.0,0,1.0,0.0
2015-07-16,1000000.0,0.0,1000000.0,0.0,0.0,0.0,0,1.0,0.0
2015-07-17,1000000.0,0.0,1000000.0,0.0,0.0,0.0,0,1.0,0.0
2015-07-20,1000000.0,0.0,1000000.0,0.0,0.0,0.0,0,1.0,0.0
2015-07-21,1000000.0,0.0,1000000.0,0.0,0.0,0.0,0,1.0,0.0
2015-07-22,1000000.0,0.0,1000000.0,0.0,0.0,0.0,0,1.0,0.0
2015-07-23,1000000.0,0.0,1000000.0,0.0,0.0,0.0,0,1.0,0.0
2015-07-24,1000000.0,0.0,1000000.0,0.0,0.0,0.0,0,1.0,0.0
2015-07-27,1000000.0,0.0,1000000.0,0.0,0.0,0.0,0,1.0,0.0
2015-07-28,1000000.0,0.0,1000000.0,0.0,0.0,0.0,0,1.0,0.0
2015-07-29,1000000.0,0.0,1000000.0,0.0,0.0,0.0,0,1.0,0.0
2015-07-30,1000000.0,0.0,1000000.0,0.0,0.0,0.0,0,1.0,0.0
2015-07-31,1000000.0,0.0,1000000.0,0.0,0.0,0.0,0,1.0,0.0
2015-08-03,1000000.0,0.0,1000000.0,0.0,0.0,0.0,0,1.0,0.0
2015-08-04,1000000.0,0.0,1000000.0,0.0,0.0,0.0,0,1.0,0.0
2015-08-05,1000000.0,0.0,1000000.0,0.0,0.0,0.0,0,1.0,0.0
2015-08-06,1000000.0,0.0,1000000.0,0.0,0.0,0.0,0,1.0,0.0
2015-08-07,1000000.0,0.0,1000000.0,0.0,0.0,0.0,0,1.0,0.0
2015-08-10,1000000.0,0.0,1000000.0,0.0,0.0,0.0,0,1.0,0.0
2015-08-11,1000000.0,0.0,1000000.0,0.0,0.0,0.0,0,1.0,0.0
2015-08-12,1000000.0,0.0,1000000.0,0.0,0.0,0.0,0,1.0,0.0
2015-08-13,1000000.0,0.0,1000000.0,0.0,0.0,0.0,0,1.0,0.0
2015-08-14,1000000.0,0.0,1000000.0,0.0,0.0,0.0,0,1.0,0.0
2015-08-17,1000000.0,0.0,1000000.0,0.0,0.0,0.0,0,1.0,0.0
2015-08-18,1000000.0,0.0,1000000.0,0.0,0.0,0.0,0,1.0,0.0
2015-08-19,1000000.0,0.0,1000000.0,0.0,0.0,0.0,0,1.0,0.0
2015-08-20,1000000.0,0.0,1000000.0,0.0,0.0,0.0,0,1.0,0.0
2015-08-21,1000000.0,0.0,1000000.0,0.0,0.0,0.0,0,1.0,0.0
2015-08-24,1000000.0,0.0,1000000.0,0.0,0.0,0.0,0,1.0,0.0
2015-08-25,1000000.0,0.0,1000000.0,0.0,0.0,0.0,0,1.0,0.0
2015-08-26,1000000.0,0.0,1000000.0,0.0,0.0,0.0,0,1.0,0.0
2015-08-27,1000000.0,0.0,1000000.0,0.0,0.0,0.0,0,1.0,0.0
2015-08-28,1000000.0,0.0,1000000.0,0.0,0.0,0.0,0,1.0,0.0
2015-08-31,1000000.0,0.0,1000000.0,0.0,0.0,0.0,0,1.0,0.0
2015-09-01,1000000.0,0.0,1000000.0,0.0,0.0,0.0,0,1.0,0.0
2015-09-02,1000000.0,0.0,1000000.0,0.0,0.0,0.0,0,1.0,0.0
2015-09-03,1000000.0,0.0,1000000.0,0.0,0.0,0.0,0,1.0,0.0
2015-09-04,1000000.0,0.0,1000000.0,0.0,0.0,0.0,0,1.0,0.0
2015-09-08,1000000.0,0.0,1000000.0,0.0,0.0,0.0,0,1.0,0.0
2015-09-09,1000000.0,0.0,1000000.0,0.0,0.0,0.0,0,1.0,0.0
2015-09-10,1000000.0,0.0,1000000.0,0.0,0.0,0.0,0,1.0,0.0
2015-09-11,1000000.0,0.0,1000000.0,0.0,0.0,0.0,0,1.0,0.0
2015-09-14,1000000.0,0.0,1000000.0,0.0,0.0,0.0,0,1.0,0.0
2015-09-15,1000000.0,0.0,1000000.0,0.0,0.0,0.0,0,1.0,0.0
2015-09-16,1000000.0,0.0,1000000.0,0.0,0.0,0.0,0,1.0,0.0
2015-09-17,1000000.0,0.0,1000000.0,0.0,0.0,0.0,0,1.0,0.0
2015-09-18,1000000.0,0.0,1000000.0,0.0,0.0,0.0,0,1.0,0.0
2015-09-21,1000000.0,0.0,1000000.0,0.0,0.0,0.0,0,1.0,0.0
2015-09-22,1000000.0,0.0,1000000.0,0.0,0.0,0.0,0,1.0,0.0
2015-09-23,1000000.0,0.0,1000000.0,0.0,0.0,0.0,0,1.0,0.0
2015-09-24,1000000.0,0.0,1000000.0,0.0,0.0,0.0,0,1.0,0.0
2015-09-25,1000000.0,0.0,1000000.0,0.0,0.0,0.0,0,1.0,0.0
2015-09-28,1000000.0,0.0,1000000.0,0.0,0.0,0.0,0,1.0,0.0
2015-09-29,1000000.0,0.0,1000000.0,0.0,0.0,0.0,0,1.0,0.0
2015-09-30,1000000.0,0.0,1000000.0,0.0,0.0,0.0,0,1.0,0.0
2015-10-01,1000000.0,0.0,1000000.0,0.0,0.0,0.0,0,1.0,0.0
2015-10-02,1000000.0,0.0,1000000.0,0.0,0.0,0.0,0,1.0,0.0
2015-10-05,1000000.0,0.0,1000000.0,0.0,0.0,0.0,0,1.0,0.0
2015-10-06,1000000.0,0.0,1000000.0,0.0,0.0,0.0,0,1.0,0.0
2015-10-07,1000000.0,0.0,1000000.0,0.0,0.0,0.0,0,1.0,0.0
2015-10-08,1000000.0,0.0,1000000.0,0.0,0.0,0.0,0,1.0,0.0
2015-10-09,1000000.0,0.0,1000000.0,0.0,0.0,0.0,0,1.0,0.0
2015-10-12,1000000.0,0.0,1000000.0,0.0,0.0,0.0,0,1.0,0.0
2015-10-13,1000000.0,0.0,1000000.0,0.0,0.0,0.0,0,1.0,0.0
2015-10-14,1000000.0,0.0,1000000.0,0.0,0.0,0.0,0,1.0,0.0
2015-10-15,1000000.0,0.0,1000000.0,0.0,0.0,0.0,0,1.0,0.0
2015-10-16,1000000.0,0.0,1000000.0,0.0,0.0,0.0,0,1.0,0.0
2015-10-19,1000000.0,0.0,1000000.0,0.0,0.0,0.0,0,1.0,0.0
2015-10-20,1000000.0,0.0,1000000.0,0.0,0.0,0.0,0,1.0,0.0
2015-10-21,1000000.0,0.0,1000000.0,0.0,0.0,0.0,0,1.0,0.0
2015-10-22,1000000.0,0.0,1000000.0,0.0,0.0,0.0,0,1.0,0.0
2015-10-23,1000000.0,0.0,1000000.0,0.0,0.0,0.0,0,1.0,0.0
2015-10-26,1000000.0,0.0,1000000.0,0.0,0.0,0.0,0,1.0,0.0
2015-10-27,1000000.0,0.0,1000000.0,0.0,0.0,0.0,0,1.0,0.0
2015-10-28,1000000.0,0.0,1000000.0,0.0,0.0,0.0,0,1.0,0.0
2015-10-29,1000000.0,0.0,1000000.0,0.0,0.0,0.0,0,1.0,0.0
2015-10-30,1000000.0,0.0,1000000.0,0.0,0.0,0.0,0,1.0,0.0
2015-11-02,1000000.0,0.0,1000000.0,0.0,0.0,0.0,0,1.0,0.0
2015-11-03,1000000.0,0.0,1000000.0,0.0,0.0,0.0,0,1.0,0.0
2015-11-04,1000000.0,0.0,1000000.0,0.0,0.0,0.0,0,1.0,0.0
2015-11-05,1000000.0,0.0,1000000.0,0.0,0.0,0.0,0,1.0,0.0
2015-11-06,1000000.0,0.0,1000000.0,0.0,0.0,0.0,0,1.0,0.0
2015-11-09,1000000.0,0.0,1000000.0,0.0,0.0,0.0,0,1.0,0.0
2015-11-10,1000000.0,0.0,1000000.0,0.0,0.0,0.0,0,1.0,0.0
2015-11-11,1000000.0,0.0,1000000.0,0.0,0.0,0.0,0,1.0,0.0
2015-11-12,1000000.0,0.0,1000000.0,0.0,0.0,0.0,0,1.0,0.0
2015-11-13,1000000.0,0.0,1000000.0,0.0,0.0,0.0,0,1.0,0.0
2015-11-16,1000000.0,0.0,1000000.0,0.0,0.0,0.0,0,1.0,0.0
2015-11-17,1000000.0,0.0,1000000.0,0.0,0.0,0.0,0,1.0,0.0
2015-11-18,1000000.0,0.0,1000000.0,0.0,0.0,0.0,0,1.0,0.0
2015-11-19,1000000.0,0.0,1000000.0,0.0,0.0,0.0,0,1.0,0.0
2015-11-20,1000000.0,0.0,1000000.0,0.0,0.0,0.0,0,1.0,0.0
2015-11-23,1000000.0,0.0,1000000.0,0.0,0.0,0.0,0,1.0,0.0
2015-11-24,1000000.0,0.0,1000000.0,0.0,0.0,0.0,0,1.0,0.0
2015-11-25,1000000.0,0.0,1000000.0,0.0,0.0,0.0,0,1.0,0.0
2015-11-27,1000000.0,0.0,1000000.0,0.0,0.0,0.0,0,1.0,0.0
2015-11-30,1000000.0,0.0,1000000.0,0.0,0.0,0.0,0,1.0,0.0
2015-12-01,1000000.0,0.0,1000000.0,0.0,0.0,0.0,0,1.0,0.0
2015-12-02,1000000.0,0.0,1000000.0,0.0,0.0,0.0,0,1.0,0.0
2015-12-03,1000000.0,0.0,1000000.0,0.0,0.0,0.0,0,1.0,0.0
2015-12-04,1000000.0,0.0,1000000.0,0.0,0.0,0.0,0,1.0,0.0
2015-12-07,1000000.0,0.0,1000000.0,0.0,0.0,0.0,0,1.0,0.0
2015-12-08,1000000.0,0.0,1000000.0,0.0,0.0,0.0,0,1.0,0.0
2015-12-09,1000000.0,0.0,1000000.0,0.0,0.0,0.0,0,1.0,0.0
2015-12-10,1000000.0,0.0,1000000.0,0.0,0.0,0.0,0,1.0,0.0
2015-12-11,1000000.0,0.0,1000000.0,0.0,0.0,0.0,0,1.0,0.0
2015-12-14,1000000.0,0.0,1000000.0,0.0,0.0,0.0,0,1.0,0.0
2015-12-15,1000000.0,0.0,1000000.0,0.0,0.0,0.0,0,1.0,0.0
2015-12-16,1000000.0,0.0,1000000.0,0.0,0.0,0.0,0,1.0,0.0
2015-12-17,1000000.0,0.0,1000000.0,0.0,0.0,0.0,0,1.0,0.0
2015-12-18,1000000.0,0.0,1000000.0,0.0,0.0,0.0,0,1.0,0.0
2015-12-21,1000000.0,0.0,1000000.0,0.0,0.0,0.0,0,1.0,0.0
2015-12-22,1000000.0,0.0,1000000.0,0.0,0.0,0.0,0,1.0,0.0
2015-12-23,1000000.0,0.0,1000000.0,0.0,0.0,0.0,0,1.0,0.0
2015-12-24,1000000.0,0.0,1000000.0,0.0,0.0,0.0,0,1.0,0.0
2015-12-28,1000000.0,0.0,1000000.0,0.0,0.0,0.0,0,1.0,0.0
2015-12-29,1000000.0,0.0,1000000.0,0.0,0.0,0.0,0,1.0,0.0
2015-12-30,1000000.0,0.0,1000000.0,0.0,0.0,0.0,0,1.0,0.0
2015-12-31,1000000.0,0.0,1000000.0,0.0,0.0,0.0,0,1.0,0.0
2016-01-04,1000000.0,0.0,1000000.0,0.0,0.0,0.0,0,1.0,0.0
2016-01-05,1000000.0,0.0,1000000.0,0.0,0.0,0.0,0,1.0,0.0
2016-01-06,1000000.0,0.0,1000000.0,0.0,0.0,0.0,0,1.0,0.0
2016-01-07,1000000.0,0.0,1000000.0,0.0,0.0,0.0,0,1.0,0.0
2016-01-08,1000000.0,0.0,1000000.0,0.0,0.0,0.0,0,1.0,0.0
2016-01-11,1000000.0,0.0,1000000.0,0.0,0.0,0.0,0,1.0,0.0
2016-01-12,1000000.0,0.0,1000000.0,0.0,0.0,0.0,0,1.0,0.0
2016-01-13,1000000.0,0.0,1000000.0,0.0,0.0,0.0,0,1.0,0.0
2016-01-14,1000000.0,0.0,1000000.0,0.0,0.0,0.0,0,1.0,0.0
2016-01-15,1000000.0,0.0,1000000.0,0.0,0.0,0.0,0,1.0,0.0
2016-01-19,1000000.0,0.0,1000000.0,0.0,0.0,0.0,0,1.0,0.0
2016-01-20,1000000.0,0.0,1000000.0,0.0,0.0,0.0,0,1.0,0.0
2016-01-21,1000000.0,0.0,1000000.0,0.0,0.0,0.0,0,1.0,0.0
2016-01-22,1000000.0,0.0,1000000.0,0.0,0.0,0.0,0,1.0,0.0
2016-01-25,1000000.0,0.0,1000000.0,0.0,0.0,0.0,0,1.0,0.0
2016-01-26,1000000.0,0.0,1000000.0,0.0,0.0,0.0,0,1.0,0.0
2016-01-27,1000000.0,0.0,1000000.0,0.0,0.0,0.0,0,1.0,0.0
2016-01-28,1000000.0,0.0,1000000.0,0.0,0.0,0.0,0,1.0,0.0
2016-01-29,1000000.0,0.0,1000000.0,0.0,0.0,0.0,0,1.0,0.0
2016-02-01,1000000.0,0.0,1000000.0,0.0,0.0,0.0,0,1.0,0.0
2016-02-02,1000000.0,0.0,1000000.0,0.0,0.0,0.0,0,1.0,0.0
2016-02-03,1000000.0,0.0,1000000.0,0.0,0.0,0.0,0,1.0,0.0
2016-02-04,1000000.0,0.0,1000000.0,0.0,0.0,0.0,0,1.0,0.0
2016-02-05,1000000.0,0.0,1000000.0,0.0,0.0,0.0,0,1.0,0.0
2016-02-08,1000000.0,0.0,1000000.0,0.0,0.0,0.0,0,1.0,0.0
2016-02-09,1000000.0,0.0,1000000.0,0.0,0.0,0.0,0,1.0,0.0
2016-02-10,1000000.0,0.0,1000000.0,0.0,0.0,0.0,0,1.0,0.0
2016-02-11,1000000.0,0.0,1000000.0,0.0,0.0,0.0,0,1.0,0.0
2016-02-12,1000000.0,0.0,1000000.0,0.0,0.0,0.0,0,1.0,0.0
2016-02-16,1000000.0,0.0,1000000.0,0.0,0.0,0.0,0,1.0,0.0
2016-02-17,1000000.0,0.0,1000000.0,0.0,0.0,0.0,0,1.0,0.0
2016-02-18,1000000.0,0.0,1000000.0,0.0,0.0,0.0,0,1.0,0.0
2016-02-19,1000000.0,0.0,1000000.0,0.0,0.0,0.0,0,1.0,0.0
2016-02-22,1000000.0,0.0,1000000.0,0.0,0.0,0.0,0,1.0,0.0
2016-02-23,1000000.0,0.0,1000000.0,0.0,0.0,0.0,0,1.0,0.0
2016-02-24,1000000.0,0.0,1000000.0,0.0,0.0,0.0,0,1.0,0.0
2016-02-25,1000000.0,0.0,1000000.0,0.0,0.0,0.0,0,1.0,0.0
2016-02-26,1000000.0,0.0,1000000.0,0.0,0.0,0.0,0,1.0,0.0
2016-02-29,1000000.0,0.0,1000000.0,0.0,0.0,0.0,0,1.0,0.0
2016-03-01,1000000.0,0.0,1000000.0,0.0,0.0,0.0,0,1.0,0.0
2016-03-02,1000000.0,0.0,1000000.0,0.0,0.0,0.0,0,1.0,0.0
2016-03-03,1000000.0,0.0,1000000.0,0.0,0.0,0.0,0,1.0,0.0
2016-03-04,1000000.0,0.0,1000000.0,0.0,0.0,0.0,0,1.0,0.0
2016-03-07,999971.1035911136,-2.8896408886369684e-05,994453.1480237963,25000.0,44482.044432682655,5517.9555673173545,3,1.0,0.0
2016-03-08,999758.9387903406,-0.0002121709317510767,994452.8813291428,24575.400926298167,43844.74439139859,5306.057461197742,3,1.0,0.2666946534248138
2016-03-09,999980.6873481546,0.00022180202567856355,994452.6175462069,24892.59459894165,44257.1193959356,5528.069801947699,3,1.0,0.26378293586722007
2016-03-10,1000000.6073766364,1.9920413197649367e-05,994452.3524603096,24928.31943304534,44308.38394976391,5548.2549163267695,3,1.0,0.2650858972894449
2016-03-11,1000310.2388720746,0.0003096313073753798,994452.0871616852,25550.954559070728,45243.75740775208,5858.151710389375,3,1.0,0.26529862445884417
2016-03-14,1000689.4596063462,0.00037910312174660454,1000689.4596063462,0.0,0.0,0.0,0,1.0,0.8087393367014929
2016-03-15,1000689.4596063462,0.0,1000689.4596063462,0.0,0.0,0.0,0,1.0,0.0
2016-03-16,1000689.4596063462,0.0,1000689.4596063462,0.0,0.0,0.0,0,1.0,0.0
2016-03-17,1000689.4596063462,0.0,1000689.4596063462,0.0,0.0,0.0,0,1.0,0.0
2016-03-18,1000689.4596063462,0.0,1000689.4596063462,0.0,0.0,0.0,0,1.0,0.0
2016-03-21,1000689.4596063462,0.0,1000689.4596063462,0.0,0.0,0.0,0,1.0,0.0
2016-03-22,1000689.4596063462,0.0,1000689.4596063462,0.0,0.0,0.0,0,1.0,0.0
2016-03-23,1000689.4596063462,0.0,1000689.4596063462,0.0,0.0,0.0,0,1.0,0.0
2016-03-24,1000689.4596063462,0.0,1000689.4596063462,0.0,0.0,0.0,0,1.0,0.0
2016-03-28,1000689.4596063462,0.0,1000689.4596063462,0.0,0.0,0.0,0,1.0,0.0
2016-03-29,1000689.4596063462,0.0,1000689.4596063462,0.0,0.0,0.0,0,1.0,0.0
2016-03-30,1000689.4596063462,0.0,1000689.4596063462,0.0,0.0,0.0,0,1.0,0.0
2016-03-31,1000689.4596063462,0.0,1000689.4596063462,0.0,0.0,0.0,0,1.0,0.0
2016-04-01,1000689.4596063462,0.0,1000689.4596063462,0.0,0.0,0.0,0,1.0,0.0
2016-04-04,1000689.4596063462,0.0,1000689.4596063462,0.0,0.0,0.0,0,1.0,0.0
2016-04-05,1000689.4596063462,0.0,1000689.4596063462,0.0,0.0,0.0,0,1.0,0.0
2016-04-06,1000689.4596063462,0.0,1000689.4596063462,0.0,0.0,0.0,0,1.0,0.0
2016-04-07,1000689.4596063462,0.0,1000689.4596063462,0.0,0.0,0.0,0,1.0,0.0
2016-04-08,1000689.4596063462,0.0,1000689.4596063462,0.0,0.0,0.0,0,1.0,0.0
2016-04-11,1000689.4596063462,0.0,1000689.4596063462,0.0,0.0,0.0,0,1.0,0.0
2016-04-12,1000689.4596063462,0.0,1000689.4596063462,0.0,0.0,0.0,0,1.0,0.0
2016-04-13,1000689.4596063462,0.0,1000689.4596063462,0.0,0.0,0.0,0,1.0,0.0
2016-04-14,1000689.4596063462,0.0,1000689.4596063462,0.0,0.0,0.0,0,1.0,0.0
2016-04-15,1000689.4596063462,0.0,1000689.4596063462,0.0,0.0,0.0,0,1.0,0.0
2016-04-18,1000689.4596063462,0.0,1000689.4596063462,0.0,0.0,0.0,0,1.0,0.0
2016-04-19,1000689.4596063462,0.0,1000689.4596063462,0.0,0.0,0.0,0,1.0,0.0
2016-04-20,1000689.4596063462,0.0,1000689.4596063462,0.0,0.0,0.0,0,1.0,0.0
2016-04-21,1000689.4596063462,0.0,1000689.4596063462,0.0,0.0,0.0,0,1.0,0.0
2016-04-22,1000689.4596063462,0.0,1000689.4596063462,0.0,0.0,0.0,0,1.0,0.0
2016-04-25,1000689.4596063462,0.0,1000689.4596063462,0.0,0.0,0.0,0,1.0,0.0
2016-04-26,1000689.4596063462,0.0,1000689.4596063462,0.0,0.0,0.0,0,1.0,0.0
2016-04-27,1000689.4596063462,0.0,1000689.4596063462,0.0,0.0,0.0,0,1.0,0.0
2016-04-28,1000689.4596063462,0.0,1000689.4596063462,0.0,0.0,0.0,0,1.0,0.0
2016-04-29,1000689.4596063462,0.0,1000689.4596063462,0.0,0.0,0.0,0,1.0,0.0
2016-05-02,1000689.4596063462,0.0,1000689.4596063462,0.0,0.0,0.0,0,1.0,0.0
2016-05-03,1000689.4596063462,0.0,1000689.4596063462,0.0,0.0,0.0,0,1.0,0.0
2016-05-04,1000689.4596063462,0.0,1000689.4596063462,0.0,0.0,0.0,0,1.0,0.0
2016-05-05,1000689.4596063462,0.0,1000689.4596063462,0.0,0.0,0.0,0,1.0,0.0
2016-05-06,1000689.4596063462,0.0,1000689.4596063462,0.0,0.0,0.0,0,1.0,0.0
2016-05-09,1000689.4596063462,0.0,1000689.4596063462,0.0,0.0,0.0,0,1.0,0.0
2016-05-10,1000689.4596063462,0.0,1000689.4596063462,0.0,0.0,0.0,0,1.0,0.0
2016-05-11,1000689.4596063462,0.0,1000689.4596063462,0.0,0.0,0.0,0,1.0,0.0
2016-05-12,1000689.4596063462,0.0,1000689.4596063462,0.0,0.0,0.0,0,1.0,0.0
2016-05-13,1000689.4596063462,0.0,1000689.4596063462,0.0,0.0,0.0,0,1.0,0.0
2016-05-16,1000689.4596063462,0.0,1000689.4596063462,0.0,0.0,0.0,0,1.0,0.0
2016-05-17,1000689.4596063462,0.0,1000689.4596063462,0.0,0.0,0.0,0,1.0,0.0
2016-05-18,1000689.4596063462,0.0,1000689.4596063462,0.0,0.0,0.0,0,1.0,0.0
2016-05-19,1000689.4596063462,0.0,1000689.4596063462,0.0,0.0,0.0,0,1.0,0.0
2016-05-20,1000689.4596063462,0.0,1000689.4596063462,0.0,0.0,0.0,0,1.0,0.0
2016-05-23,1000689.4596063462,0.0,1000689.4596063462,0.0,0.0,0.0,0,1.0,0.0
2016-05-24,1000689.4596063462,0.0,1000689.4596063462,0.0,0.0,0.0,0,1.0,0.0
2016-05-25,1000689.4596063462,0.0,1000689.4596063462,0.0,0.0,0.0,0,1.0,0.0
2016-05-26,1000689.4596063462,0.0,1000689.4596063462,0.0,0.0,0.0,0,1.0,0.0
2016-05-27,1000689.4596063462,0.0,1000689.4596063462,0.0,0.0,0.0,0,1.0,0.0
2016-05-31,1000689.4596063462,0.0,1000689.4596063462,0.0,0.0,0.0,0,1.0,0.0
2016-06-01,1000689.4596063462,0.0,1000689.4596063462,0.0,0.0,0.0,0,1.0,0.0
2016-06-02,1000689.4596063462,0.0,1000689.4596063462,0.0,0.0,0.0,0,1.0,0.0
2016-06-03,1000689.4596063462,0.0,1000689.4596063462,0.0,0.0,0.0,0,1.0,0.0
2016-06-06,1000689.4596063462,0.0,1000689.4596063462,0.0,0.0,0.0,0,1.0,0.0
2016-06-07,1000689.4596063462,0.0,1000689.4596063462,0.0,0.0,0.0,0,1.0,0.0
2016-06-08,1000689.4596063462,0.0,1000689.4596063462,0.0,0.0,0.0,0,1.0,0.0
2016-06-09,1000689.4596063462,0.0,1000689.4596063462,0.0,0.0,0.0,0,1.0,0.0
2016-06-10,1000689.4596063462,0.0,1000689.4596063462,0.0,0.0,0.0,0,1.0,0.0
2016-06-13,1000689.4596063462,0.0,1000689.4596063462,0.0,0.0,0.0,0,1.0,0.0
2016-06-14,1000689.4596063462,0.0,1000689.4596063462,0.0,0.0,0.0,0,1.0,0.0
2016-06-15,1000689.4596063462,0.0,1000689.4596063462,0.0,0.0,0.0,0,1.0,0.0
2016-06-16,1000689.4596063462,0.0,1000689.4596063462,0.0,0.0,0.0,0,1.0,0.0
2016-06-17,1000689.4596063462,0.0,1000689.4596063462,0.0,0.0,0.0,0,1.0,0.0
2016-06-20,1000689.4596063462,0.0,1000689.4596063462,0.0,0.0,0.0,0,1.0,0.0
2016-06-21,1000689.4596063462,0.0,1000689.4596063462,0.0,0.0,0.0,0,1.0,0.0
2016-06-22,1000689.4596063462,0.0,1000689.4596063462,0.0,0.0,0.0,0,1.0,0.0
2016-06-23,1000689.4596063462,0.0,1000689.4596063462,0.0,0.0,0.0,0,1.0,0.0
2016-06-24,1000689.4596063462,0.0,1000689.4596063462,0.0,0.0,0.0,0,1.0,0.0
2016-06-27,1000689.4596063462,0.0,1000689.4596063462,0.0,0.0,0.0,0,1.0,0.0
2016-06-28,1000689.4596063462,0.0,1000689.4596063462,0.0,0.0,0.0,0,1.0,0.0
2016-06-29,1000689.4596063462,0.0,1000689.4596063462,0.0,0.0,0.0,0,1.0,0.0
2016-06-30,1000689.4596063462,0.0,1000689.4596063462,0.0,0.0,0.0,0,1.0,0.0
2016-07-01,1000689.4596063462,0.0,1000689.4596063462,0.0,0.0,0.0,0,1.0,0.0
2016-07-05,1000689.4596063462,0.0,1000689.4596063462,0.0,0.0,0.0,0,1.0,0.0
2016-07-06,1000689.4596063462,0.0,1000689.4596063462,0.0,0.0,0.0,0,1.0,0.0
2016-07-07,1000689.4596063462,0.0,1000689.4596063462,0.0,0.0,0.0,0,1.0,0.0
2016-07-08,1000689.4596063462,0.0,1000689.4596063462,0.0,0.0,0.0,0,1.0,0.0
2016-07-11,1000689.4596063462,0.0,1000689.4596063462,0.0,0.0,0.0,0,1.0,0.0
2016-07-12,1000689.4596063462,0.0,1000689.4596063462,0.0,0.0,0.0,0,1.0,0.0
2016-07-13,1000689.4596063462,0.0,1000689.4596063462,0.0,0.0,0.0,0,1.0,0.0
2016-07-14,1000689.4596063462,0.0,1000689.4596063462,0.0,0.0,0.0,0,1.0,0.0
2016-07-15,1000689.4596063462,0.0,1000689.4596063462,0.0,0.0,0.0,0,1.0,0.0
2016-07-18,1000689.4596063462,0.0,1000689.4596063462,0.0,0.0,0.0,0,1.0,0.0
2016-07-19,1000689.4596063462,0.0,1000689.4596063462,0.0,0.0,0.0,0,1.0,0.0
2016-07-20,1000689.4596063462,0.0,1000689.4596063462,0.0,0.0,0.0,0,1.0,0.0
2016-07-21,1000689.4596063462,0.0,1000689.4596063462,0.0,0.0,0.0,0,1.0,0.0
2016-07-22,1000689.4596063462,0.0,1000689.4596063462,0.0,0.0,0.0,0,1.0,0.0
2016-07-25,1000689.4596063462,0.0,1000689.4596063462,0.0,0.0,0.0,0,1.0,0.0
2016-07-26,1000689.4596063462,0.0,1000689.4596063462,0.0,0.0,0.0,0,1.0,0.0
2016-07-27,1000689.4596063462,0.0,1000689.4596063462,0.0,0.0,0.0,0,1.0,0.0
2016-07-28,1000689.4596063462,0.0,1000689.4596063462,0.0,0.0,0.0,0,1.0,0.0
2016-07-29,1000689.4596063462,0.0,1000689.4596063462,0.0,0.0,0.0,0,1.0,0.0
2016-08-01,1000689.4596063462,0.0,1000689.4596063462,0.0,0.0,0.0,0,1.0,0.0
2016-08-02,1000689.4596063462,0.0,1000689.4596063462,0.0,0.0,0.0,0,1.0,0.0
2016-08-03,1000689.4596063462,0.0,1000689.4596063462,0.0,0.0,0.0,0,1.0,0.0
2016-08-04,1000689.4596063462,0.0,1000689.4596063462,0.0,0.0,0.0,0,1.0,0.0
2016-08-05,1000689.4596063462,0.0,1000689.4596063462,0.0,0.0,0.0,0,1.0,0.0
2016-08-08,1000689.4596063462,0.0,1000689.4596063462,0.0,0.0,0.0,0,1.0,0.0
2016-08-09,1000689.4596063462,0.0,1000689.4596063462,0.0,0.0,0.0,0,1.0,0.0
2016-08-10,1000689.4596063462,0.0,1000689.4596063462,0.0,0.0,0.0,0,1.0,0.0
2016-08-11,1000689.4596063462,0.0,1000689.4596063462,0.0,0.0,0.0,0,1.0,0.0
2016-08-12,1000689.4596063462,0.0,1000689.4596063462,0.0,0.0,0.0,0,1.0,0.0
2016-08-15,1000689.4596063462,0.0,1000689.4596063462,0.0,0.0,0.0,0,1.0,0.0
2016-08-16,1000689.4596063462,0.0,1000689.4596063462,0.0,0.0,0.0,0,1.0,0.0
2016-08-17,1000689.4596063462,0.0,1000689.4596063462,0.0,0.0,0.0,0,1.0,0.0
2016-08-18,1000689.4596063462,0.0,1000689.4596063462,0.0,0.0,0.0,0,1.0,0.0
2016-08-19,1000689.4596063462,0.0,1000689.4596063462,0.0,0.0,0.0,0,1.0,0.0
2016-08-22,1000689.4596063462,0.0,1000689.4596063462,0.0,0.0,0.0,0,1.0,0.0
2016-08-23,1000689.4596063462,0.0,1000689.4596063462,0.0,0.0,0.0,0,1.0,0.0
2016-08-24,1000689.4596063462,0.0,1000689.4596063462,0.0,0.0,0.0,0,1.0,0.0
2016-08-25,1000689.4596063462,0.0,1000689.4596063462,0.0,0.0,0.0,0,1.0,0.0
2016-08-26,1000689.4596063462,0.0,1000689.4596063462,0.0,0.0,0.0,0,1.0,0.0
2016-08-29,1000689.4596063462,0.0,1000689.4596063462,0.0,0.0,0.0,0,1.0,0.0
2016-08-30,1000689.4596063462,0.0,1000689.4596063462,0.0,0.0,0.0,0,1.0,0.0
2016-08-31,1000689.4596063462,0.0,1000689.4596063462,0.0,0.0,0.0,0,1.0,0.0
2016-09-01,1000689.4596063462,0.0,1000689.4596063462,0.0,0.0,0.0,0,1.0,0.0
2016-09-02,1000689.4596063462,0.0,1000689.4596063462,0.0,0.0,0.0,0,1.0,0.0
2016-09-06,1000689.4596063462,0.0,1000689.4596063462,0.0,0.0,0.0,0,1.0,0.0
2016-09-07,1000689.4596063462,0.0,1000689.4596063462,0.0,0.0,0.0,0,1.0,0.0
2016-09-08,1000689.4596063462,0.0,1000689.4596063462,0.0,0.0,0.0,0,1.0,0.0
2016-09-09,1000689.4596063462,0.0,1000689.4596063462,0.0,0.0,0.0,0,1.0,0.0
2016-09-12,1000689.4596063462,0.0,1000689.4596063462,0.0,0.0,0.0,0,1.0,0.0
2016-09-13,1000689.4596063462,0.0,1000689.4596063462,0.0,0.0,0.0,0,1.0,0.0
2016-09-14,1000689.4596063462,0.0,1000689.4596063462,0.0,0.0,0.0,0,1.0,0.0
2016-09-15,1000689.4596063462,0.0,1000689.4596063462,0.0,0.0,0.0,0,1.0,0.0
2016-09-16,1000689.4596063462,0.0,1000689.4596063462,0.0,0.0,0.0,0,1.0,0.0
2016-09-19,1000689.4596063462,0.0,1000689.4596063462,0.0,0.0,0.0,0,1.0,0.0
2016-09-20,1000689.4596063462,0.0,1000689.4596063462,0.0,0.0,0.0,0,1.0,0.0
2016-09-21,1000689.4596063462,0.0,1000689.4596063462,0.0,0.0,0.0,0,1.0,0.0
2016-09-22,1000689.4596063462,0.0,1000689.4596063462,0.0,0.0,0.0,0,1.0,0.0
2016-09-23,1000689.4596063462,0.0,1000689.4596063462,0.0,0.0,0.0,0,1.0,0.0
2016-09-26,1000689.4596063462,0.0,1000689.4596063462,0.0,0.0,0.0,0,1.0,0.0
2016-09-27,1000689.4596063462,0.0,1000689.4596063462,0.0,0.0,0.0,0,1.0,0.0
2016-09-28,1000689.4596063462,0.0,1000689.4596063462,0.0,0.0,0.0,0,1.0,0.0
2016-09-29,1000689.4596063462,0.0,1000689.4596063462,0.0,0.0,0.0,0,1.0,0.0
2016-09-30,1000689.4596063462,0.0,1000689.4596063462,0.0,0.0,0.0,0,1.0,0.0
2016-10-03,1000689.4596063462,0.0,1000689.4596063462,0.0,0.0,0.0,0,1.0,0.0
2016-10-04,1000689.4596063462,0.0,1000689.4596063462,0.0,0.0,0.0,0,1.0,0.0
2016-10-05,1000689.4596063462,0.0,1000689.4596063462,0.0,0.0,0.0,0,1.0,0.0
2016-10-06,1000689.4596063462,0.0,1000689.4596063462,0.0,0.0,0.0,0,1.0,0.0
2016-10-07,1000689.4596063462,0.0,1000689.4596063462,0.0,0.0,0.0,0,1.0,0.0
2016-10-10,1000689.4596063462,0.0,1000689.4596063462,0.0,0.0,0.0,0,1.0,0.0
2016-10-11,1000689.4596063462,0.0,1000689.4596063462,0.0,0.0,0.0,0,1.0,0.0
2016-10-12,1000689.4596063462,0.0,1000689.4596063462,0.0,0.0,0.0,0,1.0,0.0
2016-10-13,1000689.4596063462,0.0,1000689.4596063462,0.0,0.0,0.0,0,1.0,0.0
2016-10-14,1000689.4596063462,0.0,1000689.4596063462,0.0,0.0,0.0,0,1.0,0.0
2016-10-17,1000689.4596063462,0.0,1000689.4596063462,0.0,0.0,0.0,0,1.0,0.0
2016-10-18,1000689.4596063462,0.0,1000689.4596063462,0.0,0.0,0.0,0,1.0,0.0
2016-10-19,1000689.4596063462,0.0,1000689.4596063462,0.0,0.0,0.0,0,1.0,0.0
2016-10-20,1000689.4596063462,0.0,1000689.4596063462,0.0,0.0,0.0,0,1.0,0.0
2016-10-21,1000689.4596063462,0.0,1000689.4596063462,0.0,0.0,0.0,0,1.0,0.0
2016-10-24,1000689.4596063462,0.0,1000689.4596063462,0.0,0.0,0.0,0,1.0,0.0
2016-10-25,1000689.4596063462,0.0,1000689.4596063462,0.0,0.0,0.0,0,1.0,0.0
2016-10-26,1000689.4596063462,0.0,1000689.4596063462,0.0,0.0,0.0,0,1.0,0.0
2016-10-27,1000689.4596063462,0.0,1000689.4596063462,0.0,0.0,0.0,0,1.0,0.0
2016-10-28,1000689.4596063462,0.0,1000689.4596063462,0.0,0.0,0.0,0,1.0,0.0
2016-10-31,1000689.4596063462,0.0,1000689.4596063462,0.0,0.0,0.0,0,1.0,0.0
2016-11-01,1000689.4596063462,0.0,1000689.4596063462,0.0,0.0,0.0,0,1.0,0.0
2016-11-02,1000689.4596063462,0.0,1000689.4596063462,0.0,0.0,0.0,0,1.0,0.0
2016-11-03,1000689.4596063462,0.0,1000689.4596063462,0.0,0.0,0.0,0,1.0,0.0
2016-11-04,1000689.4596063462,0.0,1000689.4596063462,0.0,0.0,0.0,0,1.0,0.0
2016-11-07,1000689.4596063462,0.0,1000689.4596063462,0.0,0.0,0.0,0,1.0,0.0
2016-11-08,1000689.4596063462,0.0,1000689.4596063462,0.0,0.0,0.0,0,1.0,0.0
2016-11-09,1000689.4596063462,0.0,1000689.4596063462,0.0,0.0,0.0,0,1.0,0.0
2016-11-10,1000689.4596063462,0.0,1000689.4596063462,0.0,0.0,0.0,0,1.0,0.0
2016-11-11,1000689.4596063462,0.0,1000689.4596063462,0.0,0.0,0.0,0,1.0,0.0
2016-11-14,1000689.4596063462,0.0,1000689.4596063462,0.0,0.0,0.0,0,1.0,0.0
2016-11-15,1000689.4596063462,0.0,1000689.4596063462,0.0,0.0,0.0,0,1.0,0.0
2016-11-16,1000689.4596063462,0.0,1000689.4596063462,0.0,0.0,0.0,0,1.0,0.0
2016-11-17,1000689.4596063462,0.0,1000689.4596063462,0.0,0.0,0.0,0,1.0,0.0
2016-11-18,1000689.4596063462,0.0,1000689.4596063462,0.0,0.0,0.0,0,1.0,0.0
2016-11-21,1000689.4596063462,0.0,1000689.4596063462,0.0,0.0,0.0,0,1.0,0.0
2016-11-22,1000689.4596063462,0.0,1000689.4596063462,0.0,0.0,0.0,0,1.0,0.0
2016-11-23,1000689.4596063462,0.0,1000689.4596063462,0.0,0.0,0.0,0,1.0,0.0
2016-11-25,1000689.4596063462,0.0,1000689.4596063462,0.0,0.0,0.0,0,1.0,0.0
2016-11-28,1000689.4596063462,0.0,1000689.4596063462,0.0,0.0,0.0,0,1.0,0.0
2016-11-29,1000689.4596063462,0.0,1000689.4596063462,0.0,0.0,0.0,0,1.0,0.0
2016-11-30,1000689.4596063462,0.0,1000689.4596063462,0.0,0.0,0.0,0,1.0,0.0
2016-12-01,1000689.4596063462,0.0,1000689.4596063462,0.0,0.0,0.0,0,1.0,0.0
2016-12-02,1000689.4596063462,0.0,1000689.4596063462,0.0,0.0,0.0,0,1.0,0.0
2016-12-05,1000689.4596063462,0.0,1000689.4596063462,0.0,0.0,0.0,0,1.0,0.0
2016-12-06,1000689.4596063462,0.0,1000689.4596063462,0.0,0.0,0.0,0,1.0,0.0
2016-12-07,1000689.4596063462,0.0,1000689.4596063462,0.0,0.0,0.0,0,1.0,0.0
2016-12-08,1000689.4596063462,0.0,1000689.4596063462,0.0,0.0,0.0,0,1.0,0.0
2016-12-09,1000689.4596063462,0.0,1000689.4596063462,0.0,0.0,0.0,0,1.0,0.0
2016-12-12,1000689.4596063462,0.0,1000689.4596063462,0.0,0.0,0.0,0,1.0,0.0
2016-12-13,1000689.4596063462,0.0,1000689.4596063462,0.0,0.0,0.0,0,1.0,0.0
2016-12-14,1000689.4596063462,0.0,1000689.4596063462,0.0,0.0,0.0,0,1.0,0.0
2016-12-15,1000689.4596063462,0.0,1000689.4596063462,0.0,0.0,0.0,0,1.0,0.0
2016-12-16,1000689.4596063462,0.0,1000689.4596063462,0.0,0.0,0.0,0,1.0,0.0
2016-12-19,1000689.4596063462,0.0,1000689.4596063462,0.0,0.0,0.0,0,1.0,0.0
2016-12-20,1000689.4596063462,0.0,1000689.4596063462,0.0,0.0,0.0,0,1.0,0.0
2016-12-21,1000689.4596063462,0.0,1000689.4596063462,0.0,0.0,0.0,0,1.0,0.0
2016-12-22,1000689.4596063462,0.0,1000689.4596063462,0.0,0.0,0.0,0,1.0,0.0
2016-12-23,1000689.4596063462,0.0,1000689.4596063462,0.0,0.0,0.0,0,1.0,0.0
2016-12-27,1000689.4596063462,0.0,1000689.4596063462,0.0,0.0,0.0,0,1.0,0.0
2016-12-28,1000689.4596063462,0.0,1000689.4596063462,0.0,0.0,0.0,0,1.0,0.0
2016-12-29,1000689.4596063462,0.0,1000689.4596063462,0.0,0.0,0.0,0,1.0,0.0
2016-12-30,1000689.4596063462,0.0,1000689.4596063462,0.0,0.0,0.0,0,1.0,0.0
2017-01-03,1000689.4596063462,0.0,1000689.4596063462,0.0,0.0,0.0,0,1.0,0.0
2017-01-04,1000689.4596063462,0.0,1000689.4596063462,0.0,0.0,0.0,0,1.0,0.0
2017-01-05,1000689.4596063462,0.0,1000689.4596063462,0.0,0.0,0.0,0,1.0,0.0
2017-01-06,1000689.4596063462,0.0,1000689.4596063462,0.0,0.0,0.0,0,1.0,0.0
2017-01-09,1000689.4596063462,0.0,1000689.4596063462,0.0,0.0,0.0,0,1.0,0.0
2017-01-10,1000689.4596063462,0.0,1000689.4596063462,0.0,0.0,0.0,0,1.0,0.0
2017-01-11,1000689.4596063462,0.0,1000689.4596063462,0.0,0.0,0.0,0,1.0,0.0
2017-01-12,1000689.4596063462,0.0,1000689.4596063462,0.0,0.0,0.0,0,1.0,0.0
2017-01-13,1000689.4596063462,0.0,1000689.4596063462,0.0,0.0,0.0,0,1.0,0.0
2017-01-17,1000689.4596063462,0.0,1000689.4596063462,0.0,0.0,0.0,0,1.0,0.0
2017-01-18,1000689.4596063462,0.0,1000689.4596063462,0.0,0.0,0.0,0,1.0,0.0
2017-01-19,1000689.4596063462,0.0,1000689.4596063462,0.0,0.0,0.0,0,1.0,0.0
2017-01-20,1000689.4596063462,0.0,1000689.4596063462,0.0,0.0,0.0,0,1.0,0.0
2017-01-23,1000689.4596063462,0.0,1000689.4596063462,0.0,0.0,0.0,0,1.0,0.0
2017-01-24,1000689.4596063462,0.0,1000689.4596063462,0.0,0.0,0.0,0,1.0,0.0
2017-01-25,1000689.4596063462,0.0,1000689.4596063462,0.0,0.0,0.0,0,1.0,0.0
2017-01-26,1000689.4596063462,0.0,1000689.4596063462,0.0,0.0,0.0,0,1.0,0.0
2017-01-27,1000689.4596063462,0.0,1000689.4596063462,0.0,0.0,0.0,0,1.0,0.0
2017-01-30,1000689.4596063462,0.0,1000689.4596063462,0.0,0.0,0.0,0,1.0,0.0
2017-01-31,1000689.4596063462,0.0,1000689.4596063462,0.0,0.0,0.0,0,1.0,0.0
2017-02-01,1000689.4596063462,0.0,1000689.4596063462,0.0,0.0,0.0,0,1.0,0.0
2017-02-02,1000689.4596063462,0.0,1000689.4596063462,0.0,0.0,0.0,0,1.0,0.0
2017-02-03,1000689.4596063462,0.0,1000689.4596063462,0.0,0.0,0.0,0,1.0,0.0
2017-02-06,1000689.4596063462,0.0,1000689.4596063462,0.0,0.0,0.0,0,1.0,0.0
2017-02-07,1000689.4596063462,0.0,1000689.4596063462,0.0,0.0,0.0,0,1.0,0.0
2017-02-08,1000689.4596063462,0.0,1000689.4596063462,0.0,0.0,0.0,0,1.0,0.0
2017-02-09,1000689.4596063462,0.0,1000689.4596063462,0.0,0.0,0.0,0,1.0,0.0
2017-02-10,1000689.4596063462,0.0,1000689.4596063462,0.0,0.0,0.0,0,1.0,0.0
2017-02-13,1000689.4596063462,0.0,1000689.4596063462,0.0,0.0,0.0,0,1.0,0.0
2017-02-14,1000689.4596063462,0.0,1000689.4596063462,0.0,0.0,0.0,0,1.0,0.0
2017-02-15,1000689.4596063462,0.0,1000689.4596063462,0.0,0.0,0.0,0,1.0,0.0
2017-02-16,1000689.4596063462,0.0,1000689.4596063462,0.0,0.0,0.0,0,1.0,0.0
2017-02-17,1000689.4596063462,0.0,1000689.4596063462,0.0,0.0,0.0,0,1.0,0.0
2017-02-21,1000689.4596063462,0.0,1000689.4596063462,0.0,0.0,0.0,0,1.0,0.0
2017-02-22,1000689.4596063462,0.0,1000689.4596063462,0.0,0.0,0.0,0,1.0,0.0
2017-02-23,1000689.4596063462,0.0,1000689.4596063462,0.0,0.0,0.0,0,1.0,0.0
2017-02-24,1000689.4596063462,0.0,1000689.4596063462,0.0,0.0,0.0,0,1.0,0.0
2017-02-27,1000689.4596063462,0.0,1000689.4596063462,0.0,0.0,0.0,0,1.0,0.0
2017-02-28,1000689.4596063462,0.0,1000689.4596063462,0.0,0.0,0.0,0,1.0,0.0
2017-03-01,1000689.4596063462,0.0,1000689.4596063462,0.0,0.0,0.0,0,1.0,0.0
2017-03-02,1000689.4596063462,0.0,1000689.4596063462,0.0,0.0,0.0,0,1.0,0.0
2017-03-03,1000689.4596063462,0.0,1000689.4596063462,0.0,0.0,0.0,0,1.0,0.0
2017-03-06,1000689.4596063462,0.0,1000689.4596063462,0.0,0.0,0.0,0,1.0,0.0
2017-03-07,1000689.4596063462,0.0,1000689.4596063462,0.0,0.0,0.0,0,1.0,0.0
2017-03-08,1000689.4596063462,0.0,1000689.4596063462,0.0,0.0,0.0,0,1.0,0.0
2017-03-09,1000689.4596063462,0.0,1000689.4596063462,0.0,0.0,0.0,0,1.0,0.0
2017-03-10,1000689.4596063462,0.0,1000689.4596063462,0.0,0.0,0.0,0,1.0,0.0
2017-03-13,1000689.4596063462,0.0,1000689.4596063462,0.0,0.0,0.0,0,1.0,0.0
2017-03-14,1000689.4596063462,0.0,1000689.4596063462,0.0,0.0,0.0,0,1.0,0.0
2017-03-15,1000689.4596063462,0.0,1000689.4596063462,0.0,0.0,0.0,0,1.0,0.0
2017-03-16,1000689.4596063462,0.0,1000689.4596063462,0.0,0.0,0.0,0,1.0,0.0
2017-03-17,1000689.4596063462,0.0,1000689.4596063462,0.0,0.0,0.0,0,1.0,0.0
2017-03-20,1000689.4596063462,0.0,1000689.4596063462,0.0,0.0,0.0,0,1.0,0.0
2017-03-21,1000689.4596063462,0.0,1000689.4596063462,0.0,0.0,0.0,0,1.0,0.0
2017-03-22,1000689.4596063462,0.0,1000689.4596063462,0.0,0.0,0.0,0,1.0,0.0
2017-03-23,1000689.4596063462,0.0,1000689.4596063462,0.0,0.0,0.0,0,1.0,0.0
2017-03-24,1000689.4596063462,0.0,1000689.4596063462,0.0,0.0,0.0,0,1.0,0.0
2017-03-27,1000689.4596063462,0.0,1000689.4596063462,0.0,0.0,0.0,0,1.0,0.0
2017-03-28,1000689.4596063462,0.0,1000689.4596063462,0.0,0.0,0.0,0,1.0,0.0
2017-03-29,1000689.4596063462,0.0,1000689.4596063462,0.0,0.0,0.0,0,1.0,0.0
2017-03-30,1000689.4596063462,0.0,1000689.4596063462,0.0,0.0,0.0,0,1.0,0.0
2017-03-31,1000689.4596063462,0.0,1000689.4596063462,0.0,0.0,0.0,0,1.0,0.0
2017-04-03,1000689.4596063462,0.0,1000689.4596063462,0.0,0.0,0.0,0,1.0,0.0
2017-04-04,1000689.4596063462,0.0,1000689.4596063462,0.0,0.0,0.0,0,1.0,0.0
2017-04-05,1000689.4596063462,0.0,1000689.4596063462,0.0,0.0,0.0,0,1.0,0.0
2017-04-06,1000689.4596063462,0.0,1000689.4596063462,0.0,0.0,0.0,0,1.0,0.0
2017-04-07,1000689.4596063462,0.0,1000689.4596063462,0.0,0.0,0.0,0,1.0,0.0
2017-04-10,1000689.4596063462,0.0,1000689.4596063462,0.0,0.0,0.0,0,1.0,0.0
2017-04-11,1000689.4596063462,0.0,1000689.4596063462,0.0,0.0,0.0,0,1.0,0.0
2017-04-12,1000689.4596063462,0.0,1000689.4596063462,0.0,0.0,0.0,0,1.0,0.0
2017-04-13,1000689.4596063462,0.0,1000689.4596063462,0.0,0.0,0.0,0,1.0,0.0
2017-04-17,1000689.4596063462,0.0,1000689.4596063462,0.0,0.0,0.0,0,1.0,0.0
2017-04-18,1000689.4596063462,0.0,1000689.4596063462,0.0,0.0,0.0,0,1.0,0.0
2017-04-19,1000689.4596063462,0.0,1000689.4596063462,0.0,0.0,0.0,0,1.0,0.0
2017-04-20,1000689.4596063462,0.0,1000689.4596063462,0.0,0.0,0.0,0,1.0,0.0
2017-04-21,1000689.4596063462,0.0,1000689.4596063462,0.0,0.0,0.0,0,1.0,0.0
2017-04-24,1000689.4596063462,0.0,1000689.4596063462,0.0,0.0,0.0,0,1.0,0.0
2017-04-25,1000689.4596063462,0.0,1000689.4596063462,0.0,0.0,0.0,0,1.0,0.0
2017-04-26,1000689.4596063462,0.0,1000689.4596063462,0.0,0.0,0.0,0,1.0,0.0
2017-04-27,1000689.4596063462,0.0,1000689.4596063462,0.0,0.0,0.0,0,1.0,0.0
2017-04-28,1000689.4596063462,0.0,1000689.4596063462,0.0,0.0,0.0,0,1.0,0.0
2017-05-01,1000689.4596063462,0.0,1000689.4596063462,0.0,0.0,0.0,0,1.0,0.0
2017-05-02,1000689.4596063462,0.0,1000689.4596063462,0.0,0.0,0.0,0,1.0,0.0
2017-05-03,1000689.4596063462,0.0,1000689.4596063462,0.0,0.0,0.0,0,1.0,0.0
2017-05-04,1000689.4596063462,0.0,1000689.4596063462,0.0,0.0,0.0,0,1.0,0.0
2017-05-05,1000689.4596063462,0.0,1000689.4596063462,0.0,0.0,0.0,0,1.0,0.0
2017-05-08,1000689.4596063462,0.0,1000689.4596063462,0.0,0.0,0.0,0,1.0,0.0
2017-05-09,1000689.4596063462,0.0,1000689.4596063462,0.0,0.0,0.0,0,1.0,0.0
2017-05-10,1000689.4596063462,0.0,1000689.4596063462,0.0,0.0,0.0,0,1.0,0.0
2017-05-11,1000689.4596063462,0.0,1000689.4596063462,0.0,0.0,0.0,0,1.0,0.0
2017-05-12,1000689.4596063462,0.0,1000689.4596063462,0.0,0.0,0.0,0,1.0,0.0
2017-05-15,1000689.4596063462,0.0,1000689.4596063462,0.0,0.0,0.0,0,1.0,0.0
2017-05-16,1000689.4596063462,0.0,1000689.4596063462,0.0,0.0,0.0,0,1.0,0.0
2017-05-17,1000689.4596063462,0.0,1000689.4596063462,0.0,0.0,0.0,0,1.0,0.0
2017-05-18,1000689.4596063462,0.0,1000689.4596063462,0.0,0.0,0.0,0,1.0,0.0
2017-05-19,1000689.4596063462,0.0,1000689.4596063462,0.0,0.0,0.0,0,1.0,0.0
2017-05-22,1000689.4596063462,0.0,1000689.4596063462,0.0,0.0,0.0,0,1.0,0.0
2017-05-23,1000689.4596063462,0.0,1000689.4596063462,0.0,0.0,0.0,0,1.0,0.0
2017-05-24,1000689.4596063462,0.0,1000689.4596063462,0.0,0.0,0.0,0,1.0,0.0
2017-05-25,1000689.4596063462,0.0,1000689.4596063462,0.0,0.0,0.0,0,1.0,0.0
2017-05-26,1000689.4596063462,0.0,1000689.4596063462,0.0,0.0,0.0,0,1.0,0.0
2017-05-30,1000689.4596063462,0.0,1000689.4596063462,0.0,0.0,0.0,0,1.0,0.0
2017-05-31,1000689.4596063462,0.0,1000689.4596063462,0.0,0.0,0.0,0,1.0,0.0
2017-06-01,1000689.4596063462,0.0,1000689.4596063462,0.0,0.0,0.0,0,1.0,0.0
2017-06-02,1000689.4596063462,0.0,1000689.4596063462,0.0,0.0,0.0,0,1.0,0.0
2017-06-05,1000689.4596063462,0.0,1000689.4596063462,0.0,0.0,0.0,0,1.0,0.0
2017-06-06,1000689.4596063462,0.0,1000689.4596063462,0.0,0.0,0.0,0,1.0,0.0
2017-06-07,1000689.4596063462,0.0,1000689.4596063462,0.0,0.0,0.0,0,1.0,0.0
2017-06-08,1000689.4596063462,0.0,1000689.4596063462,0.0,0.0,0.0,0,1.0,0.0
2017-06-09,1000689.4596063462,0.0,1000689.4596063462,0.0,0.0,0.0,0,1.0,0.0
2017-06-12,1000689.4596063462,0.0,1000689.4596063462,0.0,0.0,0.0,0,1.0,0.0
2017-06-13,1000689.4596063462,0.0,1000689.4596063462,0.0,0.0,0.0,0,1.0,0.0
2017-06-14,1000689.4596063462,0.0,1000689.4596063462,0.0,0.0,0.0,0,1.0,0.0
2017-06-15,1000689.4596063462,0.0,1000689.4596063462,0.0,0.0,0.0,0,1.0,0.0
2017-06-16,1000689.4596063462,0.0,1000689.4596063462,0.0,0.0,0.0,0,1.0,0.0
2017-06-19,1000689.4596063462,0.0,1000689.4596063462,0.0,0.0,0.0,0,1.0,0.0
2017-06-20,1000689.4596063462,0.0,1000689.4596063462,0.0,0.0,0.0,0,1.0,0.0
2017-06-21,1000689.4596063462,0.0,1000689.4596063462,0.0,0.0,0.0,0,1.0,0.0
2017-06-22,1000689.4596063462,0.0,1000689.4596063462,0.0,0.0,0.0,0,1.0,0.0
2017-06-23,1000689.4596063462,0.0,1000689.4596063462,0.0,0.0,0.0,0,1.0,0.0
2017-06-26,1000689.4596063462,0.0,1000689.4596063462,0.0,0.0,0.0,0,1.0,0.0
2017-06-27,1000689.4596063462,0.0,1000689.4596063462,0.0,0.0,0.0,0,1.0,0.0
2017-06-28,1000689.4596063462,0.0,1000689.4596063462,0.0,0.0,0.0,0,1.0,0.0
2017-06-29,1000689.4596063462,0.0,1000689.4596063462,0.0,0.0,0.0,0,1.0,0.0
2017-06-30,1000689.4596063462,0.0,1000689.4596063462,0.0,0.0,0.0,0,1.0,0.0
2017-07-03,1000689.4596063462,0.0,1000689.4596063462,0.0,0.0,0.0,0,1.0,0.0
2017-07-05,1000689.4596063462,0.0,1000689.4596063462,0.0,0.0,0.0,0,1.0,0.0
2017-07-06,1000689.4596063462,0.0,1000689.4596063462,0.0,0.0,0.0,0,1.0,0.0
2017-07-07,1000689.4596063462,0.0,1000689.4596063462,0.0,0.0,0.0,0,1.0,0.0
2017-07-10,1000689.4596063462,0.0,1000689.4596063462,0.0,0.0,0.0,0,1.0,0.0
2017-07-11,1000689.4596063462,0.0,1000689.4596063462,0.0,0.0,0.0,0,1.0,0.0
2017-07-12,1000689.4596063462,0.0,1000689.4596063462,0.0,0.0,0.0,0,1.0,0.0
2017-07-13,1000689.4596063462,0.0,1000689.4596063462,0.0,0.0,0.0,0,1.0,0.0
2017-07-14,1000689.4596063462,0.0,1000689.4596063462,0.0,0.0,0.0,0,1.0,0.0
2017-07-17,1000689.4596063462,0.0,1000689.4596063462,0.0,0.0,0.0,0,1.0,0.0
2017-07-18,1000689.4596063462,0.0,1000689.4596063462,0.0,0.0,0.0,0,1.0,0.0
2017-07-19,1000689.4596063462,0.0,1000689.4596063462,0.0,0.0,0.0,0,1.0,0.0
2017-07-20,1000689.4596063462,0.0,1000689.4596063462,0.0,0.0,0.0,0,1.0,0.0
2017-07-21,1000689.4596063462,0.0,1000689.4596063462,0.0,0.0,0.0,0,1.0,0.0
2017-07-24,1000689.4596063462,0.0,1000689.4596063462,0.0,0.0,0.0,0,1.0,0.0
2017-07-25,1000689.4596063462,0.0,1000689.4596063462,0.0,0.0,0.0,0,1.0,0.0
2017-07-26,1000689.4596063462,0.0,1000689.4596063462,0.0,0.0,0.0,0,1.0,0.0
2017-07-27,1000689.4596063462,0.0,1000689.4596063462,0.0,0.0,0.0,0,1.0,0.0
2017-07-28,1000689.4596063462,0.0,1000689.4596063462,0.0,0.0,0.0,0,1.0,0.0
2017-07-31,1000689.4596063462,0.0,1000689.4596063462,0.0,0.0,0.0,0,1.0,0.0
2017-08-01,1000689.4596063462,0.0,1000689.4596063462,0.0,0.0,0.0,0,1.0,0.0
2017-08-02,1000689.4596063462,0.0,1000689.4596063462,0.0,0.0,0.0,0,1.0,0.0
2017-08-03,1000689.4596063462,0.0,1000689.4596063462,0.0,0.0,0.0,0,1.0,0.0
2017-08-04,1000689.4596063462,0.0,1000689.4596063462,0.0,0.0,0.0,0,1.0,0.0
2017-08-07,1000689.4596063462,0.0,1000689.4596063462,0.0,0.0,0.0,0,1.0,0.0
2017-08-08,1000689.4596063462,0.0,1000689.4596063462,0.0,0.0,0.0,0,1.0,0.0
2017-08-09,1000689.4596063462,0.0,1000689.4596063462,0.0,0.0,0.0,0,1.0,0.0
2017-08-10,1000689.4596063462,0.0,1000689.4596063462,0.0,0.0,0.0,0,1.0,0.0
2017-08-11,1000689.4596063462,0.0,1000689.4596063462,0.0,0.0,0.0,0,1.0,0.0
2017-08-14,1000689.4596063462,0.0,1000689.4596063462,0.0,0.0,0.0,0,1.0,0.0
2017-08-15,1000689.4596063462,0.0,1000689.4596063462,0.0,0.0,0.0,0,1.0,0.0
2017-08-16,1000689.4596063462,0.0,1000689.4596063462,0.0,0.0,0.0,0,1.0,0.0
2017-08-17,1000689.4596063462,0.0,1000689.4596063462,0.0,0.0,0.0,0,1.0,0.0
2017-08-18,1000689.4596063462,0.0,1000689.4596063462,0.0,0.0,0.0,0,1.0,0.0
2017-08-21,1000689.4596063462,0.0,1000689.4596063462,0.0,0.0,0.0,0,1.0,0.0
2017-08-22,1000689.4596063462,0.0,1000689.4596063462,0.0,0.0,0.0,0,1.0,0.0
2017-08-23,1000689.4596063462,0.0,1000689.4596063462,0.0,0.0,0.0,0,1.0,0.0
2017-08-24,1000689.4596063462,0.0,1000689.4596063462,0.0,0.0,0.0,0,1.0,0.0
2017-08-25,1000689.4596063462,0.0,1000689.4596063462,0.0,0.0,0.0,0,1.0,0.0
2017-08-28,1000689.4596063462,0.0,1000689.4596063462,0.0,0.0,0.0,0,1.0,0.0
2017-08-29,1000689.4596063462,0.0,1000689.4596063462,0.0,0.0,0.0,0,1.0,0.0
2017-08-30,1000689.4596063462,0.0,1000689.4596063462,0.0,0.0,0.0,0,1.0,0.0
2017-08-31,1000689.4596063462,0.0,1000689.4596063462,0.0,0.0,0.0,0,1.0,0.0
2017-09-01,1000689.4596063462,0.0,1000689.4596063462,0.0,0.0,0.0,0,1.0,0.0
2017-09-05,1000689.4596063462,0.0,1000689.4596063462,0.0,0.0,0.0,0,1.0,0.0
2017-09-06,1000689.4596063462,0.0,1000689.4596063462,0.0,0.0,0.0,0,1.0,0.0
2017-09-07,1000689.4596063462,0.0,1000689.4596063462,0.0,0.0,0.0,0,1.0,0.0
2017-09-08,1000689.4596063462,0.0,1000689.4596063462,0.0,0.0,0.0,0,1.0,0.0
2017-09-11,1000689.4596063462,0.0,1000689.4596063462,0.0,0.0,0.0,0,1.0,0.0
2017-09-12,1000689.4596063462,0.0,1000689.4596063462,0.0,0.0,0.0,0,1.0,0.0
2017-09-13,1000689.4596063462,0.0,1000689.4596063462,0.0,0.0,0.0,0,1.0,0.0
2017-09-14,1000689.4596063462,0.0,1000689.4596063462,0.0,0.0,0.0,0,1.0,0.0
2017-09-15,1000689.4596063462,0.0,1000689.4596063462,0.0,0.0,0.0,0,1.0,0.0
2017-09-18,1000689.4596063462,0.0,1000689.4596063462,0.0,0.0,0.0,0,1.0,0.0
2017-09-19,1000689.4596063462,0.0,1000689.4596063462,0.0,0.0,0.0,0,1.0,0.0
2017-09-20,1000689.4596063462,0.0,1000689.4596063462,0.0,0.0,0.0,0,1.0,0.0
2017-09-21,1000689.4596063462,0.0,1000689.4596063462,0.0,0.0,0.0,0,1.0,0.0
2017-09-22,1000689.4596063462,0.0,1000689.4596063462,0.0,0.0,0.0,0,1.0,0.0
2017-09-25,1000689.4596063462,0.0,1000689.4596063462,0.0,0.0,0.0,0,1.0,0.0
2017-09-26,1000689.4596063462,0.0,1000689.4596063462,0.0,0.0,0.0,0,1.0,0.0
2017-09-27,1000689.4596063462,0.0,1000689.4596063462,0.0,0.0,0.0,0,1.0,0.0
2017-09-28,1000689.4596063462,0.0,1000689.4596063462,0.0,0.0,0.0,0,1.0,0.0
2017-09-29,1000689.4596063462,0.0,1000689.4596063462,0.0,0.0,0.0,0,1.0,0.0
2017-10-02,1000689.4596063462,0.0,1000689.4596063462,0.0,0.0,0.0,0,1.0,0.0
2017-10-03,1000689.4596063462,0.0,1000689.4596063462,0.0,0.0,0.0,0,1.0,0.0
2017-10-04,1000689.4596063462,0.0,1000689.4596063462,0.0,0.0,0.0,0,1.0,0.0
2017-10-05,1000689.4596063462,0.0,1000689.4596063462,0.0,0.0,0.0,0,1.0,0.0
2017-10-06,1000689.4596063462,0.0,1000689.4596063462,0.0,0.0,0.0,0,1.0,0.0
2017-10-09,1000689.4596063462,0.0,1000689.4596063462,0.0,0.0,0.0,0,1.0,0.0
2017-10-10,1000689.4596063462,0.0,1000689.4596063462,0.0,0.0,0.0,0,1.0,0.0
2017-10-11,1000689.4596063462,0.0,1000689.4596063462,0.0,0.0,0.0,0,1.0,0.0
2017-10-12,1000689.4596063462,0.0,1000689.4596063462,0.0,0.0,0.0,0,1.0,0.0
2017-10-13,1000689.4596063462,0.0,1000689.4596063462,0.0,0.0,0.0,0,1.0,0.0
2017-10-16,1000689.4596063462,0.0,1000689.4596063462,0.0,0.0,0.0,0,1.0,0.0
2017-10-17,1000689.4596063462,0.0,1000689.4596063462,0.0,0.0,0.0,0,1.0,0.0
2017-10-18,1000689.4596063462,0.0,1000689.4596063462,0.0,0.0,0.0,0,1.0,0.0
2017-10-19,1000689.4596063462,0.0,1000689.4596063462,0.0,0.0,0.0,0,1.0,0.0
2017-10-20,1000689.4596063462,0.0,1000689.4596063462,0.0,0.0,0.0,0,1.0,0.0
2017-10-23,1000689.4596063462,0.0,1000689.4596063462,0.0,0.0,0.0,0,1.0,0.0
2017-10-24,1000689.4596063462,0.0,1000689.4596063462,0.0,0.0,0.0,0,1.0,0.0
2017-10-25,1000689.4596063462,0.0,1000689.4596063462,0.0,0.0,0.0,0,1.0,0.0
2017-10-26,1000689.4596063462,0.0,1000689.4596063462,0.0,0.0,0.0,0,1.0,0.0
2017-10-27,1000689.4596063462,0.0,1000689.4596063462,0.0,0.0,0.0,0,1.0,0.0
2017-10-30,1000689.4596063462,0.0,1000689.4596063462,0.0,0.0,0.0,0,1.0,0.0
2017-10-31,1000689.4596063462,0.0,1000689.4596063462,0.0,0.0,0.0,0,1.0,0.0
2017-11-01,1000689.4596063462,0.0,1000689.4596063462,0.0,0.0,0.0,0,1.0,0.0
2017-11-02,1000689.4596063462,0.0,1000689.4596063462,0.0,0.0,0.0,0,1.0,0.0
2017-11-03,1000689.4596063462,0.0,1000689.4596063462,0.0,0.0,0.0,0,1.0,0.0
2017-11-06,1000689.4596063462,0.0,1000689.4596063462,0.0,0.0,0.0,0,1.0,0.0
2017-11-07,1000689.4596063462,0.0,1000689.4596063462,0.0,0.0,0.0,0,1.0,0.0
2017-11-08,1000689.4596063462,0.0,1000689.4596063462,0.0,0.0,0.0,0,1.0,0.0
2017-11-09,1000689.4596063462,0.0,1000689.4596063462,0.0,0.0,0.0,0,1.0,0.0
2017-11-10,1000689.4596063462,0.0,1000689.4596063462,0.0,0.0,0.0,0,1.0,0.0
2017-11-13,1000689.4596063462,0.0,1000689.4596063462,0.0,0.0,0.0,0,1.0,0.0
2017-11-14,1000689.4596063462,0.0,1000689.4596063462,0.0,0.0,0.0,0,1.0,0.0
2017-11-15,1000689.4596063462,0.0,1000689.4596063462,0.0,0.0,0.0,0,1.0,0.0
2017-11-16,1000689.4596063462,0.0,1000689.4596063462,0.0,0.0,0.0,0,1.0,0.0
2017-11-17,1000689.4596063462,0.0,1000689.4596063462,0.0,0.0,0.0,0,1.0,0.0
2017-11-20,1000689.4596063462,0.0,1000689.4596063462,0.0,0.0,0.0,0,1.0,0.0
2017-11-21,1000689.4596063462,0.0,1000689.4596063462,0.0,0.0,0.0,0,1.0,0.0
2017-11-22,1000689.4596063462,0.0,1000689.4596063462,0.0,0.0,0.0,0,1.0,0.0
2017-11-24,1000689.4596063462,0.0,1000689.4596063462,0.0,0.0,0.0,0,1.0,0.0
2017-11-27,1000689.4596063462,0.0,1000689.4596063462,0.0,0.0,0.0,0,1.0,0.0
2017-11-28,1000689.4596063462,0.0,1000689.4596063462,0.0,0.0,0.0,0,1.0,0.0
2017-11-29,1000689.4596063462,0.0,1000689.4596063462,0.0,0.0,0.0,0,1.0,0.0
2017-11-30,1000689.4596063462,0.0,1000689.4596063462,0.0,0.0,0.0,0,1.0,0.0
2017-12-01,1000689.4596063462,0.0,1000689.4596063462,0.0,0.0,0.0,0,1.0,0.0
2017-12-04,1000689.4596063462,0.0,1000689.4596063462,0.0,0.0,0.0,0,1.0,0.0
2017-12-05,1000689.4596063462,0.0,1000689.4596063462,0.0,0.0,0.0,0,1.0,0.0
2017-12-06,1000689.4596063462,0.0,1000689.4596063462,0.0,0.0,0.0,0,1.0,0.0
2017-12-07,1000689.4596063462,0.0,1000689.4596063462,0.0,0.0,0.0,0,1.0,0.0
2017-12-08,1000689.4596063462,0.0,1000689.4596063462,0.0,0.0,0.0,0,1.0,0.0
2017-12-11,1000689.4596063462,0.0,1000689.4596063462,0.0,0.0,0.0,0,1.0,0.0
2017-12-12,1000689.4596063462,0.0,1000689.4596063462,0.0,0.0,0.0,0,1.0,0.0
2017-12-13,1000689.4596063462,0.0,1000689.4596063462,0.0,0.0,0.0,0,1.0,0.0
2017-12-14,1000689.4596063462,0.0,1000689.4596063462,0.0,0.0,0.0,0,1.0,0.0
2017-12-15,1000689.4596063462,0.0,1000689.4596063462,0.0,0.0,0.0,0,1.0,0.0
2017-12-18,1000689.4596063462,0.0,1000689.4596063462,0.0,0.0,0.0,0,1.0,0.0
2017-12-19,1000689.4596063462,0.0,1000689.4596063462,0.0,0.0,0.0,0,1.0,0.0
2017-12-20,1000689.4596063462,0.0,1000689.4596063462,0.0,0.0,0.0,0,1.0,0.0
2017-12-21,1000689.4596063462,0.0,1000689.4596063462,0.0,0.0,0.0,0,1.0,0.0
2017-12-22,1000689.4596063462,0.0,1000689.4596063462,0.0,0.0,0.0,0,1.0,0.0
2017-12-26,1000689.4596063462,0.0,1000689.4596063462,0.0,0.0,0.0,0,1.0,0.0
2017-12-27,1000689.4596063462,0.0,1000689.4596063462,0.0,0.0,0.0,0,1.0,0.0
2017-12-28,1000689.4596063462,0.0,1000689.4596063462,0.0,0.0,0.0,0,1.0,0.0
2017-12-29,1000689.4596063462,0.0,1000689.4596063462,0.0,0.0,0.0,0,1.0,0.0
2018-01-02,1000689.4596063462,0.0,1000689.4596063462,0.0,0.0,0.0,0,1.0,0.0
2018-01-03,1000689.4596063462,0.0,1000689.4596063462,0.0,0.0,0.0,0,1.0,0.0
2018-01-04,1000689.4596063462,0.0,1000689.4596063462,0.0,0.0,0.0,0,1.0,0.0
2018-01-05,1000689.4596063462,0.0,1000689.4596063462,0.0,0.0,0.0,0,1.0,0.0
2018-01-08,1000689.4596063462,0.0,1000689.4596063462,0.0,0.0,0.0,0,1.0,0.0
2018-01-09,1000689.4596063462,0.0,1000689.4596063462,0.0,0.0,0.0,0,1.0,0.0
2018-01-10,1000689.4596063462,0.0,1000689.4596063462,0.0,0.0,0.0,0,1.0,0.0
2018-01-11,1000689.4596063462,0.0,1000689.4596063462,0.0,0.0,0.0,0,1.0,0.0
2018-01-12,1000689.4596063462,0.0,1000689.4596063462,0.0,0.0,0.0,0,1.0,0.0
2018-01-16,1000689.4596063462,0.0,1000689.4596063462,0.0,0.0,0.0,0,1.0,0.0
2018-01-17,1000689.4596063462,0.0,1000689.4596063462,0.0,0.0,0.0,0,1.0,0.0
2018-01-18,1000689.4596063462,0.0,1000689.4596063462,0.0,0.0,0.0,0,1.0,0.0
2018-01-19,1000689.4596063462,0.0,1000689.4596063462,0.0,0.0,0.0,0,1.0,0.0
2018-01-22,1000689.4596063462,0.0,1000689.4596063462,0.0,0.0,0.0,0,1.0,0.0
2018-01-23,1000689.4596063462,0.0,1000689.4596063462,0.0,0.0,0.0,0,1.0,0.0
2018-01-24,1000689.4596063462,0.0,1000689.4596063462,0.0,0.0,0.0,0,1.0,0.0
2018-01-25,1000689.4596063462,0.0,1000689.4596063462,0.0,0.0,0.0,0,1.0,0.0
2018-01-26,1000689.4596063462,0.0,1000689.4596063462,0.0,0.0,0.0,0,1.0,0.0
2018-01-29,1000689.4596063462,0.0,1000689.4596063462,0.0,0.0,0.0,0,1.0,0.0
2018-01-30,1000689.4596063462,0.0,1000689.4596063462,0.0,0.0,0.0,0,1.0,0.0
2018-01-31,1000689.4596063462,0.0,1000689.4596063462,0.0,0.0,0.0,0,1.0,0.0
2018-02-01,1000689.4596063462,0.0,1000689.4596063462,0.0,0.0,0.0,0,1.0,0.0
2018-02-02,1000689.4596063462,0.0,1000689.4596063462,0.0,0.0,0.0,0,1.0,0.0
2018-02-05,1000689.4596063462,0.0,1000689.4596063462,0.0,0.0,0.0,0,1.0,0.0
2018-02-06,1000689.4596063462,0.0,1000689.4596063462,0.0,0.0,0.0,0,1.0,0.0
2018-02-07,1000689.4596063462,0.0,1000689.4596063462,0.0,0.0,0.0,0,1.0,0.0
2018-02-08,1000689.4596063462,0.0,1000689.4596063462,0.0,0.0,0.0,0,1.0,0.0
2018-02-09,1000689.4596063462,0.0,1000689.4596063462,0.0,0.0,0.0,0,1.0,0.0
2018-02-12,1000689.4596063462,0.0,1000689.4596063462,0.0,0.0,0.0,0,1.0,0.0
2018-02-13,1000689.4596063462,0.0,1000689.4596063462,0.0,0.0,0.0,0,1.0,0.0
2018-02-14,1000689.4596063462,0.0,1000689.4596063462,0.0,0.0,0.0,0,1.0,0.0
2018-02-15,1000689.4596063462,0.0,1000689.4596063462,0.0,0.0,0.0,0,1.0,0.0
2018-02-16,1000689.4596063462,0.0,1000689.4596063462,0.0,0.0,0.0,0,1.0,0.0
2018-02-20,1000689.4596063462,0.0,1000689.4596063462,0.0,0.0,0.0,0,1.0,0.0
2018-02-21,1000689.4596063462,0.0,1000689.4596063462,0.0,0.0,0.0,0,1.0,0.0
2018-02-22,1000689.4596063462,0.0,1000689.4596063462,0.0,0.0,0.0,0,1.0,0.0
2018-02-23,1000689.4596063462,0.0,1000689.4596063462,0.0,0.0,0.0,0,1.0,0.0
2018-02-26,1000689.4596063462,0.0,1000689.4596063462,0.0,0.0,0.0,0,1.0,0.0
2018-02-27,1000689.4596063462,0.0,1000689.4596063462,0.0,0.0,0.0,0,1.0,0.0
2018-02-28,1000689.4596063462,0.0,1000689.4596063462,0.0,0.0,0.0,0,1.0,0.0
2018-03-01,1000689.4596063462,0.0,1000689.4596063462,0.0,0.0,0.0,0,1.0,0.0
2018-03-02,1000689.4596063462,0.0,1000689.4596063462,0.0,0.0,0.0,0,1.0,0.0
2018-03-05,1000689.4596063462,0.0,1000689.4596063462,0.0,0.0,0.0,0,1.0,0.0
2018-03-06,1000689.4596063462,0.0,1000689.4596063462,0.0,0.0,0.0,0,1.0,0.0
2018-03-07,1000689.4596063462,0.0,1000689.4596063462,0.0,0.0,0.0,0,1.0,0.0
2018-03-08,1000689.4596063462,0.0,1000689.4596063462,0.0,0.0,0.0,0,1.0,0.0
2018-03-09,1000689.4596063462,0.0,1000689.4596063462,0.0,0.0,0.0,0,1.0,0.0
2018-03-12,1000689.4596063462,0.0,1000689.4596063462,0.0,0.0,0.0,0,1.0,0.0
2018-03-13,1000689.4596063462,0.0,1000689.4596063462,0.0,0.0,0.0,0,1.0,0.0
2018-03-14,1000689.4596063462,0.0,1000689.4596063462,0.0,0.0,0.0,0,1.0,0.0
2018-03-15,1000689.4596063462,0.0,1000689.4596063462,0.0,0.0,0.0,0,1.0,0.0
2018-03-16,1000689.4596063462,0.0,1000689.4596063462,0.0,0.0,0.0,0,1.0,0.0
2018-03-19,1000689.4596063462,0.0,1000689.4596063462,0.0,0.0,0.0,0,1.0,0.0
2018-03-20,1000689.4596063462,0.0,1000689.4596063462,0.0,0.0,0.0,0,1.0,0.0
2018-03-21,1000689.4596063462,0.0,1000689.4596063462,0.0,0.0,0.0,0,1.0,0.0
2018-03-22,1000689.4596063462,0.0,1000689.4596063462,0.0,0.0,0.0,0,1.0,0.0
2018-03-23,1000689.4596063462,0.0,1000689.4596063462,0.0,0.0,0.0,0,1.0,0.0
2018-03-26,1000689.4596063462,0.0,1000689.4596063462,0.0,0.0,0.0,0,1.0,0.0
2018-03-27,1000689.4596063462,0.0,1000689.4596063462,0.0,0.0,0.0,0,1.0,0.0
2018-03-28,1000689.4596063462,0.0,1000689.4596063462,0.0,0.0,0.0,0,1.0,0.0
2018-03-29,1000689.4596063462,0.0,1000689.4596063462,0.0,0.0,0.0,0,1.0,0.0
2018-04-02,1000689.4596063462,0.0,1000689.4596063462,0.0,0.0,0.0,0,1.0,0.0
2018-04-03,1000689.4596063462,0.0,1000689.4596063462,0.0,0.0,0.0,0,1.0,0.0
2018-04-04,1000689.4596063462,0.0,1000689.4596063462,0.0,0.0,0.0,0,1.0,0.0
2018-04-05,1000689.4596063462,0.0,1000689.4596063462,0.0,0.0,0.0,0,1.0,0.0
2018-04-06,1000689.4596063462,0.0,1000689.4596063462,0.0,0.0,0.0,0,1.0,0.0
2018-04-09,1000689.4596063462,0.0,1000689.4596063462,0.0,0.0,0.0,0,1.0,0.0
2018-04-10,1000689.4596063462,0.0,1000689.4596063462,0.0,0.0,0.0,0,1.0,0.0
2018-04-11,1000689.4596063462,0.0,1000689.4596063462,0.0,0.0,0.0,0,1.0,0.0
2018-04-12,1000689.4596063462,0.0,1000689.4596063462,0.0,0.0,0.0,0,1.0,0.0
2018-04-13,1000689.4596063462,0.0,1000689.4596063462,0.0,0.0,0.0,0,1.0,0.0
2018-04-16,1000689.4596063462,0.0,1000689.4596063462,0.0,0.0,0.0,0,1.0,0.0
2018-04-17,1000689.4596063462,0.0,1000689.4596063462,0.0,0.0,0.0,0,1.0,0.0
2018-04-18,1000689.4596063462,0.0,1000689.4596063462,0.0,0.0,0.0,0,1.0,0.0
2018-04-19,1000689.4596063462,0.0,1000689.4596063462,0.0,0.0,0.0,0,1.0,0.0
2018-04-20,1000689.4596063462,0.0,1000689.4596063462,0.0,0.0,0.0,0,1.0,0.0
2018-04-23,1000689.4596063462,0.0,1000689.4596063462,0.0,0.0,0.0,0,1.0,0.0
2018-04-24,1000689.4596063462,0.0,1000689.4596063462,0.0,0.0,0.0,0,1.0,0.0
2018-04-25,1000689.4596063462,0.0,1000689.4596063462,0.0,0.0,0.0,0,1.0,0.0
2018-04-26,1000689.4596063462,0.0,1000689.4596063462,0.0,0.0,0.0,0,1.0,0.0
2018-04-27,1000689.4596063462,0.0,1000689.4596063462,0.0,0.0,0.0,0,1.0,0.0
2018-04-30,1000689.4596063462,0.0,1000689.4596063462,0.0,0.0,0.0,0,1.0,0.0
2018-05-01,1000689.4596063462,0.0,1000689.4596063462,0.0,0.0,0.0,0,1.0,0.0
2018-05-02,1000689.4596063462,0.0,1000689.4596063462,0.0,0.0,0.0,0,1.0,0.0
2018-05-03,1000689.4596063462,0.0,1000689.4596063462,0.0,0.0,0.0,0,1.0,0.0
2018-05-04,1000689.4596063462,0.0,1000689.4596063462,0.0,0.0,0.0,0,1.0,0.0
2018-05-07,1000689.4596063462,0.0,1000689.4596063462,0.0,0.0,0.0,0,1.0,0.0
2018-05-08,1000689.4596063462,0.0,1000689.4596063462,0.0,0.0,0.0,0,1.0,0.0
2018-05-09,1000689.4596063462,0.0,1000689.4596063462,0.0,0.0,0.0,0,1.0,0.0
2018-05-10,1000689.4596063462,0.0,1000689.4596063462,0.0,0.0,0.0,0,1.0,0.0
2018-05-11,1000689.4596063462,0.0,1000689.4596063462,0.0,0.0,0.0,0,1.0,0.0
2018-05-14,1000689.4596063462,0.0,1000689.4596063462,0.0,0.0,0.0,0,1.0,0.0
2018-05-15,1000689.4596063462,0.0,1000689.4596063462,0.0,0.0,0.0,0,1.0,0.0
2018-05-16,1000689.4596063462,0.0,1000689.4596063462,0.0,0.0,0.0,0,1.0,0.0
2018-05-17,1000689.4596063462,0.0,1000689.4596063462,0.0,0.0,0.0,0,1.0,0.0
2018-05-18,1000689.4596063462,0.0,1000689.4596063462,0.0,0.0,0.0,0,1.0,0.0
2018-05-21,1000689.4596063462,0.0,1000689.4596063462,0.0,0.0,0.0,0,1.0,0.0
2018-05-22,1000689.4596063462,0.0,1000689.4596063462,0.0,0.0,0.0,0,1.0,0.0
2018-05-23,1000689.4596063462,0.0,1000689.4596063462,0.0,0.0,0.0,0,1.0,0.0
2018-05-24,1000689.4596063462,0.0,1000689.4596063462,0.0,0.0,0.0,0,1.0,0.0
2018-05-25,1000689.4596063462,0.0,1000689.4596063462,0.0,0.0,0.0,0,1.0,0.0
2018-05-29,1000689.4596063462,0.0,1000689.4596063462,0.0,0.0,0.0,0,1.0,0.0
2018-05-30,1000689.4596063462,0.0,1000689.4596063462,0.0,0.0,0.0,0,1.0,0.0
2018-05-31,1000689.4596063462,0.0,1000689.4596063462,0.0,0.0,0.0,0,1.0,0.0
2018-06-01,1000689.4596063462,0.0,1000689.4596063462,0.0,0.0,0.0,0,1.0,0.0
2018-06-04,1000689.4596063462,0.0,1000689.4596063462,0.0,0.0,0.0,0,1.0,0.0
2018-06-05,1000689.4596063462,0.0,1000689.4596063462,0.0,0.0,0.0,0,1.0,0.0
2018-06-06,1000689.4596063462,0.0,1000689.4596063462,0.0,0.0,0.0,0,1.0,0.0
2018-06-07,1000689.4596063462,0.0,1000689.4596063462,0.0,0.0,0.0,0,1.0,0.0
2018-06-08,1000689.4596063462,0.0,1000689.4596063462,0.0,0.0,0.0,0,1.0,0.0
2018-06-11,1000689.4596063462,0.0,1000689.4596063462,0.0,0.0,0.0,0,1.0,0.0
2018-06-12,1000689.4596063462,0.0,1000689.4596063462,0.0,0.0,0.0,0,1.0,0.0
2018-06-13,1000689.4596063462,0.0,1000689.4596063462,0.0,0.0,0.0,0,1.0,0.0
2018-06-14,1000689.4596063462,0.0,1000689.4596063462,0.0,0.0,0.0,0,1.0,0.0
2018-06-15,1000689.4596063462,0.0,1000689.4596063462,0.0,0.0,0.0,0,1.0,0.0
2018-06-18,1000689.4596063462,0.0,1000689.4596063462,0.0,0.0,0.0,0,1.0,0.0
2018-06-19,1000689.4596063462,0.0,1000689.4596063462,0.0,0.0,0.0,0,1.0,0.0
2018-06-20,1000689.4596063462,0.0,1000689.4596063462,0.0,0.0,0.0,0,1.0,0.0
2018-06-21,1000689.4596063462,0.0,1000689.4596063462,0.0,0.0,0.0,0,1.0,0.0
2018-06-22,1000689.4596063462,0.0,1000689.4596063462,0.0,0.0,0.0,0,1.0,0.0
2018-06-25,1000689.4596063462,0.0,1000689.4596063462,0.0,0.0,0.0,0,1.0,0.0
2018-06-26,1000689.4596063462,0.0,1000689.4596063462,0.0,0.0,0.0,0,1.0,0.0
2018-06-27,1000689.4596063462,0.0,1000689.4596063462,0.0,0.0,0.0,0,1.0,0.0
2018-06-28,1000689.4596063462,0.0,1000689.4596063462,0.0,0.0,0.0,0,1.0,0.0
2018-06-29,1000689.4596063462,0.0,1000689.4596063462,0.0,0.0,0.0,0,1.0,0.0
2018-07-02,1000689.4596063462,0.0,1000689.4596063462,0.0,0.0,0.0,0,1.0,0.0
2018-07-03,1000689.4596063462,0.0,1000689.4596063462,0.0,0.0,0.0,0,1.0,0.0
2018-07-05,1000689.4596063462,0.0,1000689.4596063462,0.0,0.0,0.0,0,1.0,0.0
2018-07-06,1000689.4596063462,0.0,1000689.4596063462,0.0,0.0,0.0,0,1.0,0.0
2018-07-09,1000689.4596063462,0.0,1000689.4596063462,0.0,0.0,0.0,0,1.0,0.0
2018-07-10,1000689.4596063462,0.0,1000689.4596063462,0.0,0.0,0.0,0,1.0,0.0
2018-07-11,1000689.4596063462,0.0,1000689.4596063462,0.0,0.0,0.0,0,1.0,0.0
2018-07-12,1000689.4596063462,0.0,1000689.4596063462,0.0,0.0,0.0,0,1.0,0.0
2018-07-13,1000689.4596063462,0.0,1000689.4596063462,0.0,0.0,0.0,0,1.0,0.0
2018-07-16,1000689.4596063462,0.0,1000689.4596063462,0.0,0.0,0.0,0,1.0,0.0
2018-07-17,1000689.4596063462,0.0,1000689.4596063462,0.0,0.0,0.0,0,1.0,0.0
2018-07-18,1000689.4596063462,0.0,1000689.4596063462,0.0,0.0,0.0,0,1.0,0.0
2018-07-19,1000689.4596063462,0.0,1000689.4596063462,0.0,0.0,0.0,0,1.0,0.0
2018-07-20,1000689.4596063462,0.0,1000689.4596063462,0.0,0.0,0.0,0,1.0,0.0
2018-07-23,1000689.4596063462,0.0,1000689.4596063462,0.0,0.0,0.0,0,1.0,0.0
2018-07-24,1000689.4596063462,0.0,1000689.4596063462,0.0,0.0,0.0,0,1.0,0.0
2018-07-25,1000689.4596063462,0.0,1000689.4596063462,0.0,0.0,0.0,0,1.0,0.0
2018-07-26,1000689.4596063462,0.0,1000689.4596063462,0.0,0.0,0.0,0,1.0,0.0
2018-07-27,1000689.4596063462,0.0,1000689.4596063462,0.0,0.0,0.0,0,1.0,0.0
2018-07-30,1000689.4596063462,0.0,1000689.4596063462,0.0,0.0,0.0,0,1.0,0.0
2018-07-31,1000689.4596063462,0.0,1000689.4596063462,0.0,0.0,0.0,0,1.0,0.0
2018-08-01,1000689.4596063462,0.0,1000689.4596063462,0.0,0.0,0.0,0,1.0,0.0
2018-08-02,1000689.4596063462,0.0,1000689.4596063462,0.0,0.0,0.0,0,1.0,0.0
2018-08-03,1000689.4596063462,0.0,1000689.4596063462,0.0,0.0,0.0,0,1.0,0.0
2018-08-06,1000689.4596063462,0.0,1000689.4596063462,0.0,0.0,0.0,0,1.0,0.0
2018-08-07,1000689.4596063462,0.0,1000689.4596063462,0.0,0.0,0.0,0,1.0,0.0
2018-08-08,1000689.4596063462,0.0,1000689.4596063462,0.0,0.0,0.0,0,1.0,0.0
2018-08-09,1000689.4596063462,0.0,1000689.4596063462,0.0,0.0,0.0,0,1.0,0.0
2018-08-10,1000689.4596063462,0.0,1000689.4596063462,0.0,0.0,0.0,0,1.0,0.0
2018-08-13,1000689.4596063462,0.0,1000689.4596063462,0.0,0.0,0.0,0,1.0,0.0
2018-08-14,1000689.4596063462,0.0,1000689.4596063462,0.0,0.0,0.0,0,1.0,0.0
2018-08-15,1000689.4596063462,0.0,1000689.4596063462,0.0,0.0,0.0,0,1.0,0.0
2018-08-16,1000689.4596063462,0.0,1000689.4596063462,0.0,0.0,0.0,0,1.0,0.0
2018-08-17,1000689.4596063462,0.0,1000689.4596063462,0.0,0.0,0.0,0,1.0,0.0
2018-08-20,1000689.4596063462,0.0,1000689.4596063462,0.0,0.0,0.0,0,1.0,0.0
2018-08-21,1000689.4596063462,0.0,1000689.4596063462,0.0,0.0,0.0,0,1.0,0.0
2018-08-22,1000689.4596063462,0.0,1000689.4596063462,0.0,0.0,0.0,0,1.0,0.0
2018-08-23,1000689.4596063462,0.0,1000689.4596063462,0.0,0.0,0.0,0,1.0,0.0
2018-08-24,1000689.4596063462,0.0,1000689.4596063462,0.0,0.0,0.0,0,1.0,0.0
2018-08-27,1000689.4596063462,0.0,1000689.4596063462,0.0,0.0,0.0,0,1.0,0.0
2018-08-28,1000689.4596063462,0.0,1000689.4596063462,0.0,0.0,0.0,0,1.0,0.0
2018-08-29,1000689.4596063462,0.0,1000689.4596063462,0.0,0.0,0.0,0,1.0,0.0
2018-08-30,1000689.4596063462,0.0,1000689.4596063462,0.0,0.0,0.0,0,1.0,0.0
2018-08-31,1000689.4596063462,0.0,1000689.4596063462,0.0,0.0,0.0,0,1.0,0.0
2018-09-04,1000689.4596063462,0.0,1000689.4596063462,0.0,0.0,0.0,0,1.0,0.0
2018-09-05,1000689.4596063462,0.0,1000689.4596063462,0.0,0.0,0.0,0,1.0,0.0
2018-09-06,1000689.4596063462,0.0,1000689.4596063462,0.0,0.0,0.0,0,1.0,0.0
2018-09-07,1000689.4596063462,0.0,1000689.4596063462,0.0,0.0,0.0,0,1.0,0.0
2018-09-10,1000689.4596063462,0.0,1000689.4596063462,0.0,0.0,0.0,0,1.0,0.0
2018-09-11,1000689.4596063462,0.0,1000689.4596063462,0.0,0.0,0.0,0,1.0,0.0
2018-09-12,1000689.4596063462,0.0,1000689.4596063462,0.0,0.0,0.0,0,1.0,0.0
2018-09-13,1000689.4596063462,0.0,1000689.4596063462,0.0,0.0,0.0,0,1.0,0.0
2018-09-14,1000689.4596063462,0.0,1000689.4596063462,0.0,0.0,0.0,0,1.0,0.0
2018-09-17,1000689.4596063462,0.0,1000689.4596063462,0.0,0.0,0.0,0,1.0,0.0
2018-09-18,1000689.4596063462,0.0,1000689.4596063462,0.0,0.0,0.0,0,1.0,0.0
2018-09-19,1000689.4596063462,0.0,1000689.4596063462,0.0,0.0,0.0,0,1.0,0.0
2018-09-20,1000689.4596063462,0.0,1000689.4596063462,0.0,0.0,0.0,0,1.0,0.0
2018-09-21,1000689.4596063462,0.0,1000689.4596063462,0.0,0.0,0.0,0,1.0,0.0
2018-09-24,1000689.4596063462,0.0,1000689.4596063462,0.0,0.0,0.0,0,1.0,0.0
2018-09-25,1000689.4596063462,0.0,1000689.4596063462,0.0,0.0,0.0,0,1.0,0.0
2018-09-26,1000689.4596063462,0.0,1000689.4596063462,0.0,0.0,0.0,0,1.0,0.0
2018-09-27,1000689.4596063462,0.0,1000689.4596063462,0.0,0.0,0.0,0,1.0,0.0
2018-09-28,1000689.4596063462,0.0,1000689.4596063462,0.0,0.0,0.0,0,1.0,0.0
2018-10-01,1000689.4596063462,0.0,1000689.4596063462,0.0,0.0,0.0,0,1.0,0.0
2018-10-02,1000689.4596063462,0.0,1000689.4596063462,0.0,0.0,0.0,0,1.0,0.0
2018-10-03,1000689.4596063462,0.0,1000689.4596063462,0.0,0.0,0.0,0,1.0,0.0
2018-10-04,1000689.4596063462,0.0,1000689.4596063462,0.0,0.0,0.0,0,1.0,0.0
2018-10-05,1000689.4596063462,0.0,1000689.4596063462,0.0,0.0,0.0,0,1.0,0.0
2018-10-08,1000689.4596063462,0.0,1000689.4596063462,0.0,0.0,0.0,0,1.0,0.0
2018-10-09,1000689.4596063462,0.0,1000689.4596063462,0.0,0.0,0.0,0,1.0,0.0
2018-10-10,1000689.4596063462,0.0,1000689.4596063462,0.0,0.0,0.0,0,1.0,0.0
2018-10-11,1000689.4596063462,0.0,1000689.4596063462,0.0,0.0,0.0,0,1.0,0.0
2018-10-12,1000689.4596063462,0.0,1000689.4596063462,0.0,0.0,0.0,0,1.0,0.0
2018-10-15,1000689.4596063462,0.0,1000689.4596063462,0.0,0.0,0.0,0,1.0,0.0
2018-10-16,1000689.4596063462,0.0,1000689.4596063462,0.0,0.0,0.0,0,1.0,0.0
2018-10-17,1000689.4596063462,0.0,1000689.4596063462,0.0,0.0,0.0,0,1.0,0.0
2018-10-18,1000689.4596063462,0.0,1000689.4596063462,0.0,0.0,0.0,0,1.0,0.0
2018-10-19,1000689.4596063462,0.0,1000689.4596063462,0.0,0.0,0.0,0,1.0,0.0
2018-10-22,1000689.4596063462,0.0,1000689.4596063462,0.0,0.0,0.0,0,1.0,0.0
2018-10-23,1000689.4596063462,0.0,1000689.4596063462,0.0,0.0,0.0,0,1.0,0.0
2018-10-24,1000689.4596063462,0.0,1000689.4596063462,0.0,0.0,0.0,0,1.0,0.0
2018-10-25,1000689.4596063462,0.0,1000689.4596063462,0.0,0.0,0.0,0,1.0,0.0
2018-10-26,1000689.4596063462,0.0,1000689.4596063462,0.0,0.0,0.0,0,1.0,0.0
2018-10-29,1000689.4596063462,0.0,1000689.4596063462,0.0,0.0,0.0,0,1.0,0.0
2018-10-30,1000689.4596063462,0.0,1000689.4596063462,0.0,0.0,0.0,0,1.0,0.0
2018-10-31,1000689.4596063462,0.0,1000689.4596063462,0.0,0.0,0.0,0,1.0,0.0
2018-11-01,1000689.4596063462,0.0,1000689.4596063462,0.0,0.0,0.0,0,1.0,0.0
2018-11-02,1000689.4596063462,0.0,1000689.4596063462,0.0,0.0,0.0,0,1.0,0.0
2018-11-05,1000689.4596063462,0.0,1000689.4596063462,0.0,0.0,0.0,0,1.0,0.0
2018-11-06,1000689.4596063462,0.0,1000689.4596063462,0.0,0.0,0.0,0,1.0,0.0
2018-11-07,1000689.4596063462,0.0,1000689.4596063462,0.0,0.0,0.0,0,1.0,0.0
2018-11-08,1000689.4596063462,0.0,1000689.4596063462,0.0,0.0,0.0,0,1.0,0.0
2018-11-09,1000689.4596063462,0.0,1000689.4596063462,0.0,0.0,0.0,0,1.0,0.0
2018-11-12,1000689.4596063462,0.0,1000689.4596063462,0.0,0.0,0.0,0,1.0,0.0
2018-11-13,1000689.4596063462,0.0,1000689.4596063462,0.0,0.0,0.0,0,1.0,0.0
2018-11-14,1000689.4596063462,0.0,1000689.4596063462,0.0,0.0,0.0,0,1.0,0.0
2018-11-15,1000689.4596063462,0.0,1000689.4596063462,0.0,0.0,0.0,0,1.0,0.0
2018-11-16,1000689.4596063462,0.0,1000689.4596063462,0.0,0.0,0.0,0,1.0,0.0
2018-11-19,1000689.4596063462,0.0,1000689.4596063462,0.0,0.0,0.0,0,1.0,0.0
2018-11-20,1000689.4596063462,0.0,1000689.4596063462,0.0,0.0,0.0,0,1.0,0.0
2018-11-21,1000689.4596063462,0.0,1000689.4596063462,0.0,0.0,0.0,0,1.0,0.0
2018-11-23,1000689.4596063462,0.0,1000689.4596063462,0.0,0.0,0.0,0,1.0,0.0
2018-11-26,1000689.4596063462,0.0,1000689.4596063462,0.0,0.0,0.0,0,1.0,0.0
2018-11-27,1000689.4596063462,0.0,1000689.4596063462,0.0,0.0,0.0,0,1.0,0.0
2018-11-28,1000689.4596063462,0.0,1000689.4596063462,0.0,0.0,0.0,0,1.0,0.0
2018-11-29,1000689.4596063462,0.0,1000689.4596063462,0.0,0.0,0.0,0,1.0,0.0
2018-11-30,1000689.4596063462,0.0,1000689.4596063462,0.0,0.0,0.0,0,1.0,0.0
2018-12-03,1000689.4596063462,0.0,1000689.4596063462,0.0,0.0,0.0,0,1.0,0.0
2018-12-04,1000689.4596063462,0.0,1000689.4596063462,0.0,0.0,0.0,0,1.0,0.0
2018-12-06,1000689.4596063462,0.0,1000689.4596063462,0.0,0.0,0.0,0,1.0,0.0
2018-12-07,1000689.4596063462,0.0,1000689.4596063462,0.0,0.0,0.0,0,1.0,0.0
2018-12-10,1000689.4596063462,0.0,1000689.4596063462,0.0,0.0,0.0,0,1.0,0.0
2018-12-11,1000689.4596063462,0.0,1000689.4596063462,0.0,0.0,0.0,0,1.0,0.0
2018-12-12,1000689.4596063462,0.0,1000689.4596063462,0.0,0.0,0.0,0,1.0,0.0
2018-12-13,1000689.4596063462,0.0,1000689.4596063462,0.0,0.0,0.0,0,1.0,0.0
2018-12-14,1000689.4596063462,0.0,1000689.4596063462,0.0,0.0,0.0,0,1.0,0.0
2018-12-17,1000689.4596063462,0.0,1000689.4596063462,0.0,0.0,0.0,0,1.0,0.0
2018-12-18,1000689.4596063462,0.0,1000689.4596063462,0.0,0.0,0.0,0,1.0,0.0
2018-12-19,1000689.4596063462,0.0,1000689.4596063462,0.0,0.0,0.0,0,1.0,0.0
2018-12-20,1000689.4596063462,0.0,1000689.4596063462,0.0,0.0,0.0,0,1.0,0.0
2018-12-21,1000689.4596063462,0.0,1000689.4596063462,0.0,0.0,0.0,0,1.0,0.0
2018-12-24,1000689.4596063462,0.0,1000689.4596063462,0.0,0.0,0.0,0,1.0,0.0
2018-12-26,1000689.4596063462,0.0,1000689.4596063462,0.0,0.0,0.0,0,1.0,0.0
2018-12-27,1000689.4596063462,0.0,1000689.4596063462,0.0,0.0,0.0,0,1.0,0.0
2018-12-28,1000689.4596063462,0.0,1000689.4596063462,0.0,0.0,0.0,0,1.0,0.0
2018-12-31,1000689.4596063462,0.0,1000689.4596063462,0.0,0.0,0.0,0,1.0,0.0
2019-01-02,1000689.4596063462,0.0,1000689.4596063462,0.0,0.0,0.0,0,1.0,0.0
2019-01-03,1000689.4596063462,0.0,1000689.4596063462,0.0,0.0,0.0,0,1.0,0.0
2019-01-04,1000689.4596063462,0.0,1000689.4596063462,0.0,0.0,0.0,0,1.0,0.0
2019-01-07,1000689.4596063462,0.0,1000689.4596063462,0.0,0.0,0.0,0,1.0,0.0
2019-01-08,1000689.4596063462,0.0,1000689.4596063462,0.0,0.0,0.0,0,1.0,0.0
2019-01-09,1000689.4596063462,0.0,1000689.4596063462,0.0,0.0,0.0,0,1.0,0.0
2019-01-10,1000689.4596063462,0.0,1000689.4596063462,0.0,0.0,0.0,0,1.0,0.0
2019-01-11,1000689.4596063462,0.0,1000689.4596063462,0.0,0.0,0.0,0,1.0,0.0
2019-01-14,1000689.4596063462,0.0,1000689.4596063462,0.0,0.0,0.0,0,1.0,0.0
2019-01-15,1000689.4596063462,0.0,1000689.4596063462,0.0,0.0,0.0,0,1.0,0.0
2019-01-16,1000689.4596063462,0.0,1000689.4596063462,0.0,0.0,0.0,0,1.0,0.0
2019-01-17,1000689.4596063462,0.0,1000689.4596063462,0.0,0.0,0.0,0,1.0,0.0
2019-01-18,1000689.4596063462,0.0,1000689.4596063462,0.0,0.0,0.0,0,1.0,0.0
2019-01-22,1000689.4596063462,0.0,1000689.4596063462,0.0,0.0,0.0,0,1.0,0.0
2019-01-23,1000689.4596063462,0.0,1000689.4596063462,0.0,0.0,0.0,0,1.0,0.0
2019-01-24,1000689.4596063462,0.0,1000689.4596063462,0.0,0.0,0.0,0,1.0,0.0
2019-01-25,1000689.4596063462,0.0,1000689.4596063462,0.0,0.0,0.0,0,1.0,0.0
2019-01-28,1000689.4596063462,0.0,1000689.4596063462,0.0,0.0,0.0,0,1.0,0.0
2019-01-29,1000689.4596063462,0.0,1000689.4596063462,0.0,0.0,0.0,0,1.0,0.0
2019-01-30,1000689.4596063462,0.0,1000689.4596063462,0.0,0.0,0.0,0,1.0,0.0
2019-01-31,1000689.4596063462,0.0,1000689.4596063462,0.0,0.0,0.0,0,1.0,0.0
2019-02-01,1000689.4596063462,0.0,1000689.4596063462,0.0,0.0,0.0,0,1.0,0.0
2019-02-04,1000689.4596063462,0.0,1000689.4596063462,0.0,0.0,0.0,0,1.0,0.0
2019-02-05,1000689.4596063462,0.0,1000689.4596063462,0.0,0.0,0.0,0,1.0,0.0
2019-02-06,1000689.4596063462,0.0,1000689.4596063462,0.0,0.0,0.0,0,1.0,0.0
2019-02-07,1000689.4596063462,0.0,1000689.4596063462,0.0,0.0,0.0,0,1.0,0.0
2019-02-08,1000689.4596063462,0.0,1000689.4596063462,0.0,0.0,0.0,0,1.0,0.0
2019-02-11,1000689.4596063462,0.0,1000689.4596063462,0.0,0.0,0.0,0,1.0,0.0
2019-02-12,1000689.4596063462,0.0,1000689.4596063462,0.0,0.0,0.0,0,1.0,0.0
2019-02-13,1000689.4596063462,0.0,1000689.4596063462,0.0,0.0,0.0,0,1.0,0.0
2019-02-14,1000689.4596063462,0.0,1000689.4596063462,0.0,0.0,0.0,0,1.0,0.0
2019-02-15,1000689.4596063462,0.0,1000689.4596063462,0.0,0.0,0.0,0,1.0,0.0
2019-02-19,1000689.4596063462,0.0,1000689.4596063462,0.0,0.0,0.0,0,1.0,0.0
2019-02-20,1000689.4596063462,0.0,1000689.4596063462,0.0,0.0,0.0,0,1.0,0.0
2019-02-21,1000689.4596063462,0.0,1000689.4596063462,0.0,0.0,0.0,0,1.0,0.0
2019-02-22,1000689.4596063462,0.0,1000689.4596063462,0.0,0.0,0.0,0,1.0,0.0
2019-02-25,1000689.4596063462,0.0,1000689.4596063462,0.0,0.0,0.0,0,1.0,0.0
2019-02-26,1000689.4596063462,0.0,1000689.4596063462,0.0,0.0,0.0,0,1.0,0.0
2019-02-27,1000689.4596063462,0.0,1000689.4596063462,0.0,0.0,0.0,0,1.0,0.0
2019-02-28,1000689.4596063462,0.0,1000689.4596063462,0.0,0.0,0.0,0,1.0,0.0
2019-03-01,1000689.4596063462,0.0,1000689.4596063462,0.0,0.0,0.0,0,1.0,0.0
2019-03-04,1000689.4596063462,0.0,1000689.4596063462,0.0,0.0,0.0,0,1.0,0.0
2019-03-05,1000689.4596063462,0.0,1000689.4596063462,0.0,0.0,0.0,0,1.0,0.0
2019-03-06,1000689.4596063462,0.0,1000689.4596063462,0.0,0.0,0.0,0,1.0,0.0
2019-03-07,1000689.4596063462,0.0,1000689.4596063462,0.0,0.0,0.0,0,1.0,0.0
2019-03-08,1000689.4596063462,0.0,1000689.4596063462,0.0,0.0,0.0,0,1.0,0.0
2019-03-11,1000689.4596063462,0.0,1000689.4596063462,0.0,0.0,0.0,0,1.0,0.0
2019-03-12,1000689.4596063462,0.0,1000689.4596063462,0.0,0.0,0.0,0,1.0,0.0
2019-03-13,1000689.4596063462,0.0,1000689.4596063462,0.0,0.0,0.0,0,1.0,0.0
2019-03-14,1000689.4596063462,0.0,1000689.4596063462,0.0,0.0,0.0,0,1.0,0.0
2019-03-15,1000689.4596063462,0.0,1000689.4596063462,0.0,0.0,0.0,0,1.0,0.0
2019-03-18,1000689.4596063462,0.0,1000689.4596063462,0.0,0.0,0.0,0,1.0,0.0
2019-03-19,1000689.4596063462,0.0,1000689.4596063462,0.0,0.0,0.0,0,1.0,0.0
2019-03-20,1000689.4596063462,0.0,1000689.4596063462,0.0,0.0,0.0,0,1.0,0.0
2019-03-21,1000689.4596063462,0.0,1000689.4596063462,0.0,0.0,0.0,0,1.0,0.0
2019-03-22,1000689.4596063462,0.0,1000689.4596063462,0.0,0.0,0.0,0,1.0,0.0
2019-03-25,1000689.4596063462,0.0,1000689.4596063462,0.0,0.0,0.0,0,1.0,0.0
2019-03-26,1000689.4596063462,0.0,1000689.4596063462,0.0,0.0,0.0,0,1.0,0.0
2019-03-27,1000689.4596063462,0.0,1000689.4596063462,0.0,0.0,0.0,0,1.0,0.0
2019-03-28,1000689.4596063462,0.0,1000689.4596063462,0.0,0.0,0.0,0,1.0,0.0
2019-03-29,1000689.4596063462,0.0,1000689.4596063462,0.0,0.0,0.0,0,1.0,0.0
2019-04-01,1000689.4596063462,0.0,1000689.4596063462,0.0,0.0,0.0,0,1.0,0.0
2019-04-02,1000689.4596063462,0.0,1000689.4596063462,0.0,0.0,0.0,0,1.0,0.0
2019-04-03,1000689.4596063462,0.0,1000689.4596063462,0.0,0.0,0.0,0,1.0,0.0
2019-04-04,1000689.4596063462,0.0,1000689.4596063462,0.0,0.0,0.0,0,1.0,0.0
2019-04-05,1000689.4596063462,0.0,1000689.4596063462,0.0,0.0,0.0,0,1.0,0.0
2019-04-08,1000689.4596063462,0.0,1000689.4596063462,0.0,0.0,0.0,0,1.0,0.0
2019-04-09,1000689.4596063462,0.0,1000689.4596063462,0.0,0.0,0.0,0,1.0,0.0
2019-04-10,1000689.4596063462,0.0,1000689.4596063462,0.0,0.0,0.0,0,1.0,0.0
2019-04-11,1000689.4596063462,0.0,1000689.4596063462,0.0,0.0,0.0,0,1.0,0.0
2019-04-12,1000689.4596063462,0.0,1000689.4596063462,0.0,0.0,0.0,0,1.0,0.0
2019-04-15,1000689.4596063462,0.0,1000689.4596063462,0.0,0.0,0.0,0,1.0,0.0
2019-04-16,1000689.4596063462,0.0,1000689.4596063462,0.0,0.0,0.0,0,1.0,0.0
2019-04-17,1000689.4596063462,0.0,1000689.4596063462,0.0,0.0,0.0,0,1.0,0.0
2019-04-18,1000689.4596063462,0.0,1000689.4596063462,0.0,0.0,0.0,0,1.0,0.0
2019-04-22,1000689.4596063462,0.0,1000689.4596063462,0.0,0.0,0.0,0,1.0,0.0
2019-04-23,1000689.4596063462,0.0,1000689.4596063462,0.0,0.0,0.0,0,1.0,0.0
2019-04-24,1000689.4596063462,0.0,1000689.4596063462,0.0,0.0,0.0,0,1.0,0.0
2019-04-25,1000689.4596063462,0.0,1000689.4596063462,0.0,0.0,0.0,0,1.0,0.0
2019-04-26,1000689.4596063462,0.0,1000689.4596063462,0.0,0.0,0.0,0,1.0,0.0
2019-04-29,1000689.4596063462,0.0,1000689.4596063462,0.0,0.0,0.0,0,1.0,0.0
2019-04-30,1000689.4596063462,0.0,1000689.4596063462,0.0,0.0,0.0,0,1.0,0.0
2019-05-01,1000689.4596063462,0.0,1000689.4596063462,0.0,0.0,0.0,0,1.0,0.0
2019-05-02,1000689.4596063462,0.0,1000689.4596063462,0.0,0.0,0.0,0,1.0,0.0
2019-05-03,1000689.4596063462,0.0,1000689.4596063462,0.0,0.0,0.0,0,1.0,0.0
2019-05-06,1000689.4596063462,0.0,1000689.4596063462,0.0,0.0,0.0,0,1.0,0.0
2019-05-07,1000689.4596063462,0.0,1000689.4596063462,0.0,0.0,0.0,0,1.0,0.0
2019-05-08,1000689.4596063462,0.0,1000689.4596063462,0.0,0.0,0.0,0,1.0,0.0
2019-05-09,1000689.4596063462,0.0,1000689.4596063462,0.0,0.0,0.0,0,1.0,0.0
2019-05-10,1000689.4596063462,0.0,1000689.4596063462,0.0,0.0,0.0,0,1.0,0.0
2019-05-13,1000689.4596063462,0.0,1000689.4596063462,0.0,0.0,0.0,0,1.0,0.0
2019-05-14,1000689.4596063462,0.0,1000689.4596063462,0.0,0.0,0.0,0,1.0,0.0
2019-05-15,1000689.4596063462,0.0,1000689.4596063462,0.0,0.0,0.0,0,1.0,0.0
2019-05-16,1000689.4596063462,0.0,1000689.4596063462,0.0,0.0,0.0,0,1.0,0.0
2019-05-17,1000689.4596063462,0.0,1000689.4596063462,0.0,0.0,0.0,0,1.0,0.0
2019-05-20,1000689.4596063462,0.0,1000689.4596063462,0.0,0.0,0.0,0,1.0,0.0
2019-05-21,1000689.4596063462,0.0,1000689.4596063462,0.0,0.0,0.0,0,1.0,0.0
2019-05-22,1000689.4596063462,0.0,1000689.4596063462,0.0,0.0,0.0,0,1.0,0.0
2019-05-23,1000689.4596063462,0.0,1000689.4596063462,0.0,0.0,0.0,0,1.0,0.0
2019-05-24,1000689.4596063462,0.0,1000689.4596063462,0.0,0.0,0.0,0,1.0,0.0
2019-05-28,1000689.4596063462,0.0,1000689.4596063462,0.0,0.0,0.0,0,1.0,0.0
2019-05-29,1000689.4596063462,0.0,1000689.4596063462,0.0,0.0,0.0,0,1.0,0.0
2019-05-30,1000689.4596063462,0.0,1000689.4596063462,0.0,0.0,0.0,0,1.0,0.0
2019-05-31,1000689.4596063462,0.0,1000689.4596063462,0.0,0.0,0.0,0,1.0,0.0
2019-06-03,1000689.4596063462,0.0,1000689.4596063462,0.0,0.0,0.0,0,1.0,0.0
2019-06-04,1000689.4596063462,0.0,1000689.4596063462,0.0,0.0,0.0,0,1.0,0.0
2019-06-05,1000689.4596063462,0.0,1000689.4596063462,0.0,0.0,0.0,0,1.0,0.0
2019-06-06,1000689.4596063462,0.0,1000689.4596063462,0.0,0.0,0.0,0,1.0,0.0
2019-06-07,1000689.4596063462,0.0,1000689.4596063462,0.0,0.0,0.0,0,1.0,0.0
2019-06-10,1000689.4596063462,0.0,1000689.4596063462,0.0,0.0,0.0,0,1.0,0.0
2019-06-11,1000689.4596063462,0.0,1000689.4596063462,0.0,0.0,0.0,0,1.0,0.0
2019-06-12,1000689.4596063462,0.0,1000689.4596063462,0.0,0.0,0.0,0,1.0,0.0
2019-06-13,1000689.4596063462,0.0,1000689.4596063462,0.0,0.0,0.0,0,1.0,0.0
2019-06-14,1000689.4596063462,0.0,1000689.4596063462,0.0,0.0,0.0,0,1.0,0.0
2019-06-17,1000689.4596063462,0.0,1000689.4596063462,0.0,0.0,0.0,0,1.0,0.0
2019-06-18,1000689.4596063462,0.0,1000689.4596063462,0.0,0.0,0.0,0,1.0,0.0
2019-06-19,1000689.4596063462,0.0,1000689.4596063462,0.0,0.0,0.0,0,1.0,0.0
2019-06-20,1000689.4596063462,0.0,1000689.4596063462,0.0,0.0,0.0,0,1.0,0.0
2019-06-21,1000689.4596063462,0.0,1000689.4596063462,0.0,0.0,0.0,0,1.0,0.0
2019-06-24,1000689.4596063462,0.0,1000689.4596063462,0.0,0.0,0.0,0,1.0,0.0
2019-06-25,1000689.4596063462,0.0,1000689.4596063462,0.0,0.0,0.0,0,1.0,0.0
2019-06-26,1000689.4596063462,0.0,1000689.4596063462,0.0,0.0,0.0,0,1.0,0.0
2019-06-27,1000689.4596063462,0.0,1000689.4596063462,0.0,0.0,0.0,0,1.0,0.0
2019-06-28,1000689.4596063462,0.0,1000689.4596063462,0.0,0.0,0.0,0,1.0,0.0
2019-07-01,1000689.4596063462,0.0,1000689.4596063462,0.0,0.0,0.0,0,1.0,0.0
2019-07-02,1000689.4596063462,0.0,1000689.4596063462,0.0,0.0,0.0,0,1.0,0.0
2019-07-03,1000689.4596063462,0.0,1000689.4596063462,0.0,0.0,0.0,0,1.0,0.0
2019-07-05,1000689.4596063462,0.0,1000689.4596063462,0.0,0.0,0.0,0,1.0,0.0
2019-07-08,1000689.4596063462,0.0,1000689.4596063462,0.0,0.0,0.0,0,1.0,0.0
2019-07-09,1000689.4596063462,0.0,1000689.4596063462,0.0,0.0,0.0,0,1.0,0.0
2019-07-10,1000689.4596063462,0.0,1000689.4596063462,0.0,0.0,0.0,0,1.0,0.0
2019-07-11,1000689.4596063462,0.0,1000689.4596063462,0.0,0.0,0.0,0,1.0,0.0
2019-07-12,1000689.4596063462,0.0,1000689.4596063462,0.0,0.0,0.0,0,1.0,0.0
2019-07-15,1000689.4596063462,0.0,1000689.4596063462,0.0,0.0,0.0,0,1.0,0.0
2019-07-16,1000689.4596063462,0.0,1000689.4596063462,0.0,0.0,0.0,0,1.0,0.0
2019-07-17,1000689.4596063462,0.0,1000689.4596063462,0.0,0.0,0.0,0,1.0,0.0
2019-07-18,1000689.4596063462,0.0,1000689.4596063462,0.0,0.0,0.0,0,1.0,0.0
2019-07-19,1000689.4596063462,0.0,1000689.4596063462,0.0,0.0,0.0,0,1.0,0.0
2019-07-22,1000689.4596063462,0.0,1000689.4596063462,0.0,0.0,0.0,0,1.0,0.0
2019-07-23,1000689.4596063462,0.0,1000689.4596063462,0.0,0.0,0.0,0,1.0,0.0
2019-07-24,1000689.4596063462,0.0,1000689.4596063462,0.0,0.0,0.0,0,1.0,0.0
2019-07-25,1000689.4596063462,0.0,1000689.4596063462,0.0,0.0,0.0,0,1.0,0.0
2019-07-26,1000689.4596063462,0.0,1000689.4596063462,0.0,0.0,0.0,0,1.0,0.0
2019-07-29,1000689.4596063462,0.0,1000689.4596063462,0.0,0.0,0.0,0,1.0,0.0
2019-07-30,1000689.4596063462,0.0,1000689.4596063462,0.0,0.0,0.0,0,1.0,0.0
2019-07-31,1000689.4596063462,0.0,1000689.4596063462,0.0,0.0,0.0,0,1.0,0.0
2019-08-01,1000689.4596063462,0.0,1000689.4596063462,0.0,0.0,0.0,0,1.0,0.0
2019-08-02,1000689.4596063462,0.0,1000689.4596063462,0.0,0.0,0.0,0,1.0,0.0
2019-08-05,1000689.4596063462,0.0,1000689.4596063462,0.0,0.0,0.0,0,1.0,0.0
2019-08-06,1000689.4596063462,0.0,1000689.4596063462,0.0,0.0,0.0,0,1.0,0.0
2019-08-07,1000689.4596063462,0.0,1000689.4596063462,0.0,0.0,0.0,0,1.0,0.0
2019-08-08,1000689.4596063462,0.0,1000689.4596063462,0.0,0.0,0.0,0,1.0,0.0
2019-08-09,1000689.4596063462,0.0,1000689.4596063462,0.0,0.0,0.0,0,1.0,0.0
2019-08-12,1000689.4596063462,0.0,1000689.4596063462,0.0,0.0,0.0,0,1.0,0.0
2019-08-13,1000689.4596063462,0.0,1000689.4596063462,0.0,0.0,0.0,0,1.0,0.0
2019-08-14,1000689.4596063462,0.0,1000689.4596063462,0.0,0.0,0.0,0,1.0,0.0
2019-08-15,1000689.4596063462,0.0,1000689.4596063462,0.0,0.0,0.0,0,1.0,0.0
2019-08-16,1000689.4596063462,0.0,1000689.4596063462,0.0,0.0,0.0,0,1.0,0.0
2019-08-19,1000689.4596063462,0.0,1000689.4596063462,0.0,0.0,0.0,0,1.0,0.0
2019-08-20,1000689.4596063462,0.0,1000689.4596063462,0.0,0.0,0.0,0,1.0,0.0
2019-08-21,1000689.4596063462,0.0,1000689.4596063462,0.0,0.0,0.0,0,1.0,0.0
2019-08-22,1000689.4596063462,0.0,1000689.4596063462,0.0,0.0,0.0,0,1.0,0.0
2019-08-23,1000689.4596063462,0.0,1000689.4596063462,0.0,0.0,0.0,0,1.0,0.0
2019-08-26,1000689.4596063462,0.0,1000689.4596063462,0.0,0.0,0.0,0,1.0,0.0
2019-08-27,1000689.4596063462,0.0,1000689.4596063462,0.0,0.0,0.0,0,1.0,0.0
2019-08-28,1000689.4596063462,0.0,1000689.4596063462,0.0,0.0,0.0,0,1.0,0.0
2019-08-29,1000689.4596063462,0.0,1000689.4596063462,0.0,0.0,0.0,0,1.0,0.0
2019-08-30,1000689.4596063462,0.0,1000689.4596063462,0.0,0.0,0.0,0,1.0,0.0
2019-09-03,1000689.4596063462,0.0,1000689.4596063462,0.0,0.0,0.0,0,1.0,0.0
2019-09-04,1000689.4596063462,0.0,1000689.4596063462,0.0,0.0,0.0,0,1.0,0.0
2019-09-05,1000689.4596063462,0.0,1000689.4596063462,0.0,0.0,0.0,0,1.0,0.0
2019-09-06,1000689.4596063462,0.0,1000689.4596063462,0.0,0.0,0.0,0,1.0,0.0
2019-09-09,1000689.4596063462,0.0,1000689.4596063462,0.0,0.0,0.0,0,1.0,0.0
2019-09-10,1000689.4596063462,0.0,1000689.4596063462,0.0,0.0,0.0,0,1.0,0.0
2019-09-11,1000689.4596063462,0.0,1000689.4596063462,0.0,0.0,0.0,0,1.0,0.0
2019-09-12,1000689.4596063462,0.0,1000689.4596063462,0.0,0.0,0.0,0,1.0,0.0
2019-09-13,1000689.4596063462,0.0,1000689.4596063462,0.0,0.0,0.0,0,1.0,0.0
2019-09-16,1000689.4596063462,0.0,1000689.4596063462,0.0,0.0,0.0,0,1.0,0.0
2019-09-17,1000689.4596063462,0.0,1000689.4596063462,0.0,0.0,0.0,0,1.0,0.0
2019-09-18,1000689.4596063462,0.0,1000689.4596063462,0.0,0.0,0.0,0,1.0,0.0
2019-09-19,1000689.4596063462,0.0,1000689.4596063462,0.0,0.0,0.0,0,1.0,0.0
2019-09-20,1000689.4596063462,0.0,1000689.4596063462,0.0,0.0,0.0,0,1.0,0.0
2019-09-23,1000689.4596063462,0.0,1000689.4596063462,0.0,0.0,0.0,0,1.0,0.0
2019-09-24,1000689.4596063462,0.0,1000689.4596063462,0.0,0.0,0.0,0,1.0,0.0
2019-09-25,1000689.4596063462,0.0,1000689.4596063462,0.0,0.0,0.0,0,1.0,0.0
2019-09-26,1000689.4596063462,0.0,1000689.4596063462,0.0,0.0,0.0,0,1.0,0.0
2019-09-27,1000689.4596063462,0.0,1000689.4596063462,0.0,0.0,0.0,0,1.0,0.0
2019-09-30,1000689.4596063462,0.0,1000689.4596063462,0.0,0.0,0.0,0,1.0,0.0
2019-10-01,1000689.4596063462,0.0,1000689.4596063462,0.0,0.0,0.0,0,1.0,0.0
2019-10-02,1000689.4596063462,0.0,1000689.4596063462,0.0,0.0,0.0,0,1.0,0.0
2019-10-03,1000689.4596063462,0.0,1000689.4596063462,0.0,0.0,0.0,0,1.0,0.0
2019-10-04,1000689.4596063462,0.0,1000689.4596063462,0.0,0.0,0.0,0,1.0,0.0
2019-10-07,1000689.4596063462,0.0,1000689.4596063462,0.0,0.0,0.0,0,1.0,0.0
2019-10-08,1000689.4596063462,0.0,1000689.4596063462,0.0,0.0,0.0,0,1.0,0.0
2019-10-09,1000689.4596063462,0.0,1000689.4596063462,0.0,0.0,0.0,0,1.0,0.0
2019-10-10,1000689.4596063462,0.0,1000689.4596063462,0.0,0.0,0.0,0,1.0,0.0
2019-10-11,1000689.4596063462,0.0,1000689.4596063462,0.0,0.0,0.0,0,1.0,0.0
2019-10-14,1000689.4596063462,0.0,1000689.4596063462,0.0,0.0,0.0,0,1.0,0.0
2019-10-15,1000689.4596063462,0.0,1000689.4596063462,0.0,0.0,0.0,0,1.0,0.0
2019-10-16,1000689.4596063462,0.0,1000689.4596063462,0.0,0.0,0.0,0,1.0,0.0
2019-10-17,1000689.4596063462,0.0,1000689.4596063462,0.0,0.0,0.0,0,1.0,0.0
2019-10-18,1000689.4596063462,0.0,1000689.4596063462,0.0,0.0,0.0,0,1.0,0.0
2019-10-21,1000689.4596063462,0.0,1000689.4596063462,0.0,0.0,0.0,0,1.0,0.0
2019-10-22,1000689.4596063462,0.0,1000689.4596063462,0.0,0.0,0.0,0,1.0,0.0
2019-10-23,1000689.4596063462,0.0,1000689.4596063462,0.0,0.0,0.0,0,1.0,0.0
2019-10-24,1000689.4596063462,0.0,1000689.4596063462,0.0,0.0,0.0,0,1.0,0.0
2019-10-25,1000689.4596063462,0.0,1000689.4596063462,0.0,0.0,0.0,0,1.0,0.0
2019-10-28,1000689.4596063462,0.0,1000689.4596063462,0.0,0.0,0.0,0,1.0,0.0
2019-10-29,1000689.4596063462,0.0,1000689.4596063462,0.0,0.0,0.0,0,1.0,0.0
2019-10-30,1000689.4596063462,0.0,1000689.4596063462,0.0,0.0,0.0,0,1.0,0.0
2019-10-31,1000689.4596063462,0.0,1000689.4596063462,0.0,0.0,0.0,0,1.0,0.0
2019-11-01,1000689.4596063462,0.0,1000689.4596063462,0.0,0.0,0.0,0,1.0,0.0
2019-11-04,1000689.4596063462,0.0,1000689.4596063462,0.0,0.0,0.0,0,1.0,0.0
2019-11-05,1000689.4596063462,0.0,1000689.4596063462,0.0,0.0,0.0,0,1.0,0.0
2019-11-06,1000689.4596063462,0.0,1000689.4596063462,0.0,0.0,0.0,0,1.0,0.0
2019-11-07,1000689.4596063462,0.0,1000689.4596063462,0.0,0.0,0.0,0,1.0,0.0
2019-11-08,1000689.4596063462,0.0,1000689.4596063462,0.0,0.0,0.0,0,1.0,0.0
2019-11-11,1000689.4596063462,0.0,1000689.4596063462,0.0,0.0,0.0,0,1.0,0.0
2019-11-12,1000689.4596063462,0.0,1000689.4596063462,0.0,0.0,0.0,0,1.0,0.0
2019-11-13,1000689.4596063462,0.0,1000689.4596063462,0.0,0.0,0.0,0,1.0,0.0
2019-11-14,1000689.4596063462,0.0,1000689.4596063462,0.0,0.0,0.0,0,1.0,0.0
2019-11-15,1000689.4596063462,0.0,1000689.4596063462,0.0,0.0,0.0,0,1.0,0.0
2019-11-18,1000689.4596063462,0.0,1000689.4596063462,0.0,0.0,0.0,0,1.0,0.0
2019-11-19,1000689.4596063462,0.0,1000689.4596063462,0.0,0.0,0.0,0,1.0,0.0
2019-11-20,1000689.4596063462,0.0,1000689.4596063462,0.0,0.0,0.0,0,1.0,0.0
2019-11-21,1000689.4596063462,0.0,1000689.4596063462,0.0,0.0,0.0,0,1.0,0.0
2019-11-22,1000689.4596063462,0.0,1000689.4596063462,0.0,0.0,0.0,0,1.0,0.0
2019-11-25,1000689.4596063462,0.0,1000689.4596063462,0.0,0.0,0.0,0,1.0,0.0
2019-11-26,1000689.4596063462,0.0,1000689.4596063462,0.0,0.0,0.0,0,1.0,0.0
2019-11-27,1000689.4596063462,0.0,1000689.4596063462,0.0,0.0,0.0,0,1.0,0.0
2019-11-29,1000689.4596063462,0.0,1000689.4596063462,0.0,0.0,0.0,0,1.0,0.0
2019-12-02,1000689.4596063462,0.0,1000689.4596063462,0.0,0.0,0.0,0,1.0,0.0
2019-12-03,1000689.4596063462,0.0,1000689.4596063462,0.0,0.0,0.0,0,1.0,0.0
2019-12-04,1000689.4596063462,0.0,1000689.4596063462,0.0,0.0,0.0,0,1.0,0.0
2019-12-05,1000689.4596063462,0.0,1000689.4596063462,0.0,0.0,0.0,0,1.0,0.0
2019-12-06,1000689.4596063462,0.0,1000689.4596063462,0.0,0.0,0.0,0,1.0,0.0
2019-12-09,1000689.4596063462,0.0,1000689.4596063462,0.0,0.0,0.0,0,1.0,0.0
2019-12-10,1000689.4596063462,0.0,1000689.4596063462,0.0,0.0,0.0,0,1.0,0.0
2019-12-11,1000689.4596063462,0.0,1000689.4596063462,0.0,0.0,0.0,0,1.0,0.0
2019-12-12,1000689.4596063462,0.0,1000689.4596063462,0.0,0.0,0.0,0,1.0,0.0
2019-12-13,1000689.4596063462,0.0,1000689.4596063462,0.0,0.0,0.0,0,1.0,0.0
2019-12-16,1000689.4596063462,0.0,1000689.4596063462,0.0,0.0,0.0,0,1.0,0.0
2019-12-17,1000689.4596063462,0.0,1000689.4596063462,0.0,0.0,0.0,0,1.0,0.0
2019-12-18,1000689.4596063462,0.0,1000689.4596063462,0.0,0.0,0.0,0,1.0,0.0
2019-12-19,1000689.4596063462,0.0,1000689.4596063462,0.0,0.0,0.0,0,1.0,0.0
2019-12-20,1000689.4596063462,0.0,1000689.4596063462,0.0,0.0,0.0,0,1.0,0.0
2019-12-23,1000689.4596063462,0.0,1000689.4596063462,0.0,0.0,0.0,0,1.0,0.0
2019-12-24,1000689.4596063462,0.0,1000689.4596063462,0.0,0.0,0.0,0,1.0,0.0
2019-12-26,1000689.4596063462,0.0,1000689.4596063462,0.0,0.0,0.0,0,1.0,0.0
2019-12-27,1000689.4596063462,0.0,1000689.4596063462,0.0,0.0,0.0,0,1.0,0.0
2019-12-30,1000689.4596063462,0.0,1000689.4596063462,0.0,0.0,0.0,0,1.0,0.0
2019-12-31,1000689.4596063462,0.0,1000689.4596063462,0.0,0.0,0.0,0,1.0,0.0
2020-01-02,1000689.4596063462,0.0,1000689.4596063462,0.0,0.0,0.0,0,1.0,0.0
2020-01-03,1000689.4596063462,0.0,1000689.4596063462,0.0,0.0,0.0,0,1.0,0.0
2020-01-06,1000689.4596063462,0.0,1000689.4596063462,0.0,0.0,0.0,0,1.0,0.0
2020-01-07,1000689.4596063462,0.0,1000689.4596063462,0.0,0.0,0.0,0,1.0,0.0
2020-01-08,1000689.4596063462,0.0,1000689.4596063462,0.0,0.0,0.0,0,1.0,0.0
2020-01-09,1000689.4596063462,0.0,1000689.4596063462,0.0,0.0,0.0,0,1.0,0.0
2020-01-10,1000689.4596063462,0.0,1000689.4596063462,0.0,0.0,0.0,0,1.0,0.0
2020-01-13,1000689.4596063462,0.0,1000689.4596063462,0.0,0.0,0.0,0,1.0,0.0
2020-01-14,1000689.4596063462,0.0,1000689.4596063462,0.0,0.0,0.0,0,1.0,0.0
2020-01-15,1000689.4596063462,0.0,1000689.4596063462,0.0,0.0,0.0,0,1.0,0.0
2020-01-16,1000689.4596063462,0.0,1000689.4596063462,0.0,0.0,0.0,0,1.0,0.0
2020-01-17,1000689.4596063462,0.0,1000689.4596063462,0.0,0.0,0.0,0,1.0,0.0
2020-01-21,1000689.4596063462,0.0,1000689.4596063462,0.0,0.0,0.0,0,1.0,0.0
2020-01-22,1000689.4596063462,0.0,1000689.4596063462,0.0,0.0,0.0,0,1.0,0.0
2020-01-23,1000689.4596063462,0.0,1000689.4596063462,0.0,0.0,0.0,0,1.0,0.0
2020-01-24,1000689.4596063462,0.0,1000689.4596063462,0.0,0.0,0.0,0,1.0,0.0
2020-01-27,1000689.4596063462,0.0,1000689.4596063462,0.0,0.0,0.0,0,1.0,0.0
2020-01-28,1000689.4596063462,0.0,1000689.4596063462,0.0,0.0,0.0,0,1.0,0.0
2020-01-29,1000689.4596063462,0.0,1000689.4596063462,0.0,0.0,0.0,0,1.0,0.0
2020-01-30,1000689.4596063462,0.0,1000689.4596063462,0.0,0.0,0.0,0,1.0,0.0
2020-01-31,1000689.4596063462,0.0,1000689.4596063462,0.0,0.0,0.0,0,1.0,0.0
2020-02-03,1000689.4596063462,0.0,1000689.4596063462,0.0,0.0,0.0,0,1.0,0.0
2020-02-04,1000689.4596063462,0.0,1000689.4596063462,0.0,0.0,0.0,0,1.0,0.0
2020-02-05,1000689.4596063462,0.0,1000689.4596063462,0.0,0.0,0.0,0,1.0,0.0
2020-02-06,1000689.4596063462,0.0,1000689.4596063462,0.0,0.0,0.0,0,1.0,0.0
2020-02-07,1000689.4596063462,0.0,1000689.4596063462,0.0,0.0,0.0,0,1.0,0.0
2020-02-10,1000689.4596063462,0.0,1000689.4596063462,0.0,0.0,0.0,0,1.0,0.0
2020-02-11,1000689.4596063462,0.0,1000689.4596063462,0.0,0.0,0.0,0,1.0,0.0
2020-02-12,1000689.4596063462,0.0,1000689.4596063462,0.0,0.0,0.0,0,1.0,0.0
2020-02-13,1000689.4596063462,0.0,1000689.4596063462,0.0,0.0,0.0,0,1.0,0.0
2020-02-14,1000689.4596063462,0.0,1000689.4596063462,0.0,0.0,0.0,0,1.0,0.0
2020-02-18,1000689.4596063462,0.0,1000689.4596063462,0.0,0.0,0.0,0,1.0,0.0
2020-02-19,1000689.4596063462,0.0,1000689.4596063462,0.0,0.0,0.0,0,1.0,0.0
2020-02-20,1000689.4596063462,0.0,1000689.4596063462,0.0,0.0,0.0,0,1.0,0.0
2020-02-21,1000689.4596063462,0.0,1000689.4596063462,0.0,0.0,0.0,0,1.0,0.0
2020-02-24,1000689.4596063462,0.0,1000689.4596063462,0.0,0.0,0.0,0,1.0,0.0
2020-02-25,1000689.4596063462,0.0,1000689.4596063462,0.0,0.0,0.0,0,1.0,0.0
2020-02-26,1000689.4596063462,0.0,1000689.4596063462,0.0,0.0,0.0,0,1.0,0.0
2020-02-27,1000689.4596063462,0.0,1000689.4596063462,0.0,0.0,0.0,0,1.0,0.0
2020-02-28,1000689.4596063462,0.0,1000689.4596063462,0.0,0.0,0.0,0,1.0,0.0
2020-03-02,1000689.4596063462,0.0,1000689.4596063462,0.0,0.0,0.0,0,1.0,0.0
2020-03-03,1000689.4596063462,0.0,1000689.4596063462,0.0,0.0,0.0,0,1.0,0.0
2020-03-04,1000689.4596063462,0.0,1000689.4596063462,0.0,0.0,0.0,0,1.0,0.0
2020-03-05,1000689.4596063462,0.0,1000689.4596063462,0.0,0.0,0.0,0,1.0,0.0
2020-03-06,1000689.4596063462,0.0,1000689.4596063462,0.0,0.0,0.0,0,1.0,0.0
2020-03-09,1000689.4596063462,0.0,1000689.4596063462,0.0,0.0,0.0,0,1.0,0.0
2020-03-10,1000689.4596063462,0.0,1000689.4596063462,0.0,0.0,0.0,0,1.0,0.0
2020-03-11,1000689.4596063462,0.0,1000689.4596063462,0.0,0.0,0.0,0,1.0,0.0
2020-03-12,1000689.4596063462,0.0,1000689.4596063462,0.0,0.0,0.0,0,1.0,0.0
2020-03-13,1000689.4596063462,0.0,1000689.4596063462,0.0,0.0,0.0,0,1.0,0.0
2020-03-16,1000689.4596063462,0.0,1000689.4596063462,0.0,0.0,0.0,0,1.0,0.0
2020-03-17,1000689.4596063462,0.0,1000689.4596063462,0.0,0.0,0.0,0,1.0,0.0
2020-03-18,1000689.4596063462,0.0,1000689.4596063462,0.0,0.0,0.0,0,1.0,0.0
2020-03-19,1000689.4596063462,0.0,1000689.4596063462,0.0,0.0,0.0,0,1.0,0.0
2020-03-20,1000689.4596063462,0.0,1000689.4596063462,0.0,0.0,0.0,0,1.0,0.0
2020-03-23,1000689.4596063462,0.0,1000689.4596063462,0.0,0.0,0.0,0,1.0,0.0
2020-03-24,1000689.4596063462,0.0,1000689.4596063462,0.0,0.0,0.0,0,1.0,0.0
2020-03-25,1000689.4596063462,0.0,1000689.4596063462,0.0,0.0,0.0,0,1.0,0.0
2020-03-26,1000689.4596063462,0.0,1000689.4596063462,0.0,0.0,0.0,0,1.0,0.0
2020-03-27,1000689.4596063462,0.0,1000689.4596063462,0.0,0.0,0.0,0,1.0,0.0
2020-03-30,1000689.4596063462,0.0,1000689.4596063462,0.0,0.0,0.0,0,1.0,0.0
2020-03-31,1000689.4596063462,0.0,1000689.4596063462,0.0,0.0,0.0,0,1.0,0.0
2020-04-01,1000689.4596063462,0.0,1000689.4596063462,0.0,0.0,0.0,0,1.0,0.0
2020-04-02,1000689.4596063462,0.0,1000689.4596063462,0.0,0.0,0.0,0,1.0,0.0
2020-04-03,1000689.4596063462,0.0,1000689.4596063462,0.0,0.0,0.0,0,1.0,0.0
2020-04-06,1000689.4596063462,0.0,1000689.4596063462,0.0,0.0,0.0,0,1.0,0.0
2020-04-07,1000689.4596063462,0.0,1000689.4596063462,0.0,0.0,0.0,0,1.0,0.0
2020-04-08,1000689.4596063462,0.0,1000689.4596063462,0.0,0.0,0.0,0,1.0,0.0
2020-04-09,1000689.4596063462,0.0,1000689.4596063462,0.0,0.0,0.0,0,1.0,0.0
2020-04-13,1000689.4596063462,0.0,1000689.4596063462,0.0,0.0,0.0,0,1.0,0.0
2020-04-14,1000689.4596063462,0.0,1000689.4596063462,0.0,0.0,0.0,0,1.0,0.0
2020-04-15,1000689.4596063462,0.0,1000689.4596063462,0.0,0.0,0.0,0,1.0,0.0
2020-04-16,1000689.4596063462,0.0,1000689.4596063462,0.0,0.0,0.0,0,1.0,0.0
2020-04-17,1000689.4596063462,0.0,1000689.4596063462,0.0,0.0,0.0,0,1.0,0.0
2020-04-20,1000689.4596063462,0.0,1000689.4596063462,0.0,0.0,0.0,0,1.0,0.0
2020-04-21,1000689.4596063462,0.0,1000689.4596063462,0.0,0.0,0.0,0,1.0,0.0
2020-04-22,1000689.4596063462,0.0,1000689.4596063462,0.0,0.0,0.0,0,1.0,0.0
2020-04-23,1000689.4596063462,0.0,1000689.4596063462,0.0,0.0,0.0,0,1.0,0.0
2020-04-24,1000689.4596063462,0.0,1000689.4596063462,0.0,0.0,0.0,0,1.0,0.0
2020-04-27,1000689.4596063462,0.0,1000689.4596063462,0.0,0.0,0.0,0,1.0,0.0
2020-04-28,1000689.4596063462,0.0,1000689.4596063462,0.0,0.0,0.0,0,1.0,0.0
2020-04-29,1000689.4596063462,0.0,1000689.4596063462,0.0,0.0,0.0,0,1.0,0.0
2020-04-30,1000689.4596063462,0.0,1000689.4596063462,0.0,0.0,0.0,0,1.0,0.0
2020-05-01,1000689.4596063462,0.0,1000689.4596063462,0.0,0.0,0.0,0,1.0,0.0
2020-05-04,1000689.4596063462,0.0,1000689.4596063462,0.0,0.0,0.0,0,1.0,0.0
2020-05-05,1000689.4596063462,0.0,1000689.4596063462,0.0,0.0,0.0,0,1.0,0.0
2020-05-06,1000689.4596063462,0.0,1000689.4596063462,0.0,0.0,0.0,0,1.0,0.0
2020-05-07,1000689.4596063462,0.0,1000689.4596063462,0.0,0.0,0.0,0,1.0,0.0
2020-05-08,1000689.4596063462,0.0,1000689.4596063462,0.0,0.0,0.0,0,1.0,0.0
2020-05-11,1000689.4596063462,0.0,1000689.4596063462,0.0,0.0,0.0,0,1.0,0.0
2020-05-12,1000689.4596063462,0.0,1000689.4596063462,0.0,0.0,0.0,0,1.0,0.0
2020-05-13,1000689.4596063462,0.0,1000689.4596063462,0.0,0.0,0.0,0,1.0,0.0
2020-05-14,1000689.4596063462,0.0,1000689.4596063462,0.0,0.0,0.0,0,1.0,0.0
2020-05-15,1000689.4596063462,0.0,1000689.4596063462,0.0,0.0,0.0,0,1.0,0.0
2020-05-18,1000689.4596063462,0.0,1000689.4596063462,0.0,0.0,0.0,0,1.0,0.0
2020-05-19,1000689.4596063462,0.0,1000689.4596063462,0.0,0.0,0.0,0,1.0,0.0
2020-05-20,1000689.4596063462,0.0,1000689.4596063462,0.0,0.0,0.0,0,1.0,0.0
2020-05-21,1000689.4596063462,0.0,1000689.4596063462,0.0,0.0,0.0,0,1.0,0.0
2020-05-22,1000689.4596063462,0.0,1000689.4596063462,0.0,0.0,0.0,0,1.0,0.0
2020-05-26,1000689.4596063462,0.0,1000689.4596063462,0.0,0.0,0.0,0,1.0,0.0
2020-05-27,1000689.4596063462,0.0,1000689.4596063462,0.0,0.0,0.0,0,1.0,0.0
2020-05-28,1000689.4596063462,0.0,1000689.4596063462,0.0,0.0,0.0,0,1.0,0.0
2020-05-29,1000689.4596063462,0.0,1000689.4596063462,0.0,0.0,0.0,0,1.0,0.0
2020-06-01,1000689.4596063462,0.0,1000689.4596063462,0.0,0.0,0.0,0,1.0,0.0
2020-06-02,1000689.4596063462,0.0,1000689.4596063462,0.0,0.0,0.0,0,1.0,0.0
2020-06-03,1000689.4596063462,0.0,1000689.4596063462,0.0,0.0,0.0,0,1.0,0.0
2020-06-04,1000689.4596063462,0.0,1000689.4596063462,0.0,0.0,0.0,0,1.0,0.0
2020-06-05,1000689.4596063462,0.0,1000689.4596063462,0.0,0.0,0.0,0,1.0,0.0
2020-06-08,1000689.4596063462,0.0,1000689.4596063462,0.0,0.0,0.0,0,1.0,0.0
2020-06-09,1000689.4596063462,0.0,1000689.4596063462,0.0,0.0,0.0,0,1.0,0.0
2020-06-10,1000689.4596063462,0.0,1000689.4596063462,0.0,0.0,0.0,0,1.0,0.0
2020-06-11,1000689.4596063462,0.0,1000689.4596063462,0.0,0.0,0.0,0,1.0,0.0
2020-06-12,1000689.4596063462,0.0,1000689.4596063462,0.0,0.0,0.0,0,1.0,0.0
2020-06-15,1000689.4596063462,0.0,1000689.4596063462,0.0,0.0,0.0,0,1.0,0.0
2020-06-16,1000689.4596063462,0.0,1000689.4596063462,0.0,0.0,0.0,0,1.0,0.0
2020-06-17,1000689.4596063462,0.0,1000689.4596063462,0.0,0.0,0.0,0,1.0,0.0
2020-06-18,1000689.4596063462,0.0,1000689.4596063462,0.0,0.0,0.0,0,1.0,0.0
2020-06-19,1000689.4596063462,0.0,1000689.4596063462,0.0,0.0,0.0,0,1.0,0.0
2020-06-22,1000689.4596063462,0.0,1000689.4596063462,0.0,0.0,0.0,0,1.0,0.0
2020-06-23,1000689.4596063462,0.0,1000689.4596063462,0.0,0.0,0.0,0,1.0,0.0
2020-06-24,1000689.4596063462,0.0,1000689.4596063462,0.0,0.0,0.0,0,1.0,0.0
2020-06-25,1000689.4596063462,0.0,1000689.4596063462,0.0,0.0,0.0,0,1.0,0.0
2020-06-26,1000689.4596063462,0.0,1000689.4596063462,0.0,0.0,0.0,0,1.0,0.0
2020-06-29,1000689.4596063462,0.0,1000689.4596063462,0.0,0.0,0.0,0,1.0,0.0
2020-06-30,1000689.4596063462,0.0,1000689.4596063462,0.0,0.0,0.0,0,1.0,0.0
2020-07-01,1000689.4596063462,0.0,1000689.4596063462,0.0,0.0,0.0,0,1.0,0.0
2020-07-02,1000689.4596063462,0.0,1000689.4596063462,0.0,0.0,0.0,0,1.0,0.0
2020-07-06,1000689.4596063462,0.0,1000689.4596063462,0.0,0.0,0.0,0,1.0,0.0
2020-07-07,1000689.4596063462,0.0,1000689.4596063462,0.0,0.0,0.0,0,1.0,0.0
2020-07-08,1000689.4596063462,0.0,1000689.4596063462,0.0,0.0,0.0,0,1.0,0.0
2020-07-09,1000689.4596063462,0.0,1000689.4596063462,0.0,0.0,0.0,0,1.0,0.0
2020-07-10,1000689.4596063462,0.0,1000689.4596063462,0.0,0.0,0.0,0,1.0,0.0
2020-07-13,1000689.4596063462,0.0,1000689.4596063462,0.0,0.0,0.0,0,1.0,0.0
2020-07-14,1000689.4596063462,0.0,1000689.4596063462,0.0,0.0,0.0,0,1.0,0.0
2020-07-15,1000689.4596063462,0.0,1000689.4596063462,0.0,0.0,0.0,0,1.0,0.0
2020-07-16,1000689.4596063462,0.0,1000689.4596063462,0.0,0.0,0.0,0,1.0,0.0
2020-07-17,1000689.4596063462,0.0,1000689.4596063462,0.0,0.0,0.0,0,1.0,0.0
2020-07-20,1000689.4596063462,0.0,1000689.4596063462,0.0,0.0,0.0,0,1.0,0.0
2020-07-21,1000689.4596063462,0.0,1000689.4596063462,0.0,0.0,0.0,0,1.0,0.0
2020-07-22,1000689.4596063462,0.0,1000689.4596063462,0.0,0.0,0.0,0,1.0,0.0
2020-07-23,1000689.4596063462,0.0,1000689.4596063462,0.0,0.0,0.0,0,1.0,0.0
2020-07-24,1000689.4596063462,0.0,1000689.4596063462,0.0,0.0,0.0,0,1.0,0.0
2020-07-27,1000689.4596063462,0.0,1000689.4596063462,0.0,0.0,0.0,0,1.0,0.0
2020-07-28,1000689.4596063462,0.0,1000689.4596063462,0.0,0.0,0.0,0,1.0,0.0
2020-07-29,1000689.4596063462,0.0,1000689.4596063462,0.0,0.0,0.0,0,1.0,0.0
2020-07-30,1000689.4596063462,0.0,1000689.4596063462,0.0,0.0,0.0,0,1.0,0.0
2020-07-31,1000689.4596063462,0.0,1000689.4596063462,0.0,0.0,0.0,0,1.0,0.0
2020-08-03,1000689.4596063462,0.0,1000689.4596063462,0.0,0.0,0.0,0,1.0,0.0
2020-08-04,1000689.4596063462,0.0,1000689.4596063462,0.0,0.0,0.0,0,1.0,0.0
2020-08-05,1000689.4596063462,0.0,1000689.4596063462,0.0,0.0,0.0,0,1.0,0.0
2020-08-06,1000689.4596063462,0.0,1000689.4596063462,0.0,0.0,0.0,0,1.0,0.0
2020-08-07,1000689.4596063462,0.0,1000689.4596063462,0.0,0.0,0.0,0,1.0,0.0
2020-08-10,1000689.4596063462,0.0,1000689.4596063462,0.0,0.0,0.0,0,1.0,0.0
2020-08-11,1000689.4596063462,0.0,1000689.4596063462,0.0,0.0,0.0,0,1.0,0.0
2020-08-12,1000689.4596063462,0.0,1000689.4596063462,0.0,0.0,0.0,0,1.0,0.0
2020-08-13,1000689.4596063462,0.0,1000689.4596063462,0.0,0.0,0.0,0,1.0,0.0
2020-08-14,1000689.4596063462,0.0,1000689.4596063462,0.0,0.0,0.0,0,1.0,0.0
2020-08-17,1000689.4596063462,0.0,1000689.4596063462,0.0,0.0,0.0,0,1.0,0.0
2020-08-18,1000689.4596063462,0.0,1000689.4596063462,0.0,0.0,0.0,0,1.0,0.0
2020-08-19,1000689.4596063462,0.0,1000689.4596063462,0.0,0.0,0.0,0,1.0,0.0
2020-08-20,1000689.4596063462,0.0,1000689.4596063462,0.0,0.0,0.0,0,1.0,0.0
2020-08-21,1000689.4596063462,0.0,1000689.4596063462,0.0,0.0,0.0,0,1.0,0.0
2020-08-24,1000689.4596063462,0.0,1000689.4596063462,0.0,0.0,0.0,0,1.0,0.0
2020-08-25,1000689.4596063462,0.0,1000689.4596063462,0.0,0.0,0.0,0,1.0,0.0
2020-08-26,1000689.4596063462,0.0,1000689.4596063462,0.0,0.0,0.0,0,1.0,0.0
2020-08-27,1000689.4596063462,0.0,1000689.4596063462,0.0,0.0,0.0,0,1.0,0.0
2020-08-28,1000689.4596063462,0.0,1000689.4596063462,0.0,0.0,0.0,0,1.0,0.0
2020-08-31,1000689.4596063462,0.0,1000689.4596063462,0.0,0.0,0.0,0,1.0,0.0
2020-09-01,1000689.4596063462,0.0,1000689.4596063462,0.0,0.0,0.0,0,1.0,0.0
2020-09-02,1000689.4596063462,0.0,1000689.4596063462,0.0,0.0,0.0,0,1.0,0.0
2020-09-03,1000689.4596063462,0.0,1000689.4596063462,0.0,0.0,0.0,0,1.0,0.0
2020-09-04,1000689.4596063462,0.0,1000689.4596063462,0.0,0.0,0.0,0,1.0,0.0
2020-09-08,1000689.4596063462,0.0,1000689.4596063462,0.0,0.0,0.0,0,1.0,0.0
2020-09-09,1000689.4596063462,0.0,1000689.4596063462,0.0,0.0,0.0,0,1.0,0.0
2020-09-10,1000689.4596063462,0.0,1000689.4596063462,0.0,0.0,0.0,0,1.0,0.0
2020-09-11,1000689.4596063462,0.0,1000689.4596063462,0.0,0.0,0.0,0,1.0,0.0
2020-09-14,1000689.4596063462,0.0,1000689.4596063462,0.0,0.0,0.0,0,1.0,0.0
2020-09-15,1000689.4596063462,0.0,1000689.4596063462,0.0,0.0,0.0,0,1.0,0.0
2020-09-16,1000689.4596063462,0.0,1000689.4596063462,0.0,0.0,0.0,0,1.0,0.0
2020-09-17,1000689.4596063462,0.0,1000689.4596063462,0.0,0.0,0.0,0,1.0,0.0
2020-09-18,1000689.4596063462,0.0,1000689.4596063462,0.0,0.0,0.0,0,1.0,0.0
2020-09-21,1000689.4596063462,0.0,1000689.4596063462,0.0,0.0,0.0,0,1.0,0.0
2020-09-22,1000689.4596063462,0.0,1000689.4596063462,0.0,0.0,0.0,0,1.0,0.0
2020-09-23,1000689.4596063462,0.0,1000689.4596063462,0.0,0.0,0.0,0,1.0,0.0
2020-09-24,1000689.4596063462,0.0,1000689.4596063462,0.0,0.0,0.0,0,1.0,0.0
2020-09-25,1000689.4596063462,0.0,1000689.4596063462,0.0,0.0,0.0,0,1.0,0.0
2020-09-28,1000689.4596063462,0.0,1000689.4596063462,0.0,0.0,0.0,0,1.0,0.0
2020-09-29,1000689.4596063462,0.0,1000689.4596063462,0.0,0.0,0.0,0,1.0,0.0
2020-09-30,1000689.4596063462,0.0,1000689.4596063462,0.0,0.0,0.0,0,1.0,0.0
2020-10-01,1000689.4596063462,0.0,1000689.4596063462,0.0,0.0,0.0,0,1.0,0.0
2020-10-02,1000689.4596063462,0.0,1000689.4596063462,0.0,0.0,0.0,0,1.0,0.0
2020-10-05,1000689.4596063462,0.0,1000689.4596063462,0.0,0.0,0.0,0,1.0,0.0
2020-10-06,1000689.4596063462,0.0,1000689.4596063462,0.0,0.0,0.0,0,1.0,0.0
2020-10-07,1000689.4596063462,0.0,1000689.4596063462,0.0,0.0,0.0,0,1.0,0.0
2020-10-08,1000689.4596063462,0.0,1000689.4596063462,0.0,0.0,0.0,0,1.0,0.0
2020-10-09,1000689.4596063462,0.0,1000689.4596063462,0.0,0.0,0.0,0,1.0,0.0
2020-10-12,1000689.4596063462,0.0,1000689.4596063462,0.0,0.0,0.0,0,1.0,0.0
2020-10-13,1000689.4596063462,0.0,1000689.4596063462,0.0,0.0,0.0,0,1.0,0.0
2020-10-14,1000689.4596063462,0.0,1000689.4596063462,0.0,0.0,0.0,0,1.0,0.0
2020-10-15,1000689.4596063462,0.0,1000689.4596063462,0.0,0.0,0.0,0,1.0,0.0
2020-10-16,1000689.4596063462,0.0,1000689.4596063462,0.0,0.0,0.0,0,1.0,0.0
2020-10-19,1000689.4596063462,0.0,1000689.4596063462,0.0,0.0,0.0,0,1.0,0.0
2020-10-20,1000689.4596063462,0.0,1000689.4596063462,0.0,0.0,0.0,0,1.0,0.0
2020-10-21,1000689.4596063462,0.0,1000689.4596063462,0.0,0.0,0.0,0,1.0,0.0
2020-10-22,1000689.4596063462,0.0,1000689.4596063462,0.0,0.0,0.0,0,1.0,0.0
2020-10-23,1000689.4596063462,0.0,1000689.4596063462,0.0,0.0,0.0,0,1.0,0.0
2020-10-26,1000689.4596063462,0.0,1000689.4596063462,0.0,0.0,0.0,0,1.0,0.0
2020-10-27,1000689.4596063462,0.0,1000689.4596063462,0.0,0.0,0.0,0,1.0,0.0
2020-10-28,1000689.4596063462,0.0,1000689.4596063462,0.0,0.0,0.0,0,1.0,0.0
2020-10-29,1000689.4596063462,0.0,1000689.4596063462,0.0,0.0,0.0,0,1.0,0.0
2020-10-30,1000689.4596063462,0.0,1000689.4596063462,0.0,0.0,0.0,0,1.0,0.0
2020-11-02,1000689.4596063462,0.0,1000689.4596063462,0.0,0.0,0.0,0,1.0,0.0
2020-11-03,1000689.4596063462,0.0,1000689.4596063462,0.0,0.0,0.0,0,1.0,0.0
2020-11-04,1000689.4596063462,0.0,1000689.4596063462,0.0,0.0,0.0,0,1.0,0.0
2020-11-05,1000689.4596063462,0.0,1000689.4596063462,0.0,0.0,0.0,0,1.0,0.0
2020-11-06,1000689.4596063462,0.0,1000689.4596063462,0.0,0.0,0.0,0,1.0,0.0
2020-11-09,1000689.4596063462,0.0,1000689.4596063462,0.0,0.0,0.0,0,1.0,0.0
2020-11-10,1000689.4596063462,0.0,1000689.4596063462,0.0,0.0,0.0,0,1.0,0.0
2020-11-11,1000689.4596063462,0.0,1000689.4596063462,0.0,0.0,0.0,0,1.0,0.0
2020-11-12,1000689.4596063462,0.0,1000689.4596063462,0.0,0.0,0.0,0,1.0,0.0
2020-11-13,1000689.4596063462,0.0,1000689.4596063462,0.0,0.0,0.0,0,1.0,0.0
2020-11-16,1000689.4596063462,0.0,1000689.4596063462,0.0,0.0,0.0,0,1.0,0.0
2020-11-17,1000689.4596063462,0.0,1000689.4596063462,0.0,0.0,0.0,0,1.0,0.0
2020-11-18,1000689.4596063462,0.0,1000689.4596063462,0.0,0.0,0.0,0,1.0,0.0
2020-11-19,1000689.4596063462,0.0,1000689.4596063462,0.0,0.0,0.0,0,1.0,0.0
2020-11-20,1000689.4596063462,0.0,1000689.4596063462,0.0,0.0,0.0,0,1.0,0.0
2020-11-23,1000689.4596063462,0.0,1000689.4596063462,0.0,0.0,0.0,0,1.0,0.0
2020-11-24,1000689.4596063462,0.0,1000689.4596063462,0.0,0.0,0.0,0,1.0,0.0
2020-11-25,1000689.4596063462,0.0,1000689.4596063462,0.0,0.0,0.0,0,1.0,0.0
2020-11-27,1000689.4596063462,0.0,1000689.4596063462,0.0,0.0,0.0,0,1.0,0.0
2020-11-30,1000689.4596063462,0.0,1000689.4596063462,0.0,0.0,0.0,0,1.0,0.0
2020-12-01,1000689.4596063462,0.0,1000689.4596063462,0.0,0.0,0.0,0,1.0,0.0
2020-12-02,1000689.4596063462,0.0,1000689.4596063462,0.0,0.0,0.0,0,1.0,0.0
2020-12-03,1000689.4596063462,0.0,1000689.4596063462,0.0,0.0,0.0,0,1.0,0.0
2020-12-04,1000689.4596063462,0.0,1000689.4596063462,0.0,0.0,0.0,0,1.0,0.0
2020-12-07,1000689.4596063462,0.0,1000689.4596063462,0.0,0.0,0.0,0,1.0,0.0
2020-12-08,1000689.4596063462,0.0,1000689.4596063462,0.0,0.0,0.0,0,1.0,0.0
2020-12-09,1000689.4596063462,0.0,1000689.4596063462,0.0,0.0,0.0,0,1.0,0.0
2020-12-10,1000689.4596063462,0.0,1000689.4596063462,0.0,0.0,0.0,0,1.0,0.0
2020-12-11,1000689.4596063462,0.0,1000689.4596063462,0.0,0.0,0.0,0,1.0,0.0
2020-12-14,1000689.4596063462,0.0,1000689.4596063462,0.0,0.0,0.0,0,1.0,0.0
2020-12-15,1000689.4596063462,0.0,1000689.4596063462,0.0,0.0,0.0,0,1.0,0.0
2020-12-16,1000689.4596063462,0.0,1000689.4596063462,0.0,0.0,0.0,0,1.0,0.0
2020-12-17,1000689.4596063462,0.0,1000689.4596063462,0.0,0.0,0.0,0,1.0,0.0
2020-12-18,1000689.4596063462,0.0,1000689.4596063462,0.0,0.0,0.0,0,1.0,0.0
2020-12-21,1000689.4596063462,0.0,1000689.4596063462,0.0,0.0,0.0,0,1.0,0.0
2020-12-22,1000689.4596063462,0.0,1000689.4596063462,0.0,0.0,0.0,0,1.0,0.0
2020-12-23,1000689.4596063462,0.0,1000689.4596063462,0.0,0.0,0.0,0,1.0,0.0
2020-12-24,1000689.4596063462,0.0,1000689.4596063462,0.0,0.0,0.0,0,1.0,0.0
2020-12-28,1000689.4596063462,0.0,1000689.4596063462,0.0,0.0,0.0,0,1.0,0.0
2020-12-29,1000689.4596063462,0.0,1000689.4596063462,0.0,0.0,0.0,0,1.0,0.0
2020-12-30,1000689.4596063462,0.0,1000689.4596063462,0.0,0.0,0.0,0,1.0,0.0
2020-12-31,1000689.4596063462,0.0,1000689.4596063462,0.0,0.0,0.0,0,1.0,0.0
2021-01-04,1000689.4596063462,0.0,1000689.4596063462,0.0,0.0,0.0,0,1.0,0.0
2021-01-05,1000689.4596063462,0.0,1000689.4596063462,0.0,0.0,0.0,0,1.0,0.0
2021-01-06,1000689.4596063462,0.0,1000689.4596063462,0.0,0.0,0.0,0,1.0,0.0
2021-01-07,1000689.4596063462,0.0,1000689.4596063462,0.0,0.0,0.0,0,1.0,0.0
2021-01-08,1000689.4596063462,0.0,1000689.4596063462,0.0,0.0,0.0,0,1.0,0.0
2021-01-11,1000689.4596063462,0.0,1000689.4596063462,0.0,0.0,0.0,0,1.0,0.0
2021-01-12,1000689.4596063462,0.0,1000689.4596063462,0.0,0.0,0.0,0,1.0,0.0
2021-01-13,1000689.4596063462,0.0,1000689.4596063462,0.0,0.0,0.0,0,1.0,0.0
2021-01-14,1000689.4596063462,0.0,1000689.4596063462,0.0,0.0,0.0,0,1.0,0.0
2021-01-15,1000689.4596063462,0.0,1000689.4596063462,0.0,0.0,0.0,0,1.0,0.0
2021-01-19,1000689.4596063462,0.0,1000689.4596063462,0.0,0.0,0.0,0,1.0,0.0
2021-01-20,1000689.4596063462,0.0,1000689.4596063462,0.0,0.0,0.0,0,1.0,0.0
2021-01-21,1000689.4596063462,0.0,1000689.4596063462,0.0,0.0,0.0,0,1.0,0.0
2021-01-22,1000689.4596063462,0.0,1000689.4596063462,0.0,0.0,0.0,0,1.0,0.0
2021-01-25,1000689.4596063462,0.0,1000689.4596063462,0.0,0.0,0.0,0,1.0,0.0
2021-01-26,1000689.4596063462,0.0,1000689.4596063462,0.0,0.0,0.0,0,1.0,0.0
2021-01-27,1000689.4596063462,0.0,1000689.4596063462,0.0,0.0,0.0,0,1.0,0.0
2021-01-28,1000689.4596063462,0.0,1000689.4596063462,0.0,0.0,0.0,0,1.0,0.0
2021-01-29,1000689.4596063462,0.0,1000689.4596063462,0.0,0.0,0.0,0,1.0,0.0
2021-02-01,1000689.4596063462,0.0,1000689.4596063462,0.0,0.0,0.0,0,1.0,0.0
2021-02-02,1000689.4596063462,0.0,1000689.4596063462,0.0,0.0,0.0,0,1.0,0.0
2021-02-03,1000689.4596063462,0.0,1000689.4596063462,0.0,0.0,0.0,0,1.0,0.0
2021-02-04,1000689.4596063462,0.0,1000689.4596063462,0.0,0.0,0.0,0,1.0,0.0
2021-02-05,1000689.4596063462,0.0,1000689.4596063462,0.0,0.0,0.0,0,1.0,0.0
2021-02-08,1000689.4596063462,0.0,1000689.4596063462,0.0,0.0,0.0,0,1.0,0.0
2021-02-09,1000689.4596063462,0.0,1000689.4596063462,0.0,0.0,0.0,0,1.0,0.0
2021-02-10,1000689.4596063462,0.0,1000689.4596063462,0.0,0.0,0.0,0,1.0,0.0
2021-02-11,1000689.4596063462,0.0,1000689.4596063462,0.0,0.0,0.0,0,1.0,0.0
2021-02-12,1000689.4596063462,0.0,1000689.4596063462,0.0,0.0,0.0,0,1.0,0.0
2021-02-16,1000689.4596063462,0.0,1000689.4596063462,0.0,0.0,0.0,0,1.0,0.0
2021-02-17,1000689.4596063462,0.0,1000689.4596063462,0.0,0.0,0.0,0,1.0,0.0
2021-02-18,1000689.4596063462,0.0,1000689.4596063462,0.0,0.0,0.0,0,1.0,0.0
2021-02-19,1000689.4596063462,0.0,1000689.4596063462,0.0,0.0,0.0,0,1.0,0.0
2021-02-22,1000689.4596063462,0.0,1000689.4596063462,0.0,0.0,0.0,0,1.0,0.0
2021-02-23,1000689.4596063462,0.0,1000689.4596063462,0.0,0.0,0.0,0,1.0,0.0
2021-02-24,1000689.4596063462,0.0,1000689.4596063462,0.0,0.0,0.0,0,1.0,0.0
2021-02-25,1000689.4596063462,0.0,1000689.4596063462,0.0,0.0,0.0,0,1.0,0.0
2021-02-26,1000689.4596063462,0.0,1000689.4596063462,0.0,0.0,0.0,0,1.0,0.0
2021-03-01,1000689.4596063462,0.0,1000689.4596063462,0.0,0.0,0.0,0,1.0,0.0
2021-03-02,1000689.4596063462,0.0,1000689.4596063462,0.0,0.0,0.0,0,1.0,0.0
2021-03-03,1000689.4596063462,0.0,1000689.4596063462,0.0,0.0,0.0,0,1.0,0.0
2021-03-04,1000689.4596063462,0.0,1000689.4596063462,0.0,0.0,0.0,0,1.0,0.0
2021-03-05,1000689.4596063462,0.0,1000689.4596063462,0.0,0.0,0.0,0,1.0,0.0
2021-03-08,1000689.4596063462,0.0,1000689.4596063462,0.0,0.0,0.0,0,1.0,0.0
2021-03-09,1000689.4596063462,0.0,1000689.4596063462,0.0,0.0,0.0,0,1.0,0.0
2021-03-10,1000689.4596063462,0.0,1000689.4596063462,0.0,0.0,0.0,0,1.0,0.0
2021-03-11,1000689.4596063462,0.0,1000689.4596063462,0.0,0.0,0.0,0,1.0,0.0
2021-03-12,1000689.4596063462,0.0,1000689.4596063462,0.0,0.0,0.0,0,1.0,0.0
2021-03-15,1000689.4596063462,0.0,1000689.4596063462,0.0,0.0,0.0,0,1.0,0.0
2021-03-16,1000689.4596063462,0.0,1000689.4596063462,0.0,0.0,0.0,0,1.0,0.0
2021-03-17,1000689.4596063462,0.0,1000689.4596063462,0.0,0.0,0.0,0,1.0,0.0
2021-03-18,1000689.4596063462,0.0,1000689.4596063462,0.0,0.0,0.0,0,1.0,0.0
2021-03-19,1000689.4596063462,0.0,1000689.4596063462,0.0,0.0,0.0,0,1.0,0.0
2021-03-22,1000689.4596063462,0.0,1000689.4596063462,0.0,0.0,0.0,0,1.0,0.0
2021-03-23,1000689.4596063462,0.0,1000689.4596063462,0.0,0.0,0.0,0,1.0,0.0
2021-03-24,1000689.4596063462,0.0,1000689.4596063462,0.0,0.0,0.0,0,1.0,0.0
2021-03-25,1000689.4596063462,0.0,1000689.4596063462,0.0,0.0,0.0,0,1.0,0.0
2021-03-26,1000689.4596063462,0.0,1000689.4596063462,0.0,0.0,0.0,0,1.0,0.0
2021-03-29,1000689.4596063462,0.0,1000689.4596063462,0.0,0.0,0.0,0,1.0,0.0
2021-03-30,1000689.4596063462,0.0,1000689.4596063462,0.0,0.0,0.0,0,1.0,0.0
2021-03-31,1000689.4596063462,0.0,1000689.4596063462,0.0,0.0,0.0,0,1.0,0.0
2021-04-01,1000689.4596063462,0.0,1000689.4596063462,0.0,0.0,0.0,0,1.0,0.0
2021-04-05,1000689.4596063462,0.0,1000689.4596063462,0.0,0.0,0.0,0,1.0,0.0
2021-04-06,1000689.4596063462,0.0,1000689.4596063462,0.0,0.0,0.0,0,1.0,0.0
2021-04-07,1000689.4596063462,0.0,1000689.4596063462,0.0,0.0,0.0,0,1.0,0.0
2021-04-08,1000689.4596063462,0.0,1000689.4596063462,0.0,0.0,0.0,0,1.0,0.0
2021-04-09,1000689.4596063462,0.0,1000689.4596063462,0.0,0.0,0.0,0,1.0,0.0
2021-04-12,1000670.5567972598,-1.8889785342368626e-05,995115.6562684887,16678.15766010577,27801.414791440453,5554.9005287710925,2,1.0,0.0
2021-04-13,1000764.9513310259,9.43312792855977e-05,995115.5039993973,16805.671080011547,27961.894828394434,5649.44733162866,2,1.0,0.15226909146248704
2021-04-14,1000822.0016040386,5.70066656879753e-05,995115.3512790174,16824.773308932723,27942.896292844256,5706.650325021188,2,1.0,0.15272037985465964
2021-04-15,1000784.7679792471,-3.720304382981432e-05,995115.1990802085,16907.128265630094,28144.68763222162,5669.568899038569,2,1.0,0.15219880881466852
2021-04-16,1000862.2781253388,7.744936630893484e-05,995115.0452464047,17022.35258413935,28297.47228934454,5747.232878934163,2,1.0,0.15383380378633163
2021-04-19,1000876.8632782323,1.4572587270222925e-05,1000876.8632782323,0.0,0.0,0.0,0,1.0,0.4630439303985704
2021-04-20,1000876.8632782323,0.0,1000876.8632782323,0.0,0.0,0.0,0,1.0,0.0
2021-04-21,1000876.8632782323,0.0,1000876.8632782323,0.0,0.0,0.0,0,1.0,0.0
2021-04-22,1000876.8632782323,0.0,1000876.8632782323,0.0,0.0,0.0,0,1.0,0.0
2021-04-23,1000876.8632782323,0.0,1000876.8632782323,0.0,0.0,0.0,0,1.0,0.0
2021-04-26,1000876.8632782323,0.0,1000876.8632782323,0.0,0.0,0.0,0,1.0,0.0
2021-04-27,1000876.8632782323,0.0,1000876.8632782323,0.0,0.0,0.0,0,1.0,0.0
2021-04-28,1000876.8632782323,0.0,1000876.8632782323,0.0,0.0,0.0,0,1.0,0.0
2021-04-29,1000876.8632782323,0.0,1000876.8632782323,0.0,0.0,0.0,0,1.0,0.0
2021-04-30,1000876.8632782323,0.0,1000876.8632782323,0.0,0.0,0.0,0,1.0,0.0
2021-05-03,1000876.8632782323,0.0,1000876.8632782323,0.0,0.0,0.0,0,1.0,0.0
2021-05-04,1000876.8632782323,0.0,1000876.8632782323,0.0,0.0,0.0,0,1.0,0.0
2021-05-05,1000876.8632782323,0.0,1000876.8632782323,0.0,0.0,0.0,0,1.0,0.0
2021-05-06,1000876.8632782323,0.0,1000876.8632782323,0.0,0.0,0.0,0,1.0,0.0
2021-05-07,1000876.8632782323,0.0,1000876.8632782323,0.0,0.0,0.0,0,1.0,0.0
2021-05-10,1000876.8632782323,0.0,1000876.8632782323,0.0,0.0,0.0,0,1.0,0.0
2021-05-11,1000876.8632782323,0.0,1000876.8632782323,0.0,0.0,0.0,0,1.0,0.0
2021-05-12,1000876.8632782323,0.0,1000876.8632782323,0.0,0.0,0.0,0,1.0,0.0
2021-05-13,1000876.8632782323,0.0,1000876.8632782323,0.0,0.0,0.0,0,1.0,0.0
2021-05-14,1000876.8632782323,0.0,1000876.8632782323,0.0,0.0,0.0,0,1.0,0.0
2021-05-17,1000876.8632782323,0.0,1000876.8632782323,0.0,0.0,0.0,0,1.0,0.0
2021-05-18,1000876.8632782323,0.0,1000876.8632782323,0.0,0.0,0.0,0,1.0,0.0
2021-05-19,1000876.8632782323,0.0,1000876.8632782323,0.0,0.0,0.0,0,1.0,0.0
2021-05-20,1000876.8632782323,0.0,1000876.8632782323,0.0,0.0,0.0,0,1.0,0.0
2021-05-21,1000876.8632782323,0.0,1000876.8632782323,0.0,0.0,0.0,0,1.0,0.0
2021-05-24,1000876.8632782323,0.0,1000876.8632782323,0.0,0.0,0.0,0,1.0,0.0
2021-05-25,1000876.8632782323,0.0,1000876.8632782323,0.0,0.0,0.0,0,1.0,0.0
2021-05-26,1000876.8632782323,0.0,1000876.8632782323,0.0,0.0,0.0,0,1.0,0.0
2021-05-27,1000876.8632782323,0.0,1000876.8632782323,0.0,0.0,0.0,0,1.0,0.0
2021-05-28,1000876.8632782323,0.0,1000876.8632782323,0.0,0.0,0.0,0,1.0,0.0
2021-06-01,1000876.8632782323,0.0,1000876.8632782323,0.0,0.0,0.0,0,1.0,0.0
2021-06-02,1000876.8632782323,0.0,1000876.8632782323,0.0,0.0,0.0,0,1.0,0.0
2021-06-03,1000876.8632782323,0.0,1000876.8632782323,0.0,0.0,0.0,0,1.0,0.0
2021-06-04,1000876.8632782323,0.0,1000876.8632782323,0.0,0.0,0.0,0,1.0,0.0
2021-06-07,1000876.8632782323,0.0,1000876.8632782323,0.0,0.0,0.0,0,1.0,0.0
2021-06-08,1000876.8632782323,0.0,1000876.8632782323,0.0,0.0,0.0,0,1.0,0.0
2021-06-09,1000876.8632782323,0.0,1000876.8632782323,0.0,0.0,0.0,0,1.0,0.0
2021-06-10,1000876.8632782323,0.0,1000876.8632782323,0.0,0.0,0.0,0,1.0,0.0
2021-06-11,1000876.8632782323,0.0,1000876.8632782323,0.0,0.0,0.0,0,1.0,0.0
2021-06-14,1000876.8632782323,0.0,1000876.8632782323,0.0,0.0,0.0,0,1.0,0.0
2021-06-15,1000876.8632782323,0.0,1000876.8632782323,0.0,0.0,0.0,0,1.0,0.0
2021-06-16,1000876.8632782323,0.0,1000876.8632782323,0.0,0.0,0.0,0,1.0,0.0
2021-06-17,1000876.8632782323,0.0,1000876.8632782323,0.0,0.0,0.0,0,1.0,0.0
2021-06-18,1000876.8632782323,0.0,1000876.8632782323,0.0,0.0,0.0,0,1.0,0.0
2021-06-21,1000876.8632782323,0.0,1000876.8632782323,0.0,0.0,0.0,0,1.0,0.0
2021-06-22,1000876.8632782323,0.0,1000876.8632782323,0.0,0.0,0.0,0,1.0,0.0
2021-06-23,1000876.8632782323,0.0,1000876.8632782323,0.0,0.0,0.0,0,1.0,0.0
2021-06-24,1000876.8632782323,0.0,1000876.8632782323,0.0,0.0,0.0,0,1.0,0.0
2021-06-25,1000876.8632782323,0.0,1000876.8632782323,0.0,0.0,0.0,0,1.0,0.0
2021-06-28,1000876.8632782323,0.0,1000876.8632782323,0.0,0.0,0.0,0,1.0,0.0
2021-06-29,1000876.8632782323,0.0,1000876.8632782323,0.0,0.0,0.0,0,1.0,0.0
2021-06-30,1000876.8632782323,0.0,1000876.8632782323,0.0,0.0,0.0,0,1.0,0.0
2021-07-01,1000876.8632782323,0.0,1000876.8632782323,0.0,0.0,0.0,0,1.0,0.0
2021-07-02,1000876.8632782323,0.0,1000876.8632782323,0.0,0.0,0.0,0,1.0,0.0
2021-07-06,1000876.8632782323,0.0,1000876.8632782323,0.0,0.0,0.0,0,1.0,0.0
2021-07-07,1000876.8632782323,0.0,1000876.8632782323,0.0,0.0,0.0,0,1.0,0.0
2021-07-08,1000876.8632782323,0.0,1000876.8632782323,0.0,0.0,0.0,0,1.0,0.0
2021-07-09,1000876.8632782323,0.0,1000876.8632782323,0.0,0.0,0.0,0,1.0,0.0
2021-07-12,1000876.8632782323,0.0,1000876.8632782323,0.0,0.0,0.0,0,1.0,0.0
2021-07-13,1000876.8632782323,0.0,1000876.8632782323,0.0,0.0,0.0,0,1.0,0.0
2021-07-14,1000876.8632782323,0.0,1000876.8632782323,0.0,0.0,0.0,0,1.0,0.0
2021-07-15,1000876.8632782323,0.0,1000876.8632782323,0.0,0.0,0.0,0,1.0,0.0
2021-07-16,1000876.8632782323,0.0,1000876.8632782323,0.0,0.0,0.0,0,1.0,0.0
2021-07-19,1000876.8632782323,0.0,1000876.8632782323,0.0,0.0,0.0,0,1.0,0.0
2021-07-20,1000876.8632782323,0.0,1000876.8632782323,0.0,0.0,0.0,0,1.0,0.0
2021-07-21,1000876.8632782323,0.0,1000876.8632782323,0.0,0.0,0.0,0,1.0,0.0
2021-07-22,1000876.8632782323,0.0,1000876.8632782323,0.0,0.0,0.0,0,1.0,0.0
2021-07-23,1000876.8632782323,0.0,1000876.8632782323,0.0,0.0,0.0,0,1.0,0.0
2021-07-26,1000876.8632782323,0.0,1000876.8632782323,0.0,0.0,0.0,0,1.0,0.0
2021-07-27,1000876.8632782323,0.0,1000876.8632782323,0.0,0.0,0.0,0,1.0,0.0
2021-07-28,1000876.8632782323,0.0,1000876.8632782323,0.0,0.0,0.0,0,1.0,0.0
2021-07-29,1000876.8632782323,0.0,1000876.8632782323,0.0,0.0,0.0,0,1.0,0.0
2021-07-30,1000876.8632782323,0.0,1000876.8632782323,0.0,0.0,0.0,0,1.0,0.0
2021-08-02,1000876.8632782323,0.0,1000876.8632782323,0.0,0.0,0.0,0,1.0,0.0
2021-08-03,1000876.8632782323,0.0,1000876.8632782323,0.0,0.0,0.0,0,1.0,0.0
2021-08-04,1000876.8632782323,0.0,1000876.8632782323,0.0,0.0,0.0,0,1.0,0.0
2021-08-05,1000876.8632782323,0.0,1000876.8632782323,0.0,0.0,0.0,0,1.0,0.0
2021-08-06,1000876.8632782323,0.0,1000876.8632782323,0.0,0.0,0.0,0,1.0,0.0
2021-08-09,1000876.8632782323,0.0,1000876.8632782323,0.0,0.0,0.0,0,1.0,0.0
2021-08-10,1000876.8632782323,0.0,1000876.8632782323,0.0,0.0,0.0,0,1.0,0.0
2021-08-11,1000876.8632782323,0.0,1000876.8632782323,0.0,0.0,0.0,0,1.0,0.0
2021-08-12,1000876.8632782323,0.0,1000876.8632782323,0.0,0.0,0.0,0,1.0,0.0
2021-08-13,1000876.8632782323,0.0,1000876.8632782323,0.0,0.0,0.0,0,1.0,0.0
2021-08-16,1000876.8632782323,0.0,1000876.8632782323,0.0,0.0,0.0,0,1.0,0.0
2021-08-17,1000876.8632782323,0.0,1000876.8632782323,0.0,0.0,0.0,0,1.0,0.0
2021-08-18,1000876.8632782323,0.0,1000876.8632782323,0.0,0.0,0.0,0,1.0,0.0
2021-08-19,1000876.8632782323,0.0,1000876.8632782323,0.0,0.0,0.0,0,1.0,0.0
2021-08-20,1000876.8632782323,0.0,1000876.8632782323,0.0,0.0,0.0,0,1.0,0.0
2021-08-23,1000876.8632782323,0.0,1000876.8632782323,0.0,0.0,0.0,0,1.0,0.0
2021-08-24,1000876.8632782323,0.0,1000876.8632782323,0.0,0.0,0.0,0,1.0,0.0
2021-08-25,1000876.8632782323,0.0,1000876.8632782323,0.0,0.0,0.0,0,1.0,0.0
2021-08-26,1000876.8632782323,0.0,1000876.8632782323,0.0,0.0,0.0,0,1.0,0.0
2021-08-27,1000876.8632782323,0.0,1000876.8632782323,0.0,0.0,0.0,0,1.0,0.0
2021-08-30,1000876.8632782323,0.0,1000876.8632782323,0.0,0.0,0.0,0,1.0,0.0
2021-08-31,1000876.8632782323,0.0,1000876.8632782323,0.0,0.0,0.0,0,1.0,0.0
2021-09-01,1000876.8632782323,0.0,1000876.8632782323,0.0,0.0,0.0,0,1.0,0.0
2021-09-02,1000876.8632782323,0.0,1000876.8632782323,0.0,0.0,0.0,0,1.0,0.0
2021-09-03,1000876.8632782323,0.0,1000876.8632782323,0.0,0.0,0.0,0,1.0,0.0
2021-09-07,1000876.8632782323,0.0,1000876.8632782323,0.0,0.0,0.0,0,1.0,0.0
2021-09-08,1000876.8632782323,0.0,1000876.8632782323,0.0,0.0,0.0,0,1.0,0.0
2021-09-09,1000876.8632782323,0.0,1000876.8632782323,0.0,0.0,0.0,0,1.0,0.0
2021-09-10,1000876.8632782323,0.0,1000876.8632782323,0.0,0.0,0.0,0,1.0,0.0
2021-09-13,1000876.8632782323,0.0,1000876.8632782323,0.0,0.0,0.0,0,1.0,0.0
2021-09-14,1000876.8632782323,0.0,1000876.8632782323,0.0,0.0,0.0,0,1.0,0.0
2021-09-15,1000876.8632782323,0.0,1000876.8632782323,0.0,0.0,0.0,0,1.0,0.0
2021-09-16,1000876.8632782323,0.0,1000876.8632782323,0.0,0.0,0.0,0,1.0,0.0
2021-09-17,1000876.8632782323,0.0,1000876.8632782323,0.0,0.0,0.0,0,1.0,0.0
2021-09-20,1000876.8632782323,0.0,1000876.8632782323,0.0,0.0,0.0,0,1.0,0.0
2021-09-21,1000876.8632782323,0.0,1000876.8632782323,0.0,0.0,0.0,0,1.0,0.0
2021-09-22,1000876.8632782323,0.0,1000876.8632782323,0.0,0.0,0.0,0,1.0,0.0
2021-09-23,1000876.8632782323,0.0,1000876.8632782323,0.0,0.0,0.0,0,1.0,0.0
2021-09-24,1000876.8632782323,0.0,1000876.8632782323,0.0,0.0,0.0,0,1.0,0.0
2021-09-27,1000876.8632782323,0.0,1000876.8632782323,0.0,0.0,0.0,0,1.0,0.0
2021-09-28,1000876.8632782323,0.0,1000876.8632782323,0.0,0.0,0.0,0,1.0,0.0
2021-09-29,1000876.8632782323,0.0,1000876.8632782323,0.0,0.0,0.0,0,1.0,0.0
2021-09-30,1000876.8632782323,0.0,1000876.8632782323,0.0,0.0,0.0,0,1.0,0.0
2021-10-01,1000876.8632782323,0.0,1000876.8632782323,0.0,0.0,0.0,0,1.0,0.0
2021-10-04,1000876.8632782323,0.0,1000876.8632782323,0.0,0.0,0.0,0,1.0,0.0
2021-10-05,1000876.8632782323,0.0,1000876.8632782323,0.0,0.0,0.0,0,1.0,0.0
2021-10-06,1000876.8632782323,0.0,1000876.8632782323,0.0,0.0,0.0,0,1.0,0.0
2021-10-07,1000876.8632782323,0.0,1000876.8632782323,0.0,0.0,0.0,0,1.0,0.0
2021-10-08,1000876.8632782323,0.0,1000876.8632782323,0.0,0.0,0.0,0,1.0,0.0
2021-10-11,1000876.8632782323,0.0,1000876.8632782323,0.0,0.0,0.0,0,1.0,0.0
2021-10-12,1000876.8632782323,0.0,1000876.8632782323,0.0,0.0,0.0,0,1.0,0.0
2021-10-13,1000876.8632782323,0.0,1000876.8632782323,0.0,0.0,0.0,0,1.0,0.0
2021-10-14,1000876.8632782323,0.0,1000876.8632782323,0.0,0.0,0.0,0,1.0,0.0
2021-10-15,1000876.8632782323,0.0,1000876.8632782323,0.0,0.0,0.0,0,1.0,0.0
2021-10-18,1000876.8632782323,0.0,1000876.8632782323,0.0,0.0,0.0,0,1.0,0.0
2021-10-19,1000876.8632782323,0.0,1000876.8632782323,0.0,0.0,0.0,0,1.0,0.0
2021-10-20,1000876.8632782323,0.0,1000876.8632782323,0.0,0.0,0.0,0,1.0,0.0
2021-10-21,1000876.8632782323,0.0,1000876.8632782323,0.0,0.0,0.0,0,1.0,0.0
2021-10-22,1000876.8632782323,0.0,1000876.8632782323,0.0,0.0,0.0,0,1.0,0.0
2021-10-25,1000876.8632782323,0.0,1000876.8632782323,0.0,0.0,0.0,0,1.0,0.0
2021-10-26,1000876.8632782323,0.0,1000876.8632782323,0.0,0.0,0.0,0,1.0,0.0
2021-10-27,1000876.8632782323,0.0,1000876.8632782323,0.0,0.0,0.0,0,1.0,0.0
2021-10-28,1000876.8632782323,0.0,1000876.8632782323,0.0,0.0,0.0,0,1.0,0.0
2021-10-29,1000876.8632782323,0.0,1000876.8632782323,0.0,0.0,0.0,0,1.0,0.0
2021-11-01,1000876.8632782323,0.0,1000876.8632782323,0.0,0.0,0.0,0,1.0,0.0
2021-11-02,1000876.8632782323,0.0,1000876.8632782323,0.0,0.0,0.0,0,1.0,0.0
2021-11-03,1000876.8632782323,0.0,1000876.8632782323,0.0,0.0,0.0,0,1.0,0.0
2021-11-04,1000876.8632782323,0.0,1000876.8632782323,0.0,0.0,0.0,0,1.0,0.0
2021-11-05,1000876.8632782323,0.0,1000876.8632782323,0.0,0.0,0.0,0,1.0,0.0
2021-11-08,1000876.8632782323,0.0,1000876.8632782323,0.0,0.0,0.0,0,1.0,0.0
2021-11-09,1000876.8632782323,0.0,1000876.8632782323,0.0,0.0,0.0,0,1.0,0.0
2021-11-10,1000876.8632782323,0.0,1000876.8632782323,0.0,0.0,0.0,0,1.0,0.0
2021-11-11,1000876.8632782323,0.0,1000876.8632782323,0.0,0.0,0.0,0,1.0,0.0
2021-11-12,1000876.8632782323,0.0,1000876.8632782323,0.0,0.0,0.0,0,1.0,0.0
2021-11-15,1000876.8632782323,0.0,1000876.8632782323,0.0,0.0,0.0,0,1.0,0.0
2021-11-16,1000876.8632782323,0.0,1000876.8632782323,0.0,0.0,0.0,0,1.0,0.0
2021-11-17,1000876.8632782323,0.0,1000876.8632782323,0.0,0.0,0.0,0,1.0,0.0
2021-11-18,1000876.8632782323,0.0,1000876.8632782323,0.0,0.0,0.0,0,1.0,0.0
2021-11-19,1000876.8632782323,0.0,1000876.8632782323,0.0,0.0,0.0,0,1.0,0.0
2021-11-22,1000876.8632782323,0.0,1000876.8632782323,0.0,0.0,0.0,0,1.0,0.0
2021-11-23,1000876.8632782323,0.0,1000876.8632782323,0.0,0.0,0.0,0,1.0,0.0
2021-11-24,1000876.8632782323,0.0,1000876.8632782323,0.0,0.0,0.0,0,1.0,0.0
2021-11-26,1000876.8632782323,0.0,1000876.8632782323,0.0,0.0,0.0,0,1.0,0.0
2021-11-29,1000876.8632782323,0.0,1000876.8632782323,0.0,0.0,0.0,0,1.0,0.0
2021-11-30,1000876.8632782323,0.0,1000876.8632782323,0.0,0.0,0.0,0,1.0,0.0
2021-12-01,1000876.8632782323,0.0,1000876.8632782323,0.0,0.0,0.0,0,1.0,0.0
2021-12-02,1000876.8632782323,0.0,1000876.8632782323,0.0,0.0,0.0,0,1.0,0.0
2021-12-03,1000876.8632782323,0.0,1000876.8632782323,0.0,0.0,0.0,0,1.0,0.0
2021-12-06,1000876.8632782323,0.0,1000876.8632782323,0.0,0.0,0.0,0,1.0,0.0
2021-12-07,1000876.8632782323,0.0,1000876.8632782323,0.0,0.0,0.0,0,1.0,0.0
2021-12-08,1000876.8632782323,0.0,1000876.8632782323,0.0,0.0,0.0,0,1.0,0.0
2021-12-09,1000876.8632782323,0.0,1000876.8632782323,0.0,0.0,0.0,0,1.0,0.0
2021-12-10,1000876.8632782323,0.0,1000876.8632782323,0.0,0.0,0.0,0,1.0,0.0
2021-12-13,1000876.8632782323,0.0,1000876.8632782323,0.0,0.0,0.0,0,1.0,0.0
2021-12-14,1000876.8632782323,0.0,1000876.8632782323,0.0,0.0,0.0,0,1.0,0.0
2021-12-15,1000876.8632782323,0.0,1000876.8632782323,0.0,0.0,0.0,0,1.0,0.0
2021-12-16,1000876.8632782323,0.0,1000876.8632782323,0.0,0.0,0.0,0,1.0,0.0
2021-12-17,1000876.8632782323,0.0,1000876.8632782323,0.0,0.0,0.0,0,1.0,0.0
2021-12-20,1000876.8632782323,0.0,1000876.8632782323,0.0,0.0,0.0,0,1.0,0.0
2021-12-21,1000876.8632782323,0.0,1000876.8632782323,0.0,0.0,0.0,0,1.0,0.0
2021-12-22,1000876.8632782323,0.0,1000876.8632782323,0.0,0.0,0.0,0,1.0,0.0
2021-12-23,1000876.8632782323,0.0,1000876.8632782323,0.0,0.0,0.0,0,1.0,0.0
2021-12-27,1000876.8632782323,0.0,1000876.8632782323,0.0,0.0,0.0,0,1.0,0.0
2021-12-28,1000876.8632782323,0.0,1000876.8632782323,0.0,0.0,0.0,0,1.0,0.0
2021-12-29,1000876.8632782323,0.0,1000876.8632782323,0.0,0.0,0.0,0,1.0,0.0
2021-12-30,1000876.8632782323,0.0,1000876.8632782323,0.0,0.0,0.0,0,1.0,0.0
2021-12-31,1000876.8632782323,0.0,1000876.8632782323,0.0,0.0,0.0,0,1.0,0.0
2022-01-03,1000876.8632782323,0.0,1000876.8632782323,0.0,0.0,0.0,0,1.0,0.0
2022-01-04,1000876.8632782323,0.0,1000876.8632782323,0.0,0.0,0.0,0,1.0,0.0
2022-01-05,1000876.8632782323,0.0,1000876.8632782323,0.0,0.0,0.0,0,1.0,0.0
2022-01-06,1000876.8632782323,0.0,1000876.8632782323,0.0,0.0,0.0,0,1.0,0.0
2022-01-07,1000876.8632782323,0.0,1000876.8632782323,0.0,0.0,0.0,0,1.0,0.0
2022-01-10,1000876.8632782323,0.0,1000876.8632782323,0.0,0.0,0.0,0,1.0,0.0
2022-01-11,1000876.8632782323,0.0,1000876.8632782323,0.0,0.0,0.0,0,1.0,0.0
2022-01-12,1000876.8632782323,0.0,1000876.8632782323,0.0,0.0,0.0,0,1.0,0.0
2022-01-13,1000876.8632782323,0.0,1000876.8632782323,0.0,0.0,0.0,0,1.0,0.0
2022-01-14,1000876.8632782323,0.0,1000876.8632782323,0.0,0.0,0.0,0,1.0,0.0
2022-01-18,1000876.8632782323,0.0,1000876.8632782323,0.0,0.0,0.0,0,1.0,0.0
2022-01-19,1000876.8632782323,0.0,1000876.8632782323,0.0,0.0,0.0,0,1.0,0.0
2022-01-20,1000876.8632782323,0.0,1000876.8632782323,0.0,0.0,0.0,0,1.0,0.0
2022-01-21,1000876.8632782323,0.0,1000876.8632782323,0.0,0.0,0.0,0,1.0,0.0
2022-01-24,1000876.8632782323,0.0,1000876.8632782323,0.0,0.0,0.0,0,1.0,0.0
2022-01-25,1000876.8632782323,0.0,1000876.8632782323,0.0,0.0,0.0,0,1.0,0.0
2022-01-26,1000876.8632782323,0.0,1000876.8632782323,0.0,0.0,0.0,0,1.0,0.0
2022-01-27,1000876.8632782323,0.0,1000876.8632782323,0.0,0.0,0.0,0,1.0,0.0
2022-01-28,1000876.8632782323,0.0,1000876.8632782323,0.0,0.0,0.0,0,1.0,0.0
2022-01-31,1000876.8632782323,0.0,1000876.8632782323,0.0,0.0,0.0,0,1.0,0.0
2022-02-01,1000876.8632782323,0.0,1000876.8632782323,0.0,0.0,0.0,0,1.0,0.0
2022-02-02,1000876.8632782323,0.0,1000876.8632782323,0.0,0.0,0.0,0,1.0,0.0
2022-02-03,1000876.8632782323,0.0,1000876.8632782323,0.0,0.0,0.0,0,1.0,0.0
2022-02-04,1000876.8632782323,0.0,1000876.8632782323,0.0,0.0,0.0,0,1.0,0.0
2022-02-07,1000876.8632782323,0.0,1000876.8632782323,0.0,0.0,0.0,0,1.0,0.0
2022-02-08,1000876.8632782323,0.0,1000876.8632782323,0.0,0.0,0.0,0,1.0,0.0
2022-02-09,1000876.8632782323,0.0,1000876.8632782323,0.0,0.0,0.0,0,1.0,0.0
2022-02-10,1000876.8632782323,0.0,1000876.8632782323,0.0,0.0,0.0,0,1.0,0.0
2022-02-11,1000876.8632782323,0.0,1000876.8632782323,0.0,0.0,0.0,0,1.0,0.0
2022-02-14,1000876.8632782323,0.0,1000876.8632782323,0.0,0.0,0.0,0,1.0,0.0
2022-02-15,1000876.8632782323,0.0,1000876.8632782323,0.0,0.0,0.0,0,1.0,0.0
2022-02-16,1000876.8632782323,0.0,1000876.8632782323,0.0,0.0,0.0,0,1.0,0.0
2022-02-17,1000876.8632782323,0.0,1000876.8632782323,0.0,0.0,0.0,0,1.0,0.0
2022-02-18,1000876.8632782323,0.0,1000876.8632782323,0.0,0.0,0.0,0,1.0,0.0
2022-02-22,1000876.8632782323,0.0,1000876.8632782323,0.0,0.0,0.0,0,1.0,0.0
2022-02-23,1000876.8632782323,0.0,1000876.8632782323,0.0,0.0,0.0,0,1.0,0.0
2022-02-24,1000876.8632782323,0.0,1000876.8632782323,0.0,0.0,0.0,0,1.0,0.0
2022-02-25,1000876.8632782323,0.0,1000876.8632782323,0.0,0.0,0.0,0,1.0,0.0
2022-02-28,1000876.8632782323,0.0,1000876.8632782323,0.0,0.0,0.0,0,1.0,0.0
2022-03-01,1000876.8632782323,0.0,1000876.8632782323,0.0,0.0,0.0,0,1.0,0.0
2022-03-02,1000876.8632782323,0.0,1000876.8632782323,0.0,0.0,0.0,0,1.0,0.0
2022-03-03,1000876.8632782323,0.0,1000876.8632782323,0.0,0.0,0.0,0,1.0,0.0
2022-03-04,1000876.8632782323,0.0,1000876.8632782323,0.0,0.0,0.0,0,1.0,0.0
2022-03-07,1000876.8632782323,0.0,1000876.8632782323,0.0,0.0,0.0,0,1.0,0.0
2022-03-08,1000876.8632782323,0.0,1000876.8632782323,0.0,0.0,0.0,0,1.0,0.0
2022-03-09,1000876.8632782323,0.0,1000876.8632782323,0.0,0.0,0.0,0,1.0,0.0
2022-03-10,1000876.8632782323,0.0,1000876.8632782323,0.0,0.0,0.0,0,1.0,0.0
2022-03-11,1000876.8632782323,0.0,1000876.8632782323,0.0,0.0,0.0,0,1.0,0.0
2022-03-14,1000876.8632782323,0.0,1000876.8632782323,0.0,0.0,0.0,0,1.0,0.0
2022-03-15,1000876.8632782323,0.0,1000876.8632782323,0.0,0.0,0.0,0,1.0,0.0
2022-03-16,1000876.8632782323,0.0,1000876.8632782323,0.0,0.0,0.0,0,1.0,0.0
2022-03-17,1000876.8632782323,0.0,1000876.8632782323,0.0,0.0,0.0,0,1.0,0.0
2022-03-18,1000876.8632782323,0.0,1000876.8632782323,0.0,0.0,0.0,0,1.0,0.0
2022-03-21,1000876.8632782323,0.0,1000876.8632782323,0.0,0.0,0.0,0,1.0,0.0
2022-03-22,1000876.8632782323,0.0,1000876.8632782323,0.0,0.0,0.0,0,1.0,0.0
2022-03-23,1000876.8632782323,0.0,1000876.8632782323,0.0,0.0,0.0,0,1.0,0.0
2022-03-24,1000876.8632782323,0.0,1000876.8632782323,0.0,0.0,0.0,0,1.0,0.0
2022-03-25,1000876.8632782323,0.0,1000876.8632782323,0.0,0.0,0.0,0,1.0,0.0
2022-03-28,1000876.8632782323,0.0,1000876.8632782323,0.0,0.0,0.0,0,1.0,0.0
2022-03-29,1000876.8632782323,0.0,1000876.8632782323,0.0,0.0,0.0,0,1.0,0.0
2022-03-30,1000876.8632782323,0.0,1000876.8632782323,0.0,0.0,0.0,0,1.0,0.0
2022-03-31,1000876.8632782323,0.0,1000876.8632782323,0.0,0.0,0.0,0,1.0,0.0
2022-04-01,1000876.8632782323,0.0,1000876.8632782323,0.0,0.0,0.0,0,1.0,0.0
2022-04-04,1000876.8632782323,0.0,1000876.8632782323,0.0,0.0,0.0,0,1.0,0.0
2022-04-05,1000876.8632782323,0.0,1000876.8632782323,0.0,0.0,0.0,0,1.0,0.0
2022-04-06,1000876.8632782323,0.0,1000876.8632782323,0.0,0.0,0.0,0,1.0,0.0
2022-04-07,1000876.8632782323,0.0,1000876.8632782323,0.0,0.0,0.0,0,1.0,0.0
2022-04-08,1000876.8632782323,0.0,1000876.8632782323,0.0,0.0,0.0,0,1.0,0.0
2022-04-11,1000876.8632782323,0.0,1000876.8632782323,0.0,0.0,0.0,0,1.0,0.0
2022-04-12,1000876.8632782323,0.0,1000876.8632782323,0.0,0.0,0.0,0,1.0,0.0
2022-04-13,1000876.8632782323,0.0,1000876.8632782323,0.0,0.0,0.0,0,1.0,0.0
2022-04-14,1000876.8632782323,0.0,1000876.8632782323,0.0,0.0,0.0,0,1.0,0.0
2022-04-18,1000876.8632782323,0.0,1000876.8632782323,0.0,0.0,0.0,0,1.0,0.0
2022-04-19,1000876.8632782323,0.0,1000876.8632782323,0.0,0.0,0.0,0,1.0,0.0
2022-04-20,1000876.8632782323,0.0,1000876.8632782323,0.0,0.0,0.0,0,1.0,0.0
2022-04-21,1000876.8632782323,0.0,1000876.8632782323,0.0,0.0,0.0,0,1.0,0.0
2022-04-22,1000876.8632782323,0.0,1000876.8632782323,0.0,0.0,0.0,0,1.0,0.0
2022-04-25,1000876.8632782323,0.0,1000876.8632782323,0.0,0.0,0.0,0,1.0,0.0
2022-04-26,1000876.8632782323,0.0,1000876.8632782323,0.0,0.0,0.0,0,1.0,0.0
2022-04-27,1000876.8632782323,0.0,1000876.8632782323,0.0,0.0,0.0,0,1.0,0.0
2022-04-28,1000876.8632782323,0.0,1000876.8632782323,0.0,0.0,0.0,0,1.0,0.0
2022-04-29,1000876.8632782323,0.0,1000876.8632782323,0.0,0.0,0.0,0,1.0,0.0
2022-05-02,1000876.8632782323,0.0,1000876.8632782323,0.0,0.0,0.0,0,1.0,0.0
2022-05-03,1000876.8632782323,0.0,1000876.8632782323,0.0,0.0,0.0,0,1.0,0.0
2022-05-04,1000876.8632782323,0.0,1000876.8632782323,0.0,0.0,0.0,0,1.0,0.0
2022-05-05,1000876.8632782323,0.0,1000876.8632782323,0.0,0.0,0.0,0,1.0,0.0
2022-05-06,1000876.8632782323,0.0,1000876.8632782323,0.0,0.0,0.0,0,1.0,0.0
2022-05-09,1000876.8632782323,0.0,1000876.8632782323,0.0,0.0,0.0,0,1.0,0.0
2022-05-10,1000876.8632782323,0.0,1000876.8632782323,0.0,0.0,0.0,0,1.0,0.0
2022-05-11,1000876.8632782323,0.0,1000876.8632782323,0.0,0.0,0.0,0,1.0,0.0
2022-05-12,1000876.8632782323,0.0,1000876.8632782323,0.0,0.0,0.0,0,1.0,0.0
2022-05-13,1000876.8632782323,0.0,1000876.8632782323,0.0,0.0,0.0,0,1.0,0.0
2022-05-16,1000876.8632782323,0.0,1000876.8632782323,0.0,0.0,0.0,0,1.0,0.0
2022-05-17,1000876.8632782323,0.0,1000876.8632782323,0.0,0.0,0.0,0,1.0,0.0
2022-05-18,1000876.8632782323,0.0,1000876.8632782323,0.0,0.0,0.0,0,1.0,0.0
2022-05-19,1000876.8632782323,0.0,1000876.8632782323,0.0,0.0,0.0,0,1.0,0.0
2022-05-20,1000876.8632782323,0.0,1000876.8632782323,0.0,0.0,0.0,0,1.0,0.0
2022-05-23,1000876.8632782323,0.0,1000876.8632782323,0.0,0.0,0.0,0,1.0,0.0
2022-05-24,1000876.8632782323,0.0,1000876.8632782323,0.0,0.0,0.0,0,1.0,0.0
2022-05-25,1000876.8632782323,0.0,1000876.8632782323,0.0,0.0,0.0,0,1.0,0.0
2022-05-26,1000876.8632782323,0.0,1000876.8632782323,0.0,0.0,0.0,0,1.0,0.0
2022-05-27,1000876.8632782323,0.0,1000876.8632782323,0.0,0.0,0.0,0,1.0,0.0
2022-05-31,1000876.8632782323,0.0,1000876.8632782323,0.0,0.0,0.0,0,1.0,0.0
2022-06-01,1000876.8632782323,0.0,1000876.8632782323,0.0,0.0,0.0,0,1.0,0.0
2022-06-02,1000876.8632782323,0.0,1000876.8632782323,0.0,0.0,0.0,0,1.0,0.0
2022-06-03,1000876.8632782323,0.0,1000876.8632782323,0.0,0.0,0.0,0,1.0,0.0
2022-06-06,1000876.8632782323,0.0,1000876.8632782323,0.0,0.0,0.0,0,1.0,0.0
2022-06-07,1000876.8632782323,0.0,1000876.8632782323,0.0,0.0,0.0,0,1.0,0.0
2022-06-08,1000876.8632782323,0.0,1000876.8632782323,0.0,0.0,0.0,0,1.0,0.0
2022-06-09,1000876.8632782323,0.0,1000876.8632782323,0.0,0.0,0.0,0,1.0,0.0
2022-06-10,1000876.8632782323,0.0,1000876.8632782323,0.0,0.0,0.0,0,1.0,0.0
2022-06-13,1000876.8632782323,0.0,1000876.8632782323,0.0,0.0,0.0,0,1.0,0.0
2022-06-14,1000876.8632782323,0.0,1000876.8632782323,0.0,0.0,0.0,0,1.0,0.0
2022-06-15,1000876.8632782323,0.0,1000876.8632782323,0.0,0.0,0.0,0,1.0,0.0
2022-06-16,1000876.8632782323,0.0,1000876.8632782323,0.0,0.0,0.0,0,1.0,0.0
2022-06-17,1000876.8632782323,0.0,1000876.8632782323,0.0,0.0,0.0,0,1.0,0.0
2022-06-21,1000876.8632782323,0.0,1000876.8632782323,0.0,0.0,0.0,0,1.0,0.0
2022-06-22,1000876.8632782323,0.0,1000876.8632782323,0.0,0.0,0.0,0,1.0,0.0
2022-06-23,1000876.8632782323,0.0,1000876.8632782323,0.0,0.0,0.0,0,1.0,0.0
2022-06-24,1000876.8632782323,0.0,1000876.8632782323,0.0,0.0,0.0,0,1.0,0.0
2022-06-27,1000876.8632782323,0.0,1000876.8632782323,0.0,0.0,0.0,0,1.0,0.0
2022-06-28,1000876.8632782323,0.0,1000876.8632782323,0.0,0.0,0.0,0,1.0,0.0
2022-06-29,1000876.8632782323,0.0,1000876.8632782323,0.0,0.0,0.0,0,1.0,0.0
2022-06-30,1000876.8632782323,0.0,1000876.8632782323,0.0,0.0,0.0,0,1.0,0.0
2022-07-01,1000876.8632782323,0.0,1000876.8632782323,0.0,0.0,0.0,0,1.0,0.0
2022-07-05,1000876.8632782323,0.0,1000876.8632782323,0.0,0.0,0.0,0,1.0,0.0
2022-07-06,1000876.8632782323,0.0,1000876.8632782323,0.0,0.0,0.0,0,1.0,0.0
2022-07-07,1000876.8632782323,0.0,1000876.8632782323,0.0,0.0,0.0,0,1.0,0.0
2022-07-08,1000876.8632782323,0.0,1000876.8632782323,0.0,0.0,0.0,0,1.0,0.0
2022-07-11,1000876.8632782323,0.0,1000876.8632782323,0.0,0.0,0.0,0,1.0,0.0
2022-07-12,1000876.8632782323,0.0,1000876.8632782323,0.0,0.0,0.0,0,1.0,0.0
2022-07-13,1000876.8632782323,0.0,1000876.8632782323,0.0,0.0,0.0,0,1.0,0.0
2022-07-14,1000876.8632782323,0.0,1000876.8632782323,0.0,0.0,0.0,0,1.0,0.0
2022-07-15,1000876.8632782323,0.0,1000876.8632782323,0.0,0.0,0.0,0,1.0,0.0
2022-07-18,1000876.8632782323,0.0,1000876.8632782323,0.0,0.0,0.0,0,1.0,0.0
2022-07-19,1000876.8632782323,0.0,1000876.8632782323,0.0,0.0,0.0,0,1.0,0.0
2022-07-20,1000876.8632782323,0.0,1000876.8632782323,0.0,0.0,0.0,0,1.0,0.0
2022-07-21,1000876.8632782323,0.0,1000876.8632782323,0.0,0.0,0.0,0,1.0,0.0
2022-07-22,1000876.8632782323,0.0,1000876.8632782323,0.0,0.0,0.0,0,1.0,0.0
2022-07-25,1000876.8632782323,0.0,1000876.8632782323,0.0,0.0,0.0,0,1.0,0.0
2022-07-26,1000876.8632782323,0.0,1000876.8632782323,0.0,0.0,0.0,0,1.0,0.0
2022-07-27,1000876.8632782323,0.0,1000876.8632782323,0.0,0.0,0.0,0,1.0,0.0
2022-07-28,1000876.8632782323,0.0,1000876.8632782323,0.0,0.0,0.0,0,1.0,0.0
2022-07-29,1000876.8632782323,0.0,1000876.8632782323,0.0,0.0,0.0,0,1.0,0.0
2022-08-01,1000876.8632782323,0.0,1000876.8632782323,0.0,0.0,0.0,0,1.0,0.0
2022-08-02,1000876.8632782323,0.0,1000876.8632782323,0.0,0.0,0.0,0,1.0,0.0
2022-08-03,1000876.8632782323,0.0,1000876.8632782323,0.0,0.0,0.0,0,1.0,0.0
2022-08-04,1000876.8632782323,0.0,1000876.8632782323,0.0,0.0,0.0,0,1.0,0.0
2022-08-05,1000876.8632782323,0.0,1000876.8632782323,0.0,0.0,0.0,0,1.0,0.0
2022-08-08,1000876.8632782323,0.0,1000876.8632782323,0.0,0.0,0.0,0,1.0,0.0
2022-08-09,1000876.8632782323,0.0,1000876.8632782323,0.0,0.0,0.0,0,1.0,0.0
2022-08-10,1000876.8632782323,0.0,1000876.8632782323,0.0,0.0,0.0,0,1.0,0.0
2022-08-11,1000876.8632782323,0.0,1000876.8632782323,0.0,0.0,0.0,0,1.0,0.0
2022-08-12,1000876.8632782323,0.0,1000876.8632782323,0.0,0.0,0.0,0,1.0,0.0
2022-08-15,1000876.8632782323,0.0,1000876.8632782323,0.0,0.0,0.0,0,1.0,0.0
2022-08-16,1000876.8632782323,0.0,1000876.8632782323,0.0,0.0,0.0,0,1.0,0.0
2022-08-17,1000876.8632782323,0.0,1000876.8632782323,0.0,0.0,0.0,0,1.0,0.0
2022-08-18,1000876.8632782323,0.0,1000876.8632782323,0.0,0.0,0.0,0,1.0,0.0
2022-08-19,1000876.8632782323,0.0,1000876.8632782323,0.0,0.0,0.0,0,1.0,0.0
2022-08-22,1000876.8632782323,0.0,1000876.8632782323,0.0,0.0,0.0,0,1.0,0.0
2022-08-23,1000876.8632782323,0.0,1000876.8632782323,0.0,0.0,0.0,0,1.0,0.0
2022-08-24,1000876.8632782323,0.0,1000876.8632782323,0.0,0.0,0.0,0,1.0,0.0
2022-08-25,1000876.8632782323,0.0,1000876.8632782323,0.0,0.0,0.0,0,1.0,0.0
2022-08-26,1000876.8632782323,0.0,1000876.8632782323,0.0,0.0,0.0,0,1.0,0.0
2022-08-29,1000876.8632782323,0.0,1000876.8632782323,0.0,0.0,0.0,0,1.0,0.0
2022-08-30,1000876.8632782323,0.0,1000876.8632782323,0.0,0.0,0.0,0,1.0,0.0
2022-08-31,1000876.8632782323,0.0,1000876.8632782323,0.0,0.0,0.0,0,1.0,0.0
2022-09-01,1000876.8632782323,0.0,1000876.8632782323,0.0,0.0,0.0,0,1.0,0.0
2022-09-02,1000876.8632782323,0.0,1000876.8632782323,0.0,0.0,0.0,0,1.0,0.0
2022-09-06,1000876.8632782323,0.0,1000876.8632782323,0.0,0.0,0.0,0,1.0,0.0
2022-09-07,1000876.8632782323,0.0,1000876.8632782323,0.0,0.0,0.0,0,1.0,0.0
2022-09-08,1000876.8632782323,0.0,1000876.8632782323,0.0,0.0,0.0,0,1.0,0.0
2022-09-09,1000876.8632782323,0.0,1000876.8632782323,0.0,0.0,0.0,0,1.0,0.0
2022-09-12,1000876.8632782323,0.0,1000876.8632782323,0.0,0.0,0.0,0,1.0,0.0
2022-09-13,1000876.8632782323,0.0,1000876.8632782323,0.0,0.0,0.0,0,1.0,0.0
2022-09-14,1000876.8632782323,0.0,1000876.8632782323,0.0,0.0,0.0,0,1.0,0.0
2022-09-15,1000876.8632782323,0.0,1000876.8632782323,0.0,0.0,0.0,0,1.0,0.0
2022-09-16,1000876.8632782323,0.0,1000876.8632782323,0.0,0.0,0.0,0,1.0,0.0
2022-09-19,1000876.8632782323,0.0,1000876.8632782323,0.0,0.0,0.0,0,1.0,0.0
2022-09-20,1000876.8632782323,0.0,1000876.8632782323,0.0,0.0,0.0,0,1.0,0.0
2022-09-21,1000876.8632782323,0.0,1000876.8632782323,0.0,0.0,0.0,0,1.0,0.0
2022-09-22,1000876.8632782323,0.0,1000876.8632782323,0.0,0.0,0.0,0,1.0,0.0
2022-09-23,1000876.8632782323,0.0,1000876.8632782323,0.0,0.0,0.0,0,1.0,0.0
2022-09-26,1000876.8632782323,0.0,1000876.8632782323,0.0,0.0,0.0,0,1.0,0.0
2022-09-27,1000876.8632782323,0.0,1000876.8632782323,0.0,0.0,0.0,0,1.0,0.0
2022-09-28,1000876.8632782323,0.0,1000876.8632782323,0.0,0.0,0.0,0,1.0,0.0
2022-09-29,1000876.8632782323,0.0,1000876.8632782323,0.0,0.0,0.0,0,1.0,0.0
2022-09-30,1000876.8632782323,0.0,1000876.8632782323,0.0,0.0,0.0,0,1.0,0.0
2022-10-03,1000876.8632782323,0.0,1000876.8632782323,0.0,0.0,0.0,0,1.0,0.0
2022-10-04,1000876.8632782323,0.0,1000876.8632782323,0.0,0.0,0.0,0,1.0,0.0
2022-10-05,1000876.8632782323,0.0,1000876.8632782323,0.0,0.0,0.0,0,1.0,0.0
2022-10-06,1000876.8632782323,0.0,1000876.8632782323,0.0,0.0,0.0,0,1.0,0.0
2022-10-07,1000876.8632782323,0.0,1000876.8632782323,0.0,0.0,0.0,0,1.0,0.0
2022-10-10,1000876.8632782323,0.0,1000876.8632782323,0.0,0.0,0.0,0,1.0,0.0
2022-10-11,1000876.8632782323,0.0,1000876.8632782323,0.0,0.0,0.0,0,1.0,0.0
2022-10-12,1000876.8632782323,0.0,1000876.8632782323,0.0,0.0,0.0,0,1.0,0.0
2022-10-13,1000876.8632782323,0.0,1000876.8632782323,0.0,0.0,0.0,0,1.0,0.0
2022-10-14,1000876.8632782323,0.0,1000876.8632782323,0.0,0.0,0.0,0,1.0,0.0
2022-10-17,1000876.8632782323,0.0,1000876.8632782323,0.0,0.0,0.0,0,1.0,0.0
2022-10-18,1000876.8632782323,0.0,1000876.8632782323,0.0,0.0,0.0,0,1.0,0.0
2022-10-19,1000876.8632782323,0.0,1000876.8632782323,0.0,0.0,0.0,0,1.0,0.0
2022-10-20,1000876.8632782323,0.0,1000876.8632782323,0.0,0.0,0.0,0,1.0,0.0
2022-10-21,1000876.8632782323,0.0,1000876.8632782323,0.0,0.0,0.0,0,1.0,0.0
2022-10-24,1000876.8632782323,0.0,1000876.8632782323,0.0,0.0,0.0,0,1.0,0.0
2022-10-25,1000876.8632782323,0.0,1000876.8632782323,0.0,0.0,0.0,0,1.0,0.0
2022-10-26,1000876.8632782323,0.0,1000876.8632782323,0.0,0.0,0.0,0,1.0,0.0
2022-10-27,1000876.8632782323,0.0,1000876.8632782323,0.0,0.0,0.0,0,1.0,0.0
2022-10-28,1000876.8632782323,0.0,1000876.8632782323,0.0,0.0,0.0,0,1.0,0.0
2022-10-31,1000876.8632782323,0.0,1000876.8632782323,0.0,0.0,0.0,0,1.0,0.0
2022-11-01,1000876.8632782323,0.0,1000876.8632782323,0.0,0.0,0.0,0,1.0,0.0
2022-11-02,1000876.8632782323,0.0,1000876.8632782323,0.0,0.0,0.0,0,1.0,0.0
2022-11-03,1000876.8632782323,0.0,1000876.8632782323,0.0,0.0,0.0,0,1.0,0.0
2022-11-04,1000876.8632782323,0.0,1000876.8632782323,0.0,0.0,0.0,0,1.0,0.0
2022-11-07,1000876.8632782323,0.0,1000876.8632782323,0.0,0.0,0.0,0,1.0,0.0
2022-11-08,1000876.8632782323,0.0,1000876.8632782323,0.0,0.0,0.0,0,1.0,0.0
2022-11-09,1000876.8632782323,0.0,1000876.8632782323,0.0,0.0,0.0,0,1.0,0.0
2022-11-10,1000876.8632782323,0.0,1000876.8632782323,0.0,0.0,0.0,0,1.0,0.0
2022-11-11,1000876.8632782323,0.0,1000876.8632782323,0.0,0.0,0.0,0,1.0,0.0
2022-11-14,1000876.8632782323,0.0,1000876.8632782323,0.0,0.0,0.0,0,1.0,0.0
2022-11-15,1000876.8632782323,0.0,1000876.8632782323,0.0,0.0,0.0,0,1.0,0.0
2022-11-16,1000876.8632782323,0.0,1000876.8632782323,0.0,0.0,0.0,0,1.0,0.0
2022-11-17,1000876.8632782323,0.0,1000876.8632782323,0.0,0.0,0.0,0,1.0,0.0
2022-11-18,1000876.8632782323,0.0,1000876.8632782323,0.0,0.0,0.0,0,1.0,0.0
2022-11-21,1000876.8632782323,0.0,1000876.8632782323,0.0,0.0,0.0,0,1.0,0.0
2022-11-22,1000876.8632782323,0.0,1000876.8632782323,0.0,0.0,0.0,0,1.0,0.0
2022-11-23,1000876.8632782323,0.0,1000876.8632782323,0.0,0.0,0.0,0,1.0,0.0
2022-11-25,1000876.8632782323,0.0,1000876.8632782323,0.0,0.0,0.0,0,1.0,0.0
2022-11-28,1000876.8632782323,0.0,1000876.8632782323,0.0,0.0,0.0,0,1.0,0.0
2022-11-29,1000876.8632782323,0.0,1000876.8632782323,0.0,0.0,0.0,0,1.0,0.0
2022-11-30,1000876.8632782323,0.0,1000876.8632782323,0.0,0.0,0.0,0,1.0,0.0
2022-12-01,1000876.8632782323,0.0,1000876.8632782323,0.0,0.0,0.0,0,1.0,0.0
2022-12-02,1000876.8632782323,0.0,1000876.8632782323,0.0,0.0,0.0,0,1.0,0.0
2022-12-05,1000876.8632782323,0.0,1000876.8632782323,0.0,0.0,0.0,0,1.0,0.0
2022-12-06,1000876.8632782323,0.0,1000876.8632782323,0.0,0.0,0.0,0,1.0,0.0
2022-12-07,1000876.8632782323,0.0,1000876.8632782323,0.0,0.0,0.0,0,1.0,0.0
2022-12-08,1000876.8632782323,0.0,1000876.8632782323,0.0,0.0,0.0,0,1.0,0.0
2022-12-09,1000876.8632782323,0.0,1000876.8632782323,0.0,0.0,0.0,0,1.0,0.0
2022-12-12,1000876.8632782323,0.0,1000876.8632782323,0.0,0.0,0.0,0,1.0,0.0
2022-12-13,1000876.8632782323,0.0,1000876.8632782323,0.0,0.0,0.0,0,1.0,0.0
2022-12-14,1000876.8632782323,0.0,1000876.8632782323,0.0,0.0,0.0,0,1.0,0.0
2022-12-15,1000876.8632782323,0.0,1000876.8632782323,0.0,0.0,0.0,0,1.0,0.0
2022-12-16,1000876.8632782323,0.0,1000876.8632782323,0.0,0.0,0.0,0,1.0,0.0
2022-12-19,1000876.8632782323,0.0,1000876.8632782323,0.0,0.0,0.0,0,1.0,0.0
2022-12-20,1000876.8632782323,0.0,1000876.8632782323,0.0,0.0,0.0,0,1.0,0.0
2022-12-21,1000876.8632782323,0.0,1000876.8632782323,0.0,0.0,0.0,0,1.0,0.0
2022-12-22,1000876.8632782323,0.0,1000876.8632782323,0.0,0.0,0.0,0,1.0,0.0
2022-12-23,1000876.8632782323,0.0,1000876.8632782323,0.0,0.0,0.0,0,1.0,0.0
2022-12-27,1000876.8632782323,0.0,1000876.8632782323,0.0,0.0,0.0,0,1.0,0.0
2022-12-28,1000876.8632782323,0.0,1000876.8632782323,0.0,0.0,0.0,0,1.0,0.0
2022-12-29,1000849.2695727216,-2.7569530801518916e-05,988686.2676352818,25021.92158195581,37880.84122647188,12163.001937439734,3,1.0,0.0
2022-12-30,1000713.8423607317,-0.0001353122953745567,988686.0916062654,24852.799371185567,37677.847987904854,12027.75075446628,3,1.0,0.17602901635203386
2023-01-03,1000828.3832397391,0.00011445917320096477,988685.3893448764,24914.05006372798,37685.10623259324,12142.993894862719,3,1.0,0.7022613890058474
2023-01-04,1000927.8264934376,9.93609447572652e-05,988685.2145186454,25112.263031618997,37981.914088445774,12242.611974792224,3,1.0,0.17482623092218016
2023-01-05,1001083.183343579,0.00015521283955655107,988685.0383427241,25120.909796742195,37843.67459262956,12398.14500085483,3,1.0,0.17617592138024335
2023-01-06,1000481.0974295657,-0.0006014344502344171,1000481.0974295657,0.0,0.0,0.0,0,1.0,0.17416515805458402
2023-01-09,1000481.0974295657,0.0,1000481.0974295657,0.0,0.0,0.0,0,1.0,0.0
2023-01-10,1000481.0974295657,0.0,1000481.0974295657,0.0,0.0,0.0,0,1.0,0.0
2023-01-11,1000481.0974295657,0.0,1000481.0974295657,0.0,0.0,0.0,0,1.0,0.0
2023-01-12,1000481.0974295657,0.0,1000481.0974295657,0.0,0.0,0.0,0,1.0,0.0
2023-01-13,1000481.0974295657,0.0,1000481.0974295657,0.0,0.0,0.0,0,1.0,0.0
2023-01-17,1000481.0974295657,0.0,1000481.0974295657,0.0,0.0,0.0,0,1.0,0.0
2023-01-18,1000481.0974295657,0.0,1000481.0974295657,0.0,0.0,0.0,0,1.0,0.0
2023-01-19,1000481.0974295657,0.0,1000481.0974295657,0.0,0.0,0.0,0,1.0,0.0
2023-01-20,1000481.0974295657,0.0,1000481.0974295657,0.0,0.0,0.0,0,1.0,0.0
2023-01-23,1000481.0974295657,0.0,1000481.0974295657,0.0,0.0,0.0,0,1.0,0.0
2023-01-24,1000481.0974295657,0.0,1000481.0974295657,0.0,0.0,0.0,0,1.0,0.0
2023-01-25,1000481.0974295657,0.0,1000481.0974295657,0.0,0.0,0.0,0,1.0,0.0
2023-01-26,1000481.0974295657,0.0,1000481.0974295657,0.0,0.0,0.0,0,1.0,0.0
2023-01-27,1000481.0974295657,0.0,1000481.0974295657,0.0,0.0,0.0,0,1.0,0.0
2023-01-30,1000481.0974295657,0.0,1000481.0974295657,0.0,0.0,0.0,0,1.0,0.0
2023-01-31,1000481.0974295657,0.0,1000481.0974295657,0.0,0.0,0.0,0,1.0,0.0
2023-02-01,1000481.0974295657,0.0,1000481.0974295657,0.0,0.0,0.0,0,1.0,0.0
2023-02-02,1000481.0974295657,0.0,1000481.0974295657,0.0,0.0,0.0,0,1.0,0.0
2023-02-03,1000481.0974295657,0.0,1000481.0974295657,0.0,0.0,0.0,0,1.0,0.0
2023-02-06,1000481.0974295657,0.0,1000481.0974295657,0.0,0.0,0.0,0,1.0,0.0
2023-02-07,1000481.0974295657,0.0,1000481.0974295657,0.0,0.0,0.0,0,1.0,0.0
2023-02-08,1000481.0974295657,0.0,1000481.0974295657,0.0,0.0,0.0,0,1.0,0.0
2023-02-09,1000481.0974295657,0.0,1000481.0974295657,0.0,0.0,0.0,0,1.0,0.0
2023-02-10,1000481.0974295657,0.0,1000481.0974295657,0.0,0.0,0.0,0,1.0,0.0
2023-02-13,1000481.0974295657,0.0,1000481.0974295657,0.0,0.0,0.0,0,1.0,0.0
2023-02-14,1000481.0974295657,0.0,1000481.0974295657,0.0,0.0,0.0,0,1.0,0.0
2023-02-15,1000481.0974295657,0.0,1000481.0974295657,0.0,0.0,0.0,0,1.0,0.0
2023-02-16,1000481.0974295657,0.0,1000481.0974295657,0.0,0.0,0.0,0,1.0,0.0
2023-02-17,1000481.0974295657,0.0,1000481.0974295657,0.0,0.0,0.0,0,1.0,0.0
2023-02-21,1000481.0974295657,0.0,1000481.0974295657,0.0,0.0,0.0,0,1.0,0.0
2023-02-22,1000481.0974295657,0.0,1000481.0974295657,0.0,0.0,0.0,0,1.0,0.0
2023-02-23,1000481.0974295657,0.0,1000481.0974295657,0.0,0.0,0.0,0,1.0,0.0
2023-02-24,1000481.0974295657,0.0,1000481.0974295657,0.0,0.0,0.0,0,1.0,0.0
2023-02-27,1000481.0974295657,0.0,1000481.0974295657,0.0,0.0,0.0,0,1.0,0.0
2023-02-28,1000481.0974295657,0.0,1000481.0974295657,0.0,0.0,0.0,0,1.0,0.0
2023-03-01,1000481.0974295657,0.0,1000481.0974295657,0.0,0.0,0.0,0,1.0,0.0
2023-03-02,1000481.0974295657,0.0,1000481.0974295657,0.0,0.0,0.0,0,1.0,0.0
2023-03-03,1000481.0974295657,0.0,1000481.0974295657,0.0,0.0,0.0,0,1.0,0.0
2023-03-06,1000481.0974295657,0.0,1000481.0974295657,0.0,0.0,0.0,0,1.0,0.0
2023-03-07,1000481.0974295657,0.0,1000481.0974295657,0.0,0.0,0.0,0,1.0,0.0
2023-03-08,1000481.0974295657,0.0,1000481.0974295657,0.0,0.0,0.0,0,1.0,0.0
2023-03-09,1000481.0974295657,0.0,1000481.0974295657,0.0,0.0,0.0,0,1.0,0.0
2023-03-10,1000481.0974295657,0.0,1000481.0974295657,0.0,0.0,0.0,0,1.0,0.0
2023-03-13,1000481.0974295657,0.0,1000481.0974295657,0.0,0.0,0.0,0,1.0,0.0
2023-03-14,1000481.0974295657,0.0,1000481.0974295657,0.0,0.0,0.0,0,1.0,0.0
2023-03-15,1000481.0974295657,0.0,1000481.0974295657,0.0,0.0,0.0,0,1.0,0.0
2023-03-16,1000481.0974295657,0.0,1000481.0974295657,0.0,0.0,0.0,0,1.0,0.0
2023-03-17,1000481.0974295657,0.0,1000481.0974295657,0.0,0.0,0.0,0,1.0,0.0
2023-03-20,1000481.0974295657,0.0,1000481.0974295657,0.0,0.0,0.0,0,1.0,0.0
2023-03-21,1000481.0974295657,0.0,1000481.0974295657,0.0,0.0,0.0,0,1.0,0.0
2023-03-22,1000481.0974295657,0.0,1000481.0974295657,0.0,0.0,0.0,0,1.0,0.0
2023-03-23,1000481.0974295657,0.0,1000481.0974295657,0.0,0.0,0.0,0,1.0,0.0
2023-03-24,1000481.0974295657,0.0,1000481.0974295657,0.0,0.0,0.0,0,1.0,0.0
2023-03-27,1000481.0974295657,0.0,1000481.0974295657,0.0,0.0,0.0,0,1.0,0.0
2023-03-28,1000481.0974295657,0.0,1000481.0974295657,0.0,0.0,0.0,0,1.0,0.0
2023-03-29,1000481.0974295657,0.0,1000481.0974295657,0.0,0.0,0.0,0,1.0,0.0
2023-03-30,1000481.0974295657,0.0,1000481.0974295657,0.0,0.0,0.0,0,1.0,0.0
2023-03-31,1000481.0974295657,0.0,1000481.0974295657,0.0,0.0,0.0,0,1.0,0.0
2023-04-03,1000481.0974295657,0.0,1000481.0974295657,0.0,0.0,0.0,0,1.0,0.0
2023-04-04,1000481.0974295657,0.0,1000481.0974295657,0.0,0.0,0.0,0,1.0,0.0
2023-04-05,1000481.0974295657,0.0,1000481.0974295657,0.0,0.0,0.0,0,1.0,0.0
2023-04-06,1000481.0974295657,0.0,1000481.0974295657,0.0,0.0,0.0,0,1.0,0.0
2023-04-10,1000481.0974295657,0.0,1000481.0974295657,0.0,0.0,0.0,0,1.0,0.0
2023-04-11,1000481.0974295657,0.0,1000481.0974295657,0.0,0.0,0.0,0,1.0,0.0
2023-04-12,1000481.0974295657,0.0,1000481.0974295657,0.0,0.0,0.0,0,1.0,0.0
2023-04-13,1000481.0974295657,0.0,1000481.0974295657,0.0,0.0,0.0,0,1.0,0.0
2023-04-14,1000481.0974295657,0.0,1000481.0974295657,0.0,0.0,0.0,0,1.0,0.0
2023-04-17,1000481.0974295657,0.0,1000481.0974295657,0.0,0.0,0.0,0,1.0,0.0
2023-04-18,1000481.0974295657,0.0,1000481.0974295657,0.0,0.0,0.0,0,1.0,0.0
2023-04-19,1000481.0974295657,0.0,1000481.0974295657,0.0,0.0,0.0,0,1.0,0.0
2023-04-20,1000481.0974295657,0.0,1000481.0974295657,0.0,0.0,0.0,0,1.0,0.0
2023-04-21,1000481.0974295657,0.0,1000481.0974295657,0.0,0.0,0.0,0,1.0,0.0
2023-04-24,1000481.0974295657,0.0,1000481.0974295657,0.0,0.0,0.0,0,1.0,0.0
2023-04-25,1000481.0974295657,0.0,1000481.0974295657,0.0,0.0,0.0,0,1.0,0.0
2023-04-26,1000481.0974295657,0.0,1000481.0974295657,0.0,0.0,0.0,0,1.0,0.0
2023-04-27,1000481.0974295657,0.0,1000481.0974295657,0.0,0.0,0.0,0,1.0,0.0
2023-04-28,1000481.0974295657,0.0,1000481.0974295657,0.0,0.0,0.0,0,1.0,0.0
2023-05-01,1000481.0974295657,0.0,1000481.0974295657,0.0,0.0,0.0,0,1.0,0.0
2023-05-02,1000481.0974295657,0.0,1000481.0974295657,0.0,0.0,0.0,0,1.0,0.0
2023-05-03,1000481.0974295657,0.0,1000481.0974295657,0.0,0.0,0.0,0,1.0,0.0
2023-05-04,1000481.0974295657,0.0,1000481.0974295657,0.0,0.0,0.0,0,1.0,0.0
2023-05-05,1000481.0974295657,0.0,1000481.0974295657,0.0,0.0,0.0,0,1.0,0.0
2023-05-08,1000481.0974295657,0.0,1000481.0974295657,0.0,0.0,0.0,0,1.0,0.0
2023-05-09,1000481.0974295657,0.0,1000481.0974295657,0.0,0.0,0.0,0,1.0,0.0
2023-05-10,1000481.0974295657,0.0,1000481.0974295657,0.0,0.0,0.0,0,1.0,0.0
2023-05-11,1000481.0974295657,0.0,1000481.0974295657,0.0,0.0,0.0,0,1.0,0.0
2023-05-12,1000481.0974295657,0.0,1000481.0974295657,0.0,0.0,0.0,0,1.0,0.0
2023-05-15,1000481.0974295657,0.0,1000481.0974295657,0.0,0.0,0.0,0,1.0,0.0
2023-05-16,1000481.0974295657,0.0,1000481.0974295657,0.0,0.0,0.0,0,1.0,0.0
2023-05-17,1000481.0974295657,0.0,1000481.0974295657,0.0,0.0,0.0,0,1.0,0.0
2023-05-18,1000481.0974295657,0.0,1000481.0974295657,0.0,0.0,0.0,0,1.0,0.0
2023-05-19,1000481.0974295657,0.0,1000481.0974295657,0.0,0.0,0.0,0,1.0,0.0
2023-05-22,1000481.0974295657,0.0,1000481.0974295657,0.0,0.0,0.0,0,1.0,0.0
2023-05-23,1000481.0974295657,0.0,1000481.0974295657,0.0,0.0,0.0,0,1.0,0.0
2023-05-24,1000481.0974295657,0.0,1000481.0974295657,0.0,0.0,0.0,0,1.0,0.0
2023-05-25,1000481.0974295657,0.0,1000481.0974295657,0.0,0.0,0.0,0,1.0,0.0
2023-05-26,1000481.0974295657,0.0,1000481.0974295657,0.0,0.0,0.0,0,1.0,0.0
2023-05-30,1000481.0974295657,0.0,1000481.0974295657,0.0,0.0,0.0,0,1.0,0.0
2023-05-31,1000481.0974295657,0.0,1000481.0974295657,0.0,0.0,0.0,0,1.0,0.0
2023-06-01,1000481.0974295657,0.0,1000481.0974295657,0.0,0.0,0.0,0,1.0,0.0
2023-06-02,1000481.0974295657,0.0,1000481.0974295657,0.0,0.0,0.0,0,1.0,0.0
2023-06-05,1000481.0974295657,0.0,1000481.0974295657,0.0,0.0,0.0,0,1.0,0.0
2023-06-06,1000481.0974295657,0.0,1000481.0974295657,0.0,0.0,0.0,0,1.0,0.0
2023-06-07,1000481.0974295657,0.0,1000481.0974295657,0.0,0.0,0.0,0,1.0,0.0
2023-06-08,1000481.0974295657,0.0,1000481.0974295657,0.0,0.0,0.0,0,1.0,0.0
2023-06-09,1000481.0974295657,0.0,1000481.0974295657,0.0,0.0,0.0,0,1.0,0.0
2023-06-12,1000481.0974295657,0.0,1000481.0974295657,0.0,0.0,0.0,0,1.0,0.0
2023-06-13,1000481.0974295657,0.0,1000481.0974295657,0.0,0.0,0.0,0,1.0,0.0
2023-06-14,1000481.0974295657,0.0,1000481.0974295657,0.0,0.0,0.0,0,1.0,0.0
2023-06-15,1000481.0974295657,0.0,1000481.0974295657,0.0,0.0,0.0,0,1.0,0.0
2023-06-16,1000481.0974295657,0.0,1000481.0974295657,0.0,0.0,0.0,0,1.0,0.0
2023-06-20,1000481.0974295657,0.0,1000481.0974295657,0.0,0.0,0.0,0,1.0,0.0
2023-06-21,1000481.0974295657,0.0,1000481.0974295657,0.0,0.0,0.0,0,1.0,0.0
2023-06-22,1000481.0974295657,0.0,1000481.0974295657,0.0,0.0,0.0,0,1.0,0.0
2023-06-23,1000481.0974295657,0.0,1000481.0974295657,0.0,0.0,0.0,0,1.0,0.0
2023-06-26,1000481.0974295657,0.0,1000481.0974295657,0.0,0.0,0.0,0,1.0,0.0
2023-06-27,1000481.0974295657,0.0,1000481.0974295657,0.0,0.0,0.0,0,1.0,0.0
2023-06-28,1000481.0974295657,0.0,1000481.0974295657,0.0,0.0,0.0,0,1.0,0.0
2023-06-29,1000481.0974295657,0.0,1000481.0974295657,0.0,0.0,0.0,0,1.0,0.0
2023-06-30,1000481.0974295657,0.0,1000481.0974295657,0.0,0.0,0.0,0,1.0,0.0
2023-07-03,1000481.0974295657,0.0,1000481.0974295657,0.0,0.0,0.0,0,1.0,0.0
2023-07-05,1000481.0974295657,0.0,1000481.0974295657,0.0,0.0,0.0,0,1.0,0.0
2023-07-06,1000481.0974295657,0.0,1000481.0974295657,0.0,0.0,0.0,0,1.0,0.0
2023-07-07,1000481.0974295657,0.0,1000481.0974295657,0.0,0.0,0.0,0,1.0,0.0
2023-07-10,1000481.0974295657,0.0,1000481.0974295657,0.0,0.0,0.0,0,1.0,0.0
2023-07-11,1000481.0974295657,0.0,1000481.0974295657,0.0,0.0,0.0,0,1.0,0.0
2023-07-12,1000481.0974295657,0.0,1000481.0974295657,0.0,0.0,0.0,0,1.0,0.0
2023-07-13,1000481.0974295657,0.0,1000481.0974295657,0.0,0.0,0.0,0,1.0,0.0
2023-07-14,1000481.0974295657,0.0,1000481.0974295657,0.0,0.0,0.0,0,1.0,0.0
2023-07-17,1000481.0974295657,0.0,1000481.0974295657,0.0,0.0,0.0,0,1.0,0.0
2023-07-18,1000481.0974295657,0.0,1000481.0974295657,0.0,0.0,0.0,0,1.0,0.0
2023-07-19,1000481.0974295657,0.0,1000481.0974295657,0.0,0.0,0.0,0,1.0,0.0
2023-07-20,1000481.0974295657,0.0,1000481.0974295657,0.0,0.0,0.0,0,1.0,0.0
2023-07-21,1000481.0974295657,0.0,1000481.0974295657,0.0,0.0,0.0,0,1.0,0.0
2023-07-24,1000481.0974295657,0.0,1000481.0974295657,0.0,0.0,0.0,0,1.0,0.0
2023-07-25,1000481.0974295657,0.0,1000481.0974295657,0.0,0.0,0.0,0,1.0,0.0
2023-07-26,1000481.0974295657,0.0,1000481.0974295657,0.0,0.0,0.0,0,1.0,0.0
2023-07-27,1000481.0974295657,0.0,1000481.0974295657,0.0,0.0,0.0,0,1.0,0.0
2023-07-28,1000481.0974295657,0.0,1000481.0974295657,0.0,0.0,0.0,0,1.0,0.0
2023-07-31,1000481.0974295657,0.0,1000481.0974295657,0.0,0.0,0.0,0,1.0,0.0
2023-08-01,1000481.0974295657,0.0,1000481.0974295657,0.0,0.0,0.0,0,1.0,0.0
2023-08-02,1000481.0974295657,0.0,1000481.0974295657,0.0,0.0,0.0,0,1.0,0.0
2023-08-03,1000481.0974295657,0.0,1000481.0974295657,0.0,0.0,0.0,0,1.0,0.0
2023-08-04,1000481.0974295657,0.0,1000481.0974295657,0.0,0.0,0.0,0,1.0,0.0
2023-08-07,1000481.0974295657,0.0,1000481.0974295657,0.0,0.0,0.0,0,1.0,0.0
2023-08-08,1000481.0974295657,0.0,1000481.0974295657,0.0,0.0,0.0,0,1.0,0.0
2023-08-09,1000481.0974295657,0.0,1000481.0974295657,0.0,0.0,0.0,0,1.0,0.0
2023-08-10,1000481.0974295657,0.0,1000481.0974295657,0.0,0.0,0.0,0,1.0,0.0
2023-08-11,1000481.0974295657,0.0,1000481.0974295657,0.0,0.0,0.0,0,1.0,0.0
2023-08-14,1000481.0974295657,0.0,1000481.0974295657,0.0,0.0,0.0,0,1.0,0.0
2023-08-15,1000481.0974295657,0.0,1000481.0974295657,0.0,0.0,0.0,0,1.0,0.0
2023-08-16,1000481.0974295657,0.0,1000481.0974295657,0.0,0.0,0.0,0,1.0,0.0
2023-08-17,1000481.0974295657,0.0,1000481.0974295657,0.0,0.0,0.0,0,1.0,0.0
2023-08-18,1000481.0974295657,0.0,1000481.0974295657,0.0,0.0,0.0,0,1.0,0.0
2023-08-21,1000481.0974295657,0.0,1000481.0974295657,0.0,0.0,0.0,0,1.0,0.0
2023-08-22,1000481.0974295657,0.0,1000481.0974295657,0.0,0.0,0.0,0,1.0,0.0
2023-08-23,1000481.0974295657,0.0,1000481.0974295657,0.0,0.0,0.0,0,1.0,0.0
2023-08-24,1000481.0974295657,0.0,1000481.0974295657,0.0,0.0,0.0,0,1.0,0.0
2023-08-25,1000481.0974295657,0.0,1000481.0974295657,0.0,0.0,0.0,0,1.0,0.0
2023-08-28,1000481.0974295657,0.0,1000481.0974295657,0.0,0.0,0.0,0,1.0,0.0
2023-08-29,1000481.0974295657,0.0,1000481.0974295657,0.0,0.0,0.0,0,1.0,0.0
2023-08-30,1000481.0974295657,0.0,1000481.0974295657,0.0,0.0,0.0,0,1.0,0.0
2023-08-31,1000481.0974295657,0.0,1000481.0974295657,0.0,0.0,0.0,0,1.0,0.0
2023-09-01,1000481.0974295657,0.0,1000481.0974295657,0.0,0.0,0.0,0,1.0,0.0
2023-09-05,1000481.0974295657,0.0,1000481.0974295657,0.0,0.0,0.0,0,1.0,0.0
2023-09-06,1000481.0974295657,0.0,1000481.0974295657,0.0,0.0,0.0,0,1.0,0.0
2023-09-07,1000481.0974295657,0.0,1000481.0974295657,0.0,0.0,0.0,0,1.0,0.0
2023-09-08,1000481.0974295657,0.0,1000481.0974295657,0.0,0.0,0.0,0,1.0,0.0
2023-09-11,1000481.0974295657,0.0,1000481.0974295657,0.0,0.0,0.0,0,1.0,0.0
2023-09-12,1000481.0974295657,0.0,1000481.0974295657,0.0,0.0,0.0,0,1.0,0.0
2023-09-13,1000481.0974295657,0.0,1000481.0974295657,0.0,0.0,0.0,0,1.0,0.0
2023-09-14,1000481.0974295657,0.0,1000481.0974295657,0.0,0.0,0.0,0,1.0,0.0
2023-09-15,1000481.0974295657,0.0,1000481.0974295657,0.0,0.0,0.0,0,1.0,0.0
2023-09-18,1000481.0974295657,0.0,1000481.0974295657,0.0,0.0,0.0,0,1.0,0.0
2023-09-19,1000481.0974295657,0.0,1000481.0974295657,0.0,0.0,0.0,0,1.0,0.0
2023-09-20,1000481.0974295657,0.0,1000481.0974295657,0.0,0.0,0.0,0,1.0,0.0
2023-09-21,1000481.0974295657,0.0,1000481.0974295657,0.0,0.0,0.0,0,1.0,0.0
2023-09-22,1000481.0974295657,0.0,1000481.0974295657,0.0,0.0,0.0,0,1.0,0.0
2023-09-25,1000481.0974295657,0.0,1000481.0974295657,0.0,0.0,0.0,0,1.0,0.0
2023-09-26,1000481.0974295657,0.0,1000481.0974295657,0.0,0.0,0.0,0,1.0,0.0
2023-09-27,1000481.0974295657,0.0,1000481.0974295657,0.0,0.0,0.0,0,1.0,0.0
2023-09-28,1000481.0974295657,0.0,1000481.0974295657,0.0,0.0,0.0,0,1.0,0.0
2023-09-29,1000481.0974295657,0.0,1000481.0974295657,0.0,0.0,0.0,0,1.0,0.0
2023-10-02,1000481.0974295657,0.0,1000481.0974295657,0.0,0.0,0.0,0,1.0,0.0
2023-10-03,1000481.0974295657,0.0,1000481.0974295657,0.0,0.0,0.0,0,1.0,0.0
2023-10-04,1000481.0974295657,0.0,1000481.0974295657,0.0,0.0,0.0,0,1.0,0.0
2023-10-05,1000481.0974295657,0.0,1000481.0974295657,0.0,0.0,0.0,0,1.0,0.0
2023-10-06,1000481.0974295657,0.0,1000481.0974295657,0.0,0.0,0.0,0,1.0,0.0
2023-10-09,1000481.0974295657,0.0,1000481.0974295657,0.0,0.0,0.0,0,1.0,0.0
2023-10-10,1000481.0974295657,0.0,1000481.0974295657,0.0,0.0,0.0,0,1.0,0.0
2023-10-11,1000481.0974295657,0.0,1000481.0974295657,0.0,0.0,0.0,0,1.0,0.0
2023-10-12,1000481.0974295657,0.0,1000481.0974295657,0.0,0.0,0.0,0,1.0,0.0
2023-10-13,1000481.0974295657,0.0,1000481.0974295657,0.0,0.0,0.0,0,1.0,0.0
2023-10-16,1000481.0974295657,0.0,1000481.0974295657,0.0,0.0,0.0,0,1.0,0.0
2023-10-17,1000481.0974295657,0.0,1000481.0974295657,0.0,0.0,0.0,0,1.0,0.0
2023-10-18,1000481.0974295657,0.0,1000481.0974295657,0.0,0.0,0.0,0,1.0,0.0
2023-10-19,1000481.0974295657,0.0,1000481.0974295657,0.0,0.0,0.0,0,1.0,0.0
2023-10-20,1000481.0974295657,0.0,1000481.0974295657,0.0,0.0,0.0,0,1.0,0.0
2023-10-23,1000481.0974295657,0.0,1000481.0974295657,0.0,0.0,0.0,0,1.0,0.0
2023-10-24,1000481.0974295657,0.0,1000481.0974295657,0.0,0.0,0.0,0,1.0,0.0
2023-10-25,1000481.0974295657,0.0,1000481.0974295657,0.0,0.0,0.0,0,1.0,0.0
2023-10-26,1000481.0974295657,0.0,1000481.0974295657,0.0,0.0,0.0,0,1.0,0.0
2023-10-27,1000481.0974295657,0.0,1000481.0974295657,0.0,0.0,0.0,0,1.0,0.0
2023-10-30,1000481.0974295657,0.0,1000481.0974295657,0.0,0.0,0.0,0,1.0,0.0
2023-10-31,1000481.0974295657,0.0,1000481.0974295657,0.0,0.0,0.0,0,1.0,0.0
2023-11-01,1000481.0974295657,0.0,1000481.0974295657,0.0,0.0,0.0,0,1.0,0.0
2023-11-02,1000481.0974295657,0.0,1000481.0974295657,0.0,0.0,0.0,0,1.0,0.0
2023-11-03,1000481.0974295657,0.0,1000481.0974295657,0.0,0.0,0.0,0,1.0,0.0
2023-11-06,1000481.0974295657,0.0,1000481.0974295657,0.0,0.0,0.0,0,1.0,0.0
2023-11-07,1000481.0974295657,0.0,1000481.0974295657,0.0,0.0,0.0,0,1.0,0.0
2023-11-08,1000481.0974295657,0.0,1000481.0974295657,0.0,0.0,0.0,0,1.0,0.0
2023-11-09,1000481.0974295657,0.0,1000481.0974295657,0.0,0.0,0.0,0,1.0,0.0
2023-11-10,1000481.0974295657,0.0,1000481.0974295657,0.0,0.0,0.0,0,1.0,0.0
2023-11-13,1000481.0974295657,0.0,1000481.0974295657,0.0,0.0,0.0,0,1.0,0.0
2023-11-14,1000481.0974295657,0.0,1000481.0974295657,0.0,0.0,0.0,0,1.0,0.0
2023-11-15,1000481.0974295657,0.0,1000481.0974295657,0.0,0.0,0.0,0,1.0,0.0
2023-11-16,1000481.0974295657,0.0,1000481.0974295657,0.0,0.0,0.0,0,1.0,0.0
2023-11-17,1000481.0974295657,0.0,1000481.0974295657,0.0,0.0,0.0,0,1.0,0.0
2023-11-20,1000481.0974295657,0.0,1000481.0974295657,0.0,0.0,0.0,0,1.0,0.0
2023-11-21,1000481.0974295657,0.0,1000481.0974295657,0.0,0.0,0.0,0,1.0,0.0
2023-11-22,1000481.0974295657,0.0,1000481.0974295657,0.0,0.0,0.0,0,1.0,0.0
2023-11-24,1000481.0974295657,0.0,1000481.0974295657,0.0,0.0,0.0,0,1.0,0.0
2023-11-27,1000481.0974295657,0.0,1000481.0974295657,0.0,0.0,0.0,0,1.0,0.0
2023-11-28,1000481.0974295657,0.0,1000481.0974295657,0.0,0.0,0.0,0,1.0,0.0
2023-11-29,1000481.0974295657,0.0,1000481.0974295657,0.0,0.0,0.0,0,1.0,0.0
2023-11-30,1000481.0974295657,0.0,1000481.0974295657,0.0,0.0,0.0,0,1.0,0.0
2023-12-01,1000481.0974295657,0.0,1000481.0974295657,0.0,0.0,0.0,0,1.0,0.0
2023-12-04,1000481.0974295657,0.0,1000481.0974295657,0.0,0.0,0.0,0,1.0,0.0
2023-12-05,1000481.0974295657,0.0,1000481.0974295657,0.0,0.0,0.0,0,1.0,0.0
2023-12-06,1000481.0974295657,0.0,1000481.0974295657,0.0,0.0,0.0,0,1.0,0.0
2023-12-07,1000481.0974295657,0.0,1000481.0974295657,0.0,0.0,0.0,0,1.0,0.0
2023-12-08,1000481.0974295657,0.0,1000481.0974295657,0.0,0.0,0.0,0,1.0,0.0
2023-12-11,1000481.0974295657,0.0,1000481.0974295657,0.0,0.0,0.0,0,1.0,0.0
2023-12-12,1000481.0974295657,0.0,1000481.0974295657,0.0,0.0,0.0,0,1.0,0.0
2023-12-13,1000481.0974295657,0.0,1000481.0974295657,0.0,0.0,0.0,0,1.0,0.0
2023-12-14,1000481.0974295657,0.0,1000481.0974295657,0.0,0.0,0.0,0,1.0,0.0
2023-12-15,1000481.0974295657,0.0,1000481.0974295657,0.0,0.0,0.0,0,1.0,0.0
2023-12-18,1000481.0974295657,0.0,1000481.0974295657,0.0,0.0,0.0,0,1.0,0.0
2023-12-19,1000481.0974295657,0.0,1000481.0974295657,0.0,0.0,0.0,0,1.0,0.0
2023-12-20,1000481.0974295657,0.0,1000481.0974295657,0.0,0.0,0.0,0,1.0,0.0
2023-12-21,1000481.0974295657,0.0,1000481.0974295657,0.0,0.0,0.0,0,1.0,0.0
2023-12-22,1000481.0974295657,0.0,1000481.0974295657,0.0,0.0,0.0,0,1.0,0.0
2023-12-26,1000481.0974295657,0.0,1000481.0974295657,0.0,0.0,0.0,0,1.0,0.0
2023-12-27,1000481.0974295657,0.0,1000481.0974295657,0.0,0.0,0.0,0,1.0,0.0
2023-12-28,1000481.0974295657,0.0,1000481.0974295657,0.0,0.0,0.0,0,1.0,0.0
2023-12-29,1000481.0974295657,0.0,1000481.0974295657,0.0,0.0,0.0,0,1.0,0.0
2024-01-02,1000481.0974295657,0.0,1000481.0974295657,0.0,0.0,0.0,0,1.0,0.0
2024-01-03,1000481.0974295657,0.0,1000481.0974295657,0.0,0.0,0.0,0,1.0,0.0
2024-01-04,1000481.0974295657,0.0,1000481.0974295657,0.0,0.0,0.0,0,1.0,0.0
2024-01-05,1000481.0974295657,0.0,1000481.0974295657,0.0,0.0,0.0,0,1.0,0.0
2024-01-08,1000481.0974295657,0.0,1000481.0974295657,0.0,0.0,0.0,0,1.0,0.0
2024-01-09,1000481.0974295657,0.0,1000481.0974295657,0.0,0.0,0.0,0,1.0,0.0
2024-01-10,1000481.0974295657,0.0,1000481.0974295657,0.0,0.0,0.0,0,1.0,0.0
2024-01-11,1000481.0974295657,0.0,1000481.0974295657,0.0,0.0,0.0,0,1.0,0.0
2024-01-12,1000481.0974295657,0.0,1000481.0974295657,0.0,0.0,0.0,0,1.0,0.0
2024-01-16,1000481.0974295657,0.0,1000481.0974295657,0.0,0.0,0.0,0,1.0,0.0
2024-01-17,1000481.0974295657,0.0,1000481.0974295657,0.0,0.0,0.0,0,1.0,0.0
2024-01-18,1000481.0974295657,0.0,1000481.0974295657,0.0,0.0,0.0,0,1.0,0.0
2024-01-19,1000481.0974295657,0.0,1000481.0974295657,0.0,0.0,0.0,0,1.0,0.0
2024-01-22,1000481.0974295657,0.0,1000481.0974295657,0.0,0.0,0.0,0,1.0,0.0
2024-01-23,1000481.0974295657,0.0,1000481.0974295657,0.0,0.0,0.0,0,1.0,0.0
2024-01-24,1000481.0974295657,0.0,1000481.0974295657,0.0,0.0,0.0,0,1.0,0.0
2024-01-25,1000481.0974295657,0.0,1000481.0974295657,0.0,0.0,0.0,0,1.0,0.0
2024-01-26,1000481.0974295657,0.0,1000481.0974295657,0.0,0.0,0.0,0,1.0,0.0
2024-01-29,1000481.0974295657,0.0,1000481.0974295657,0.0,0.0,0.0,0,1.0,0.0
2024-01-30,1000481.0974295657,0.0,1000481.0974295657,0.0,0.0,0.0,0,1.0,0.0
2024-01-31,1000481.0974295657,0.0,1000481.0974295657,0.0,0.0,0.0,0,1.0,0.0
2024-02-01,1000481.0974295657,0.0,1000481.0974295657,0.0,0.0,0.0,0,1.0,0.0
2024-02-02,1000481.0974295657,0.0,1000481.0974295657,0.0,0.0,0.0,0,1.0,0.0
2024-02-05,1000481.0974295657,0.0,1000481.0974295657,0.0,0.0,0.0,0,1.0,0.0
2024-02-06,1000481.0974295657,0.0,1000481.0974295657,0.0,0.0,0.0,0,1.0,0.0
2024-02-07,1000481.0974295657,0.0,1000481.0974295657,0.0,0.0,0.0,0,1.0,0.0
2024-02-08,1000481.0974295657,0.0,1000481.0974295657,0.0,0.0,0.0,0,1.0,0.0
2024-02-09,1000481.0974295657,0.0,1000481.0974295657,0.0,0.0,0.0,0,1.0,0.0
2024-02-12,1000481.0974295657,0.0,1000481.0974295657,0.0,0.0,0.0,0,1.0,0.0
2024-02-13,1000481.0974295657,0.0,1000481.0974295657,0.0,0.0,0.0,0,1.0,0.0
2024-02-14,1000481.0974295657,0.0,1000481.0974295657,0.0,0.0,0.0,0,1.0,0.0
2024-02-15,1000481.0974295657,0.0,1000481.0974295657,0.0,0.0,0.0,0,1.0,0.0
2024-02-16,1000481.0974295657,0.0,1000481.0974295657,0.0,0.0,0.0,0,1.0,0.0
2024-02-20,1000481.0974295657,0.0,1000481.0974295657,0.0,0.0,0.0,0,1.0,0.0
2024-02-21,1000481.0974295657,0.0,1000481.0974295657,0.0,0.0,0.0,0,1.0,0.0
2024-02-22,1000481.0974295657,0.0,1000481.0974295657,0.0,0.0,0.0,0,1.0,0.0
2024-02-23,1000481.0974295657,0.0,1000481.0974295657,0.0,0.0,0.0,0,1.0,0.0
2024-02-26,1000481.0974295657,0.0,1000481.0974295657,0.0,0.0,0.0,0,1.0,0.0
2024-02-27,1000481.0974295657,0.0,1000481.0974295657,0.0,0.0,0.0,0,1.0,0.0
2024-02-28,1000481.0974295657,0.0,1000481.0974295657,0.0,0.0,0.0,0,1.0,0.0
2024-02-29,1000481.0974295657,0.0,1000481.0974295657,0.0,0.0,0.0,0,1.0,0.0
2024-03-01,1000481.0974295657,0.0,1000481.0974295657,0.0,0.0,0.0,0,1.0,0.0
2024-03-04,1000481.0974295657,0.0,1000481.0974295657,0.0,0.0,0.0,0,1.0,0.0
2024-03-05,1000481.0974295657,0.0,1000481.0974295657,0.0,0.0,0.0,0,1.0,0.0
2024-03-06,1000481.0974295657,0.0,1000481.0974295657,0.0,0.0,0.0,0,1.0,0.0
2024-03-07,1000481.0974295657,0.0,1000481.0974295657,0.0,0.0,0.0,0,1.0,0.0
2024-03-08,1000481.0974295657,0.0,1000481.0974295657,0.0,0.0,0.0,0,1.0,0.0
2024-03-11,1000481.0974295657,0.0,1000481.0974295657,0.0,0.0,0.0,0,1.0,0.0
2024-03-12,1000481.0974295657,0.0,1000481.0974295657,0.0,0.0,0.0,0,1.0,0.0
2024-03-13,1000481.0974295657,0.0,1000481.0974295657,0.0,0.0,0.0,0,1.0,0.0
2024-03-14,1000481.0974295657,0.0,1000481.0974295657,0.0,0.0,0.0,0,1.0,0.0
2024-03-15,1000481.0974295657,0.0,1000481.0974295657,0.0,0.0,0.0,0,1.0,0.0
2024-03-18,1000481.0974295657,0.0,1000481.0974295657,0.0,0.0,0.0,0,1.0,0.0
2024-03-19,1000481.0974295657,0.0,1000481.0974295657,0.0,0.0,0.0,0,1.0,0.0
2024-03-20,1000481.0974295657,0.0,1000481.0974295657,0.0,0.0,0.0,0,1.0,0.0
2024-03-21,1000481.0974295657,0.0,1000481.0974295657,0.0,0.0,0.0,0,1.0,0.0
2024-03-22,1000481.0974295657,0.0,1000481.0974295657,0.0,0.0,0.0,0,1.0,0.0
2024-03-25,1000481.0974295657,0.0,1000481.0974295657,0.0,0.0,0.0,0,1.0,0.0
2024-03-26,1000481.0974295657,0.0,1000481.0974295657,0.0,0.0,0.0,0,1.0,0.0
2024-03-27,1000481.0974295657,0.0,1000481.0974295657,0.0,0.0,0.0,0,1.0,0.0
2024-03-28,1000481.0974295657,0.0,1000481.0974295657,0.0,0.0,0.0,0,1.0,0.0
2024-04-01,1000481.0974295657,0.0,1000481.0974295657,0.0,0.0,0.0,0,1.0,0.0
2024-04-02,1000481.0974295657,0.0,1000481.0974295657,0.0,0.0,0.0,0,1.0,0.0
2024-04-03,1000481.0974295657,0.0,1000481.0974295657,0.0,0.0,0.0,0,1.0,0.0
2024-04-04,1000481.0974295657,0.0,1000481.0974295657,0.0,0.0,0.0,0,1.0,0.0
2024-04-05,1000481.0974295657,0.0,1000481.0974295657,0.0,0.0,0.0,0,1.0,0.0
2024-04-08,1000481.0974295657,0.0,1000481.0974295657,0.0,0.0,0.0,0,1.0,0.0
2024-04-09,1000481.0974295657,0.0,1000481.0974295657,0.0,0.0,0.0,0,1.0,0.0
2024-04-10,1000481.0974295657,0.0,1000481.0974295657,0.0,0.0,0.0,0,1.0,0.0
2024-04-11,1000481.0974295657,0.0,1000481.0974295657,0.0,0.0,0.0,0,1.0,0.0
2024-04-12,1000481.0974295657,0.0,1000481.0974295657,0.0,0.0,0.0,0,1.0,0.0
2024-04-15,1000481.0974295657,0.0,1000481.0974295657,0.0,0.0,0.0,0,1.0,0.0
2024-04-16,1000481.0974295657,0.0,1000481.0974295657,0.0,0.0,0.0,0,1.0,0.0
2024-04-17,1000481.0974295657,0.0,1000481.0974295657,0.0,0.0,0.0,0,1.0,0.0
2024-04-18,1000481.0974295657,0.0,1000481.0974295657,0.0,0.0,0.0,0,1.0,0.0
2024-04-19,1000481.0974295657,0.0,1000481.0974295657,0.0,0.0,0.0,0,1.0,0.0
2024-04-22,1000481.0974295657,0.0,1000481.0974295657,0.0,0.0,0.0,0,1.0,0.0
2024-04-23,1000481.0974295657,0.0,1000481.0974295657,0.0,0.0,0.0,0,1.0,0.0
2024-04-24,1000481.0974295657,0.0,1000481.0974295657,0.0,0.0,0.0,0,1.0,0.0
2024-04-25,1000481.0974295657,0.0,1000481.0974295657,0.0,0.0,0.0,0,1.0,0.0
2024-04-26,1000481.0974295657,0.0,1000481.0974295657,0.0,0.0,0.0,0,1.0,0.0
2024-04-29,1000481.0974295657,0.0,1000481.0974295657,0.0,0.0,0.0,0,1.0,0.0
2024-04-30,1000481.0974295657,0.0,1000481.0974295657,0.0,0.0,0.0,0,1.0,0.0
2024-05-01,1000481.0974295657,0.0,1000481.0974295657,0.0,0.0,0.0,0,1.0,0.0
2024-05-02,1000481.0974295657,0.0,1000481.0974295657,0.0,0.0,0.0,0,1.0,0.0
2024-05-03,1000481.0974295657,0.0,1000481.0974295657,0.0,0.0,0.0,0,1.0,0.0
2024-05-06,1000481.0974295657,0.0,1000481.0974295657,0.0,0.0,0.0,0,1.0,0.0
2024-05-07,1000481.0974295657,0.0,1000481.0974295657,0.0,0.0,0.0,0,1.0,0.0
2024-05-08,1000481.0974295657,0.0,1000481.0974295657,0.0,0.0,0.0,0,1.0,0.0
2024-05-09,1000481.0974295657,0.0,1000481.0974295657,0.0,0.0,0.0,0,1.0,0.0
2024-05-10,1000481.0974295657,0.0,1000481.0974295657,0.0,0.0,0.0,0,1.0,0.0
2024-05-13,1000481.0974295657,0.0,1000481.0974295657,0.0,0.0,0.0,0,1.0,0.0
2024-05-14,1000481.0974295657,0.0,1000481.0974295657,0.0,0.0,0.0,0,1.0,0.0
2024-05-15,1000481.0974295657,0.0,1000481.0974295657,0.0,0.0,0.0,0,1.0,0.0
2024-05-16,1000481.0974295657,0.0,1000481.0974295657,0.0,0.0,0.0,0,1.0,0.0
2024-05-17,1000481.0974295657,0.0,1000481.0974295657,0.0,0.0,0.0,0,1.0,0.0
2024-05-20,1000481.0974295657,0.0,1000481.0974295657,0.0,0.0,0.0,0,1.0,0.0
2024-05-21,1000481.0974295657,0.0,1000481.0974295657,0.0,0.0,0.0,0,1.0,0.0
2024-05-22,1000481.0974295657,0.0,1000481.0974295657,0.0,0.0,0.0,0,1.0,0.0
2024-05-23,1000481.0974295657,0.0,1000481.0974295657,0.0,0.0,0.0,0,1.0,0.0
2024-05-24,1000481.0974295657,0.0,1000481.0974295657,0.0,0.0,0.0,0,1.0,0.0
2024-05-28,1000481.0974295657,0.0,1000481.0974295657,0.0,0.0,0.0,0,1.0,0.0
2024-05-29,1000481.0974295657,0.0,1000481.0974295657,0.0,0.0,0.0,0,1.0,0.0
2024-05-30,1000481.0974295657,0.0,1000481.0974295657,0.0,0.0,0.0,0,1.0,0.0
2024-05-31,1000481.0974295657,0.0,1000481.0974295657,0.0,0.0,0.0,0,1.0,0.0
2024-06-03,1000481.0974295657,0.0,1000481.0974295657,0.0,0.0,0.0,0,1.0,0.0
2024-06-04,1000481.0974295657,0.0,1000481.0974295657,0.0,0.0,0.0,0,1.0,0.0
2024-06-05,1000481.0974295657,0.0,1000481.0974295657,0.0,0.0,0.0,0,1.0,0.0
2024-06-06,1000481.0974295657,0.0,1000481.0974295657,0.0,0.0,0.0,0,1.0,0.0
2024-06-07,1000481.0974295657,0.0,1000481.0974295657,0.0,0.0,0.0,0,1.0,0.0
2024-06-10,1000481.0974295657,0.0,1000481.0974295657,0.0,0.0,0.0,0,1.0,0.0
2024-06-11,1000481.0974295657,0.0,1000481.0974295657,0.0,0.0,0.0,0,1.0,0.0
2024-06-12,1000481.0974295657,0.0,1000481.0974295657,0.0,0.0,0.0,0,1.0,0.0
2024-06-13,1000481.0974295657,0.0,1000481.0974295657,0.0,0.0,0.0,0,1.0,0.0
2024-06-14,1000481.0974295657,0.0,1000481.0974295657,0.0,0.0,0.0,0,1.0,0.0
2024-06-17,1000481.0974295657,0.0,1000481.0974295657,0.0,0.0,0.0,0,1.0,0.0
2024-06-18,1000481.0974295657,0.0,1000481.0974295657,0.0,0.0,0.0,0,1.0,0.0
2024-06-20,1000481.0974295657,0.0,1000481.0974295657,0.0,0.0,0.0,0,1.0,0.0
2024-06-21,1000481.0974295657,0.0,1000481.0974295657,0.0,0.0,0.0,0,1.0,0.0
2024-06-24,1000481.0974295657,0.0,1000481.0974295657,0.0,0.0,0.0,0,1.0,0.0
2024-06-25,1000481.0974295657,0.0,1000481.0974295657,0.0,0.0,0.0,0,1.0,0.0
2024-06-26,1000481.0974295657,0.0,1000481.0974295657,0.0,0.0,0.0,0,1.0,0.0
2024-06-27,1000481.0974295657,0.0,1000481.0974295657,0.0,0.0,0.0,0,1.0,0.0
2024-06-28,1000481.0974295657,0.0,1000481.0974295657,0.0,0.0,0.0,0,1.0,0.0
2024-07-01,1000481.0974295657,0.0,1000481.0974295657,0.0,0.0,0.0,0,1.0,0.0
2024-07-02,1000481.0974295657,0.0,1000481.0974295657,0.0,0.0,0.0,0,1.0,0.0
2024-07-03,1000481.0974295657,0.0,1000481.0974295657,0.0,0.0,0.0,0,1.0,0.0
2024-07-05,1000481.0974295657,0.0,1000481.0974295657,0.0,0.0,0.0,0,1.0,0.0
2024-07-08,1000481.0974295657,0.0,1000481.0974295657,0.0,0.0,0.0,0,1.0,0.0
2024-07-09,1000481.0974295657,0.0,1000481.0974295657,0.0,0.0,0.0,0,1.0,0.0
2024-07-10,1000481.0974295657,0.0,1000481.0974295657,0.0,0.0,0.0,0,1.0,0.0
2024-07-11,1000481.0974295657,0.0,1000481.0974295657,0.0,0.0,0.0,0,1.0,0.0
2024-07-12,1000481.0974295657,0.0,1000481.0974295657,0.0,0.0,0.0,0,1.0,0.0
2024-07-15,1000481.0974295657,0.0,1000481.0974295657,0.0,0.0,0.0,0,1.0,0.0
2024-07-16,1000481.0974295657,0.0,1000481.0974295657,0.0,0.0,0.0,0,1.0,0.0
2024-07-17,1000481.0974295657,0.0,1000481.0974295657,0.0,0.0,0.0,0,1.0,0.0
2024-07-18,1000481.0974295657,0.0,1000481.0974295657,0.0,0.0,0.0,0,1.0,0.0
2024-07-19,1000481.0974295657,0.0,1000481.0974295657,0.0,0.0,0.0,0,1.0,0.0
2024-07-22,1000481.0974295657,0.0,1000481.0974295657,0.0,0.0,0.0,0,1.0,0.0
2024-07-23,1000481.0974295657,0.0,1000481.0974295657,0.0,0.0,0.0,0,1.0,0.0
2024-07-24,1000481.0974295657,0.0,1000481.0974295657,0.0,0.0,0.0,0,1.0,0.0
2024-07-25,1000481.0974295657,0.0,1000481.0974295657,0.0,0.0,0.0,0,1.0,0.0
2024-07-26,1000481.0974295657,0.0,1000481.0974295657,0.0,0.0,0.0,0,1.0,0.0
2024-07-29,1000481.0974295657,0.0,1000481.0974295657,0.0,0.0,0.0,0,1.0,0.0
2024-07-30,1000481.0974295657,0.0,1000481.0974295657,0.0,0.0,0.0,0,1.0,0.0
2024-07-31,1000481.0974295657,0.0,1000481.0974295657,0.0,0.0,0.0,0,1.0,0.0
2024-08-01,1000481.0974295657,0.0,1000481.0974295657,0.0,0.0,0.0,0,1.0,0.0
2024-08-02,1000481.0974295657,0.0,1000481.0974295657,0.0,0.0,0.0,0,1.0,0.0
2024-08-05,1000481.0974295657,0.0,1000481.0974295657,0.0,0.0,0.0,0,1.0,0.0
2024-08-06,1000481.0974295657,0.0,1000481.0974295657,0.0,0.0,0.0,0,1.0,0.0
2024-08-07,1000481.0974295657,0.0,1000481.0974295657,0.0,0.0,0.0,0,1.0,0.0
2024-08-08,1000481.0974295657,0.0,1000481.0974295657,0.0,0.0,0.0,0,1.0,0.0
2024-08-09,1000481.0974295657,0.0,1000481.0974295657,0.0,0.0,0.0,0,1.0,0.0
2024-08-12,1000481.0974295657,0.0,1000481.0974295657,0.0,0.0,0.0,0,1.0,0.0
2024-08-13,1000481.0974295657,0.0,1000481.0974295657,0.0,0.0,0.0,0,1.0,0.0
2024-08-14,1000481.0974295657,0.0,1000481.0974295657,0.0,0.0,0.0,0,1.0,0.0
2024-08-15,1000481.0974295657,0.0,1000481.0974295657,0.0,0.0,0.0,0,1.0,0.0
2024-08-16,1000481.0974295657,0.0,1000481.0974295657,0.0,0.0,0.0,0,1.0,0.0
2024-08-19,1000481.0974295657,0.0,1000481.0974295657,0.0,0.0,0.0,0,1.0,0.0
2024-08-20,1000481.0974295657,0.0,1000481.0974295657,0.0,0.0,0.0,0,1.0,0.0
2024-08-21,1000481.0974295657,0.0,1000481.0974295657,0.0,0.0,0.0,0,1.0,0.0
2024-08-22,1000481.0974295657,0.0,1000481.0974295657,0.0,0.0,0.0,0,1.0,0.0
2024-08-23,1000481.0974295657,0.0,1000481.0974295657,0.0,0.0,0.0,0,1.0,0.0
2024-08-26,1000481.0974295657,0.0,1000481.0974295657,0.0,0.0,0.0,0,1.0,0.0
2024-08-27,1000481.0974295657,0.0,1000481.0974295657,0.0,0.0,0.0,0,1.0,0.0
2024-08-28,1000481.0974295657,0.0,1000481.0974295657,0.0,0.0,0.0,0,1.0,0.0
2024-08-29,1000481.0974295657,0.0,1000481.0974295657,0.0,0.0,0.0,0,1.0,0.0
2024-08-30,1000481.0974295657,0.0,1000481.0974295657,0.0,0.0,0.0,0,1.0,0.0
2024-09-03,1000481.0974295657,0.0,1000481.0974295657,0.0,0.0,0.0,0,1.0,0.0
2024-09-04,1000481.0974295657,0.0,1000481.0974295657,0.0,0.0,0.0,0,1.0,0.0
2024-09-05,1000481.0974295657,0.0,1000481.0974295657,0.0,0.0,0.0,0,1.0,0.0
2024-09-06,1000481.0974295657,0.0,1000481.0974295657,0.0,0.0,0.0,0,1.0,0.0
2024-09-09,1000481.0974295657,0.0,1000481.0974295657,0.0,0.0,0.0,0,1.0,0.0
2024-09-10,1000481.0974295657,0.0,1000481.0974295657,0.0,0.0,0.0,0,1.0,0.0
2024-09-11,1000481.0974295657,0.0,1000481.0974295657,0.0,0.0,0.0,0,1.0,0.0
2024-09-12,1000481.0974295657,0.0,1000481.0974295657,0.0,0.0,0.0,0,1.0,0.0
2024-09-13,1000481.0974295657,0.0,1000481.0974295657,0.0,0.0,0.0,0,1.0,0.0
2024-09-16,1000481.0974295657,0.0,1000481.0974295657,0.0,0.0,0.0,0,1.0,0.0
2024-09-17,1000481.0974295657,0.0,1000481.0974295657,0.0,0.0,0.0,0,1.0,0.0
2024-09-18,1000481.0974295657,0.0,1000481.0974295657,0.0,0.0,0.0,0,1.0,0.0
2024-09-19,1000481.0974295657,0.0,1000481.0974295657,0.0,0.0,0.0,0,1.0,0.0
2024-09-20,1000481.0974295657,0.0,1000481.0974295657,0.0,0.0,0.0,0,1.0,0.0
2024-09-23,1000481.0974295657,0.0,1000481.0974295657,0.0,0.0,0.0,0,1.0,0.0
2024-09-24,1000481.0974295657,0.0,1000481.0974295657,0.0,0.0,0.0,0,1.0,0.0
2024-09-25,1000481.0974295657,0.0,1000481.0974295657,0.0,0.0,0.0,0,1.0,0.0
2024-09-26,1000481.0974295657,0.0,1000481.0974295657,0.0,0.0,0.0,0,1.0,0.0
2024-09-27,1000481.0974295657,0.0,1000481.0974295657,0.0,0.0,0.0,0,1.0,0.0
2024-09-30,1000481.0974295657,0.0,1000481.0974295657,0.0,0.0,0.0,0,1.0,0.0
