event_id,product,ai_key,ticker,country,benchmark,public_date,capture_date,capture_ts,trade_ready_date,known_at,role,company,evidence,control_definition,winner_count,date_uncertain,left_censored,rename_window,spike_week,rename_suspect
80,Ranitidine Hydrochloride (Zantac) Injection,ranitidine hydrochloride (zantac) injection,ZYDUSLIFE.NS,IN,NIFTYBEES.NS,2014-08-14,2014-08-17,20140817181133,2014-08-17,2014-08-17T18:11:33+00:00,winner,Zydus Pharms USA,"[{""presentation"": ""Ranitidine Hydrochloride Injection USP, 25mg/mL, 6 mL (NDC 68382-423-06)"", ""availability"": ""Available"", ""on_allocation"": false}, {""presentation"": ""Ranitidine Hydrochloride Injection USP, 25mg/mL, 2mL (NDC 68382-422-02)"", ""availability"": ""Available"", ""on_allocation"": false}]",,1,True,False,False,False,False
80,Ranitidine Hydrochloride (Zantac) Injection,ranitidine hydrochloride (zantac) injection,APLLTD.NS,IN,NIFTYBEES.NS,2014-08-14,2014-08-17,20140817181133,2014-08-17,2014-08-17T18:11:33+00:00,placebo,,[],FDA-page nonlisted generic-maker control; manufacture absence unverified,1,True,False,False,False,False
80,Ranitidine Hydrochloride (Zantac) Injection,ranitidine hydrochloride (zantac) injection,AUROPHARMA.NS,IN,NIFTYBEES.NS,2014-08-14,2014-08-17,20140817181133,2014-08-17,2014-08-17T18:11:33+00:00,placebo,,[],FDA-page nonlisted generic-maker control; manufacture absence unverified,1,True,False,False,False,False
80,Ranitidine Hydrochloride (Zantac) Injection,ranitidine hydrochloride (zantac) injection,CAPLIPOINT.NS,IN,NIFTYBEES.NS,2014-08-14,2014-08-17,20140817181133,2014-08-17,2014-08-17T18:11:33+00:00,placebo,,[],FDA-page nonlisted generic-maker control; manufacture absence unverified,1,True,False,False,False,False
80,Ranitidine Hydrochloride (Zantac) Injection,ranitidine hydrochloride (zantac) injection,CIPLA.NS,IN,NIFTYBEES.NS,2014-08-14,2014-08-17,20140817181133,2014-08-17,2014-08-17T18:11:33+00:00,placebo,,[],FDA-page nonlisted generic-maker control; manufacture absence unverified,1,True,False,False,False,False
80,Ranitidine Hydrochloride (Zantac) Injection,ranitidine hydrochloride (zantac) injection,GRANULES.NS,IN,NIFTYBEES.NS,2014-08-14,2014-08-17,20140817181133,2014-08-17,2014-08-17T18:11:33+00:00,placebo,,[],FDA-page nonlisted generic-maker control; manufacture absence unverified,1,True,False,False,False,False
80,Ranitidine Hydrochloride (Zantac) Injection,ranitidine hydrochloride (zantac) injection,LUPIN.NS,IN,NIFTYBEES.NS,2014-08-14,2014-08-17,20140817181133,2014-08-17,2014-08-17T18:11:33+00:00,placebo,,[],FDA-page nonlisted generic-maker control; manufacture absence unverified,1,True,False,False,False,False
80,Ranitidine Hydrochloride (Zantac) Injection,ranitidine hydrochloride (zantac) injection,STAR.NS,IN,NIFTYBEES.NS,2014-08-14,2014-08-17,20140817181133,2014-08-17,2014-08-17T18:11:33+00:00,placebo,,[],FDA-page nonlisted generic-maker control; manufacture absence unverified,1,True,False,False,False,False
80,Ranitidine Hydrochloride (Zantac) Injection,ranitidine hydrochloride (zantac) injection,SUNPHARMA.NS,IN,NIFTYBEES.NS,2014-08-14,2014-08-17,20140817181133,2014-08-17,2014-08-17T18:11:33+00:00,placebo,,[],FDA-page nonlisted generic-maker control; manufacture absence unverified,1,True,False,False,False,False
80,Ranitidine Hydrochloride (Zantac) Injection,ranitidine hydrochloride (zantac) injection,TORNTPHARM.NS,IN,NIFTYBEES.NS,2014-08-14,2014-08-17,20140817181133,2014-08-17,2014-08-17T18:11:33+00:00,placebo,,[],FDA-page nonlisted generic-maker control; manufacture absence unverified,1,True,False,False,False,False
84,Azathioprine Tablet,azathioprine tablet,MYL,US,SPY,2014-10-27,2014-10-15,20141015023542,2014-10-27,2014-10-27T23:59:59.999999999+00:00,winner,Mylan Institutional,"[{""presentation"": ""50 mg tablets (NDC 0378-1005-01)"", ""availability"": ""Available"", ""on_allocation"": false}]",,1,True,False,False,False,False
84,Azathioprine Tablet,azathioprine tablet,ZYDUSLIFE.NS,IN,NIFTYBEES.NS,2014-10-27,2014-10-15,20141015023542,2014-10-27,2014-10-27T23:59:59.999999999+00:00,disrupted,Zydus Pharms USA,"[{""presentation"": ""50 mg tablets (NDC 68382-0003-01) (NDC 68382-0003-05)"", ""availability"": ""Product is on backorder."", ""on_allocation"": false}]",,1,True,False,False,False,False
84,Azathioprine Tablet,azathioprine tablet,AMPH,US,SPY,2014-10-27,2014-10-15,20141015023542,2014-10-27,2014-10-27T23:59:59.999999999+00:00,placebo,,[],FDA-page nonlisted generic-maker control; manufacture absence unverified,1,True,False,False,False,False
84,Azathioprine Tablet,azathioprine tablet,BAX,US,SPY,2014-10-27,2014-10-15,20141015023542,2014-10-27,2014-10-27T23:59:59.999999999+00:00,placebo,,[],FDA-page nonlisted generic-maker control; manufacture absence unverified,1,True,False,False,False,False
84,Azathioprine Tablet,azathioprine tablet,HSP,US,SPY,2014-10-27,2014-10-15,20141015023542,2014-10-27,2014-10-27T23:59:59.999999999+00:00,placebo,,[],FDA-page nonlisted generic-maker control; manufacture absence unverified,1,True,False,False,False,False
84,Azathioprine Tablet,azathioprine tablet,ICUI,US,SPY,2014-10-27,2014-10-15,20141015023542,2014-10-27,2014-10-27T23:59:59.999999999+00:00,placebo,,[],FDA-page nonlisted generic-maker control; manufacture absence unverified,1,True,False,False,False,False
84,Azathioprine Tablet,azathioprine tablet,RDY,US,SPY,2014-10-27,2014-10-15,20141015023542,2014-10-27,2014-10-27T23:59:59.999999999+00:00,placebo,,[],FDA-page nonlisted generic-maker control; manufacture absence unverified,1,True,False,False,False,False
84,Azathioprine Tablet,azathioprine tablet,TEVA,US,SPY,2014-10-27,2014-10-15,20141015023542,2014-10-27,2014-10-27T23:59:59.999999999+00:00,placebo,,[],FDA-page nonlisted generic-maker control; manufacture absence unverified,1,True,False,False,False,False
85,Clonidine HCL Injection (Duraclon),clonidine hcl injection (duraclon),FRE.DE,DE,EXS1.DE,2014-10-27,2014-09-27,20140927020629,2014-10-27,2014-10-27T23:59:59.999999999+00:00,winner,"Fresenius Kabi USA, LLC","[{""presentation"": ""1000 mcg/10mL (NDC 63323-0405-10)"", ""availability"": ""Backordered. Next release anticipated November 2014."", ""on_allocation"": false}, {""presentation"": ""5000 mcg/10 mL (NDC 63323-0427-10)"", ""availability"": ""6 month dating available upon request."", ""on_allocation"": false}]",,2,True,False,False,False,False
85,Clonidine HCL Injection (Duraclon),clonidine hcl injection (duraclon),MYL,US,SPY,2014-10-27,2014-09-27,20140927020629,2014-10-27,2014-10-27T23:59:59.999999999+00:00,winner,Mylan Institutional,"[{""presentation"": ""1mg/10mL SDV; Pkg of 1 (NDC 67457-218-10)"", ""availability"": ""Available"", ""on_allocation"": false}]",,2,True,False,False,False,False
85,Clonidine HCL Injection (Duraclon),clonidine hcl injection (duraclon),AMPH,US,SPY,2014-10-27,2014-09-27,20140927020629,2014-10-27,2014-10-27T23:59:59.999999999+00:00,placebo,,[],FDA-page nonlisted generic-maker control; manufacture absence unverified,2,True,False,False,False,False
85,Clonidine HCL Injection (Duraclon),clonidine hcl injection (duraclon),BAX,US,SPY,2014-10-27,2014-09-27,20140927020629,2014-10-27,2014-10-27T23:59:59.999999999+00:00,placebo,,[],FDA-page nonlisted generic-maker control; manufacture absence unverified,2,True,False,False,False,False
85,Clonidine HCL Injection (Duraclon),clonidine hcl injection (duraclon),HSP,US,SPY,2014-10-27,2014-09-27,20140927020629,2014-10-27,2014-10-27T23:59:59.999999999+00:00,placebo,,[],FDA-page nonlisted generic-maker control; manufacture absence unverified,2,True,False,False,False,False
85,Clonidine HCL Injection (Duraclon),clonidine hcl injection (duraclon),ICUI,US,SPY,2014-10-27,2014-09-27,20140927020629,2014-10-27,2014-10-27T23:59:59.999999999+00:00,placebo,,[],FDA-page nonlisted generic-maker control; manufacture absence unverified,2,True,False,False,False,False
85,Clonidine HCL Injection (Duraclon),clonidine hcl injection (duraclon),RDY,US,SPY,2014-10-27,2014-09-27,20140927020629,2014-10-27,2014-10-27T23:59:59.999999999+00:00,placebo,,[],FDA-page nonlisted generic-maker control; manufacture absence unverified,2,True,False,False,False,False
85,Clonidine HCL Injection (Duraclon),clonidine hcl injection (duraclon),TEVA,US,SPY,2014-10-27,2014-09-27,20140927020629,2014-10-27,2014-10-27T23:59:59.999999999+00:00,placebo,,[],FDA-page nonlisted generic-maker control; manufacture absence unverified,2,True,False,False,False,False
86,Famotidine Injection,famotidine injection,FRE.DE,DE,EXS1.DE,2014-10-27,2014-11-20,20141120000248,2014-11-20,2014-11-20T00:02:48+00:00,disrupted,"Fresenius Kabi USA, LLC","[{""presentation"": ""20 mg / 2 mL SD vials (NDC 63323-0739-12)"", ""availability"": ""Currently backordered. Next release anticipated November 2014."", ""on_allocation"": false}, {""presentation"": ""40 mg / 4 mL MD vials (NDC 63323-0738-09)"", ""availability"": ""Backordered. Next release anticipated November 2014."", ""on_allocation"": false}, {""presentation"": ""200 mg / 20 mL MD Vials (NDC 63323-0738-20)"", ""availability"": ""Backordered. Next release anticipated November 2014."", ""on_allocation"": false}]",,1,True,False,False,False,False
86,Famotidine Injection,famotidine injection,MYL,US,SPY,2014-10-27,2014-11-20,20141120000248,2014-11-20,2014-11-20T00:02:48+00:00,winner,Mylan Institutional,"[{""presentation"": ""20mg/2mL SDV Pkg of 10 (NDC 67457-433-22)"", ""availability"": ""Unavailable. Estimated recovery: February 2015"", ""on_allocation"": false}, {""presentation"": ""40mg/4mL MDV Pkg of 10 (NDC67457-448-43)"", ""availability"": ""Available"", ""on_allocation"": false}, {""presentation"": ""200mg/20mL MDV Pkg of 10 (NDC 67457-457-20)"", ""availability"": ""Unavailable. Estimated recovery: February 2015"", ""on_allocation"": false}]",,1,True,False,False,False,False
86,Famotidine Injection,famotidine injection,AMPH,US,SPY,2014-10-27,2014-11-20,20141120000248,2014-11-20,2014-11-20T00:02:48+00:00,placebo,,[],FDA-page nonlisted generic-maker control; manufacture absence unverified,1,True,False,False,False,False
86,Famotidine Injection,famotidine injection,BAX,US,SPY,2014-10-27,2014-11-20,20141120000248,2014-11-20,2014-11-20T00:02:48+00:00,placebo,,[],FDA-page nonlisted generic-maker control; manufacture absence unverified,1,True,False,False,False,False
86,Famotidine Injection,famotidine injection,HSP,US,SPY,2014-10-27,2014-11-20,20141120000248,2014-11-20,2014-11-20T00:02:48+00:00,placebo,,[],FDA-page nonlisted generic-maker control; manufacture absence unverified,1,True,False,False,False,False
86,Famotidine Injection,famotidine injection,ICUI,US,SPY,2014-10-27,2014-11-20,20141120000248,2014-11-20,2014-11-20T00:02:48+00:00,placebo,,[],FDA-page nonlisted generic-maker control; manufacture absence unverified,1,True,False,False,False,False
86,Famotidine Injection,famotidine injection,RDY,US,SPY,2014-10-27,2014-11-20,20141120000248,2014-11-20,2014-11-20T00:02:48+00:00,placebo,,[],FDA-page nonlisted generic-maker control; manufacture absence unverified,1,True,False,False,False,False
86,Famotidine Injection,famotidine injection,TEVA,US,SPY,2014-10-27,2014-11-20,20141120000248,2014-11-20,2014-11-20T00:02:48+00:00,placebo,,[],FDA-page nonlisted generic-maker control; manufacture absence unverified,1,True,False,False,False,False
88,Irrigation Solutions,irrigation solutions,BAX,US,SPY,2014-10-27,2014-09-27,20140927020635,2014-10-27,2014-10-27T23:59:59.999999999+00:00,disrupted,Baxter Healthcare,"[{""presentation"": ""0.9% Sodium Chloride Irrigation USP; 5,000 mL ARTHROMATIC (NDC 0338-0047-29)"", ""availability"": ""Unavailable. Production is planned to resume in Q1 2015."", ""on_allocation"": false}, {""presentation"": ""Lactated Ringer's Irrigation; 5,000 mL ARTHROMATIC (NDC 0338-0137-29)"", ""availability"": ""Unavailable. Production is planned to resume in Q1 2015."", ""on_allocation"": false}, {""presentation"": ""0.9% Sodium Chloride Irrigation USP; 3,000 mL UROMATIC CONTAINER (NDC 0338-0047-47)"", ""availability"": ""Baxter has these products on allocation. Recovery is expected in Q1 2015."", ""on_allocation"": true}, {""presentation"": ""0.9% Sodium Chloride Irrigation USP; 3,000 mL ARTHROMATIC (NDC 0338-0047-27)"", ""availability"": ""Baxter has these products on allocation. Recovery is expected in Q1 2015."", ""on_allocation"": true}, {""presentation"": ""Lactated Ringer's Irrigation; 3,000 mL ARTHROMATIC (NDC 0338-0137-27)"", ""availability"": ""Baxter has these products on allocation. Recovery is expected in Q1 2015."", ""on_allocation"": true}, {""presentation"": ""Sterile Water for Irrigation, USP; 1,000 mL (NDC 0338-0003-44)"", ""availability"": ""Baxter has these products on allocation. Recovery is expected in Q1 2015."", ""on_allocation"": true}, {""presentation"": ""Sterile Water for Irrigation, USP; 2,000 mL UROMATIC (NDC 0338-0003-46)"", ""availability"": ""Baxter has these products on allocation. Recovery is expected in Q1 2015."", ""on_allocation"": true}, {""presentation"": ""Sterile Water for Irrigation, USP; 3,000 mL UROMAQTIC CONTAINER (NDC 0338-0003-47)"", ""availability"": ""Baxter has these products on allocation. Recovery is expected in Q1 2015."", ""on_allocation"": true}, {""presentation"": ""0.9% Sodium Chloride Irrigation USP; 1,000 mL UROMATIC CONTAINER (NDC 0338-0047-44)"", ""availability"": ""Baxter has these products on allocation. Recovery is expected in Q1 2015."", ""on_allocation"": true}, {""presentation"": ""0.9% Sodium Chloride Irrigation USP; 2,000 mL UROMATIC CONTAINER (NDC 0338-0047-46)"", ""availability"": ""Baxter has these products on allocation. Recovery is expected in Q1 2015."", ""on_allocation"": true}]",,1,True,False,False,False,False
88,Irrigation Solutions,irrigation solutions,HSP,US,SPY,2014-10-27,2014-09-27,20140927020635,2014-10-27,2014-10-27T23:59:59.999999999+00:00,winner,"Hospira, Inc.","[{""presentation"": ""0.9% Sodium Chloride Irrigation USP; 1,000 mL Flexible Container (NDC 0409-7972-05)"", ""availability"": ""Product on allocation"", ""on_allocation"": true}, {""presentation"": ""Lactated Ringer's Irrigation 3,000 mL Flexible Container (NDC 0409-7828-08)"", ""availability"": ""Product on allocation"", ""on_allocation"": true}, {""presentation"": ""0.9% Sodium Chloride Irrigation USP; 2,000 mL Flexible Container (NDC 0409-7972-07)"", ""availability"": ""Product on allocation"", ""on_allocation"": true}, {""presentation"": ""0.9% Sodium Chloride Irrigation USP; 3,000 mL Flexible Container (NDC 0409-7972-08)"", ""availability"": ""Product on allocation"", ""on_allocation"": true}, {""presentation"": ""Sterile Water for Irrigation, USP; 1,000 mL Flexible Container (NDC 0409-7973-05)"", ""availability"": ""Available"", ""on_allocation"": false}, {""presentation"": ""Sterile Water for Irrigation, USP; (NDC 0409-7973-08)"", ""availability"": ""Available"", ""on_allocation"": false}]",,1,True,False,False,False,False
88,Irrigation Solutions,irrigation solutions,AMPH,US,SPY,2014-10-27,2014-09-27,20140927020635,2014-10-27,2014-10-27T23:59:59.999999999+00:00,placebo,,[],FDA-page nonlisted generic-maker control; manufacture absence unverified,1,True,False,False,False,False
88,Irrigation Solutions,irrigation solutions,ICUI,US,SPY,2014-10-27,2014-09-27,20140927020635,2014-10-27,2014-10-27T23:59:59.999999999+00:00,placebo,,[],FDA-page nonlisted generic-maker control; manufacture absence unverified,1,True,False,False,False,False
88,Irrigation Solutions,irrigation solutions,MYL,US,SPY,2014-10-27,2014-09-27,20140927020635,2014-10-27,2014-10-27T23:59:59.999999999+00:00,placebo,,[],FDA-page nonlisted generic-maker control; manufacture absence unverified,1,True,False,False,False,False
88,Irrigation Solutions,irrigation solutions,RDY,US,SPY,2014-10-27,2014-09-27,20140927020635,2014-10-27,2014-10-27T23:59:59.999999999+00:00,placebo,,[],FDA-page nonlisted generic-maker control; manufacture absence unverified,1,True,False,False,False,False
88,Irrigation Solutions,irrigation solutions,TEVA,US,SPY,2014-10-27,2014-09-27,20140927020635,2014-10-27,2014-10-27T23:59:59.999999999+00:00,placebo,,[],FDA-page nonlisted generic-maker control; manufacture absence unverified,1,True,False,False,False,False
93,Trimipramine Maleate (SURMONTIL) Capsules,trimipramine maleate (surmontil) capsules,TEVA,US,SPY,2014-10-27,2014-11-19,20141119164018,2014-11-19,2014-11-19T16:40:18+00:00,winner,Teva Pharmaceuticals,"[{""presentation"": ""SURMONTIL(R) CAPSULES 50MG 100 (NDC 51285-0539-02)"", ""availability"": ""Product is currently available."", ""on_allocation"": false}, {""presentation"": ""SURMONTIL(R) CAPSULES 25MG 100 (NDC 51285-0538-02)"", ""availability"": ""Product is currently available."", ""on_allocation"": false}, {""presentation"": ""SURMONTIL(R) CAPSULES 100MG 100 (NDC 51285-0554-02 )"", ""availability"": ""Product is currently available."", ""on_allocation"": false}]",,1,True,False,False,False,False
93,Trimipramine Maleate (SURMONTIL) Capsules,trimipramine maleate (surmontil) capsules,AMPH,US,SPY,2014-10-27,2014-11-19,20141119164018,2014-11-19,2014-11-19T16:40:18+00:00,placebo,,[],FDA-page nonlisted generic-maker control; manufacture absence unverified,1,True,False,False,False,False
93,Trimipramine Maleate (SURMONTIL) Capsules,trimipramine maleate (surmontil) capsules,BAX,US,SPY,2014-10-27,2014-11-19,20141119164018,2014-11-19,2014-11-19T16:40:18+00:00,placebo,,[],FDA-page nonlisted generic-maker control; manufacture absence unverified,1,True,False,False,False,False
93,Trimipramine Maleate (SURMONTIL) Capsules,trimipramine maleate (surmontil) capsules,HSP,US,SPY,2014-10-27,2014-11-19,20141119164018,2014-11-19,2014-11-19T16:40:18+00:00,placebo,,[],FDA-page nonlisted generic-maker control; manufacture absence unverified,1,True,False,False,False,False
93,Trimipramine Maleate (SURMONTIL) Capsules,trimipramine maleate (surmontil) capsules,ICUI,US,SPY,2014-10-27,2014-11-19,20141119164018,2014-11-19,2014-11-19T16:40:18+00:00,placebo,,[],FDA-page nonlisted generic-maker control; manufacture absence unverified,1,True,False,False,False,False
93,Trimipramine Maleate (SURMONTIL) Capsules,trimipramine maleate (surmontil) capsules,MYL,US,SPY,2014-10-27,2014-11-19,20141119164018,2014-11-19,2014-11-19T16:40:18+00:00,placebo,,[],FDA-page nonlisted generic-maker control; manufacture absence unverified,1,True,False,False,False,False
93,Trimipramine Maleate (SURMONTIL) Capsules,trimipramine maleate (surmontil) capsules,RDY,US,SPY,2014-10-27,2014-11-19,20141119164018,2014-11-19,2014-11-19T16:40:18+00:00,placebo,,[],FDA-page nonlisted generic-maker control; manufacture absence unverified,1,True,False,False,False,False
97,"Vancomycin Hydrochloride for Injection, USP","vancomycin hydrochloride for injection, usp",BAX,US,SPY,2014-11-20,2015-01-07,20150107192747,2015-01-07,2015-01-07T19:27:47+00:00,winner,Baxter Healthcare,"[{""presentation"": ""500mg/100 mL, GALAXY Plastic Container (NDC 0338-3551-48)"", ""availability"": ""Available for existing customers"", ""on_allocation"": false}, {""presentation"": ""750 mg/150 mL (underfill in 200 mL), GALAXY Plastic Container (NDC 0338-3580-48)"", ""availability"": ""Available for existing customers"", ""on_allocation"": false}, {""presentation"": ""1 gram/200 mL, GALAXY Plastic Container (NDC 0338-3552-48)"", ""availability"": ""Available for existing customers"", ""on_allocation"": false}]",,2,True,False,False,False,False
97,"Vancomycin Hydrochloride for Injection, USP","vancomycin hydrochloride for injection, usp",FRE.DE,DE,EXS1.DE,2014-11-20,2015-01-07,20150107192747,2015-01-07,2015-01-07T19:27:47+00:00,nonwinner,"Fresenius Kabi USA, LLC","[{""presentation"": ""500 mg / single dose vial (NDC 63323-221-10)"", ""availability"": ""Currently on allocation for direct orders."", ""on_allocation"": true}, {""presentation"": ""1 g / single dose vial (NDC 63323-284-20)"", ""availability"": ""Currently on allocation for direct orders."", ""on_allocation"": true}, {""presentation"": ""5 g / PBP (NDC 63323-295-61)"", ""availability"": ""Backordered. Next release anticipated December 2014."", ""on_allocation"": false}, {""presentation"": ""10 g / PBP (NDC 63323-314-61)"", ""availability"": ""Backordered. Next release anticipated December 2014."", ""on_allocation"": false}]",,2,True,False,False,False,False
97,"Vancomycin Hydrochloride for Injection, USP","vancomycin hydrochloride for injection, usp",HSP,US,SPY,2014-11-20,2015-01-07,20150107192747,2015-01-07,2015-01-07T19:27:47+00:00,winner,"Hospira, Inc.","[{""presentation"": ""500 mg Single Dose Glass Fliptop Vial (NDC 0409-4332-01)"", ""availability"": ""Available"", ""on_allocation"": false}, {""presentation"": ""750 mg Single Dose Glass Fliptop Vial (NDC 0409-6531-02)"", ""availability"": ""Next delivery January 2015; Estimated recovery 1Q 2015"", ""on_allocation"": false}, {""presentation"": ""500 mg Single Dose ADD-Vantage\u2122 Glass Vial (NDC 0409-6534-01)"", ""availability"": ""Next delivery January 2015; Estimated recovery 2015"", ""on_allocation"": false}, {""presentation"": ""750 mg Single Dose ADD-Vantage; Glass Vial (NDC 0409-6531-01)"", ""availability"": ""Next delivery January 2015; Estimated recovery 2015"", ""on_allocation"": false}, {""presentation"": ""1 g Single Dose Glass Fliptop Vial (NDC 0409-6533-01)"", ""availability"": ""Next delivery December 2014; Estimated recovery 1Q 2015."", ""on_allocation"": false}, {""presentation"": ""1 g Single Dose ADD-Vantage\u2122 Glass Vial (NDC 0409-6535-01)"", ""availability"": ""Available"", ""on_allocation"": false}, {""presentation"": ""5 g Pharmacy Bulk Package Glass Fliptop Vial (NDC 0409-6509-01)"", ""availability"": ""Available"", ""on_allocation"": false}, {""presentation"": ""10 g Pharmacy Bulk Package Glass Bottle (NDC 0409-6510-01)"", ""availability"": ""Available"", ""on_allocation"": false}]",,2,True,False,False,False,False
97,"Vancomycin Hydrochloride for Injection, USP","vancomycin hydrochloride for injection, usp",MYL,US,SPY,2014-11-20,2015-01-07,20150107192747,2015-01-07,2015-01-07T19:27:47+00:00,disrupted,Mylan Institutional,"[{""presentation"": ""500mg Pkg of 10 (NDC 67457-339-50)"", ""availability"": ""Limited supply, filling back orders."", ""on_allocation"": false}, {""presentation"": ""1g Pkg of 10 (NDC 67457-340-01)"", ""availability"": ""Limited supply, filling back orders."", ""on_allocation"": false}, {""presentation"": ""10g Pkg of 1 (NDC 67457-342-10)"", ""availability"": ""Limited supply, filling back orders."", ""on_allocation"": false}, {""presentation"": ""5g Pkg of 1 (NDC 67457-341-05)"", ""availability"": ""Limited supply, filling back orders."", ""on_allocation"": false}]",,2,True,False,False,False,False
97,"Vancomycin Hydrochloride for Injection, USP","vancomycin hydrochloride for injection, usp",AMPH,US,SPY,2014-11-20,2015-01-07,20150107192747,2015-01-07,2015-01-07T19:27:47+00:00,placebo,,[],FDA-page nonlisted generic-maker control; manufacture absence unverified,2,True,False,False,False,False
97,"Vancomycin Hydrochloride for Injection, USP","vancomycin hydrochloride for injection, usp",ICUI,US,SPY,2014-11-20,2015-01-07,20150107192747,2015-01-07,2015-01-07T19:27:47+00:00,placebo,,[],FDA-page nonlisted generic-maker control; manufacture absence unverified,2,True,False,False,False,False
97,"Vancomycin Hydrochloride for Injection, USP","vancomycin hydrochloride for injection, usp",RDY,US,SPY,2014-11-20,2015-01-07,20150107192747,2015-01-07,2015-01-07T19:27:47+00:00,placebo,,[],FDA-page nonlisted generic-maker control; manufacture absence unverified,2,True,False,False,False,False
97,"Vancomycin Hydrochloride for Injection, USP","vancomycin hydrochloride for injection, usp",TEVA,US,SPY,2014-11-20,2015-01-07,20150107192747,2015-01-07,2015-01-07T19:27:47+00:00,placebo,,[],FDA-page nonlisted generic-maker control; manufacture absence unverified,2,True,False,False,False,False
105,Ketorolac Tromethamine Injection,ketorolac tromethamine injection,FRE.DE,DE,EXS1.DE,2015-02-07,2015-02-22,20150222032656,2015-02-22,2015-02-22T03:26:56+00:00,disrupted,"Fresenius Kabi USA, LLC","[{""presentation"": ""15 mg/mL, 1 mL Single Dose, Amber Vial (NDC 63323-161-01)"", ""availability"": ""Backordered. Next release due March 2015."", ""on_allocation"": false}, {""presentation"": ""30 mg/mL, 1 mL Single Dose, Amber Vial (NDC 63323-162-01)"", ""availability"": ""Backordered. Next release due March 2015."", ""on_allocation"": false}, {""presentation"": ""60 mg/2 mL, 2 mL Single Dose, Amber Vial (NDC 63323-162-02)"", ""availability"": ""Backordered. Next release due March 2015."", ""on_allocation"": false}]",,1,False,False,False,False,False
105,Ketorolac Tromethamine Injection,ketorolac tromethamine injection,HSP,US,SPY,2015-02-07,2015-02-22,20150222032656,2015-02-22,2015-02-22T03:26:56+00:00,winner,"Hospira, Inc.","[{""presentation"": ""30 mg/mL; 30 mg/mL iSecure\u2122 Luer Lock Glass Syringe (no needle) (NDC 0409-2287-23)"", ""availability"": ""Available"", ""on_allocation"": false}, {""presentation"": ""30 mg/mL; 30 mg/mL Carpuject\u2122 Luer Lock Glass Syringe (no needle) (NDC 0409-2287-31)"", ""availability"": ""Next delivery: February 2015; Estimated recovery: TBD"", ""on_allocation"": false}, {""presentation"": ""30 mg/mL; 60 mg/2 mL Carpuject\u2122 Luer Lock Glass Syringe (no needle) (NDC 0409-2287-61)"", ""availability"": ""Available"", ""on_allocation"": false}, {""presentation"": ""15 mg/mL; 15 mg/mL Single Dose Glass Fliptop Vial (NDC 0409-3793-01)"", ""availability"": ""Continuous Deliveries"", ""on_allocation"": false}, {""presentation"": ""30 mg/mL; 30 mg/mL Single Dose Glass Fliptop Vial (NDC 0409-3795-01)"", ""availability"": ""Continuous Deliveries"", ""on_allocation"": false}, {""presentation"": ""30 mg/mL; 60 mg/2 mL Single Dose Glass Fliptop Vial (NDC 0409-3796-01)"", ""availability"": ""Available"", ""on_allocation"": false}]",,1,False,False,False,False,False
105,Ketorolac Tromethamine Injection,ketorolac tromethamine injection,AMPH,US,SPY,2015-02-07,2015-02-22,20150222032656,2015-02-22,2015-02-22T03:26:56+00:00,placebo,,[],FDA-page nonlisted generic-maker control; manufacture absence unverified,1,False,False,False,False,False
105,Ketorolac Tromethamine Injection,ketorolac tromethamine injection,BAX,US,SPY,2015-02-07,2015-02-22,20150222032656,2015-02-22,2015-02-22T03:26:56+00:00,placebo,,[],FDA-page nonlisted generic-maker control; manufacture absence unverified,1,False,False,False,False,False
105,Ketorolac Tromethamine Injection,ketorolac tromethamine injection,ICUI,US,SPY,2015-02-07,2015-02-22,20150222032656,2015-02-22,2015-02-22T03:26:56+00:00,placebo,,[],FDA-page nonlisted generic-maker control; manufacture absence unverified,1,False,False,False,False,False
105,Ketorolac Tromethamine Injection,ketorolac tromethamine injection,MYL,US,SPY,2015-02-07,2015-02-22,20150222032656,2015-02-22,2015-02-22T03:26:56+00:00,placebo,,[],FDA-page nonlisted generic-maker control; manufacture absence unverified,1,False,False,False,False,False
105,Ketorolac Tromethamine Injection,ketorolac tromethamine injection,RDY,US,SPY,2015-02-07,2015-02-22,20150222032656,2015-02-22,2015-02-22T03:26:56+00:00,placebo,,[],FDA-page nonlisted generic-maker control; manufacture absence unverified,1,False,False,False,False,False
105,Ketorolac Tromethamine Injection,ketorolac tromethamine injection,TEVA,US,SPY,2015-02-07,2015-02-22,20150222032656,2015-02-22,2015-02-22T03:26:56+00:00,placebo,,[],FDA-page nonlisted generic-maker control; manufacture absence unverified,1,False,False,False,False,False
116,Cefepime Injection,cefepime injection,BAX,US,SPY,2015-08-01,2015-09-05,20150905092808,2015-09-05,2015-09-05T09:28:08+00:00,winner,Baxter Healthcare,"[{""presentation"": ""Cefepime Injection, 1 gram/50mL, GALAXY Container (NDC 0338-1301-41)"", ""availability"": ""Available for existing customers."", ""on_allocation"": false}, {""presentation"": ""Cefepime Injection, 2 gram/100mL, GALAXY Container (NDC 0338-1301-48)"", ""availability"": ""Available for existing customers."", ""on_allocation"": false}]",,1,True,False,False,False,False
116,Cefepime Injection,cefepime injection,FRE.DE,DE,EXS1.DE,2015-08-01,2015-09-05,20150905092808,2015-09-05,2015-09-05T09:28:08+00:00,disrupted,"Fresenius Kabi USA, LLC","[{""presentation"": ""1 g single dose vial, sterile powder (NDC 63323-326-20)"", ""availability"": ""Backordered. Next release anticipated September 2015."", ""on_allocation"": false}, {""presentation"": ""2 g single dose vial, sterile powder (NDC 63323-340-20)"", ""availability"": ""Backordered. Next release anticipated September 2015."", ""on_allocation"": false}]",,1,True,False,False,False,False
116,Cefepime Injection,cefepime injection,PFE,US,SPY,2015-08-01,2015-09-05,20150905092808,2015-09-05,2015-09-05T09:28:08+00:00,disrupted,"Hospira, Inc.","[{""presentation"": ""2g Single Dose ADD-Vantage\u2122 Glass Vial (NDC 0409-0218-01)"", ""availability"": ""Next delivery: October 2015; Estimated Recovery: 4Q 2015"", ""on_allocation"": false}, {""presentation"": ""1g Single Dose ADD-Vantage\u2122 Glass Vial (NDC 0409-0217-01)"", ""availability"": ""Next delivery: October 2015; Estimated Recovery: 4Q 2015"", ""on_allocation"": false}, {""presentation"": ""1g Single Dose Glass Fliptop Vial (NDC 0409-0219-01)"", ""availability"": ""Next delivery: October 2015; Estimated Recovery: 4Q 2015"", ""on_allocation"": false}, {""presentation"": ""2g Single Dose Glass Fliptop Vial (NDC 0409-0220-01)"", ""availability"": ""Next delivery: October 2015; Estimated Recovery: 4Q 2015"", ""on_allocation"": false}]",,1,True,False,False,False,False
116,Cefepime Injection,cefepime injection,AMPH,US,SPY,2015-08-01,2015-09-05,20150905092808,2015-09-05,2015-09-05T09:28:08+00:00,placebo,,[],FDA-page nonlisted generic-maker control; manufacture absence unverified,1,True,False,False,False,False
116,Cefepime Injection,cefepime injection,ICUI,US,SPY,2015-08-01,2015-09-05,20150905092808,2015-09-05,2015-09-05T09:28:08+00:00,placebo,,[],FDA-page nonlisted generic-maker control; manufacture absence unverified,1,True,False,False,False,False
116,Cefepime Injection,cefepime injection,MYL,US,SPY,2015-08-01,2015-09-05,20150905092808,2015-09-05,2015-09-05T09:28:08+00:00,placebo,,[],FDA-page nonlisted generic-maker control; manufacture absence unverified,1,True,False,False,False,False
116,Cefepime Injection,cefepime injection,RDY,US,SPY,2015-08-01,2015-09-05,20150905092808,2015-09-05,2015-09-05T09:28:08+00:00,placebo,,[],FDA-page nonlisted generic-maker control; manufacture absence unverified,1,True,False,False,False,False
116,Cefepime Injection,cefepime injection,TEVA,US,SPY,2015-08-01,2015-09-05,20150905092808,2015-09-05,2015-09-05T09:28:08+00:00,placebo,,[],FDA-page nonlisted generic-maker control; manufacture absence unverified,1,True,False,False,False,False
117,Levetiracetam (Keppra) Injection,levetiracetam (keppra) injection,FRE.DE,DE,EXS1.DE,2015-08-01,2015-09-05,20150905090010,2015-09-05,2015-09-05T09:00:10+00:00,disrupted,"Fresenius Kabi USA, LLC","[{""presentation"": ""500mg/5mL, SDV (NDC 63323-400-09)"", ""availability"": ""Product not available at this time. Product availability anticipated in Q4 2015."", ""on_allocation"": false}]",,1,True,False,False,False,False
117,Levetiracetam (Keppra) Injection,levetiracetam (keppra) injection,MYL,US,SPY,2015-08-01,2015-09-05,20150905090010,2015-09-05,2015-09-05T09:00:10+00:00,winner,Mylan Institutional,"[{""presentation"": ""5mg/mL (500mg/100mL) Pkg of 10 (NDC 67457-255-10)"", ""availability"": ""Available"", ""on_allocation"": false}, {""presentation"": ""10mg/mL (1g/100mL) Pkg of 10 (NDC 67457-265-10)"", ""availability"": ""Available"", ""on_allocation"": false}, {""presentation"": ""15mg/mL (1.5g/100mL) Pgk of 10 (NDC 67457-266-10)"", ""availability"": ""Available"", ""on_allocation"": false}]",,1,True,False,False,False,False
117,Levetiracetam (Keppra) Injection,levetiracetam (keppra) injection,PFE,US,SPY,2015-08-01,2015-09-05,20150905090010,2015-09-05,2015-09-05T09:00:10+00:00,disrupted,"Hospira, Inc.","[{""presentation"": ""100 mg/mL; 500 mg/5mL Single Dose Glass Fliptop Vial (NDC 0409-1886-02)"", ""availability"": ""Next delivery: Late August 2015. Estimated recovery: 3Q 2015"", ""on_allocation"": false}]",,1,True,False,False,False,False
117,Levetiracetam (Keppra) Injection,levetiracetam (keppra) injection,AMPH,US,SPY,2015-08-01,2015-09-05,20150905090010,2015-09-05,2015-09-05T09:00:10+00:00,placebo,,[],FDA-page nonlisted generic-maker control; manufacture absence unverified,1,True,False,False,False,False
117,Levetiracetam (Keppra) Injection,levetiracetam (keppra) injection,BAX,US,SPY,2015-08-01,2015-09-05,20150905090010,2015-09-05,2015-09-05T09:00:10+00:00,placebo,,[],FDA-page nonlisted generic-maker control; manufacture absence unverified,1,True,False,False,False,False
117,Levetiracetam (Keppra) Injection,levetiracetam (keppra) injection,ICUI,US,SPY,2015-08-01,2015-09-05,20150905090010,2015-09-05,2015-09-05T09:00:10+00:00,placebo,,[],FDA-page nonlisted generic-maker control; manufacture absence unverified,1,True,False,False,False,False
117,Levetiracetam (Keppra) Injection,levetiracetam (keppra) injection,RDY,US,SPY,2015-08-01,2015-09-05,20150905090010,2015-09-05,2015-09-05T09:00:10+00:00,placebo,,[],FDA-page nonlisted generic-maker control; manufacture absence unverified,1,True,False,False,False,False
117,Levetiracetam (Keppra) Injection,levetiracetam (keppra) injection,TEVA,US,SPY,2015-08-01,2015-09-05,20150905090010,2015-09-05,2015-09-05T09:00:10+00:00,placebo,,[],FDA-page nonlisted generic-maker control; manufacture absence unverified,1,True,False,False,False,False
131,"Potassium Acetate Injection, USP","potassium acetate injection, usp",PFE,US,SPY,2016-03-06,2016-03-02,20160302130755,2016-03-06,2016-03-06T23:59:59.999999999+00:00,winner,"Hospira, Inc.","[{""presentation"": ""2 mEq/mL; 100 mEq/50 mL Pharmacy Bulk Package Glass Fliptop Vial (NDC 0409-3294-51)"", ""availability"": ""Available, releasing product consistently"", ""on_allocation"": false}, {""presentation"": ""2 mEq/mL; 40 mEq/20 mL Single Dose Plastic Fliptop Vial (NDC 0409-8183-01)"", ""availability"": ""Available, releasing product consistently"", ""on_allocation"": false}]",,1,True,False,False,False,False
131,"Potassium Acetate Injection, USP","potassium acetate injection, usp",AMPH,US,SPY,2016-03-06,2016-03-02,20160302130755,2016-03-06,2016-03-06T23:59:59.999999999+00:00,placebo,,[],FDA-page nonlisted generic-maker control; manufacture absence unverified,1,True,False,False,False,False
131,"Potassium Acetate Injection, USP","potassium acetate injection, usp",BAX,US,SPY,2016-03-06,2016-03-02,20160302130755,2016-03-06,2016-03-06T23:59:59.999999999+00:00,placebo,,[],FDA-page nonlisted generic-maker control; manufacture absence unverified,1,True,False,False,False,False
131,"Potassium Acetate Injection, USP","potassium acetate injection, usp",ICUI,US,SPY,2016-03-06,2016-03-02,20160302130755,2016-03-06,2016-03-06T23:59:59.999999999+00:00,placebo,,[],FDA-page nonlisted generic-maker control; manufacture absence unverified,1,True,False,False,False,False
131,"Potassium Acetate Injection, USP","potassium acetate injection, usp",MYL,US,SPY,2016-03-06,2016-03-02,20160302130755,2016-03-06,2016-03-06T23:59:59.999999999+00:00,placebo,,[],FDA-page nonlisted generic-maker control; manufacture absence unverified,1,True,False,False,False,False
131,"Potassium Acetate Injection, USP","potassium acetate injection, usp",RDY,US,SPY,2016-03-06,2016-03-02,20160302130755,2016-03-06,2016-03-06T23:59:59.999999999+00:00,placebo,,[],FDA-page nonlisted generic-maker control; manufacture absence unverified,1,True,False,False,False,False
131,"Potassium Acetate Injection, USP","potassium acetate injection, usp",TEVA,US,SPY,2016-03-06,2016-03-02,20160302130755,2016-03-06,2016-03-06T23:59:59.999999999+00:00,placebo,,[],FDA-page nonlisted generic-maker control; manufacture absence unverified,1,True,False,False,False,False
132,"Sodium Acetate Injection, USP","sodium acetate injection, usp",PFE,US,SPY,2016-03-06,2016-03-02,20160302130843,2016-03-06,2016-03-06T23:59:59.999999999+00:00,winner,"Hospira, Inc.","[{""presentation"": ""2 mEq/mL; 100 mEq/50 mL Pharmacy Bulk Package Glass Fliptop Vial (NDC 0409-3299-05)"", ""availability"": ""Next delivery: Early April and estimated recovery Early 2Q 2016"", ""on_allocation"": false}, {""presentation"": ""2 mEq/mL; 200 mEq/100 mL Pharmacy Bulk Package Glass Fliptop Vial (NDC 0409-3299-06)"", ""availability"": ""Available, releasing product consistently"", ""on_allocation"": false}, {""presentation"": ""2 mEq/mL; 40 mEq/20 mL Single Dose Plastic Fliptop Vial (NDC 0409-7299-73)"", ""availability"": ""Available, releasing product consistently"", ""on_allocation"": false}]",,1,True,False,False,False,False
132,"Sodium Acetate Injection, USP","sodium acetate injection, usp",AMPH,US,SPY,2016-03-06,2016-03-02,20160302130843,2016-03-06,2016-03-06T23:59:59.999999999+00:00,placebo,,[],FDA-page nonlisted generic-maker control; manufacture absence unverified,1,True,False,False,False,False
132,"Sodium Acetate Injection, USP","sodium acetate injection, usp",BAX,US,SPY,2016-03-06,2016-03-02,20160302130843,2016-03-06,2016-03-06T23:59:59.999999999+00:00,placebo,,[],FDA-page nonlisted generic-maker control; manufacture absence unverified,1,True,False,False,False,False
132,"Sodium Acetate Injection, USP","sodium acetate injection, usp",ICUI,US,SPY,2016-03-06,2016-03-02,20160302130843,2016-03-06,2016-03-06T23:59:59.999999999+00:00,placebo,,[],FDA-page nonlisted generic-maker control; manufacture absence unverified,1,True,False,False,False,False
132,"Sodium Acetate Injection, USP","sodium acetate injection, usp",MYL,US,SPY,2016-03-06,2016-03-02,20160302130843,2016-03-06,2016-03-06T23:59:59.999999999+00:00,placebo,,[],FDA-page nonlisted generic-maker control; manufacture absence unverified,1,True,False,False,False,False
132,"Sodium Acetate Injection, USP","sodium acetate injection, usp",RDY,US,SPY,2016-03-06,2016-03-02,20160302130843,2016-03-06,2016-03-06T23:59:59.999999999+00:00,placebo,,[],FDA-page nonlisted generic-maker control; manufacture absence unverified,1,True,False,False,False,False
132,"Sodium Acetate Injection, USP","sodium acetate injection, usp",TEVA,US,SPY,2016-03-06,2016-03-02,20160302130843,2016-03-06,2016-03-06T23:59:59.999999999+00:00,placebo,,[],FDA-page nonlisted generic-maker control; manufacture absence unverified,1,True,False,False,False,False
133,"Sodium Bicarbonate Injection, USP","sodium bicarbonate injection, usp",AMPH,US,SPY,2016-03-06,2016-03-03,20160303000842,2016-03-06,2016-03-06T23:59:59.999999999+00:00,nonwinner,"Amphastar Pharmaceuticals, Inc./IMS","[{""presentation"": ""Sodium Bicarbonate Inj. USP, 8.4%, 50mL Luer-Jet Prefilled Syringe, (NDC 0548-3352-00), (new NDC 76329-3352-1)"", ""availability"": ""Amphastar will regularly release products."", ""on_allocation"": false}]",,1,True,False,False,False,False
133,"Sodium Bicarbonate Injection, USP","sodium bicarbonate injection, usp",PFE,US,SPY,2016-03-06,2016-03-03,20160303000842,2016-03-06,2016-03-06T23:59:59.999999999+00:00,winner,"Hospira, Inc.","[{""presentation"": ""[Neut\u2122 (Sodium Bicarbonate Additive Solution)] 4% (200mg/5mL) Single Dose Glass Fliptop Vial (NDC 0409-6609-02)"", ""availability"": ""Available"", ""on_allocation"": false}, {""presentation"": ""(Infant) 4.2% (0.5 mEq/mL); 5 mEq/10 mL LifeShield\u2122 Abboject\u2122 Glass Syringe with Male Luer Lock Adapter and 20-Gauge protected needle (NDC 0409-5534-34)"", ""availability"": ""Next delivery: April Estimated recovery: 2Q 2016"", ""on_allocation"": false}, {""presentation"": ""7.5% (0.9 mEq/mL); 44.6 mEq/50 mL LifeShield\u2122 Abboject\u2122 Glass Syringe with Male Luer Lock Adapter and 18-Gauge protected needle (NDC 0409-4916-34)"", ""availability"": ""Next delivery: April Estimated recovery: 2Q 2016"", ""on_allocation"": false}, {""presentation"": ""8.4% (1 mEq/mL); 50 mEq/50 mL Single Dose Glass Fliptop Vial (NDC 0409-6625-02)"", ""availability"": ""Next delivery: Early March; Estimated recovery: Early 2Q 2016"", ""on_allocation"": false}, {""presentation"": ""8.4% (1 mEq/mL); 50 mEq/50 mL LifeShield\u2122 Abboject\u2122 Glass Syringe (18 G x 1 1/2\"")(NDC 0409-6637-34)"", ""availability"": ""Next delivery: April Estimated recovery: 2Q 2016"", ""on_allocation"": false}, {""presentation"": ""(Pediatric) 8.4% (1 mEq/mL); 10 mEq/10 mL LifeShield\u2122 Abboject\u2122 Glass Syringe with Male Luer Lock Adapter and 20-Gauge protected needle (NDC 0409-4900-34)"", ""availability"": ""Next delivery: April Estimated recovery: 2Q 2016"", ""on_allocation"": false}]",,1,True,False,False,False,False
133,"Sodium Bicarbonate Injection, USP","sodium bicarbonate injection, usp",BAX,US,SPY,2016-03-06,2016-03-03,20160303000842,2016-03-06,2016-03-06T23:59:59.999999999+00:00,placebo,,[],FDA-page nonlisted generic-maker control; manufacture absence unverified,1,True,False,False,False,False
133,"Sodium Bicarbonate Injection, USP","sodium bicarbonate injection, usp",ICUI,US,SPY,2016-03-06,2016-03-03,20160303000842,2016-03-06,2016-03-06T23:59:59.999999999+00:00,placebo,,[],FDA-page nonlisted generic-maker control; manufacture absence unverified,1,True,False,False,False,False
133,"Sodium Bicarbonate Injection, USP","sodium bicarbonate injection, usp",MYL,US,SPY,2016-03-06,2016-03-03,20160303000842,2016-03-06,2016-03-06T23:59:59.999999999+00:00,placebo,,[],FDA-page nonlisted generic-maker control; manufacture absence unverified,1,True,False,False,False,False
133,"Sodium Bicarbonate Injection, USP","sodium bicarbonate injection, usp",RDY,US,SPY,2016-03-06,2016-03-03,20160303000842,2016-03-06,2016-03-06T23:59:59.999999999+00:00,placebo,,[],FDA-page nonlisted generic-maker control; manufacture absence unverified,1,True,False,False,False,False
133,"Sodium Bicarbonate Injection, USP","sodium bicarbonate injection, usp",TEVA,US,SPY,2016-03-06,2016-03-03,20160303000842,2016-03-06,2016-03-06T23:59:59.999999999+00:00,placebo,,[],FDA-page nonlisted generic-maker control; manufacture absence unverified,1,True,False,False,False,False
135,"Methylprednisolone Sodium Succinate for Injection, USP","methylprednisolone sodium succinate for injection, usp",FRE.DE,DE,EXS1.DE,2016-03-19,2016-03-27,20160327102859,2016-03-27,2016-03-27T10:28:59+00:00,winner,"Fresenius Kabi USA, LLC","[{""presentation"": ""40 mg, Single Dose Vial (NDC 63323-255-03)"", ""availability"": ""Backordered. Next release anticipated late April 2016."", ""on_allocation"": false}, {""presentation"": ""125 mg, Single Dose Vial (NDC 63323-258-03)"", ""availability"": ""Backordered. Next release anticipated late April 2016."", ""on_allocation"": false}, {""presentation"": ""1 g, Single Dose Vial (NDC 63323-265-30)"", ""availability"": ""Available"", ""on_allocation"": false}]",,2,False,False,False,False,False
135,"Methylprednisolone Sodium Succinate for Injection, USP","methylprednisolone sodium succinate for injection, usp",PFE,US,SPY,2016-03-19,2016-03-27,20160327102859,2016-03-27,2016-03-27T10:28:59+00:00,winner,Pfizer Pharmaceuticals,"[{""presentation"": ""Solu-Medrol\u00ae (methylprednisolone sodium succinate, USP) Sterile Powder for Injection Rx 40 mg 1 mL ACT-O-VIAL\u00ae (NDC 0009-0039-28)"", ""availability"": ""Weekly shipments with full recovery projected beginning July 2016"", ""on_allocation"": false}, {""presentation"": ""Solu-Medrol\u00ae (methylprednisolone sodium succinate, USP) Sterile Powder for Injection Rx 125 mg 2 mL ACT-O-VIAL\u00ae (NDC 0009-0047-22)"", ""availability"": ""Weekly shipments with full recovery projected beginning July 2016"", ""on_allocation"": false}, {""presentation"": ""Solu-Medrol\u00ae (methylprednisolone sodium succinate, USP) Sterile Powder for Injection Rx 500 mg 4 mL ACT-O-VIAL\u00ae (NDC 0009-0003-02)"", ""availability"": ""Available"", ""on_allocation"": false}, {""presentation"": ""Solu-Medrol\u00ae (methylprednisolone sodium succinate, USP) Sterile Powder for Injection Rx 1 gm 8 mL ACT-O-VIAL\u00ae (NDC 0009-0758-01)"", ""availability"": ""Available"", ""on_allocation"": false}, {""presentation"": ""Solu-Medrol\u00ae (methylprednisolone sodium succinate, USP) Sterile Powder for Injection Rx 1 gm 8 mL ACT-O-VIAL\u00ae (NDC 0009-0018-20)"", ""availability"": ""Available"", ""on_allocation"": false}, {""presentation"": ""Solu-Medrol\u00ae (methylprednisolone sodium succinate, USP) Sterile Powder for Injection Rx 1 gm 16 mL Vial (NDC 0009-0698-01)"", ""availability"": ""Available"", ""on_allocation"": false}, {""presentation"": ""Solu-Medrol\u00ae (methylprednisolone sodium succinate, USP) Sterile Powder for Injection Rx 2 gm Vial w/Diluent (NDC 0009-0796-01)"", ""availability"": ""Available"", ""on_allocation"": false}, {""presentation"": ""Solu-Medrol\u00ae (methylprednisolone sodium succinate, USP) Sterile Powder for Injection for NovaPlus\u00ae Rx 40 mg 1 mL ACT-O-VIAL (NDC 0009-0039-32)"", ""availability"": ""Available"", ""on_allocation"": false}, {""presentation"": ""Solu-Medrol\u00ae (methylprednisolone sodium succinate, USP) Sterile Powder for Injection for NovaPlus\u00ae Rx 125 mg 2 mL ACT-O-VIAL\u00ae (NDC 0009-0047-26)"", ""availability"": ""Available"", ""on_allocation"": false}]",,2,False,False,False,False,False
135,"Methylprednisolone Sodium Succinate for Injection, USP","methylprednisolone sodium succinate for injection, usp",AMPH,US,SPY,2016-03-19,2016-03-27,20160327102859,2016-03-27,2016-03-27T10:28:59+00:00,placebo,,[],FDA-page nonlisted generic-maker control; manufacture absence unverified,2,False,False,False,False,False
135,"Methylprednisolone Sodium Succinate for Injection, USP","methylprednisolone sodium succinate for injection, usp",BAX,US,SPY,2016-03-19,2016-03-27,20160327102859,2016-03-27,2016-03-27T10:28:59+00:00,placebo,,[],FDA-page nonlisted generic-maker control; manufacture absence unverified,2,False,False,False,False,False
135,"Methylprednisolone Sodium Succinate for Injection, USP","methylprednisolone sodium succinate for injection, usp",ICUI,US,SPY,2016-03-19,2016-03-27,20160327102859,2016-03-27,2016-03-27T10:28:59+00:00,placebo,,[],FDA-page nonlisted generic-maker control; manufacture absence unverified,2,False,False,False,False,False
135,"Methylprednisolone Sodium Succinate for Injection, USP","methylprednisolone sodium succinate for injection, usp",MYL,US,SPY,2016-03-19,2016-03-27,20160327102859,2016-03-27,2016-03-27T10:28:59+00:00,placebo,,[],FDA-page nonlisted generic-maker control; manufacture absence unverified,2,False,False,False,False,False
135,"Methylprednisolone Sodium Succinate for Injection, USP","methylprednisolone sodium succinate for injection, usp",RDY,US,SPY,2016-03-19,2016-03-27,20160327102859,2016-03-27,2016-03-27T10:28:59+00:00,placebo,,[],FDA-page nonlisted generic-maker control; manufacture absence unverified,2,False,False,False,False,False
135,"Methylprednisolone Sodium Succinate for Injection, USP","methylprednisolone sodium succinate for injection, usp",TEVA,US,SPY,2016-03-19,2016-03-27,20160327102859,2016-03-27,2016-03-27T10:28:59+00:00,placebo,,[],FDA-page nonlisted generic-maker control; manufacture absence unverified,2,False,False,False,False,False
136,Theophylline Extended Release Tablets and Capsules,theophylline extended release tablets and capsules,APLLTD.NS,IN,NIFTYBEES.NS,2016-04-09,2016-05-02,20160502152036,2016-05-02,2016-05-02T15:20:36+00:00,winner,Alembic Pharmaceuticals,"[{""presentation"": ""300 mg, bottle of 30 counts (NDC 62332-025-30)"", ""availability"": ""Product available"", ""on_allocation"": false}, {""presentation"": ""300 mg, bottle of 100 counts (NDC 62332-025-31)"", ""availability"": ""Product available"", ""on_allocation"": false}, {""presentation"": ""300 mg, bottle of 500 counts (NDC 62332-025-71)"", ""availability"": ""Product available"", ""on_allocation"": false}, {""presentation"": ""300 mg, bottle of 1000 counts (NDC 62332-025-91)"", ""availability"": ""Product available"", ""on_allocation"": false}, {""presentation"": ""450 mg, bottle of 30 counts (NDC 62332-026-30)"", ""availability"": ""Product available"", ""on_allocation"": false}, {""presentation"": ""450 mg, bottle of 100 counts (NDC 62332-026-31)"", ""availability"": ""Product available"", ""on_allocation"": false}, {""presentation"": ""450 mg, bottle of 500 counts (NDC 62332-026-71)"", ""availability"": ""Product available"", ""on_allocation"": false}]",,2,False,False,False,False,False
136,Theophylline Extended Release Tablets and Capsules,theophylline extended release tablets and capsules,MYL,US,SPY,2016-04-09,2016-05-02,20160502152036,2016-05-02,2016-05-02T15:20:36+00:00,winner,Mylan Pharmaceuticals Inc.,"[{""presentation"": ""Theophylline ER Tabs 400mg 100s (NDC 29033-001-01)"", ""availability"": ""Available"", ""on_allocation"": false}, {""presentation"": ""Theophylline ER Tabs 600mg 100s (NDC 29033-002-01"", ""availability"": ""Available"", ""on_allocation"": false}]",,2,False,False,False,False,False
136,Theophylline Extended Release Tablets and Capsules,theophylline extended release tablets and capsules,TEVA,US,SPY,2016-04-09,2016-05-02,20160502152036,2016-05-02,2016-05-02T15:20:36+00:00,disrupted,Teva Pharmaceuticals,"[{""presentation"": ""100 count, 100 mg (NDC 50111-0483-01)"", ""availability"": ""Estimated availability: 2Q 2018"", ""on_allocation"": false}, {""presentation"": ""500 count, 100 mg (NDC 50111-0483-02)"", ""availability"": ""Estimated availability: 2Q 2018"", ""on_allocation"": false}, {""presentation"": ""100 count, 200 mg (NDC 50111-0482-01)"", ""availability"": ""Estimated availability: 2Q 2018"", ""on_allocation"": false}, {""presentation"": ""500 count, 200 mg (NDC 50111-0482-02)"", ""availability"": ""Estimated availability: 2Q 2018"", ""on_allocation"": false}, {""presentation"": ""1000 count, 200 mg (NDC 50111-0482-03)"", ""availability"": ""Estimated availability: 2Q 2018"", ""on_allocation"": false}, {""presentation"": ""100 count, 300 mg (NDC 50111-0459-01)"", ""availability"": ""Estimated availability: 2Q 2018"", ""on_allocation"": false}, {""presentation"": ""500 count, 300 mg (NDC 50111-0459-02)"", ""availability"": ""Estimated availability: 2Q 2018"", ""on_allocation"": false}, {""presentation"": ""1000 count, 300 mg (NDC 50111-0459-03)"", ""availability"": ""Estimated availability: 2Q 2018"", ""on_allocation"": false}, {""presentation"": ""100 count, 450 mg (NDC 50111-0518-01)"", ""availability"": ""Estimated availability: 2Q 2018"", ""on_allocation"": false}]",,2,False,False,False,False,False
136,Theophylline Extended Release Tablets and Capsules,theophylline extended release tablets and capsules,AMPH,US,SPY,2016-04-09,2016-05-02,20160502152036,2016-05-02,2016-05-02T15:20:36+00:00,placebo,,[],FDA-page nonlisted generic-maker control; manufacture absence unverified,2,False,False,False,False,False
136,Theophylline Extended Release Tablets and Capsules,theophylline extended release tablets and capsules,AUROPHARMA.NS,IN,NIFTYBEES.NS,2016-04-09,2016-05-02,20160502152036,2016-05-02,2016-05-02T15:20:36+00:00,placebo,,[],FDA-page nonlisted generic-maker control; manufacture absence unverified,2,False,False,False,False,False
136,Theophylline Extended Release Tablets and Capsules,theophylline extended release tablets and capsules,BAX,US,SPY,2016-04-09,2016-05-02,20160502152036,2016-05-02,2016-05-02T15:20:36+00:00,placebo,,[],FDA-page nonlisted generic-maker control; manufacture absence unverified,2,False,False,False,False,False
136,Theophylline Extended Release Tablets and Capsules,theophylline extended release tablets and capsules,CAPLIPOINT.NS,IN,NIFTYBEES.NS,2016-04-09,2016-05-02,20160502152036,2016-05-02,2016-05-02T15:20:36+00:00,placebo,,[],FDA-page nonlisted generic-maker control; manufacture absence unverified,2,False,False,False,False,False
136,Theophylline Extended Release Tablets and Capsules,theophylline extended release tablets and capsules,CIPLA.NS,IN,NIFTYBEES.NS,2016-04-09,2016-05-02,20160502152036,2016-05-02,2016-05-02T15:20:36+00:00,placebo,,[],FDA-page nonlisted generic-maker control; manufacture absence unverified,2,False,False,False,False,False
136,Theophylline Extended Release Tablets and Capsules,theophylline extended release tablets and capsules,GRANULES.NS,IN,NIFTYBEES.NS,2016-04-09,2016-05-02,20160502152036,2016-05-02,2016-05-02T15:20:36+00:00,placebo,,[],FDA-page nonlisted generic-maker control; manufacture absence unverified,2,False,False,False,False,False
136,Theophylline Extended Release Tablets and Capsules,theophylline extended release tablets and capsules,ICUI,US,SPY,2016-04-09,2016-05-02,20160502152036,2016-05-02,2016-05-02T15:20:36+00:00,placebo,,[],FDA-page nonlisted generic-maker control; manufacture absence unverified,2,False,False,False,False,False
136,Theophylline Extended Release Tablets and Capsules,theophylline extended release tablets and capsules,LUPIN.NS,IN,NIFTYBEES.NS,2016-04-09,2016-05-02,20160502152036,2016-05-02,2016-05-02T15:20:36+00:00,placebo,,[],FDA-page nonlisted generic-maker control; manufacture absence unverified,2,False,False,False,False,False
136,Theophylline Extended Release Tablets and Capsules,theophylline extended release tablets and capsules,RDY,US,SPY,2016-04-09,2016-05-02,20160502152036,2016-05-02,2016-05-02T15:20:36+00:00,placebo,,[],FDA-page nonlisted generic-maker control; manufacture absence unverified,2,False,False,False,False,False
136,Theophylline Extended Release Tablets and Capsules,theophylline extended release tablets and capsules,STAR.NS,IN,NIFTYBEES.NS,2016-04-09,2016-05-02,20160502152036,2016-05-02,2016-05-02T15:20:36+00:00,placebo,,[],FDA-page nonlisted generic-maker control; manufacture absence unverified,2,False,False,False,False,False
136,Theophylline Extended Release Tablets and Capsules,theophylline extended release tablets and capsules,SUNPHARMA.NS,IN,NIFTYBEES.NS,2016-04-09,2016-05-02,20160502152036,2016-05-02,2016-05-02T15:20:36+00:00,placebo,,[],FDA-page nonlisted generic-maker control; manufacture absence unverified,2,False,False,False,False,False
136,Theophylline Extended Release Tablets and Capsules,theophylline extended release tablets and capsules,TORNTPHARM.NS,IN,NIFTYBEES.NS,2016-04-09,2016-05-02,20160502152036,2016-05-02,2016-05-02T15:20:36+00:00,placebo,,[],FDA-page nonlisted generic-maker control; manufacture absence unverified,2,False,False,False,False,False
136,Theophylline Extended Release Tablets and Capsules,theophylline extended release tablets and capsules,ZYDUSLIFE.NS,IN,NIFTYBEES.NS,2016-04-09,2016-05-02,20160502152036,2016-05-02,2016-05-02T15:20:36+00:00,placebo,,[],FDA-page nonlisted generic-maker control; manufacture absence unverified,2,False,False,False,False,False
162,Rocuronium Bromide Injection,rocuronium bromide injection,FRE.DE,DE,EXS1.DE,2017-03-23,2017-06-28,20170628110107,2017-06-28,2017-06-28T11:01:07+00:00,disrupted,"Fresenius Kabi USA, LLC","[{""presentation"": ""50 mg per 5 mL, multi dose vial (NDC 63323-426-05)"", ""availability"": ""Backordered. Next release anticipated August 2017."", ""on_allocation"": false}, {""presentation"": ""100 mg per 10 mL, multi dose vial (NDC 63323-426-10)"", ""availability"": ""Backordered. Next release anticipated June 2017."", ""on_allocation"": false}]",,1,False,False,False,False,False
162,Rocuronium Bromide Injection,rocuronium bromide injection,MYL,US,SPY,2017-03-23,2017-06-28,20170628110107,2017-06-28,2017-06-28T11:01:07+00:00,winner,Mylan Institutional,"[{""presentation"": ""50mg/5mL Pkg of 10 (NDC 67457-228-05)"", ""availability"": ""Available"", ""on_allocation"": false}, {""presentation"": ""100mg/10mL Pkg of 10 (NDC 67457-228-10)"", ""availability"": ""Available"", ""on_allocation"": false}]",,1,False,False,False,False,False
162,Rocuronium Bromide Injection,rocuronium bromide injection,NOVN.SW,CH,CSSMI.SW,2017-03-23,2017-06-28,20170628110107,2017-06-28,2017-06-28T11:01:07+00:00,disrupted,Sandoz,"[{""presentation"": ""10 mg/mL; 5 mL (NDC 0781-3220-92)"", ""availability"": ""Limited supply. Estimated recovery: June/July 2017"", ""on_allocation"": false}, {""presentation"": ""10 mg/mL; 10 mL (NDC 0781-3220-95)"", ""availability"": ""Product temporarily unavailable. Estimated recovery: End of June/July 2017"", ""on_allocation"": false}]",,1,False,False,False,False,False
162,Rocuronium Bromide Injection,rocuronium bromide injection,PFE,US,SPY,2017-03-23,2017-06-28,20170628110107,2017-06-28,2017-06-28T11:01:07+00:00,disrupted,"Hospira, Inc.","[{""presentation"": ""10 mg/mL; 50 mg/5 mL Multiple Dose Glass Fliptop Vial (NDC 0409-9558-05)"", ""availability"": ""Next delivery: Early July 2017; Estimated recovery: Q4 2017"", ""on_allocation"": false}, {""presentation"": ""10 mg/mL; 100 mg/10 mL Multiple Dose Glass Fliptop Vial (NDC 0409-9558-10)"", ""availability"": ""Next delivery: Late August 2017; Estimated recovery: 4Q 2017"", ""on_allocation"": false}]",,1,False,False,False,False,False
162,Rocuronium Bromide Injection,rocuronium bromide injection,AMPH,US,SPY,2017-03-23,2017-06-28,20170628110107,2017-06-28,2017-06-28T11:01:07+00:00,placebo,,[],FDA-page nonlisted generic-maker control; manufacture absence unverified,1,False,False,False,False,False
162,Rocuronium Bromide Injection,rocuronium bromide injection,BAX,US,SPY,2017-03-23,2017-06-28,20170628110107,2017-06-28,2017-06-28T11:01:07+00:00,placebo,,[],FDA-page nonlisted generic-maker control; manufacture absence unverified,1,False,False,False,False,False
162,Rocuronium Bromide Injection,rocuronium bromide injection,ICUI,US,SPY,2017-03-23,2017-06-28,20170628110107,2017-06-28,2017-06-28T11:01:07+00:00,placebo,,[],FDA-page nonlisted generic-maker control; manufacture absence unverified,1,False,False,False,False,False
162,Rocuronium Bromide Injection,rocuronium bromide injection,RDY,US,SPY,2017-03-23,2017-06-28,20170628110107,2017-06-28,2017-06-28T11:01:07+00:00,placebo,,[],FDA-page nonlisted generic-maker control; manufacture absence unverified,1,False,False,False,False,False
162,Rocuronium Bromide Injection,rocuronium bromide injection,TEVA,US,SPY,2017-03-23,2017-06-28,20170628110107,2017-06-28,2017-06-28T11:01:07+00:00,placebo,,[],FDA-page nonlisted generic-maker control; manufacture absence unverified,1,False,False,False,False,False
232,Buspirone HCl Tablets,buspirone hcl tablets,MYL,US,SPY,2018-12-04,2019-02-12,20190212015416,2019-02-12,2019-02-12T01:54:16+00:00,disrupted,Mylan Pharmaceuticals Inc.,"[{""presentation"": ""7.5 mg, 100 count bottle (NDC 49884-725-01)"", ""availability"": ""Unavailable. Re-supply: February 2019"", ""on_allocation"": false}, {""presentation"": ""7.5 mg, 500 count bottle (NDC 49884-725-05)"", ""availability"": ""Unavailable. Re-supply: February 2019"", ""on_allocation"": false}, {""presentation"": ""5 mg, 100 count bottle (NDC 0378-1140-01)"", ""availability"": ""Out of stock. Re-supply: TBD"", ""on_allocation"": false}, {""presentation"": ""5 mg, 500 count bottle (NDC 0378-1140-05)"", ""availability"": ""Out of stock. Re-supply: TBD"", ""on_allocation"": false}, {""presentation"": ""5 mg, unit-dose blister pack, 100 count (NDC 51079-985-20)"", ""availability"": ""Out of stock. Re-supply: TBD"", ""on_allocation"": false}, {""presentation"": ""7.5 mg, 100 count bottle (NDC 0378-1145-01)"", ""availability"": ""Out of stock. Re-supply: TBD"", ""on_allocation"": false}, {""presentation"": ""10 mg, 100 count bottle (NDC 0378-1150-01)"", ""availability"": ""Out of stock. Re-supply: TBD"", ""on_allocation"": false}, {""presentation"": ""10 mg, 500 count bottle (NDC 0378-1150-05)"", ""availability"": ""Out of stock. Re-supply: TBD"", ""on_allocation"": false}, {""presentation"": ""10 mg, unit-dose blister pack, 100 count (NDC 51079-986-20)"", ""availability"": ""Out of stock. Re-supply: TBD"", ""on_allocation"": false}, {""presentation"": ""15 mg, 60 count bottle (NDC 0378-1165-91)"", ""availability"": ""Out of stock. Re-supply: TBD"", ""on_allocation"": false}, {""presentation"": ""15 mg, 180 count bottle (NDC 0378-1165-80)"", ""availability"": ""Out of stock. Re-supply: TBD"", ""on_allocation"": false}, {""presentation"": ""15 mg, 500 count bottle (NDC 0378-1165-05)"", ""availability"": ""Out of stock. Re-supply: TBD"", ""on_allocation"": false}, {""presentation"": ""15 mg, unit-dose blister pack, 100 count (NDC 51079-960-20)"", ""availability"": ""Out of stock. Re-supply: TBD"", ""on_allocation"": false}, {""presentation"": ""30 mg, 60 count bottle (NDC 0378-1175-91)"", ""availability"": ""Out of stock. Re-supply: TBD"", ""on_allocation"": false}, {""presentation"": ""30 mg, unit-dose blister pack, 100 count (NDC 51079-994-20)"", ""availability"": ""Out of stock. Re-supply: TBD"", ""on_allocation"": false}]",,1,True,False,False,False,False
232,Buspirone HCl Tablets,buspirone hcl tablets,STAR.NS,IN,NIFTYBEES.NS,2018-12-04,2019-02-12,20190212015416,2019-02-12,2019-02-12T01:54:16+00:00,winner,Strides Pharma Inc.,"[{""presentation"": ""5 mg, 100 count bottle (NDC 64380-741-06)"", ""availability"": ""Available"", ""on_allocation"": false}, {""presentation"": ""5 mg, 500 count bottle (NDC 64380-741-07)"", ""availability"": ""Currently out of stock. Re-supply: Early February 2019"", ""on_allocation"": false}, {""presentation"": ""5 mg, 1000 count bottle (NDC 64380-741-08)"", ""availability"": ""Available"", ""on_allocation"": false}, {""presentation"": ""7.5 mg, 100 count bottle (NDC 64380-787-06)"", ""availability"": ""Available"", ""on_allocation"": false}, {""presentation"": ""10 mg, 100 count bottle (NDC 64380-742-06)"", ""availability"": ""Currently out of stock. Re-supply: Early February 2019"", ""on_allocation"": false}, {""presentation"": ""10 mg, 500 count bottle (NDC 64380-742-07)"", ""availability"": ""Currently out of stock. Re-supply: Early February 2019"", ""on_allocation"": false}, {""presentation"": ""10 mg, 1000 count bottle (NDC 64380-742-08)"", ""availability"": ""Currently out of stock. Re-supply: Early February 2019"", ""on_allocation"": false}, {""presentation"": ""30 mg, 60 count bottle (NDC 64380-744-03)"", ""availability"": ""Currently out of stock. supply: Early February 2019"", ""on_allocation"": false}, {""presentation"": ""15 mg, 60 count bottle (NDC 64380-743-03)"", ""availability"": ""Currently out of stock. supply: Early February 2019"", ""on_allocation"": false}, {""presentation"": ""15 mg, 180 count bottle (NDC 64380-743-18)"", ""availability"": ""Currently out of stock. supply: Early February 2019"", ""on_allocation"": false}]",,1,True,False,False,False,False
232,Buspirone HCl Tablets,buspirone hcl tablets,TEVA,US,SPY,2018-12-04,2019-02-12,20190212015416,2019-02-12,2019-02-12T01:54:16+00:00,nonwinner,Teva Pharmaceuticals,"[{""presentation"": ""5 mg, 100 count bottle (NDC 0093-0053-01)"", ""availability"": ""Allocating inventory"", ""on_allocation"": true}, {""presentation"": ""5 mg, 500 count bottle (NDC 0093-0053-05)"", ""availability"": ""Allocating inventory"", ""on_allocation"": true}, {""presentation"": ""10 mg, 100 count bottle (NDC 0093-0054-01)"", ""availability"": ""Allocating inventory"", ""on_allocation"": true}, {""presentation"": ""10 mg, 500 count bottle (NDC 0093-0054-05)"", ""availability"": ""Allocating inventory"", ""on_allocation"": true}, {""presentation"": ""15 mg, 100 count bottle (NDC 0093-1003-01)"", ""availability"": ""Allocating inventory"", ""on_allocation"": true}, {""presentation"": ""15 mg, 500 count bottle (NDC 0093-1003-05)"", ""availability"": ""Allocating inventory"", ""on_allocation"": true}, {""presentation"": ""30 mg, 60 count bottle (NDC 0093-5200-06)"", ""availability"": ""Allocating inventory"", ""on_allocation"": true}, {""presentation"": ""30 mg, 500 count bottle (NDC 0093-5200-05)"", ""availability"": ""Allocating inventory"", ""on_allocation"": true}]",,1,True,False,False,False,False
232,Buspirone HCl Tablets,buspirone hcl tablets,ZYDUSLIFE.NS,IN,NIFTYBEES.NS,2018-12-04,2019-02-12,20190212015416,2019-02-12,2019-02-12T01:54:16+00:00,nonwinner,Zydus Pharmaceuticals USA Inc.,"[{""presentation"": ""5 mg, 100 count bottle (NDC 68382-180-01)"", ""availability"": ""Available on allocation to our existing customers"", ""on_allocation"": true}, {""presentation"": ""5 mg, 500 count bottle (NDC 68382-180-05)"", ""availability"": ""Available on allocation to our existing customers"", ""on_allocation"": true}, {""presentation"": ""10 mg, 100 count bottle (NDC 68382-181-01)"", ""availability"": ""Available on allocation to our existing customers"", ""on_allocation"": true}, {""presentation"": ""10 mg, 500 count bottle (NDC 68382-181-05)"", ""availability"": ""Available on allocation to our existing customers"", ""on_allocation"": true}, {""presentation"": ""15 mg, 100 count bottle (NDC 68382-182-01)"", ""availability"": ""Available on allocation to our existing customers"", ""on_allocation"": true}, {""presentation"": ""15 mg, 500 count bottle (NDC 68382-182-05)"", ""availability"": ""Available on allocation to our existing customers"", ""on_allocation"": true}, {""presentation"": ""30 mg, 60 count bottle (NDC 68382-183-14)"", ""availability"": ""Available on allocation to our existing customers"", ""on_allocation"": true}, {""presentation"": ""30 mg, 500 count bottle (NDC 68382-183-05)"", ""availability"": ""Available on allocation to our existing customers"", ""on_allocation"": true}]",,1,True,False,False,False,False
232,Buspirone HCl Tablets,buspirone hcl tablets,APLLTD.NS,IN,NIFTYBEES.NS,2018-12-04,2019-02-12,20190212015416,2019-02-12,2019-02-12T01:54:16+00:00,placebo,,[],FDA-page nonlisted generic-maker control; manufacture absence unverified,1,True,False,False,False,False
232,Buspirone HCl Tablets,buspirone hcl tablets,AUROPHARMA.NS,IN,NIFTYBEES.NS,2018-12-04,2019-02-12,20190212015416,2019-02-12,2019-02-12T01:54:16+00:00,placebo,,[],FDA-page nonlisted generic-maker control; manufacture absence unverified,1,True,False,False,False,False
232,Buspirone HCl Tablets,buspirone hcl tablets,CAPLIPOINT.NS,IN,NIFTYBEES.NS,2018-12-04,2019-02-12,20190212015416,2019-02-12,2019-02-12T01:54:16+00:00,placebo,,[],FDA-page nonlisted generic-maker control; manufacture absence unverified,1,True,False,False,False,False
232,Buspirone HCl Tablets,buspirone hcl tablets,CIPLA.NS,IN,NIFTYBEES.NS,2018-12-04,2019-02-12,20190212015416,2019-02-12,2019-02-12T01:54:16+00:00,placebo,,[],FDA-page nonlisted generic-maker control; manufacture absence unverified,1,True,False,False,False,False
232,Buspirone HCl Tablets,buspirone hcl tablets,GRANULES.NS,IN,NIFTYBEES.NS,2018-12-04,2019-02-12,20190212015416,2019-02-12,2019-02-12T01:54:16+00:00,placebo,,[],FDA-page nonlisted generic-maker control; manufacture absence unverified,1,True,False,False,False,False
232,Buspirone HCl Tablets,buspirone hcl tablets,LUPIN.NS,IN,NIFTYBEES.NS,2018-12-04,2019-02-12,20190212015416,2019-02-12,2019-02-12T01:54:16+00:00,placebo,,[],FDA-page nonlisted generic-maker control; manufacture absence unverified,1,True,False,False,False,False
232,Buspirone HCl Tablets,buspirone hcl tablets,SUNPHARMA.NS,IN,NIFTYBEES.NS,2018-12-04,2019-02-12,20190212015416,2019-02-12,2019-02-12T01:54:16+00:00,placebo,,[],FDA-page nonlisted generic-maker control; manufacture absence unverified,1,True,False,False,False,False
232,Buspirone HCl Tablets,buspirone hcl tablets,TORNTPHARM.NS,IN,NIFTYBEES.NS,2018-12-04,2019-02-12,20190212015416,2019-02-12,2019-02-12T01:54:16+00:00,placebo,,[],FDA-page nonlisted generic-maker control; manufacture absence unverified,1,True,False,False,False,False
242,"Carisoprodol Tablets, USP","carisoprodol tablets, usp",MYL,US,SPY,2019-05-05,2019-08-19,20190819140938,2019-08-19,2019-08-19T14:09:38+00:00,winner,Mylan Specialty,"[{""presentation"": ""Soma, 250 mg 30 count bottle (NDC 0037-2250-30)"", ""availability"": ""Available"", ""on_allocation"": false}, {""presentation"": ""Soma, 250 mg, 30 count bottle (NDC 0037-2250-30); 100 count bottle (NDC 0037-2250-10)"", ""availability"": ""Available"", ""on_allocation"": false}, {""presentation"": ""Soma, 350 mg, 100 count bottle (NDC 0037-2001-01)"", ""availability"": ""Available"", ""on_allocation"": false}]",,1,True,False,False,False,False
242,"Carisoprodol Tablets, USP","carisoprodol tablets, usp",TEVA,US,SPY,2019-05-05,2019-08-19,20190819140938,2019-08-19,2019-08-19T14:09:38+00:00,disrupted,Teva Pharmaceuticals,"[{""presentation"": ""350 mg, 100 count (NDC 0591-5513-01)"", ""availability"": ""Will be Temporarily Unavailable after inventory depletes. Approximately 1 week of supply remain. Product on allocation. Expected recovery - Sept. 2019"", ""on_allocation"": true}, {""presentation"": ""350 mg, 500 count (NDC 0591-5513-05)"", ""availability"": ""Will be Temporarily Unavailable after inventory depletes. No inventory remaining. Expected recovery - Sept. 2019"", ""on_allocation"": false}, {""presentation"": ""350 mg, 1000 count (NDC 0591-5513-10)"", ""availability"": ""Will be Temporarily Unavailable after inventory depletes. No inventory remaining. Expected recovery - Sept. 2019"", ""on_allocation"": false}]",,1,True,False,False,False,False
242,"Carisoprodol Tablets, USP","carisoprodol tablets, usp",AMPH,US,SPY,2019-05-05,2019-08-19,20190819140938,2019-08-19,2019-08-19T14:09:38+00:00,placebo,,[],FDA-page nonlisted generic-maker control; manufacture absence unverified,1,True,False,False,False,False
242,"Carisoprodol Tablets, USP","carisoprodol tablets, usp",AMRX,US,SPY,2019-05-05,2019-08-19,20190819140938,2019-08-19,2019-08-19T14:09:38+00:00,placebo,,[],FDA-page nonlisted generic-maker control; manufacture absence unverified,1,True,False,False,False,False
242,"Carisoprodol Tablets, USP","carisoprodol tablets, usp",BAX,US,SPY,2019-05-05,2019-08-19,20190819140938,2019-08-19,2019-08-19T14:09:38+00:00,placebo,,[],FDA-page nonlisted generic-maker control; manufacture absence unverified,1,True,False,False,False,False
242,"Carisoprodol Tablets, USP","carisoprodol tablets, usp",ICUI,US,SPY,2019-05-05,2019-08-19,20190819140938,2019-08-19,2019-08-19T14:09:38+00:00,placebo,,[],FDA-page nonlisted generic-maker control; manufacture absence unverified,1,True,False,False,False,False
242,"Carisoprodol Tablets, USP","carisoprodol tablets, usp",RDY,US,SPY,2019-05-05,2019-08-19,20190819140938,2019-08-19,2019-08-19T14:09:38+00:00,placebo,,[],FDA-page nonlisted generic-maker control; manufacture absence unverified,1,True,False,False,False,False
245,Dicyclomine Oral Tablets/Capsules,dicyclomine oral tablets/capsules,HIK.L,UK,ISF.L,2019-05-05,2019-08-24,20190824174807,2019-08-24,2019-08-24T17:48:07+00:00,winner,"Hikma Pharmaceuticals USA, Inc. (formerly West-Ward)","[{""presentation"": ""Dicyclomine HCl Caps, USP, 10mg 1000s (NDC 0143-3126-10)"", ""availability"": ""Available"", ""on_allocation"": false}, {""presentation"": ""Dicyclomine HCl Caps, USP, 10mg 100s (NDC 0143-3126-01)"", ""availability"": ""Available"", ""on_allocation"": false}, {""presentation"": ""Dicyclomine HCl Tabs, USP, 20mg 1000s (NDC 0143-1227-10)"", ""availability"": ""Available"", ""on_allocation"": false}, {""presentation"": ""Dicyclomine HCl Tabs, USP, 20mg 100s (NDC 0143-1227-01)"", ""availability"": ""Available"", ""on_allocation"": false}]",,3,True,False,False,False,False
245,Dicyclomine Oral Tablets/Capsules,dicyclomine oral tablets/capsules,MYL,US,SPY,2019-05-05,2019-08-24,20190824174807,2019-08-24,2019-08-24T17:48:07+00:00,winner,Mylan Pharmaceuticals Inc.,"[{""presentation"": ""Dicyclomine HCl 10mg C 100s (NDC 0378-1610-01)"", ""availability"": ""Out of Stock. Resupply is Q3 2019."", ""on_allocation"": false}, {""presentation"": ""Dicyclomine HCl 10mg C 500s (NDC 0378-1610-05)"", ""availability"": ""Out of Stock. Resupply is Q4 2019."", ""on_allocation"": false}, {""presentation"": ""Dicyclomine HCl 20mg T 100s (NDC 0378-1620-01)"", ""availability"": ""Available"", ""on_allocation"": false}, {""presentation"": ""Dicyclomine HCl 20mg T 500s (NDC 0378-1620-05)"", ""availability"": ""Out of Stock. Resupply is Q3 2019."", ""on_allocation"": false}]",,3,True,False,False,False,False
245,Dicyclomine Oral Tablets/Capsules,dicyclomine oral tablets/capsules,TEVA,US,SPY,2019-05-05,2019-08-24,20190824174807,2019-08-24,2019-08-24T17:48:07+00:00,winner,Teva Pharmaceuticals,"[{""presentation"": ""DICYCLOMINE HCL 10MG CAPSULES 100 count (NDC 0591-0794-01)"", ""availability"": ""Available"", ""on_allocation"": false}, {""presentation"": ""DICYCLOMINE HCL 10MG CAPSULES 1000 count (NDC 0591-0794-10)"", ""availability"": ""Available"", ""on_allocation"": false}, {""presentation"": ""DICYCLOMINE HCL 20MG TABLETS 100 count (NDC 0591-0795-01)"", ""availability"": ""Available"", ""on_allocation"": false}, {""presentation"": ""DICYCLOMINE HCL 20MG TABLETS 1000 count (NDC 0591-0795-10)"", ""availability"": ""Available"", ""on_allocation"": false}]",,3,True,False,False,False,False
245,Dicyclomine Oral Tablets/Capsules,dicyclomine oral tablets/capsules,AMPH,US,SPY,2019-05-05,2019-08-24,20190824174807,2019-08-24,2019-08-24T17:48:07+00:00,placebo,,[],FDA-page nonlisted generic-maker control; manufacture absence unverified,3,True,False,False,False,False
245,Dicyclomine Oral Tablets/Capsules,dicyclomine oral tablets/capsules,AMRX,US,SPY,2019-05-05,2019-08-24,20190824174807,2019-08-24,2019-08-24T17:48:07+00:00,placebo,,[],FDA-page nonlisted generic-maker control; manufacture absence unverified,3,True,False,False,False,False
245,Dicyclomine Oral Tablets/Capsules,dicyclomine oral tablets/capsules,BAX,US,SPY,2019-05-05,2019-08-24,20190824174807,2019-08-24,2019-08-24T17:48:07+00:00,placebo,,[],FDA-page nonlisted generic-maker control; manufacture absence unverified,3,True,False,False,False,False
245,Dicyclomine Oral Tablets/Capsules,dicyclomine oral tablets/capsules,ICUI,US,SPY,2019-05-05,2019-08-24,20190824174807,2019-08-24,2019-08-24T17:48:07+00:00,placebo,,[],FDA-page nonlisted generic-maker control; manufacture absence unverified,3,True,False,False,False,False
245,Dicyclomine Oral Tablets/Capsules,dicyclomine oral tablets/capsules,RDY,US,SPY,2019-05-05,2019-08-24,20190824174807,2019-08-24,2019-08-24T17:48:07+00:00,placebo,,[],FDA-page nonlisted generic-maker control; manufacture absence unverified,3,True,False,False,False,False
250,Fluvoxamine ER Capsules,fluvoxamine er capsules,TEVA,US,SPY,2019-05-05,2019-07-21,20190721021940,2019-07-21,2019-07-21T02:19:40+00:00,winner,Teva Pharmaceuticals,"[{""presentation"": ""Fluvoxamine 100 mg Extended Release Capsules, 30 count (NDC 0228-2848-03)"", ""availability"": ""Available"", ""on_allocation"": false}, {""presentation"": ""Fluvoxamine 150 mg Extended Release Capsules, 30 count (NDC 0228-2849-03)"", ""availability"": ""Available"", ""on_allocation"": false}]",,1,True,False,False,False,False
250,Fluvoxamine ER Capsules,fluvoxamine er capsules,AMPH,US,SPY,2019-05-05,2019-07-21,20190721021940,2019-07-21,2019-07-21T02:19:40+00:00,placebo,,[],FDA-page nonlisted generic-maker control; manufacture absence unverified,1,True,False,False,False,False
250,Fluvoxamine ER Capsules,fluvoxamine er capsules,AMRX,US,SPY,2019-05-05,2019-07-21,20190721021940,2019-07-21,2019-07-21T02:19:40+00:00,placebo,,[],FDA-page nonlisted generic-maker control; manufacture absence unverified,1,True,False,False,False,False
250,Fluvoxamine ER Capsules,fluvoxamine er capsules,BAX,US,SPY,2019-05-05,2019-07-21,20190721021940,2019-07-21,2019-07-21T02:19:40+00:00,placebo,,[],FDA-page nonlisted generic-maker control; manufacture absence unverified,1,True,False,False,False,False
250,Fluvoxamine ER Capsules,fluvoxamine er capsules,ICUI,US,SPY,2019-05-05,2019-07-21,20190721021940,2019-07-21,2019-07-21T02:19:40+00:00,placebo,,[],FDA-page nonlisted generic-maker control; manufacture absence unverified,1,True,False,False,False,False
250,Fluvoxamine ER Capsules,fluvoxamine er capsules,MYL,US,SPY,2019-05-05,2019-07-21,20190721021940,2019-07-21,2019-07-21T02:19:40+00:00,placebo,,[],FDA-page nonlisted generic-maker control; manufacture absence unverified,1,True,False,False,False,False
250,Fluvoxamine ER Capsules,fluvoxamine er capsules,RDY,US,SPY,2019-05-05,2019-07-21,20190721021940,2019-07-21,2019-07-21T02:19:40+00:00,placebo,,[],FDA-page nonlisted generic-maker control; manufacture absence unverified,1,True,False,False,False,False
252,Hydroxyzine Pamoate Oral Capsules,hydroxyzine pamoate oral capsules,NOVN.SW,CH,CSSMI.SW,2019-05-05,2019-07-21,20190721024945,2019-07-21,2019-07-21T02:49:45+00:00,disrupted,Sandoz,"[{""presentation"": ""25 mg 100 count (NDC 0185-0674-01)"", ""availability"": ""Limited monthly supply through June due to increase in demand. Working to increase production to meet current demand."", ""on_allocation"": false}, {""presentation"": ""25 mg 500 count (NDC 0185-0674-05)"", ""availability"": ""Limited monthly supply through June due to increase in demand. Working to increase production to meet current demand."", ""on_allocation"": false}]",,1,True,False,False,False,False
252,Hydroxyzine Pamoate Oral Capsules,hydroxyzine pamoate oral capsules,TEVA,US,SPY,2019-05-05,2019-07-21,20190721024945,2019-07-21,2019-07-21T02:49:45+00:00,winner,Teva Pharmaceuticals,"[{""presentation"": ""100 mg 100 count (NDC 0555-0324-02)"", ""availability"": ""Available"", ""on_allocation"": false}, {""presentation"": ""25 mg 100 count (NDC 0555-0323-02)"", ""availability"": ""Available"", ""on_allocation"": false}, {""presentation"": ""25 mg 500 count (NDC 0555-0323-04)"", ""availability"": ""Available"", ""on_allocation"": false}, {""presentation"": ""50 mg 100 count (NDC 0555-0302-02)"", ""availability"": ""Available"", ""on_allocation"": false}, {""presentation"": ""50 mg 500 count (NDC 0555-0302-04)"", ""availability"": ""Available"", ""on_allocation"": false}]",,1,True,False,False,False,False
252,Hydroxyzine Pamoate Oral Capsules,hydroxyzine pamoate oral capsules,AMPH,US,SPY,2019-05-05,2019-07-21,20190721024945,2019-07-21,2019-07-21T02:49:45+00:00,placebo,,[],FDA-page nonlisted generic-maker control; manufacture absence unverified,1,True,False,False,False,False
252,Hydroxyzine Pamoate Oral Capsules,hydroxyzine pamoate oral capsules,AMRX,US,SPY,2019-05-05,2019-07-21,20190721024945,2019-07-21,2019-07-21T02:49:45+00:00,placebo,,[],FDA-page nonlisted generic-maker control; manufacture absence unverified,1,True,False,False,False,False
252,Hydroxyzine Pamoate Oral Capsules,hydroxyzine pamoate oral capsules,BAX,US,SPY,2019-05-05,2019-07-21,20190721024945,2019-07-21,2019-07-21T02:49:45+00:00,placebo,,[],FDA-page nonlisted generic-maker control; manufacture absence unverified,1,True,False,False,False,False
252,Hydroxyzine Pamoate Oral Capsules,hydroxyzine pamoate oral capsules,ICUI,US,SPY,2019-05-05,2019-07-21,20190721024945,2019-07-21,2019-07-21T02:49:45+00:00,placebo,,[],FDA-page nonlisted generic-maker control; manufacture absence unverified,1,True,False,False,False,False
252,Hydroxyzine Pamoate Oral Capsules,hydroxyzine pamoate oral capsules,MYL,US,SPY,2019-05-05,2019-07-21,20190721024945,2019-07-21,2019-07-21T02:49:45+00:00,placebo,,[],FDA-page nonlisted generic-maker control; manufacture absence unverified,1,True,False,False,False,False
252,Hydroxyzine Pamoate Oral Capsules,hydroxyzine pamoate oral capsules,RDY,US,SPY,2019-05-05,2019-07-21,20190721024945,2019-07-21,2019-07-21T02:49:45+00:00,placebo,,[],FDA-page nonlisted generic-maker control; manufacture absence unverified,1,True,False,False,False,False
253,Latanoprost Ophthalmic Solution 0.005%,latanoprost ophthalmic solution 0.005%,NOVN.SW,CH,CSSMI.SW,2019-05-05,2019-08-21,20190821200330,2019-08-21,2019-08-21T20:03:30+00:00,winner,Sandoz,"[{""presentation"": ""2.5 mL Bottle (NDC 61314-547-01)"", ""availability"": ""Available"", ""on_allocation"": false}]",,1,True,False,False,False,False
253,Latanoprost Ophthalmic Solution 0.005%,latanoprost ophthalmic solution 0.005%,PFE,US,SPY,2019-05-05,2019-08-21,20190821200330,2019-08-21,2019-08-21T20:03:30+00:00,disrupted,Pfizer Pharmaceuticals,"[{""presentation"": ""2.5 mL fill, 0.005% (50 mcg/mL): Package of 1 bottle (NDC 59762-0333-2)"", ""availability"": ""Next Delivery: September 2019; Estimated Recovery: 2020"", ""on_allocation"": false}]",,1,True,False,False,False,False
254,"Levetiracetam Immediate-Release Oral Tablets, USP","levetiracetam immediate-release oral tablets, usp",AUROPHARMA.NS,IN,NIFTYBEES.NS,2019-05-05,2019-08-21,20190821200522,2019-08-21,2019-08-21T20:05:22+00:00,winner,Aurobindo Pharma,"[{""presentation"": ""250mg, 120 count (NDC 65862024508)"", ""availability"": ""Available"", ""on_allocation"": false}, {""presentation"": ""500mg , 120 count (NDC 65862024608)"", ""availability"": ""Available"", ""on_allocation"": false}, {""presentation"": ""1000mg, 60 count (NDC 65862031560)"", ""availability"": ""Available"", ""on_allocation"": false}, {""presentation"": ""750mg, 120 count (NDC 65862024708)"", ""availability"": ""Available"", ""on_allocation"": false}]",,4,True,False,False,False,False
254,"Levetiracetam Immediate-Release Oral Tablets, USP","levetiracetam immediate-release oral tablets, usp",LUPIN.NS,IN,NIFTYBEES.NS,2019-05-05,2019-08-21,20190821200522,2019-08-21,2019-08-21T20:05:22+00:00,winner,Lupin,"[{""presentation"": ""Levetiracetam Tablets, 250 mg \u2013 90 Count Bottes (68180-112-09)"", ""availability"": ""Available"", ""on_allocation"": false}, {""presentation"": ""Levetiracetam Tablets, 250 mg \u2013 120 Count Bottes (68180-112-16)"", ""availability"": ""Available"", ""on_allocation"": false}, {""presentation"": ""Levetiracetam Tablets, 250 mg \u2013 500 Count Bottes (68180-112-02)"", ""availability"": ""Available"", ""on_allocation"": false}, {""presentation"": ""Levetiracetam Tablets, 500 mg \u2013 90 Count Bottes (68180-113-09)"", ""availability"": ""Available"", ""on_allocation"": false}, {""presentation"": ""Levetiracetam Tablets, 750 mg \u2013 90 Count Bottes (68180-114-09)"", ""availability"": ""Available"", ""on_allocation"": false}, {""presentation"": ""Levetiracetam Tablets, 750 mg \u2013 500 Count Bottes (68180-114-02)"", ""availability"": ""Available"", ""on_allocation"": false}, {""presentation"": ""Levetiracetam Tablets, 500 mg \u2013 120 Count Bottes (68180-113-16)"", ""availability"": ""Will remain on backorder for few months"", ""on_allocation"": true}, {""presentation"": ""Levetiracetam Tablets, 500 mg \u2013 500 Count Bottes (68180-113-02)"", ""availability"": ""Will remain on backorder for few months"", ""on_allocation"": true}, {""presentation"": ""Levetiracetam Tablets, 750 mg \u2013 120 Count Bottes (68180-114-16)"", ""availability"": ""Will remain on backorder for few months"", ""on_allocation"": true}, {""presentation"": ""Levetiracetam Tablets, 1000 mg \u2013 60 Count Bottes (68180-115-07)"", ""availability"": ""Will remain on backorder for few months"", ""on_allocation"": true}]",,4,True,False,False,False,False
254,"Levetiracetam Immediate-Release Oral Tablets, USP","levetiracetam immediate-release oral tablets, usp",MYL,US,SPY,2019-05-05,2019-08-21,20190821200522,2019-08-21,2019-08-21T20:05:22+00:00,winner,Mylan Pharmaceuticals Inc.,"[{""presentation"": ""Levetiracetam Tablets, 250 mg, 120 count (NDC 0378-5613-78)"", ""availability"": ""Unavailable, recovery in Q4 2019"", ""on_allocation"": false}, {""presentation"": ""Levetiracetam Tablets, 250 mg, 500 count (NDC 0378-5613-05)"", ""availability"": ""Unavailable, recovery in Q4 2019"", ""on_allocation"": false}, {""presentation"": ""Levetiracetam Tablets, 500 mg, 500 count (NDC 0378-5615-05)"", ""availability"": ""Available"", ""on_allocation"": false}, {""presentation"": ""Levetiracetam Tablets, 500 mg, 120 count (NDC 0378-5615-78)"", ""availability"": ""Available"", ""on_allocation"": false}, {""presentation"": ""Levetiracetam Tablets, 750 mg, 120 count (NDC 0378-5617-78)"", ""availability"": ""Available"", ""on_allocation"": false}, {""presentation"": ""Levetiracetam Tablets, 750 mg, 500 count (NDC 0378-5617-05)"", ""availability"": ""Unavailable, recovery in Q4 2019"", ""on_allocation"": false}, {""presentation"": ""Levetiracetam Tablets, 1000 mg, 60 count (NDC 0378-5619-91)"", ""availability"": ""Available"", ""on_allocation"": false}]",,4,True,False,False,False,False
254,"Levetiracetam Immediate-Release Oral Tablets, USP","levetiracetam immediate-release oral tablets, usp",TORNTPHARM.NS,IN,NIFTYBEES.NS,2019-05-05,2019-08-21,20190821200522,2019-08-21,2019-08-21T20:05:22+00:00,winner,Torrent Pharma Inc.,"[{""presentation"": ""250mg, 120 count bottle (NDC 13668-014-12)"", ""availability"": ""Available"", ""on_allocation"": false}, {""presentation"": ""500mg, 120 count bottle (NDC 13668-015-12)"", ""availability"": ""Available"", ""on_allocation"": false}, {""presentation"": ""750 mg, 120 count bottle (NDC 13668-016-12)"", ""availability"": ""Available"", ""on_allocation"": false}, {""presentation"": ""750 mg, 500 count bottle (NDC 13668-016-05)"", ""availability"": ""Available"", ""on_allocation"": false}, {""presentation"": ""1000 mg, 60 count bottle (NDC 13668-017-60)"", ""availability"": ""Unavailable, recovery estimated End of May 2019"", ""on_allocation"": false}]",,4,True,False,False,False,False
254,"Levetiracetam Immediate-Release Oral Tablets, USP","levetiracetam immediate-release oral tablets, usp",AMPH,US,SPY,2019-05-05,2019-08-21,20190821200522,2019-08-21,2019-08-21T20:05:22+00:00,placebo,,[],FDA-page nonlisted generic-maker control; manufacture absence unverified,4,True,False,False,False,False
254,"Levetiracetam Immediate-Release Oral Tablets, USP","levetiracetam immediate-release oral tablets, usp",AMRX,US,SPY,2019-05-05,2019-08-21,20190821200522,2019-08-21,2019-08-21T20:05:22+00:00,placebo,,[],FDA-page nonlisted generic-maker control; manufacture absence unverified,4,True,False,False,False,False
254,"Levetiracetam Immediate-Release Oral Tablets, USP","levetiracetam immediate-release oral tablets, usp",APLLTD.NS,IN,NIFTYBEES.NS,2019-05-05,2019-08-21,20190821200522,2019-08-21,2019-08-21T20:05:22+00:00,placebo,,[],FDA-page nonlisted generic-maker control; manufacture absence unverified,4,True,False,False,False,False
254,"Levetiracetam Immediate-Release Oral Tablets, USP","levetiracetam immediate-release oral tablets, usp",BAX,US,SPY,2019-05-05,2019-08-21,20190821200522,2019-08-21,2019-08-21T20:05:22+00:00,placebo,,[],FDA-page nonlisted generic-maker control; manufacture absence unverified,4,True,False,False,False,False
254,"Levetiracetam Immediate-Release Oral Tablets, USP","levetiracetam immediate-release oral tablets, usp",CAPLIPOINT.NS,IN,NIFTYBEES.NS,2019-05-05,2019-08-21,20190821200522,2019-08-21,2019-08-21T20:05:22+00:00,placebo,,[],FDA-page nonlisted generic-maker control; manufacture absence unverified,4,True,False,False,False,False
254,"Levetiracetam Immediate-Release Oral Tablets, USP","levetiracetam immediate-release oral tablets, usp",CIPLA.NS,IN,NIFTYBEES.NS,2019-05-05,2019-08-21,20190821200522,2019-08-21,2019-08-21T20:05:22+00:00,placebo,,[],FDA-page nonlisted generic-maker control; manufacture absence unverified,4,True,False,False,False,False
254,"Levetiracetam Immediate-Release Oral Tablets, USP","levetiracetam immediate-release oral tablets, usp",GRANULES.NS,IN,NIFTYBEES.NS,2019-05-05,2019-08-21,20190821200522,2019-08-21,2019-08-21T20:05:22+00:00,placebo,,[],FDA-page nonlisted generic-maker control; manufacture absence unverified,4,True,False,False,False,False
254,"Levetiracetam Immediate-Release Oral Tablets, USP","levetiracetam immediate-release oral tablets, usp",ICUI,US,SPY,2019-05-05,2019-08-21,20190821200522,2019-08-21,2019-08-21T20:05:22+00:00,placebo,,[],FDA-page nonlisted generic-maker control; manufacture absence unverified,4,True,False,False,False,False
254,"Levetiracetam Immediate-Release Oral Tablets, USP","levetiracetam immediate-release oral tablets, usp",RDY,US,SPY,2019-05-05,2019-08-21,20190821200522,2019-08-21,2019-08-21T20:05:22+00:00,placebo,,[],FDA-page nonlisted generic-maker control; manufacture absence unverified,4,True,False,False,False,False
254,"Levetiracetam Immediate-Release Oral Tablets, USP","levetiracetam immediate-release oral tablets, usp",STAR.NS,IN,NIFTYBEES.NS,2019-05-05,2019-08-21,20190821200522,2019-08-21,2019-08-21T20:05:22+00:00,placebo,,[],FDA-page nonlisted generic-maker control; manufacture absence unverified,4,True,False,False,False,False
254,"Levetiracetam Immediate-Release Oral Tablets, USP","levetiracetam immediate-release oral tablets, usp",SUNPHARMA.NS,IN,NIFTYBEES.NS,2019-05-05,2019-08-21,20190821200522,2019-08-21,2019-08-21T20:05:22+00:00,placebo,,[],FDA-page nonlisted generic-maker control; manufacture absence unverified,4,True,False,False,False,False
254,"Levetiracetam Immediate-Release Oral Tablets, USP","levetiracetam immediate-release oral tablets, usp",TEVA,US,SPY,2019-05-05,2019-08-21,20190821200522,2019-08-21,2019-08-21T20:05:22+00:00,placebo,,[],FDA-page nonlisted generic-maker control; manufacture absence unverified,4,True,False,False,False,False
254,"Levetiracetam Immediate-Release Oral Tablets, USP","levetiracetam immediate-release oral tablets, usp",ZYDUSLIFE.NS,IN,NIFTYBEES.NS,2019-05-05,2019-08-21,20190821200522,2019-08-21,2019-08-21T20:05:22+00:00,placebo,,[],FDA-page nonlisted generic-maker control; manufacture absence unverified,4,True,False,False,False,False
255,"Metoprolol Tartrate Injection, USP","metoprolol tartrate injection, usp",BAX,US,SPY,2019-05-05,2019-08-19,20190819042416,2019-08-19,2019-08-19T04:24:16+00:00,winner,Baxter Healthcare,"[{""presentation"": ""1 mg/mL - 5 mL Sterile Single Use Glass Vial (10 x 5 mL). For Intravenous Use (NDC 36000-033-10)"", ""availability"": ""Available"", ""on_allocation"": false}]",,3,True,False,False,False,False
255,"Metoprolol Tartrate Injection, USP","metoprolol tartrate injection, usp",FRE.DE,DE,EXS1.DE,2019-05-05,2019-08-19,20190819042416,2019-08-19,2019-08-19T04:24:16+00:00,winner,"Fresenius Kabi USA, LLC","[{""presentation"": ""5 mg per 5 mL, SDV, PF (NDC 63323-660-05)"", ""availability"": ""Available"", ""on_allocation"": false}]",,3,True,False,False,False,False
255,"Metoprolol Tartrate Injection, USP","metoprolol tartrate injection, usp",HIK.L,UK,ISF.L,2019-05-05,2019-08-19,20190819042416,2019-08-19,2019-08-19T04:24:16+00:00,disrupted,"Hikma Pharmaceuticals USA, Inc. (formerly West-Ward)","[{""presentation"": ""1mg/mL \u2013 10mL vials, (NDC 0143-9660-10)"", ""availability"": ""This presentation is temporarily on backorder."", ""on_allocation"": false}, {""presentation"": ""1mg/mL \u2013 5ml vials (NDC 0143-9873-25)"", ""availability"": ""This presentation is temporarily on backorder."", ""on_allocation"": false}]",,3,True,False,False,False,False
255,"Metoprolol Tartrate Injection, USP","metoprolol tartrate injection, usp",PFE,US,SPY,2019-05-05,2019-08-19,20190819042416,2019-08-19,2019-08-19T04:24:16+00:00,winner,"Hospira, Inc.","[{""presentation"": ""5 mg/5 mL (1 mg/mL); Single Dose Glass Fliptop Vial (NDC 00409-1778-05)"", ""availability"": ""Available"", ""on_allocation"": false}, {""presentation"": ""5 mg/5 mL (1 mg/mL); Carpuject Luer Lock Glass Syringe (NDC 00409-1778-35)"", ""availability"": ""Next Delivery and Estimated Recovery: August 2020"", ""on_allocation"": false}, {""presentation"": ""5 mg/5 mL (1 mg/mL); Glass Ampul (NDC 00409-2285-05)"", ""availability"": ""Next Delivery and Estimated Recovery: August 2020"", ""on_allocation"": false}]",,3,True,False,False,False,False
255,"Metoprolol Tartrate Injection, USP","metoprolol tartrate injection, usp",AMPH,US,SPY,2019-05-05,2019-08-19,20190819042416,2019-08-19,2019-08-19T04:24:16+00:00,placebo,,[],FDA-page nonlisted generic-maker control; manufacture absence unverified,3,True,False,False,False,False
255,"Metoprolol Tartrate Injection, USP","metoprolol tartrate injection, usp",AMRX,US,SPY,2019-05-05,2019-08-19,20190819042416,2019-08-19,2019-08-19T04:24:16+00:00,placebo,,[],FDA-page nonlisted generic-maker control; manufacture absence unverified,3,True,False,False,False,False
255,"Metoprolol Tartrate Injection, USP","metoprolol tartrate injection, usp",ICUI,US,SPY,2019-05-05,2019-08-19,20190819042416,2019-08-19,2019-08-19T04:24:16+00:00,placebo,,[],FDA-page nonlisted generic-maker control; manufacture absence unverified,3,True,False,False,False,False
255,"Metoprolol Tartrate Injection, USP","metoprolol tartrate injection, usp",MYL,US,SPY,2019-05-05,2019-08-19,20190819042416,2019-08-19,2019-08-19T04:24:16+00:00,placebo,,[],FDA-page nonlisted generic-maker control; manufacture absence unverified,3,True,False,False,False,False
255,"Metoprolol Tartrate Injection, USP","metoprolol tartrate injection, usp",RDY,US,SPY,2019-05-05,2019-08-19,20190819042416,2019-08-19,2019-08-19T04:24:16+00:00,placebo,,[],FDA-page nonlisted generic-maker control; manufacture absence unverified,3,True,False,False,False,False
255,"Metoprolol Tartrate Injection, USP","metoprolol tartrate injection, usp",TEVA,US,SPY,2019-05-05,2019-08-19,20190819042416,2019-08-19,2019-08-19T04:24:16+00:00,placebo,,[],FDA-page nonlisted generic-maker control; manufacture absence unverified,3,True,False,False,False,False
257,Olmesartan Medoxomil Tablets,olmesartan medoxomil tablets,APLLTD.NS,IN,NIFTYBEES.NS,2019-05-05,2019-08-21,20190821203106,2019-08-21,2019-08-21T20:31:06+00:00,winner,Alembic Pharmaceuticals,"[{""presentation"": ""5mg, Bottle of 30 counts (NDC 62332-131-30)"", ""availability"": ""Available"", ""on_allocation"": false}, {""presentation"": ""20mg, Bottle of 30 counts (NDC 62332-132-30)"", ""availability"": ""Available"", ""on_allocation"": false}, {""presentation"": ""20mg, Bottle of 90 counts (NDC 62332-132-90)"", ""availability"": ""Available"", ""on_allocation"": false}, {""presentation"": ""40mg, Bottle of 30 counts (NDC 62332-133-30)"", ""availability"": ""Available"", ""on_allocation"": false}, {""presentation"": ""40mg, Bottle of 90 counts (NDC 62332-133-90)"", ""availability"": ""Available"", ""on_allocation"": false}]",,2,True,False,False,False,False
257,Olmesartan Medoxomil Tablets,olmesartan medoxomil tablets,AUROPHARMA.NS,IN,NIFTYBEES.NS,2019-05-05,2019-08-21,20190821203106,2019-08-21,2019-08-21T20:31:06+00:00,nonwinner,Aurobindo Pharma,"[{""presentation"": ""5mg, 30 ct. (NDC 65852-0741-30)"", ""availability"": ""Availabe by 3/29/19"", ""on_allocation"": true}, {""presentation"": ""20mg, 30 ct. (NDC 65862-0742-30)"", ""availability"": ""Available by 4/5/19"", ""on_allocation"": true}, {""presentation"": ""20mg, 90 ct. (NDC 65862-0742-90)"", ""availability"": ""Available"", ""on_allocation"": true}, {""presentation"": ""40mg, 30 ct. (NDC 65862-0743-30)"", ""availability"": ""Available by 4/5/19"", ""on_allocation"": true}, {""presentation"": ""40mg., 90 ct. (NDC 65862-0743-90)"", ""availability"": ""Available by 4/5/19"", ""on_allocation"": true}]",,2,True,False,False,False,False
257,Olmesartan Medoxomil Tablets,olmesartan medoxomil tablets,MYL,US,SPY,2019-05-05,2019-08-21,20190821203106,2019-08-21,2019-08-21T20:31:06+00:00,disrupted,Mylan Pharmaceuticals Inc.,"[{""presentation"": ""Olmesartan Medoxomil 5mg T 30s (NDC 0378-7012-93)"", ""availability"": ""Out of Stock. Resupply is Q4 2019."", ""on_allocation"": false}, {""presentation"": ""Olmesartan Medoxomil 20mg T 30s (NDC 0378-7112-93)"", ""availability"": ""Out of Stock. Resupply is Q4 2019."", ""on_allocation"": false}, {""presentation"": ""Olmesartan Medoxomil 20mg T 90s (NDC 0378-7112-77)"", ""availability"": ""Out of Stock. Resupply is Q4 2019."", ""on_allocation"": false}, {""presentation"": ""Olmesartan Medoxomil 40mg T 30s (NDC 0378-7124-93)"", ""availability"": ""Out of Stock. Resupply is Q4 2019."", ""on_allocation"": false}, {""presentation"": ""Olmesartan Medoxomil 40mg T 90s (NDC 0378-7124-77)"", ""availability"": ""Out of Stock. Resupply is Q4 2019."", ""on_allocation"": false}]",,2,True,False,False,False,False
257,Olmesartan Medoxomil Tablets,olmesartan medoxomil tablets,TORNTPHARM.NS,IN,NIFTYBEES.NS,2019-05-05,2019-08-21,20190821203106,2019-08-21,2019-08-21T20:31:06+00:00,winner,Torrent Pharma Inc.,"[{""presentation"": ""5mg tablet (NDC 13668-248-30)"", ""availability"": ""Available"", ""on_allocation"": false}, {""presentation"": ""20mg tablet (NDC 13668-249-30)"", ""availability"": ""Available"", ""on_allocation"": false}, {""presentation"": ""20mg tablet (NDC 13668-249-90)"", ""availability"": ""Available"", ""on_allocation"": false}, {""presentation"": ""40mg tablet (NDC 13668-250-30)"", ""availability"": ""Available"", ""on_allocation"": false}, {""presentation"": ""40mg tablet (NDC 13668-250-90)"", ""availability"": ""Available"", ""on_allocation"": false}]",,2,True,False,False,False,False
257,Olmesartan Medoxomil Tablets,olmesartan medoxomil tablets,CAPLIPOINT.NS,IN,NIFTYBEES.NS,2019-05-05,2019-08-21,20190821203106,2019-08-21,2019-08-21T20:31:06+00:00,placebo,,[],FDA-page nonlisted generic-maker control; manufacture absence unverified,2,True,False,False,False,False
257,Olmesartan Medoxomil Tablets,olmesartan medoxomil tablets,CIPLA.NS,IN,NIFTYBEES.NS,2019-05-05,2019-08-21,20190821203106,2019-08-21,2019-08-21T20:31:06+00:00,placebo,,[],FDA-page nonlisted generic-maker control; manufacture absence unverified,2,True,False,False,False,False
257,Olmesartan Medoxomil Tablets,olmesartan medoxomil tablets,GRANULES.NS,IN,NIFTYBEES.NS,2019-05-05,2019-08-21,20190821203106,2019-08-21,2019-08-21T20:31:06+00:00,placebo,,[],FDA-page nonlisted generic-maker control; manufacture absence unverified,2,True,False,False,False,False
257,Olmesartan Medoxomil Tablets,olmesartan medoxomil tablets,LUPIN.NS,IN,NIFTYBEES.NS,2019-05-05,2019-08-21,20190821203106,2019-08-21,2019-08-21T20:31:06+00:00,placebo,,[],FDA-page nonlisted generic-maker control; manufacture absence unverified,2,True,False,False,False,False
257,Olmesartan Medoxomil Tablets,olmesartan medoxomil tablets,STAR.NS,IN,NIFTYBEES.NS,2019-05-05,2019-08-21,20190821203106,2019-08-21,2019-08-21T20:31:06+00:00,placebo,,[],FDA-page nonlisted generic-maker control; manufacture absence unverified,2,True,False,False,False,False
257,Olmesartan Medoxomil Tablets,olmesartan medoxomil tablets,SUNPHARMA.NS,IN,NIFTYBEES.NS,2019-05-05,2019-08-21,20190821203106,2019-08-21,2019-08-21T20:31:06+00:00,placebo,,[],FDA-page nonlisted generic-maker control; manufacture absence unverified,2,True,False,False,False,False
257,Olmesartan Medoxomil Tablets,olmesartan medoxomil tablets,ZYDUSLIFE.NS,IN,NIFTYBEES.NS,2019-05-05,2019-08-21,20190821203106,2019-08-21,2019-08-21T20:31:06+00:00,placebo,,[],FDA-page nonlisted generic-maker control; manufacture absence unverified,2,True,False,False,False,False
263,Sildenafil Citrate (REVATIO),sildenafil citrate (revatio),PFE,US,SPY,2019-06-15,2019-08-21,20190821201120,2019-08-21,2019-08-21T20:11:20+00:00,winner,Pfizer Pharmaceuticals,"[{""presentation"": ""10 mg/12.5 mL; vial (NDC 0069-0338-01)"", ""availability"": ""Available"", ""on_allocation"": false}, {""presentation"": ""20 mg; tablets (NDC 0069-4190-68)"", ""availability"": ""Available"", ""on_allocation"": false}, {""presentation"": ""10 mg/mL (powder); bottle (NDC 0069-0336-21)"", ""availability"": ""Available"", ""on_allocation"": false}]",,1,True,False,False,False,False
263,Sildenafil Citrate (REVATIO),sildenafil citrate (revatio),AMPH,US,SPY,2019-06-15,2019-08-21,20190821201120,2019-08-21,2019-08-21T20:11:20+00:00,placebo,,[],FDA-page nonlisted generic-maker control; manufacture absence unverified,1,True,False,False,False,False
263,Sildenafil Citrate (REVATIO),sildenafil citrate (revatio),AMRX,US,SPY,2019-06-15,2019-08-21,20190821201120,2019-08-21,2019-08-21T20:11:20+00:00,placebo,,[],FDA-page nonlisted generic-maker control; manufacture absence unverified,1,True,False,False,False,False
263,Sildenafil Citrate (REVATIO),sildenafil citrate (revatio),BAX,US,SPY,2019-06-15,2019-08-21,20190821201120,2019-08-21,2019-08-21T20:11:20+00:00,placebo,,[],FDA-page nonlisted generic-maker control; manufacture absence unverified,1,True,False,False,False,False
263,Sildenafil Citrate (REVATIO),sildenafil citrate (revatio),ICUI,US,SPY,2019-06-15,2019-08-21,20190821201120,2019-08-21,2019-08-21T20:11:20+00:00,placebo,,[],FDA-page nonlisted generic-maker control; manufacture absence unverified,1,True,False,False,False,False
263,Sildenafil Citrate (REVATIO),sildenafil citrate (revatio),MYL,US,SPY,2019-06-15,2019-08-21,20190821201120,2019-08-21,2019-08-21T20:11:20+00:00,placebo,,[],FDA-page nonlisted generic-maker control; manufacture absence unverified,1,True,False,False,False,False
263,Sildenafil Citrate (REVATIO),sildenafil citrate (revatio),RDY,US,SPY,2019-06-15,2019-08-21,20190821201120,2019-08-21,2019-08-21T20:11:20+00:00,placebo,,[],FDA-page nonlisted generic-maker control; manufacture absence unverified,1,True,False,False,False,False
263,Sildenafil Citrate (REVATIO),sildenafil citrate (revatio),TEVA,US,SPY,2019-06-15,2019-08-21,20190821201120,2019-08-21,2019-08-21T20:11:20+00:00,placebo,,[],FDA-page nonlisted generic-maker control; manufacture absence unverified,1,True,False,False,False,False
264,Tacrolimus Capsules,tacrolimus capsules,MYL,US,SPY,2019-06-15,2019-08-19,20190819135928,2019-08-19,2019-08-19T13:59:28+00:00,winner,Mylan Pharmaceuticals Inc.,"[{""presentation"": ""0.5 mg, 100s (NDC 0378-2045-01)"", ""availability"": ""Available"", ""on_allocation"": false}, {""presentation"": ""1 mg, 100s (NDC 0378-2046-01)"", ""availability"": ""Available"", ""on_allocation"": false}, {""presentation"": ""5 mg, 100s (NDC 0378-2047-01)"", ""availability"": ""Available"", ""on_allocation"": false}]",,3,True,False,False,False,False
264,Tacrolimus Capsules,tacrolimus capsules,NOVN.SW,CH,CSSMI.SW,2019-06-15,2019-08-19,20190819135928,2019-08-19,2019-08-19T13:59:28+00:00,winner,Sandoz,"[{""presentation"": ""0.5 mg 100 count bottle (NDC 0781-2102-01)"", ""availability"": ""Available"", ""on_allocation"": false}, {""presentation"": ""1 mg 100 count bottle (NDC 0781-2103-04)"", ""availability"": ""Available"", ""on_allocation"": false}, {""presentation"": ""5 mg 100 count bottle (NDC 0781-2104-01)"", ""availability"": ""Available"", ""on_allocation"": false}]",,3,True,False,False,False,False
264,Tacrolimus Capsules,tacrolimus capsules,RDY,US,SPY,2019-06-15,2019-08-19,20190819135928,2019-08-19,2019-08-19T13:59:28+00:00,winner,"Dr. Reddy's Laboratories, Inc.","[{""presentation"": ""0.5 mg (NDC 55111-525-30)"", ""availability"": ""Available"", ""on_allocation"": false}, {""presentation"": ""0.5 mg (NDC 55111-525-01)"", ""availability"": ""Available"", ""on_allocation"": false}, {""presentation"": ""0.5 mg (NDC 55111-525-05)"", ""availability"": ""Available"", ""on_allocation"": false}, {""presentation"": ""0.5 mg unit dose (NDC 55111-525-78)"", ""availability"": ""Available"", ""on_allocation"": false}, {""presentation"": ""1 mg (NDC 55111-526-30)"", ""availability"": ""Available"", ""on_allocation"": false}, {""presentation"": ""1 mg (NDC 55111-526-01)"", ""availability"": ""Available"", ""on_allocation"": false}, {""presentation"": ""1 mg (NDC 55111-526-05)"", ""availability"": ""Available"", ""on_allocation"": false}, {""presentation"": ""1 mg unit dose (NDC 55111-526-78)"", ""availability"": ""Available"", ""on_allocation"": false}, {""presentation"": ""5 mg (NDC 55111-527-30)"", ""availability"": ""Available"", ""on_allocation"": false}, {""presentation"": ""5 mg (NDC 55111-527-01)"", ""availability"": ""Available"", ""on_allocation"": false}, {""presentation"": ""5 mg (NDC 55111-527-05)"", ""availability"": ""Available"", ""on_allocation"": false}, {""presentation"": ""5 mg unit dose (NDC 55111-527-78)"", ""availability"": ""Available"", ""on_allocation"": false}]",,3,True,False,False,False,False
264,Tacrolimus Capsules,tacrolimus capsules,STAR.NS,IN,NIFTYBEES.NS,2019-06-15,2019-08-19,20190819135928,2019-08-19,2019-08-19T13:59:28+00:00,disrupted,Strides Pharma Inc.,"[{""presentation"": ""1 mg 100 count bottles (NDC 64338-721-06)"", ""availability"": ""Currently out of stock - re-supply the first week of June, 2019"", ""on_allocation"": false}, {""presentation"": ""0.5 mg 100 count bottles (NDC 64380-720-06)"", ""availability"": ""Currently, we do not distribute this product strength and NDC. We are evaluating options to potentially re-launch this product strength."", ""on_allocation"": false}, {""presentation"": ""5 mg 100 count bottles (NDC 64380-722-06)"", ""availability"": ""Currently, we do not distribute this product strength and NDC. We are evaluating options to potentially re-launch this product strength.."", ""on_allocation"": false}]",,3,True,False,False,False,False
264,Tacrolimus Capsules,tacrolimus capsules,AMPH,US,SPY,2019-06-15,2019-08-19,20190819135928,2019-08-19,2019-08-19T13:59:28+00:00,placebo,,[],FDA-page nonlisted generic-maker control; manufacture absence unverified,3,True,False,False,False,False
264,Tacrolimus Capsules,tacrolimus capsules,AMRX,US,SPY,2019-06-15,2019-08-19,20190819135928,2019-08-19,2019-08-19T13:59:28+00:00,placebo,,[],FDA-page nonlisted generic-maker control; manufacture absence unverified,3,True,False,False,False,False
264,Tacrolimus Capsules,tacrolimus capsules,BAX,US,SPY,2019-06-15,2019-08-19,20190819135928,2019-08-19,2019-08-19T13:59:28+00:00,placebo,,[],FDA-page nonlisted generic-maker control; manufacture absence unverified,3,True,False,False,False,False
264,Tacrolimus Capsules,tacrolimus capsules,ICUI,US,SPY,2019-06-15,2019-08-19,20190819135928,2019-08-19,2019-08-19T13:59:28+00:00,placebo,,[],FDA-page nonlisted generic-maker control; manufacture absence unverified,3,True,False,False,False,False
264,Tacrolimus Capsules,tacrolimus capsules,TEVA,US,SPY,2019-06-15,2019-08-19,20190819135928,2019-08-19,2019-08-19T13:59:28+00:00,placebo,,[],FDA-page nonlisted generic-maker control; manufacture absence unverified,3,True,False,False,False,False
266,Vinblastine Sulfate Injection,vinblastine sulfate injection,FRE.DE,DE,EXS1.DE,2019-07-23,2019-08-07,20190807073322,2019-08-07,2019-08-07T07:33:22+00:00,winner,"Fresenius Kabi USA, LLC","[{""presentation"": ""10 mg per 10 mL (1 mg per mL); MDV (NDC 63323-0278-10)"", ""availability"": ""Available for direct and drop ship orders to support patient care."", ""on_allocation"": false}]",,1,False,False,False,False,False
267,Pentamidine Isethionate (Nebupent) For Inhalation Solution,pentamidine isethionate (nebupent) for inhalation solution,FRE.DE,DE,EXS1.DE,2019-08-10,2019-08-24,20190824174607,2019-08-24,2019-08-24T17:46:07+00:00,winner,"Fresenius Kabi USA, LLC","[{""presentation"": ""300 mg per vial, SDV, PF (NDC 63323-877-15)"", ""availability"": ""Available"", ""on_allocation"": false}]",,1,False,False,False,False,False
270,Amphetamine Aspartate; Amphetamine Sulfate; Dextroamphetamine Saccharate; Dextroamphetamine Sulfate Tablets,amphetamine aspartate; amphetamine sulfate; dextroamphetamine saccharate; dextroamphetamine sulfate tablets,AUROPHARMA.NS,IN,NIFTYBEES.NS,2019-09-17,2019-10-20,20191020213318,2019-10-20,2019-10-20T21:33:18+00:00,nonwinner,Aurobindo Pharma,"[{""presentation"": ""Amphetamine Mixed Salts Tablets C-II 5 mg, 100 (NDC 13107-0068-01)"", ""availability"": ""Product under allocation"", ""on_allocation"": true}, {""presentation"": ""Amphetamine Mixed Salts Tablets C-II 10 mg, 100 (NDC 13107-0070-01)"", ""availability"": ""Product under allocation"", ""on_allocation"": true}, {""presentation"": ""Amphetamine Mixed Salts Tablets C-II 15 mg, 100 (NDC 13107-0072-01)"", ""availability"": ""Product under allocation"", ""on_allocation"": true}, {""presentation"": ""Amphetamine Mixed Salts Tablets C-II 20 mg, 100 (NDC 13107-0073-01)"", ""availability"": ""Product under allocation"", ""on_allocation"": true}, {""presentation"": ""Amphetamine Mixed Salts Tablets C-II 30 mg, 100 (NDC 13107-0074-01)"", ""availability"": ""Product under allocation"", ""on_allocation"": true}]",,2,False,False,False,False,False
270,Amphetamine Aspartate; Amphetamine Sulfate; Dextroamphetamine Saccharate; Dextroamphetamine Sulfate Tablets,amphetamine aspartate; amphetamine sulfate; dextroamphetamine saccharate; dextroamphetamine sulfate tablets,MYL,US,SPY,2019-09-17,2019-10-20,20191020213318,2019-10-20,2019-10-20T21:33:18+00:00,disrupted,Mylan Pharmaceuticals Inc.,"[{""presentation"": ""5mg [1.25/1.25/1.25/1.25mg] 100s (NDC 0378-4541-01)"", ""availability"": ""Out of Stock \u2013 Resupply TBD"", ""on_allocation"": false}, {""presentation"": ""7.5mg [1.875/1.875/1.875/1.875mg] 100s (NDC 0378-4542-01)"", ""availability"": ""Out of Stock \u2013 Resupply TBD"", ""on_allocation"": false}, {""presentation"": ""10mg [2.5/2.5/2.5/2.5mg] 100s (NDC 0378-4543-01)"", ""availability"": ""Out of Stock \u2013 Resupply TBD"", ""on_allocation"": false}, {""presentation"": ""12.5mg [3.125/3.125/3.125/3.125mg] 100s (NDC 0378-4544-01)"", ""availability"": ""Out of Stock \u2013 Resupply TBD"", ""on_allocation"": false}, {""presentation"": ""15mg [3.75/3.75/3.75/3.75mg] 100s (NDC 0378-4545-01)"", ""availability"": ""Out of Stock \u2013 Resupply TBD"", ""on_allocation"": false}, {""presentation"": ""20mg [5/5/5/5mg] 100s (NDC 0378-4546-01)"", ""availability"": ""Out of Stock \u2013 Resupply TBD"", ""on_allocation"": false}, {""presentation"": ""30mg [7.5/7.5/7.5/7.5mg] 100s (NDC 0378-4547-01)"", ""availability"": ""Out of Stock \u2013 Resupply TBD"", ""on_allocation"": false}]",,2,False,False,False,False,False
270,Amphetamine Aspartate; Amphetamine Sulfate; Dextroamphetamine Saccharate; Dextroamphetamine Sulfate Tablets,amphetamine aspartate; amphetamine sulfate; dextroamphetamine saccharate; dextroamphetamine sulfate tablets,NOVN.SW,CH,CSSMI.SW,2019-09-17,2019-10-20,20191020213318,2019-10-20,2019-10-20T21:33:18+00:00,winner,Sandoz,"[{""presentation"": ""30 mg, 100 Count Bottle (NDC 0185-0864-01)"", ""availability"": ""Available"", ""on_allocation"": false}, {""presentation"": ""20 mg, 100 Count Bottle (NDC 0185-0853-01)"", ""availability"": ""Available"", ""on_allocation"": false}, {""presentation"": ""10 mg, 100 Count Bottle (NDC 0185-0842-01)"", ""availability"": ""Available"", ""on_allocation"": false}, {""presentation"": ""5 mg, 100 Count Bottle (NDC 0185-0831-01)"", ""availability"": ""Available"", ""on_allocation"": false}]",,2,False,False,False,False,False
270,Amphetamine Aspartate; Amphetamine Sulfate; Dextroamphetamine Saccharate; Dextroamphetamine Sulfate Tablets,amphetamine aspartate; amphetamine sulfate; dextroamphetamine saccharate; dextroamphetamine sulfate tablets,TEVA,US,SPY,2019-09-17,2019-10-20,20191020213318,2019-10-20,2019-10-20T21:33:18+00:00,winner,Teva Pharmaceuticals,"[{""presentation"": ""Adderall(R) Tablets 10mg 100 (NDC 57844-0110-01)"", ""availability"": ""Product is Available"", ""on_allocation"": false}, {""presentation"": ""Adderall(R) Tablets 12.5mg 100 (NDC 57844-0112-01)"", ""availability"": ""Product is Available"", ""on_allocation"": false}, {""presentation"": ""Adderall(R) Tablets 15mg 100 (NDC 57844-0115-01)"", ""availability"": ""Product short dates at the end of October. Recovery in November"", ""on_allocation"": false}, {""presentation"": ""Adderall(R) Tablets 20mg 100 (NDC 57844-0120-01)"", ""availability"": ""Product is Available"", ""on_allocation"": false}, {""presentation"": ""Adderall(R) Tablets 30mg 100 (NDC 57844-0130-01)"", ""availability"": ""Product is Available"", ""on_allocation"": false}, {""presentation"": ""Adderall(R) Tablets 5mg 100 (NDC 57844-0105-01)"", ""availability"": ""Product is Available"", ""on_allocation"": false}, {""presentation"": ""Adderall(R) Tablets 7.5mg 100 (NDC 57844-0117-01)"", ""availability"": ""Product is Available"", ""on_allocation"": false}, {""presentation"": ""12.5 mg 100 count (NDC 0555-0776-02)"", ""availability"": ""Product is Available"", ""on_allocation"": false}, {""presentation"": ""15 mg 100 count (NDC 0555-0777-02)"", ""availability"": ""Product is Available"", ""on_allocation"": false}, {""presentation"": ""7.5 mg 100 count (NDC 0555-0775-02)"", ""availability"": ""Product is Available"", ""on_allocation"": false}, {""presentation"": ""10 mg 100 count (NDC 0555-0972-02)"", ""availability"": ""Product is Available"", ""on_allocation"": false}, {""presentation"": ""20 mg 100 count (NDC 0555-0973-02)"", ""availability"": ""Product is Available"", ""on_allocation"": false}, {""presentation"": ""30 mg 100 count (NDC 0555-0974-02)"", ""availability"": ""Product is Available"", ""on_allocation"": false}, {""presentation"": ""5 mg 100 count (NDC 0555-0971-02)"", ""availability"": ""Product is Available"", ""on_allocation"": false}]",,2,False,False,False,False,False
270,Amphetamine Aspartate; Amphetamine Sulfate; Dextroamphetamine Saccharate; Dextroamphetamine Sulfate Tablets,amphetamine aspartate; amphetamine sulfate; dextroamphetamine saccharate; dextroamphetamine sulfate tablets,AMPH,US,SPY,2019-09-17,2019-10-20,20191020213318,2019-10-20,2019-10-20T21:33:18+00:00,placebo,,[],FDA-page nonlisted generic-maker control; manufacture absence unverified,2,False,False,False,False,False
270,Amphetamine Aspartate; Amphetamine Sulfate; Dextroamphetamine Saccharate; Dextroamphetamine Sulfate Tablets,amphetamine aspartate; amphetamine sulfate; dextroamphetamine saccharate; dextroamphetamine sulfate tablets,AMRX,US,SPY,2019-09-17,2019-10-20,20191020213318,2019-10-20,2019-10-20T21:33:18+00:00,placebo,,[],FDA-page nonlisted generic-maker control; manufacture absence unverified,2,False,False,False,False,False
270,Amphetamine Aspartate; Amphetamine Sulfate; Dextroamphetamine Saccharate; Dextroamphetamine Sulfate Tablets,amphetamine aspartate; amphetamine sulfate; dextroamphetamine saccharate; dextroamphetamine sulfate tablets,BAX,US,SPY,2019-09-17,2019-10-20,20191020213318,2019-10-20,2019-10-20T21:33:18+00:00,placebo,,[],FDA-page nonlisted generic-maker control; manufacture absence unverified,2,False,False,False,False,False
270,Amphetamine Aspartate; Amphetamine Sulfate; Dextroamphetamine Saccharate; Dextroamphetamine Sulfate Tablets,amphetamine aspartate; amphetamine sulfate; dextroamphetamine saccharate; dextroamphetamine sulfate tablets,ICUI,US,SPY,2019-09-17,2019-10-20,20191020213318,2019-10-20,2019-10-20T21:33:18+00:00,placebo,,[],FDA-page nonlisted generic-maker control; manufacture absence unverified,2,False,False,False,False,False
270,Amphetamine Aspartate; Amphetamine Sulfate; Dextroamphetamine Saccharate; Dextroamphetamine Sulfate Tablets,amphetamine aspartate; amphetamine sulfate; dextroamphetamine saccharate; dextroamphetamine sulfate tablets,RDY,US,SPY,2019-09-17,2019-10-20,20191020213318,2019-10-20,2019-10-20T21:33:18+00:00,placebo,,[],FDA-page nonlisted generic-maker control; manufacture absence unverified,2,False,False,False,False,False
275,Anagrelide Hydrochloride Capsules,anagrelide hydrochloride capsules,TEVA,US,SPY,2019-11-02,2019-11-14,20191114133818,2019-11-14,2019-11-14T13:38:18+00:00,nonwinner,Teva Pharmaceuticals,"[{""presentation"": ""1 MG 100 Capsules (NDC 0172-5240-60)"", ""availability"": ""Available and allocating inventory"", ""on_allocation"": true}, {""presentation"": ""0.5 MG 100 Capsules (NDC 0172-5241-60)"", ""availability"": ""Available and allocating inventory"", ""on_allocation"": true}]",,1,True,False,False,False,False
275,Anagrelide Hydrochloride Capsules,anagrelide hydrochloride capsules,TORNTPHARM.NS,IN,NIFTYBEES.NS,2019-11-02,2019-11-14,20191114133818,2019-11-14,2019-11-14T13:38:18+00:00,winner,Torrent Pharma Inc.,"[{""presentation"": ""0.5 mg per capsule Bottles of 100 (NDC 13668-453-01)"", ""availability"": ""Available to ship in the week of Nov-11"", ""on_allocation"": false}, {""presentation"": ""1 mg per capsule, Bottles of 100 (NDC 13668-462-01)"", ""availability"": ""Available to ship in the week of Nov-4"", ""on_allocation"": false}]",,1,True,False,False,False,False
275,Anagrelide Hydrochloride Capsules,anagrelide hydrochloride capsules,APLLTD.NS,IN,NIFTYBEES.NS,2019-11-02,2019-11-14,20191114133818,2019-11-14,2019-11-14T13:38:18+00:00,placebo,,[],FDA-page nonlisted generic-maker control; manufacture absence unverified,1,True,False,False,False,False
275,Anagrelide Hydrochloride Capsules,anagrelide hydrochloride capsules,AUROPHARMA.NS,IN,NIFTYBEES.NS,2019-11-02,2019-11-14,20191114133818,2019-11-14,2019-11-14T13:38:18+00:00,placebo,,[],FDA-page nonlisted generic-maker control; manufacture absence unverified,1,True,False,False,False,False
275,Anagrelide Hydrochloride Capsules,anagrelide hydrochloride capsules,CAPLIPOINT.NS,IN,NIFTYBEES.NS,2019-11-02,2019-11-14,20191114133818,2019-11-14,2019-11-14T13:38:18+00:00,placebo,,[],FDA-page nonlisted generic-maker control; manufacture absence unverified,1,True,False,False,False,False
275,Anagrelide Hydrochloride Capsules,anagrelide hydrochloride capsules,CIPLA.NS,IN,NIFTYBEES.NS,2019-11-02,2019-11-14,20191114133818,2019-11-14,2019-11-14T13:38:18+00:00,placebo,,[],FDA-page nonlisted generic-maker control; manufacture absence unverified,1,True,False,False,False,False
275,Anagrelide Hydrochloride Capsules,anagrelide hydrochloride capsules,GRANULES.NS,IN,NIFTYBEES.NS,2019-11-02,2019-11-14,20191114133818,2019-11-14,2019-11-14T13:38:18+00:00,placebo,,[],FDA-page nonlisted generic-maker control; manufacture absence unverified,1,True,False,False,False,False
275,Anagrelide Hydrochloride Capsules,anagrelide hydrochloride capsules,LUPIN.NS,IN,NIFTYBEES.NS,2019-11-02,2019-11-14,20191114133818,2019-11-14,2019-11-14T13:38:18+00:00,placebo,,[],FDA-page nonlisted generic-maker control; manufacture absence unverified,1,True,False,False,False,False
275,Anagrelide Hydrochloride Capsules,anagrelide hydrochloride capsules,STAR.NS,IN,NIFTYBEES.NS,2019-11-02,2019-11-14,20191114133818,2019-11-14,2019-11-14T13:38:18+00:00,placebo,,[],FDA-page nonlisted generic-maker control; manufacture absence unverified,1,True,False,False,False,False
275,Anagrelide Hydrochloride Capsules,anagrelide hydrochloride capsules,SUNPHARMA.NS,IN,NIFTYBEES.NS,2019-11-02,2019-11-14,20191114133818,2019-11-14,2019-11-14T13:38:18+00:00,placebo,,[],FDA-page nonlisted generic-maker control; manufacture absence unverified,1,True,False,False,False,False
275,Anagrelide Hydrochloride Capsules,anagrelide hydrochloride capsules,ZYDUSLIFE.NS,IN,NIFTYBEES.NS,2019-11-02,2019-11-14,20191114133818,2019-11-14,2019-11-14T13:38:18+00:00,placebo,,[],FDA-page nonlisted generic-maker control; manufacture absence unverified,1,True,False,False,False,False
285,Pindolol Tablets,pindolol tablets,MYL,US,SPY,2020-02-28,2020-03-12,20200312055234,2020-03-12,2020-03-12T05:52:34+00:00,winner,Mylan,"[{""presentation"": ""Pindolol 5mg Tabs 100s (NDC 0378-0052-01)"", ""availability"": ""Available"", ""on_allocation"": false}, {""presentation"": ""Pindolol 10mg Tabs 100s (NDC 0389-0127-01)"", ""availability"": ""Unavailable. Re-supply March 2020."", ""on_allocation"": false}]",,1,False,False,False,False,False
285,Pindolol Tablets,pindolol tablets,SUNPHARMA.NS,IN,NIFTYBEES.NS,2020-02-28,2020-03-12,20200312055234,2020-03-12,2020-03-12T05:52:34+00:00,disrupted,Sun Pharmaceutical Industries Inc.,"[{""presentation"": ""Pindolol Tablets, 5mg and 10mg (100 count bottles)(NDC 57664-655-88, 57664-656-88)"", ""availability"": ""No product available. Product can be manufactured upon availability of API. Concrete estimated release dates cannot be provided at this moment."", ""on_allocation"": false}]",,1,False,False,False,False,False
285,Pindolol Tablets,pindolol tablets,AMPH,US,SPY,2020-02-28,2020-03-12,20200312055234,2020-03-12,2020-03-12T05:52:34+00:00,placebo,,[],FDA-page nonlisted generic-maker control; manufacture absence unverified,1,False,False,False,False,False
285,Pindolol Tablets,pindolol tablets,AMRX,US,SPY,2020-02-28,2020-03-12,20200312055234,2020-03-12,2020-03-12T05:52:34+00:00,placebo,,[],FDA-page nonlisted generic-maker control; manufacture absence unverified,1,False,False,False,False,False
285,Pindolol Tablets,pindolol tablets,BAX,US,SPY,2020-02-28,2020-03-12,20200312055234,2020-03-12,2020-03-12T05:52:34+00:00,placebo,,[],FDA-page nonlisted generic-maker control; manufacture absence unverified,1,False,False,False,False,False
285,Pindolol Tablets,pindolol tablets,ICUI,US,SPY,2020-02-28,2020-03-12,20200312055234,2020-03-12,2020-03-12T05:52:34+00:00,placebo,,[],FDA-page nonlisted generic-maker control; manufacture absence unverified,1,False,False,False,False,False
285,Pindolol Tablets,pindolol tablets,RDY,US,SPY,2020-02-28,2020-03-12,20200312055234,2020-03-12,2020-03-12T05:52:34+00:00,placebo,,[],FDA-page nonlisted generic-maker control; manufacture absence unverified,1,False,False,False,False,False
285,Pindolol Tablets,pindolol tablets,TEVA,US,SPY,2020-02-28,2020-03-12,20200312055234,2020-03-12,2020-03-12T05:52:34+00:00,placebo,,[],FDA-page nonlisted generic-maker control; manufacture absence unverified,1,False,False,False,False,False
298,Azithromycin Tablets,azithromycin tablets,APLLTD.NS,IN,NIFTYBEES.NS,2020-04-17,2020-05-02,20200502112302,2020-05-02,2020-05-02T11:23:02+00:00,winner,Alembic Pharmaceuticals,"[{""presentation"": ""250 mg bottles of 30 (NDC 62332-251-30)"", ""availability"": ""Available"", ""on_allocation"": false}, {""presentation"": ""250 mg carton of 3 blister cards (6 tablets per blister card) (NDC 62332-251-06)"", ""availability"": ""Launch in June 2020"", ""on_allocation"": false}, {""presentation"": ""500 mg bottle of 30 (NDC 62332-252-30)"", ""availability"": ""Available"", ""on_allocation"": false}, {""presentation"": ""500 mg carton of 3 blister cards (3 tablets per blister card) (NDC 62332-252-03)"", ""availability"": ""Launch in June 2020"", ""on_allocation"": false}]",,4,False,False,False,False,False
298,Azithromycin Tablets,azithromycin tablets,AUROPHARMA.NS,IN,NIFTYBEES.NS,2020-04-17,2020-05-02,20200502112302,2020-05-02,2020-05-02T11:23:02+00:00,winner,Aurobindo Pharma,"[{""presentation"": ""250mg 6x3 Blister Pack/ Carton (NDC 65862064163)"", ""availability"": ""Additional supply to be available in May 2020"", ""on_allocation"": false}]",,4,False,False,False,False,False
298,Azithromycin Tablets,azithromycin tablets,LUPIN.NS,IN,NIFTYBEES.NS,2020-04-17,2020-05-02,20200502112302,2020-05-02,2020-05-02T11:23:02+00:00,disrupted,Lupin,"[{""presentation"": ""250 mg \u2013 Carton of 3 Blister Cards (6 Tablets per Blister Card) (NDC 6818016013)"", ""availability"": ""Continuous production. More products are in transit and will be available for distribution within next few weeks."", ""on_allocation"": false}]",,4,False,False,False,False,False
298,Azithromycin Tablets,azithromycin tablets,NOVN.SW,CH,CSSMI.SW,2020-04-17,2020-05-02,20200502112302,2020-05-02,2020-05-02T11:23:02+00:00,winner,Sandoz,"[{""presentation"": ""600 mg 30 count bottle (NDC 0781-5793-31)"", ""availability"": ""Available"", ""on_allocation"": false}, {""presentation"": ""500 mg 30 count bottle (NDC 0781-8090-31)"", ""availability"": ""Available"", ""on_allocation"": false}, {""presentation"": ""500 mg 3 count unit dose (NDC 0781-8090-03)"", ""availability"": ""Available"", ""on_allocation"": false}, {""presentation"": ""250 mg 30 count bottle (NDC 0781-8089-31)"", ""availability"": ""Available"", ""on_allocation"": false}, {""presentation"": ""250 mg 6 count unit dose (NDC 0781-8089-26)"", ""availability"": ""Available"", ""on_allocation"": false}]",,4,False,False,False,False,False
298,Azithromycin Tablets,azithromycin tablets,PFE,US,SPY,2020-04-17,2020-05-02,20200502112302,2020-05-02,2020-05-02T11:23:02+00:00,winner,Pfizer Pharmaceuticals,"[{""presentation"": ""Zithromax 250 mg tablets; Unit Dose package of 50 (NDC 0069-4061-89)"", ""availability"": ""Available"", ""on_allocation"": false}, {""presentation"": ""Zithromax 500 mg tablets; Unit Dose package of 50 (NDC 0069-3070-86)"", ""availability"": ""Next delivery and Estimated recovery: July 2020"", ""on_allocation"": false}, {""presentation"": ""Zithromax 250 mg tablets; bottle of 30 (NDC 0069-3060-30)"", ""availability"": ""Next delivery: May 2020 Estimated recovery: TBD"", ""on_allocation"": false}, {""presentation"": ""Zithromax 250 mg tablets; boxes of 3 (Z-PAKS of 6) (NDC 0069-3060-75)"", ""availability"": ""Next delivery: June 2020 Estimated recovery: TBD"", ""on_allocation"": false}, {""presentation"": ""Zithromax 500 mg tablets; bottles of 30 (NDC 0069-3070-30)"", ""availability"": ""Next delivery and Estimated recovery: July 2020"", ""on_allocation"": false}, {""presentation"": ""Zithromax 500 mg tablets; boxes of 3 (TRI-PAKS of 3 tablets) (NDC 0069-3070-75)"", ""availability"": ""Next delivery and Estimated recovery: July 2020"", ""on_allocation"": false}, {""presentation"": ""250 mg tablets; Blister of 3x6 (NDC 59762-2198-3)"", ""availability"": ""Next delivery: June 2020 Estimated recovery: TBD"", ""on_allocation"": false}, {""presentation"": ""250 mg talbets; Bottle of 30 (NDC 59762-2198-7)"", ""availability"": ""Next delivery: June 2020 Estimated recovery: TBD"", ""on_allocation"": false}]",,4,False,False,False,False,False
298,Azithromycin Tablets,azithromycin tablets,TEVA,US,SPY,2020-04-17,2020-05-02,20200502112302,2020-05-02,2020-05-02T11:23:02+00:00,disrupted,Teva Pharmaceuticals,"[{""presentation"": ""250 mg 30 count (NDC 50111-787-10)"", ""availability"": ""A backorder is anticipated. The estimated duration is unknown at this time. Product allocations being made based on customer Rx Trends."", ""on_allocation"": true}, {""presentation"": ""250 mg 6 x 1 blister pack (NDC 50111-787-51)"", ""availability"": ""A backorder is anticipated. The estimated duration is unknown at this time. Product allocations being made based on customer Rx Trends."", ""on_allocation"": true}, {""presentation"": ""500 mg 3 x 1 blister pack (NDC 50111-788-55)"", ""availability"": ""A backorder is anticipated. The estimated duration is unknown at this time. Product allocations being made based on customer Rx Trends."", ""on_allocation"": true}, {""presentation"": ""500 mg 30 count (NDC 50111-788-10)"", ""availability"": ""A backorder is anticipated. The estimated duration is unknown at this time. Product allocations being made based on customer Rx Trends."", ""on_allocation"": true}, {""presentation"": ""600 mg 30 count (NDC 50111-789-10)"", ""availability"": ""A backorder is anticipated. The estimated duration is unknown at this time. Product allocations being made based on customer Rx Trends."", ""on_allocation"": true}, {""presentation"": ""250 mg 18 3 x 6 blister pack (NDC 50111-787-66)"", ""availability"": ""A backorder is anticipated. The estimated duration is unknown at this time. Product allocations being made based on customer Rx Trends."", ""on_allocation"": true}, {""presentation"": ""500 mg 3 x 3 blister pack (NDC 50111-788-67)"", ""availability"": ""A backorder is anticipated. The estimated duration is unknown at this time. Product allocations being made based on customer Rx Trends."", ""on_allocation"": true}]",,4,False,False,False,False,False
298,Azithromycin Tablets,azithromycin tablets,AMPH,US,SPY,2020-04-17,2020-05-02,20200502112302,2020-05-02,2020-05-02T11:23:02+00:00,placebo,,[],FDA-page nonlisted generic-maker control; manufacture absence unverified,4,False,False,False,False,False
298,Azithromycin Tablets,azithromycin tablets,AMRX,US,SPY,2020-04-17,2020-05-02,20200502112302,2020-05-02,2020-05-02T11:23:02+00:00,placebo,,[],FDA-page nonlisted generic-maker control; manufacture absence unverified,4,False,False,False,False,False
298,Azithromycin Tablets,azithromycin tablets,BAX,US,SPY,2020-04-17,2020-05-02,20200502112302,2020-05-02,2020-05-02T11:23:02+00:00,placebo,,[],FDA-page nonlisted generic-maker control; manufacture absence unverified,4,False,False,False,False,False
298,Azithromycin Tablets,azithromycin tablets,CAPLIPOINT.NS,IN,NIFTYBEES.NS,2020-04-17,2020-05-02,20200502112302,2020-05-02,2020-05-02T11:23:02+00:00,placebo,,[],FDA-page nonlisted generic-maker control; manufacture absence unverified,4,False,False,False,False,False
298,Azithromycin Tablets,azithromycin tablets,CIPLA.NS,IN,NIFTYBEES.NS,2020-04-17,2020-05-02,20200502112302,2020-05-02,2020-05-02T11:23:02+00:00,placebo,,[],FDA-page nonlisted generic-maker control; manufacture absence unverified,4,False,False,False,False,False
298,Azithromycin Tablets,azithromycin tablets,GRANULES.NS,IN,NIFTYBEES.NS,2020-04-17,2020-05-02,20200502112302,2020-05-02,2020-05-02T11:23:02+00:00,placebo,,[],FDA-page nonlisted generic-maker control; manufacture absence unverified,4,False,False,False,False,False
298,Azithromycin Tablets,azithromycin tablets,ICUI,US,SPY,2020-04-17,2020-05-02,20200502112302,2020-05-02,2020-05-02T11:23:02+00:00,placebo,,[],FDA-page nonlisted generic-maker control; manufacture absence unverified,4,False,False,False,False,False
298,Azithromycin Tablets,azithromycin tablets,MYL,US,SPY,2020-04-17,2020-05-02,20200502112302,2020-05-02,2020-05-02T11:23:02+00:00,placebo,,[],FDA-page nonlisted generic-maker control; manufacture absence unverified,4,False,False,False,False,False
298,Azithromycin Tablets,azithromycin tablets,RDY,US,SPY,2020-04-17,2020-05-02,20200502112302,2020-05-02,2020-05-02T11:23:02+00:00,placebo,,[],FDA-page nonlisted generic-maker control; manufacture absence unverified,4,False,False,False,False,False
298,Azithromycin Tablets,azithromycin tablets,STAR.NS,IN,NIFTYBEES.NS,2020-04-17,2020-05-02,20200502112302,2020-05-02,2020-05-02T11:23:02+00:00,placebo,,[],FDA-page nonlisted generic-maker control; manufacture absence unverified,4,False,False,False,False,False
298,Azithromycin Tablets,azithromycin tablets,SUNPHARMA.NS,IN,NIFTYBEES.NS,2020-04-17,2020-05-02,20200502112302,2020-05-02,2020-05-02T11:23:02+00:00,placebo,,[],FDA-page nonlisted generic-maker control; manufacture absence unverified,4,False,False,False,False,False
298,Azithromycin Tablets,azithromycin tablets,TORNTPHARM.NS,IN,NIFTYBEES.NS,2020-04-17,2020-05-02,20200502112302,2020-05-02,2020-05-02T11:23:02+00:00,placebo,,[],FDA-page nonlisted generic-maker control; manufacture absence unverified,4,False,False,False,False,False
298,Azithromycin Tablets,azithromycin tablets,ZYDUSLIFE.NS,IN,NIFTYBEES.NS,2020-04-17,2020-05-02,20200502112302,2020-05-02,2020-05-02T11:23:02+00:00,placebo,,[],FDA-page nonlisted generic-maker control; manufacture absence unverified,4,False,False,False,False,False
299,Continuous Renal Replacement Therapy (CRRT) Solutions,continuous renal replacement therapy (crrt) solutions,BAX,US,SPY,2020-04-25,2020-06-13,20200613101357,2020-06-13,2020-06-13T10:13:57+00:00,winner,Baxter Healthcare,"[{""presentation"": ""PrismaSol BK0/0/1.2 Replacement Solution for Continuous Renal Replacement Therapy, NON-PVC. (NDC 24571-113-06)"", ""availability"": ""Available"", ""on_allocation"": false}, {""presentation"": ""PrismaSol BGK0/2.5 Replacement Solution for Continuous Renal Replacement Therapy, NON PVC. (NDC 24571-108-06)"", ""availability"": ""Available"", ""on_allocation"": false}, {""presentation"": ""PrismaSol BGK4/0/1.2 Replacement Solution for Continuous Renal Replacement Therapy, NON PVC. (DC 24571-114-06)"", ""availability"": ""Available"", ""on_allocation"": false}, {""presentation"": ""PrismaSol BGK4/2.5 Replacement Solution for Continuous Renal Replacement Therapy, NON PVC. (NDC 24571-105-06)"", ""availability"": ""Available"", ""on_allocation"": false}, {""presentation"": ""PrismaSol BGK2/3.5 Replacement Solution for Continuous Renal Replacement Therapy, NON PVC. (NDC 24571-103-06)"", ""availability"": ""Available"", ""on_allocation"": false}, {""presentation"": ""PrismaSol BGK2/0 Replacement Solution for Continuous Renal Replacement Therapy, NON PVC. (NDC 24571-102-06)"", ""availability"": ""Available"", ""on_allocation"": false}, {""presentation"": ""PrismaSol B22GK4/0 Replacement Solution for Continuous Renal Replacement Therapy, NON PVC. (NDC 24571-111-06)"", ""availability"": ""Available"", ""on_allocation"": false}, {""presentation"": ""PHOXILLUM BK4/2.5 Replacement Solution for Continuous Renal Replacement Therapy (NDC 24571-116-06)"", ""availability"": ""Available"", ""on_allocation"": false}, {""presentation"": ""PHOXILLUM B22K4/0 Replacement Solution for Continuous Renal Replacement Therapy (NDC 24571-117-06)"", ""availability"": ""Available"", ""on_allocation"": false}]",,1,False,False,False,False,False
299,Continuous Renal Replacement Therapy (CRRT) Solutions,continuous renal replacement therapy (crrt) solutions,AMPH,US,SPY,2020-04-25,2020-06-13,20200613101357,2020-06-13,2020-06-13T10:13:57+00:00,placebo,,[],FDA-page nonlisted generic-maker control; manufacture absence unverified,1,False,False,False,False,False
299,Continuous Renal Replacement Therapy (CRRT) Solutions,continuous renal replacement therapy (crrt) solutions,AMRX,US,SPY,2020-04-25,2020-06-13,20200613101357,2020-06-13,2020-06-13T10:13:57+00:00,placebo,,[],FDA-page nonlisted generic-maker control; manufacture absence unverified,1,False,False,False,False,False
299,Continuous Renal Replacement Therapy (CRRT) Solutions,continuous renal replacement therapy (crrt) solutions,ICUI,US,SPY,2020-04-25,2020-06-13,20200613101357,2020-06-13,2020-06-13T10:13:57+00:00,placebo,,[],FDA-page nonlisted generic-maker control; manufacture absence unverified,1,False,False,False,False,False
299,Continuous Renal Replacement Therapy (CRRT) Solutions,continuous renal replacement therapy (crrt) solutions,MYL,US,SPY,2020-04-25,2020-06-13,20200613101357,2020-06-13,2020-06-13T10:13:57+00:00,placebo,,[],FDA-page nonlisted generic-maker control; manufacture absence unverified,1,False,False,False,False,False
299,Continuous Renal Replacement Therapy (CRRT) Solutions,continuous renal replacement therapy (crrt) solutions,RDY,US,SPY,2020-04-25,2020-06-13,20200613101357,2020-06-13,2020-06-13T10:13:57+00:00,placebo,,[],FDA-page nonlisted generic-maker control; manufacture absence unverified,1,False,False,False,False,False
299,Continuous Renal Replacement Therapy (CRRT) Solutions,continuous renal replacement therapy (crrt) solutions,TEVA,US,SPY,2020-04-25,2020-06-13,20200613101357,2020-06-13,2020-06-13T10:13:57+00:00,placebo,,[],FDA-page nonlisted generic-maker control; manufacture absence unverified,1,False,False,False,False,False
300,Sulfasalazine Tablets,sulfasalazine tablets,PFE,US,SPY,2020-04-25,2020-06-13,20200613133127,2020-06-13,2020-06-13T13:31:27+00:00,winner,Pfizer Pharmaceuticals,"[{""presentation"": ""AZULFIDINE (Sulfasalazine tablets) 500 mg tablets; Bottle of 100 (NDC 0013-0101-10)"", ""availability"": ""Available"", ""on_allocation"": false}, {""presentation"": ""AZULFIDINE (Sulfasalazine tablets) 500 mg tablets; Bottle of 300 (NDC 0013-0101-20)"", ""availability"": ""Available"", ""on_allocation"": false}, {""presentation"": ""AZULFIDINE EN-tabs\u00ae (Sulfasalazine delayed release tablets) 500 mg Delayed-Release tablets; Bottle of 100 (NDC 0013-0102-01)"", ""availability"": ""Next delivery and Estimated recovery: July 2020"", ""on_allocation"": false}, {""presentation"": ""AZULFIDINE EN-tabs\u00ae (Sulfasalazine delayed release tablets) 500 mg Delayed-Release tablets; Bottle of 300 (NDC 0013-0102-20)"", ""availability"": ""Available"", ""on_allocation"": false}, {""presentation"": ""Sulfasalazine Delayed-Release Tablets 500 mg Delayed-Release tablets; bottle of 100 (NDC 59762-0104-1/59762-0104-5)"", ""availability"": ""Limited Supply Available. Next Delivery: June 2020; Estimated recovery: August 2020"", ""on_allocation"": false}, {""presentation"": ""Sulfasalazine Delayed-Release Tablets 500 mg Delayed-Release tablets; bottle of 300 (NDC 59762-0104-6)"", ""availability"": ""Limited Supply Available. Next Delivery: June 2020; Estimated recovery: TBD"", ""on_allocation"": false}, {""presentation"": ""500 mg tablets; bottle of 100 (NDC 59762-5000-1/59762-5000-5)"", ""availability"": ""Limited Supply Available. Next Delivery: June 2020; Estimated recovery: TBD"", ""on_allocation"": false}, {""presentation"": ""500 mg tablets; bottle of 300 (NDC 59762-5000-6)"", ""availability"": ""Limited Supply Available. Next Delivery and Estimated recovery: June 2020"", ""on_allocation"": false}]",,1,False,False,False,False,False
300,Sulfasalazine Tablets,sulfasalazine tablets,TEVA,US,SPY,2020-04-25,2020-06-13,20200613133127,2020-06-13,2020-06-13T13:31:27+00:00,nonwinner,Teva Pharmaceuticals,"[{""presentation"": ""500 mg 100 Count (NDC 00591-0796-01)"", ""availability"": ""Available"", ""on_allocation"": true}, {""presentation"": ""500 mg 1000 Count (NDC 00591-0796-10)"", ""availability"": ""Available"", ""on_allocation"": true}, {""presentation"": ""500 mg 500 Count (NDC 00591-0796-05)"", ""availability"": ""Available"", ""on_allocation"": true}]",,1,False,False,False,False,False
300,Sulfasalazine Tablets,sulfasalazine tablets,AMPH,US,SPY,2020-04-25,2020-06-13,20200613133127,2020-06-13,2020-06-13T13:31:27+00:00,placebo,,[],FDA-page nonlisted generic-maker control; manufacture absence unverified,1,False,False,False,False,False
300,Sulfasalazine Tablets,sulfasalazine tablets,AMRX,US,SPY,2020-04-25,2020-06-13,20200613133127,2020-06-13,2020-06-13T13:31:27+00:00,placebo,,[],FDA-page nonlisted generic-maker control; manufacture absence unverified,1,False,False,False,False,False
300,Sulfasalazine Tablets,sulfasalazine tablets,BAX,US,SPY,2020-04-25,2020-06-13,20200613133127,2020-06-13,2020-06-13T13:31:27+00:00,placebo,,[],FDA-page nonlisted generic-maker control; manufacture absence unverified,1,False,False,False,False,False
300,Sulfasalazine Tablets,sulfasalazine tablets,ICUI,US,SPY,2020-04-25,2020-06-13,20200613133127,2020-06-13,2020-06-13T13:31:27+00:00,placebo,,[],FDA-page nonlisted generic-maker control; manufacture absence unverified,1,False,False,False,False,False
300,Sulfasalazine Tablets,sulfasalazine tablets,MYL,US,SPY,2020-04-25,2020-06-13,20200613133127,2020-06-13,2020-06-13T13:31:27+00:00,placebo,,[],FDA-page nonlisted generic-maker control; manufacture absence unverified,1,False,False,False,False,False
300,Sulfasalazine Tablets,sulfasalazine tablets,RDY,US,SPY,2020-04-25,2020-06-13,20200613133127,2020-06-13,2020-06-13T13:31:27+00:00,placebo,,[],FDA-page nonlisted generic-maker control; manufacture absence unverified,1,False,False,False,False,False
302,Famotidine Injection,famotidine injection,BAX,US,SPY,2020-05-09,2020-06-12,20200612221318,2020-06-12,2020-06-12T22:13:18+00:00,disrupted,Baxter Healthcare,"[{""presentation"": ""Famotidine Injection premix, 20mg/50 mL in GALAXY Plastic Container (NDC 0338-5197-41)"", ""availability"": ""Limited supply. Recovery Q3 2020"", ""on_allocation"": false}]",,1,False,False,False,False,False
302,Famotidine Injection,famotidine injection,FRE.DE,DE,EXS1.DE,2020-05-09,2020-06-12,20200612221318,2020-06-12,2020-06-12T22:13:18+00:00,winner,"Fresenius Kabi USA, LLC","[{""presentation"": ""20 mg per 2 mL (10 mg per mL), single dose vial, PF, (NDC 63323-739-12)"", ""availability"": ""Available"", ""on_allocation"": false}, {""presentation"": ""40 mg per 4 mL (10 mg per mL), mutilple dose vial, (NDC 63323-738-09)"", ""availability"": ""Backordered. Next release June 2020."", ""on_allocation"": false}, {""presentation"": ""200 mg per 20 mL(10 mg per mL), multiple dose vial, (NDC 63323-738-20)"", ""availability"": ""Backordered. Next release June 2020."", ""on_allocation"": false}]",,1,False,False,False,False,False
302,Famotidine Injection,famotidine injection,HIK.L,UK,ISF.L,2020-05-09,2020-06-12,20200612221318,2020-06-12,2020-06-12T22:13:18+00:00,disrupted,"Hikma Pharmaceuticals USA, Inc. (formerly West-Ward)","[{""presentation"": ""10 mg/mL, 2 mL vial (NDC 0641-6022-25)"", ""availability"": ""This presentation is temporarily on backorder."", ""on_allocation"": false}, {""presentation"": ""10 mg/mL, 4 mL vial (NDC 0641-6023-25)"", ""availability"": ""This presentation is temporarily on backorder."", ""on_allocation"": false}, {""presentation"": ""10 mg/mL, 20 mL vial (NDC 0641-6021-10)"", ""availability"": ""This presentation is temporarily on backorder."", ""on_allocation"": false}]",,1,False,False,False,False,False
302,Famotidine Injection,famotidine injection,MYL,US,SPY,2020-05-09,2020-06-12,20200612221318,2020-06-12,2020-06-12T22:13:18+00:00,disrupted,Mylan Institutional,"[{""presentation"": ""Famotidine Injection (Solution in Single Dose Vials) [20 mg / 2 ml] 25PK (NDC 67457-433-22)"", ""availability"": ""Intermittent supply until the middle of June 2020"", ""on_allocation"": false}, {""presentation"": ""Famotidine Injection (Solution in Multi Dose Vials : Containing Preservatives) [40 mg / 4 ml] 10PK (NDC 67457-448-43)"", ""availability"": ""Intermittent supply until the middle of June 2020"", ""on_allocation"": false}, {""presentation"": ""Famotidine Injection (Solution in Multi Dose Vials : Containing Preservatives) [200 mg / 20 ml] 10PK (NDC 67457-457-20)"", ""availability"": ""Intermittent supply until the middle of June 2020"", ""on_allocation"": false}]",,1,False,False,False,False,False
304,Vecuronium Bromide for Injection,vecuronium bromide for injection,MYL,US,SPY,2020-05-09,2020-06-13,20200613090121,2020-06-13,2020-06-13T09:01:21+00:00,disrupted,Mylan Institutional,"[{""presentation"": ""Vecuronium Bromide Injection (Lyophilizate in Single Dose Vials) [10 mg](NDC 67457-438-10)"", ""availability"": ""Intermittent supply"", ""on_allocation"": false}, {""presentation"": ""Vecuronium Bromide Injection (Lyophilizate in Single Dose Vials) [20 mg](NDC 67457-475-20)"", ""availability"": ""Intermittent supply"", ""on_allocation"": false}]",,2,False,False,False,False,False
304,Vecuronium Bromide for Injection,vecuronium bromide for injection,PFE,US,SPY,2020-05-09,2020-06-13,20200613090121,2020-06-13,2020-06-13T09:01:21+00:00,winner,"Hospira, Inc.","[{""presentation"": ""10 mg Single Dose Glass Fliptop Vial (NDC 00409-1632-01)"", ""availability"": ""Available"", ""on_allocation"": false}, {""presentation"": ""20 mg Single Dose Glass Fliptop Vial (NDC 00409-1634-01)"", ""availability"": ""Next Delivery and Estimated Recovery: February 2021"", ""on_allocation"": false}]",,2,False,False,False,False,False
304,Vecuronium Bromide for Injection,vecuronium bromide for injection,SUNPHARMA.NS,IN,NIFTYBEES.NS,2020-05-09,2020-06-13,20200613090121,2020-06-13,2020-06-13T09:01:21+00:00,disrupted,Sun Pharmaceutical Industries Inc.,"[{""presentation"": ""10 mg (NDC 47335-931-44)"", ""availability"": ""Estimated recovery by End of June 2020"", ""on_allocation"": false}, {""presentation"": ""20 mg (NDC 47335-932-44)"", ""availability"": ""Estimated recovery by End of June 2020"", ""on_allocation"": false}]",,2,False,False,False,False,False
304,Vecuronium Bromide for Injection,vecuronium bromide for injection,TEVA,US,SPY,2020-05-09,2020-06-13,20200613090121,2020-06-13,2020-06-13T09:01:21+00:00,winner,Teva Pharmaceuticals,"[{""presentation"": ""10 mg* 10 X 10 mL *1 mg/mL when reconstituted to 10 mL (NDC 0703-2914-03)"", ""availability"": ""Available. We are satisfying historical committed customer demand."", ""on_allocation"": false}]",,2,False,False,False,False,False
304,Vecuronium Bromide for Injection,vecuronium bromide for injection,AMPH,US,SPY,2020-05-09,2020-06-13,20200613090121,2020-06-13,2020-06-13T09:01:21+00:00,placebo,,[],FDA-page nonlisted generic-maker control; manufacture absence unverified,2,False,False,False,False,False
304,Vecuronium Bromide for Injection,vecuronium bromide for injection,AMRX,US,SPY,2020-05-09,2020-06-13,20200613090121,2020-06-13,2020-06-13T09:01:21+00:00,placebo,,[],FDA-page nonlisted generic-maker control; manufacture absence unverified,2,False,False,False,False,False
304,Vecuronium Bromide for Injection,vecuronium bromide for injection,BAX,US,SPY,2020-05-09,2020-06-13,20200613090121,2020-06-13,2020-06-13T09:01:21+00:00,placebo,,[],FDA-page nonlisted generic-maker control; manufacture absence unverified,2,False,False,False,False,False
304,Vecuronium Bromide for Injection,vecuronium bromide for injection,ICUI,US,SPY,2020-05-09,2020-06-13,20200613090121,2020-06-13,2020-06-13T09:01:21+00:00,placebo,,[],FDA-page nonlisted generic-maker control; manufacture absence unverified,2,False,False,False,False,False
304,Vecuronium Bromide for Injection,vecuronium bromide for injection,RDY,US,SPY,2020-05-09,2020-06-13,20200613090121,2020-06-13,2020-06-13T09:01:21+00:00,placebo,,[],FDA-page nonlisted generic-maker control; manufacture absence unverified,2,False,False,False,False,False
308,"Sertraline Hydrochloride Oral Solution, USP","sertraline hydrochloride oral solution, usp",AUROPHARMA.NS,IN,NIFTYBEES.NS,2020-05-28,2020-06-12,20200612211239,2020-06-12,2020-06-12T21:12:39+00:00,winner,Aurobindo Pharma,"[{""presentation"": ""20mg/ml, 60ml (16714-601-01)"", ""availability"": ""Unavailable"", ""on_allocation"": false}, {""presentation"": ""20mg/ml (NDC 64980-409-06)"", ""availability"": ""Currently available"", ""on_allocation"": false}]",,2,False,False,False,False,False
308,"Sertraline Hydrochloride Oral Solution, USP","sertraline hydrochloride oral solution, usp",PFE,US,SPY,2020-05-28,2020-06-12,20200612211239,2020-06-12,2020-06-12T21:12:39+00:00,winner,Pfizer Pharmaceuticals,"[{""presentation"": ""Sertraline Hydrochloride 60 mL (20 mg/mL) oral concentrate, with 12% alcohol; bottle with calibrated dropper (NDC 59762-0067-1)"", ""availability"": ""Next delivery: June 2020; Estimated Recovery: July 2020"", ""on_allocation"": false}, {""presentation"": ""Zoloft (sertraline hydrochloride) 60 mL (20 mg/mL) oral concentrate, with 12% alcohol; bottle with calibrated dropper (NDC 0049-0050-01)"", ""availability"": ""Available"", ""on_allocation"": false}]",,2,False,False,False,False,False
308,"Sertraline Hydrochloride Oral Solution, USP","sertraline hydrochloride oral solution, usp",AMPH,US,SPY,2020-05-28,2020-06-12,20200612211239,2020-06-12,2020-06-12T21:12:39+00:00,placebo,,[],FDA-page nonlisted generic-maker control; manufacture absence unverified,2,False,False,False,False,False
308,"Sertraline Hydrochloride Oral Solution, USP","sertraline hydrochloride oral solution, usp",AMRX,US,SPY,2020-05-28,2020-06-12,20200612211239,2020-06-12,2020-06-12T21:12:39+00:00,placebo,,[],FDA-page nonlisted generic-maker control; manufacture absence unverified,2,False,False,False,False,False
308,"Sertraline Hydrochloride Oral Solution, USP","sertraline hydrochloride oral solution, usp",APLLTD.NS,IN,NIFTYBEES.NS,2020-05-28,2020-06-12,20200612211239,2020-06-12,2020-06-12T21:12:39+00:00,placebo,,[],FDA-page nonlisted generic-maker control; manufacture absence unverified,2,False,False,False,False,False
308,"Sertraline Hydrochloride Oral Solution, USP","sertraline hydrochloride oral solution, usp",BAX,US,SPY,2020-05-28,2020-06-12,20200612211239,2020-06-12,2020-06-12T21:12:39+00:00,placebo,,[],FDA-page nonlisted generic-maker control; manufacture absence unverified,2,False,False,False,False,False
308,"Sertraline Hydrochloride Oral Solution, USP","sertraline hydrochloride oral solution, usp",CAPLIPOINT.NS,IN,NIFTYBEES.NS,2020-05-28,2020-06-12,20200612211239,2020-06-12,2020-06-12T21:12:39+00:00,placebo,,[],FDA-page nonlisted generic-maker control; manufacture absence unverified,2,False,False,False,False,False
308,"Sertraline Hydrochloride Oral Solution, USP","sertraline hydrochloride oral solution, usp",CIPLA.NS,IN,NIFTYBEES.NS,2020-05-28,2020-06-12,20200612211239,2020-06-12,2020-06-12T21:12:39+00:00,placebo,,[],FDA-page nonlisted generic-maker control; manufacture absence unverified,2,False,False,False,False,False
308,"Sertraline Hydrochloride Oral Solution, USP","sertraline hydrochloride oral solution, usp",GRANULES.NS,IN,NIFTYBEES.NS,2020-05-28,2020-06-12,20200612211239,2020-06-12,2020-06-12T21:12:39+00:00,placebo,,[],FDA-page nonlisted generic-maker control; manufacture absence unverified,2,False,False,False,False,False
308,"Sertraline Hydrochloride Oral Solution, USP","sertraline hydrochloride oral solution, usp",ICUI,US,SPY,2020-05-28,2020-06-12,20200612211239,2020-06-12,2020-06-12T21:12:39+00:00,placebo,,[],FDA-page nonlisted generic-maker control; manufacture absence unverified,2,False,False,False,False,False
308,"Sertraline Hydrochloride Oral Solution, USP","sertraline hydrochloride oral solution, usp",LUPIN.NS,IN,NIFTYBEES.NS,2020-05-28,2020-06-12,20200612211239,2020-06-12,2020-06-12T21:12:39+00:00,placebo,,[],FDA-page nonlisted generic-maker control; manufacture absence unverified,2,False,False,False,False,False
308,"Sertraline Hydrochloride Oral Solution, USP","sertraline hydrochloride oral solution, usp",MYL,US,SPY,2020-05-28,2020-06-12,20200612211239,2020-06-12,2020-06-12T21:12:39+00:00,placebo,,[],FDA-page nonlisted generic-maker control; manufacture absence unverified,2,False,False,False,False,False
308,"Sertraline Hydrochloride Oral Solution, USP","sertraline hydrochloride oral solution, usp",RDY,US,SPY,2020-05-28,2020-06-12,20200612211239,2020-06-12,2020-06-12T21:12:39+00:00,placebo,,[],FDA-page nonlisted generic-maker control; manufacture absence unverified,2,False,False,False,False,False
308,"Sertraline Hydrochloride Oral Solution, USP","sertraline hydrochloride oral solution, usp",STAR.NS,IN,NIFTYBEES.NS,2020-05-28,2020-06-12,20200612211239,2020-06-12,2020-06-12T21:12:39+00:00,placebo,,[],FDA-page nonlisted generic-maker control; manufacture absence unverified,2,False,False,False,False,False
308,"Sertraline Hydrochloride Oral Solution, USP","sertraline hydrochloride oral solution, usp",SUNPHARMA.NS,IN,NIFTYBEES.NS,2020-05-28,2020-06-12,20200612211239,2020-06-12,2020-06-12T21:12:39+00:00,placebo,,[],FDA-page nonlisted generic-maker control; manufacture absence unverified,2,False,False,False,False,False
308,"Sertraline Hydrochloride Oral Solution, USP","sertraline hydrochloride oral solution, usp",TEVA,US,SPY,2020-05-28,2020-06-12,20200612211239,2020-06-12,2020-06-12T21:12:39+00:00,placebo,,[],FDA-page nonlisted generic-maker control; manufacture absence unverified,2,False,False,False,False,False
308,"Sertraline Hydrochloride Oral Solution, USP","sertraline hydrochloride oral solution, usp",TORNTPHARM.NS,IN,NIFTYBEES.NS,2020-05-28,2020-06-12,20200612211239,2020-06-12,2020-06-12T21:12:39+00:00,placebo,,[],FDA-page nonlisted generic-maker control; manufacture absence unverified,2,False,False,False,False,False
308,"Sertraline Hydrochloride Oral Solution, USP","sertraline hydrochloride oral solution, usp",ZYDUSLIFE.NS,IN,NIFTYBEES.NS,2020-05-28,2020-06-12,20200612211239,2020-06-12,2020-06-12T21:12:39+00:00,placebo,,[],FDA-page nonlisted generic-maker control; manufacture absence unverified,2,False,False,False,False,False
321,Zinc Acetate Capsules,zinc acetate capsules,TEVA,US,SPY,2020-12-18,2021-01-17,20210117165625,2021-01-17,2021-01-17T16:56:25+00:00,winner,Teva Pharmaceuticals,"[{""presentation"": ""25 mg, bottle of 250 (NDC 57844-215-52)"", ""availability"": ""Unavailable"", ""on_allocation"": false}, {""presentation"": ""50 mg, bottle of 250 (NDC 57844-208-52)"", ""availability"": ""Limited short-dated stock available until early January 2021"", ""on_allocation"": false}, {""presentation"": ""25 mg zinc acetate dihydrate capsules, bottle of 250 (NDC 57844-376-25)"", ""availability"": ""Available"", ""on_allocation"": false}]",,1,False,False,False,False,False
321,Zinc Acetate Capsules,zinc acetate capsules,AMPH,US,SPY,2020-12-18,2021-01-17,20210117165625,2021-01-17,2021-01-17T16:56:25+00:00,placebo,,[],FDA-page nonlisted generic-maker control; manufacture absence unverified,1,False,False,False,False,False
321,Zinc Acetate Capsules,zinc acetate capsules,AMRX,US,SPY,2020-12-18,2021-01-17,20210117165625,2021-01-17,2021-01-17T16:56:25+00:00,placebo,,[],FDA-page nonlisted generic-maker control; manufacture absence unverified,1,False,False,False,False,False
321,Zinc Acetate Capsules,zinc acetate capsules,BAX,US,SPY,2020-12-18,2021-01-17,20210117165625,2021-01-17,2021-01-17T16:56:25+00:00,placebo,,[],FDA-page nonlisted generic-maker control; manufacture absence unverified,1,False,False,False,False,False
321,Zinc Acetate Capsules,zinc acetate capsules,ICUI,US,SPY,2020-12-18,2021-01-17,20210117165625,2021-01-17,2021-01-17T16:56:25+00:00,placebo,,[],FDA-page nonlisted generic-maker control; manufacture absence unverified,1,False,False,False,False,False
321,Zinc Acetate Capsules,zinc acetate capsules,RDY,US,SPY,2020-12-18,2021-01-17,20210117165625,2021-01-17,2021-01-17T16:56:25+00:00,placebo,,[],FDA-page nonlisted generic-maker control; manufacture absence unverified,1,False,False,False,False,False
321,Zinc Acetate Capsules,zinc acetate capsules,VTRS,US,SPY,2020-12-18,2021-01-17,20210117165625,2021-01-17,2021-01-17T16:56:25+00:00,placebo,,[],FDA-page nonlisted generic-maker control; manufacture absence unverified,1,False,False,False,False,False
335,Calcium Gluconate Injection,calcium gluconate injection,FRE.DE,DE,EXS1.DE,2021-04-11,2021-04-12,20210412025544,2021-04-12,2021-04-12T02:55:44+00:00,winner,"Fresenius Kabi USA, LLC","[{""presentation"": ""1,000 mg calcium gluconate per 10 mL (100 mg/mL), single dose vial (NDC 63323-360-01, 1 vial; NDC 63323-360-19, 25 vials)"", ""availability"": ""Available"", ""on_allocation"": false}, {""presentation"": ""5,000 mg calcium gluconate per 50 mL (100 mg/mL), single dose vial (NDC 63323-360-03, 1 vial; NDC 63323-360-59, 25 vials)"", ""availability"": ""Backordered. Next release March 2021."", ""on_allocation"": false}, {""presentation"": ""10,000 mg calcium gluconate per 100 mL (100 mg/mL), pharmacy bulk package vial (NDC 63323-360-05, 1 vial; NDC 63323-360-61, 20 vials)"", ""availability"": ""Backordered. Next release March 2021."", ""on_allocation"": false}]",,1,True,False,False,False,False
338,Disopyramide Phosphate (Norpace) Capsules,disopyramide phosphate (norpace) capsules,PFE,US,SPY,2021-04-11,2021-03-29,20210329194917,2021-04-11,2021-04-11T23:59:59.999999999+00:00,winner,Pfizer Pharmaceuticals,"[{""presentation"": ""Norpace CR, 100 mg capsules, bottle of 100 (NDC 0025-2732-31)"", ""availability"": ""Limited supply available. Next Delivery and Estimated Recovery: September 2021"", ""on_allocation"": false}, {""presentation"": ""Norpace CR, 150 mg capsules, bottle of 100 (NDC 0025-2742-31)"", ""availability"": ""Limited supply available. Next Delivery and Estimated Recovery: September 2021"", ""on_allocation"": false}, {""presentation"": ""100 mg capsules, bottle of 100 (NDC 59762-0386-1)"", ""availability"": ""Available"", ""on_allocation"": false}, {""presentation"": ""150 mg capsules, bottle of 100 (NDC 59762-0400-1)"", ""availability"": ""Available"", ""on_allocation"": false}]",,2,True,False,False,False,False
338,Disopyramide Phosphate (Norpace) Capsules,disopyramide phosphate (norpace) capsules,TEVA,US,SPY,2021-04-11,2021-03-29,20210329194917,2021-04-11,2021-04-11T23:59:59.999999999+00:00,winner,Teva Pharmaceuticals,"[{""presentation"": ""100 mg capsules, bottle of 100 (NDC 0093-3127-01)"", ""availability"": ""Available"", ""on_allocation"": false}, {""presentation"": ""150 mg capsules, bottle of 100 (NDC 0093-3129-01)"", ""availability"": ""Available"", ""on_allocation"": false}]",,2,True,False,False,False,False
338,Disopyramide Phosphate (Norpace) Capsules,disopyramide phosphate (norpace) capsules,AMPH,US,SPY,2021-04-11,2021-03-29,20210329194917,2021-04-11,2021-04-11T23:59:59.999999999+00:00,placebo,,[],FDA-page nonlisted generic-maker control; manufacture absence unverified,2,True,False,False,False,False
338,Disopyramide Phosphate (Norpace) Capsules,disopyramide phosphate (norpace) capsules,AMRX,US,SPY,2021-04-11,2021-03-29,20210329194917,2021-04-11,2021-04-11T23:59:59.999999999+00:00,placebo,,[],FDA-page nonlisted generic-maker control; manufacture absence unverified,2,True,False,False,False,False
338,Disopyramide Phosphate (Norpace) Capsules,disopyramide phosphate (norpace) capsules,BAX,US,SPY,2021-04-11,2021-03-29,20210329194917,2021-04-11,2021-04-11T23:59:59.999999999+00:00,placebo,,[],FDA-page nonlisted generic-maker control; manufacture absence unverified,2,True,False,False,False,False
338,Disopyramide Phosphate (Norpace) Capsules,disopyramide phosphate (norpace) capsules,ICUI,US,SPY,2021-04-11,2021-03-29,20210329194917,2021-04-11,2021-04-11T23:59:59.999999999+00:00,placebo,,[],FDA-page nonlisted generic-maker control; manufacture absence unverified,2,True,False,False,False,False
338,Disopyramide Phosphate (Norpace) Capsules,disopyramide phosphate (norpace) capsules,RDY,US,SPY,2021-04-11,2021-03-29,20210329194917,2021-04-11,2021-04-11T23:59:59.999999999+00:00,placebo,,[],FDA-page nonlisted generic-maker control; manufacture absence unverified,2,True,False,False,False,False
338,Disopyramide Phosphate (Norpace) Capsules,disopyramide phosphate (norpace) capsules,VTRS,US,SPY,2021-04-11,2021-03-29,20210329194917,2021-04-11,2021-04-11T23:59:59.999999999+00:00,placebo,,[],FDA-page nonlisted generic-maker control; manufacture absence unverified,2,True,False,False,False,False
342,Chloroprocaine Hydrochloride Injection,chloroprocaine hydrochloride injection,FRE.DE,DE,EXS1.DE,2021-05-21,2021-06-17,20210617081755,2021-06-17,2021-06-17T08:17:55+00:00,winner,"Fresenius Kabi USA, LLC","[{""presentation"": ""Nescacaine 1% (300 mg per 30 mL) (10 mg per mL); MDV; (NDC 63323-475-37)"", ""availability"": ""Available"", ""on_allocation"": false}, {""presentation"": ""Nescacaine 2% (600 mg per 30 mL) (20 mg per mL); MDV; (NDC 63323-476-37)"", ""availability"": ""Available"", ""on_allocation"": false}, {""presentation"": ""Nesacaine 2% (400 mg per 20 mL) (20 mg per mL); SDV; (NDC 63323-477-27)"", ""availability"": ""Backordered. Next release June 2021."", ""on_allocation"": false}, {""presentation"": ""Nesacaine 3% (600 mg per 20 mL) (30 mg per mL); SDV; (NDC 63323-478-27)"", ""availability"": ""Backordered. Next release July 2021."", ""on_allocation"": false}]",,2,False,False,False,False,False
342,Chloroprocaine Hydrochloride Injection,chloroprocaine hydrochloride injection,HIK.L,UK,ISF.L,2021-05-21,2021-06-17,20210617081755,2021-06-17,2021-06-17T08:17:55+00:00,winner,"Hikma Pharmaceuticals USA, Inc. (formerly West-Ward)","[{""presentation"": ""2% (20 mg/mL), 20 mL vial (NDC 0143-9209-10)"", ""availability"": ""Inventory is currently available."", ""on_allocation"": false}, {""presentation"": ""3% (30 mg/mL), 20 mL vial (NDC 0143-9210-10)"", ""availability"": ""This presentation is temporarily on backorder."", ""on_allocation"": false}]",,2,False,False,False,False,False
347,Mepivacaine Hydrochloride Injection,mepivacaine hydrochloride injection,FRE.DE,DE,EXS1.DE,2021-07-14,2021-08-17,20210817224132,2021-08-17,2021-08-17T22:41:32+00:00,winner,"Fresenius Kabi USA, LLC","[{""presentation"": ""(Polocaine) 1% (500 mg per 50 mL), (10 mg per mL), MDV, (NDC 63323-0283-57)"", ""availability"": ""7 month dating available (2/28/2022 expiry) by request for direct or drop ship orders."", ""on_allocation"": false}, {""presentation"": ""(Polocaine) 2% (1,000 mg per 50 mL), (20 mg per mL), MDV, (NDC 63323-0296-57)"", ""availability"": ""Available"", ""on_allocation"": false}, {""presentation"": ""(Polocaine MPF) 1% (300 mg per 30 mL), (10 mg per mL), SDV, (NDC 63323-0260-37)"", ""availability"": ""Available"", ""on_allocation"": false}, {""presentation"": ""(Polocaine MPF) 1.5% (450 mg per 30 mL), (15 mg per mL), SDV, (NDC 63323-0293-37)"", ""availability"": ""Backordered. Next release September 2021."", ""on_allocation"": false}, {""presentation"": ""(Polocaine MPF) 2% (400 mg per 20 mL), (20 mg per mL), SDV, (NDC 63323-0294-27)"", ""availability"": ""Backordered. Next release September 2021."", ""on_allocation"": false}]",,2,False,False,False,False,False
347,Mepivacaine Hydrochloride Injection,mepivacaine hydrochloride injection,PFE,US,SPY,2021-07-14,2021-08-17,20210817224132,2021-08-17,2021-08-17T22:41:32+00:00,winner,"Hospira, Inc.","[{""presentation"": ""300 mg/30 mL (10 mg/mL) Single Dose Glass Fliptop Vial (NDC 0409-1036-30)"", ""availability"": ""Next Delivery and estimated recovery: May 2022"", ""on_allocation"": false}, {""presentation"": ""400 mg/20 mL (20 mg/mL) Single Dose Glass Fliptop Vial (NDC 0409-1067-20)"", ""availability"": ""Next Delivery and estimated recovery: April 2022"", ""on_allocation"": false}, {""presentation"": ""450 mg/30 mL (15 mg/mL) Single Dose Glass Fliptop Vial (NDC 0409-1041-30)"", ""availability"": ""Next Delivery and estimated recovery: June 2022"", ""on_allocation"": false}, {""presentation"": ""500 mg/50 mL (10 mg/mL) Multiple Dose Glass Fliptop Vial (NDC 0409-1038-50)"", ""availability"": ""Available"", ""on_allocation"": false}]",,2,False,False,False,False,False
347,Mepivacaine Hydrochloride Injection,mepivacaine hydrochloride injection,AMPH,US,SPY,2021-07-14,2021-08-17,20210817224132,2021-08-17,2021-08-17T22:41:32+00:00,placebo,,[],FDA-page nonlisted generic-maker control; manufacture absence unverified,2,False,False,False,False,False
347,Mepivacaine Hydrochloride Injection,mepivacaine hydrochloride injection,AMRX,US,SPY,2021-07-14,2021-08-17,20210817224132,2021-08-17,2021-08-17T22:41:32+00:00,placebo,,[],FDA-page nonlisted generic-maker control; manufacture absence unverified,2,False,False,False,False,False
347,Mepivacaine Hydrochloride Injection,mepivacaine hydrochloride injection,BAX,US,SPY,2021-07-14,2021-08-17,20210817224132,2021-08-17,2021-08-17T22:41:32+00:00,placebo,,[],FDA-page nonlisted generic-maker control; manufacture absence unverified,2,False,False,False,False,False
347,Mepivacaine Hydrochloride Injection,mepivacaine hydrochloride injection,ICUI,US,SPY,2021-07-14,2021-08-17,20210817224132,2021-08-17,2021-08-17T22:41:32+00:00,placebo,,[],FDA-page nonlisted generic-maker control; manufacture absence unverified,2,False,False,False,False,False
347,Mepivacaine Hydrochloride Injection,mepivacaine hydrochloride injection,RDY,US,SPY,2021-07-14,2021-08-17,20210817224132,2021-08-17,2021-08-17T22:41:32+00:00,placebo,,[],FDA-page nonlisted generic-maker control; manufacture absence unverified,2,False,False,False,False,False
347,Mepivacaine Hydrochloride Injection,mepivacaine hydrochloride injection,TEVA,US,SPY,2021-07-14,2021-08-17,20210817224132,2021-08-17,2021-08-17T22:41:32+00:00,placebo,,[],FDA-page nonlisted generic-maker control; manufacture absence unverified,2,False,False,False,False,False
347,Mepivacaine Hydrochloride Injection,mepivacaine hydrochloride injection,VTRS,US,SPY,2021-07-14,2021-08-17,20210817224132,2021-08-17,2021-08-17T22:41:32+00:00,placebo,,[],FDA-page nonlisted generic-maker control; manufacture absence unverified,2,False,False,False,False,False
348,Gentamicin Sulfate Injection,gentamicin sulfate injection,FRE.DE,DE,EXS1.DE,2021-07-24,2021-08-17,20210817224348,2021-08-17,2021-08-17T22:43:48+00:00,winner,"Fresenius Kabi USA, LLC","[{""presentation"": ""80 mg per 2 mL (40 mg per mL), MDV, (NDC 63323-010-02)"", ""availability"": ""Backordered. Next release September 2021."", ""on_allocation"": false}, {""presentation"": ""800 mg per 20 mL (40 mg per mL), MDV, (NDC 63323-010-20)"", ""availability"": ""Available"", ""on_allocation"": false}, {""presentation"": ""20 mg per 2 mL (10 mg per mL), Pediatric SDV, (NDC 63323-173-02)"", ""availability"": ""Backordered. Next release September 2021."", ""on_allocation"": false}]",,2,False,False,False,False,False
348,Gentamicin Sulfate Injection,gentamicin sulfate injection,PFE,US,SPY,2021-07-24,2021-08-17,20210817224348,2021-08-17,2021-08-17T22:43:48+00:00,winner,"Hospira, Inc.","[{""presentation"": ""80 mg/2 mL (40 mg/mL); 2 mL Single Dose Glass Fliptop Vial (NDC 00409-1207-03)"", ""availability"": ""Next Delivery and Estimated Recovery: October 2021"", ""on_allocation"": false}, {""presentation"": ""80 mg/2 mL (40 mg/mL) Single Dose Glass Fliptop Vial NovaPlus (NDC 00409-1207-25)"", ""availability"": ""Available"", ""on_allocation"": false}]",,2,False,False,False,False,False
348,Gentamicin Sulfate Injection,gentamicin sulfate injection,AMPH,US,SPY,2021-07-24,2021-08-17,20210817224348,2021-08-17,2021-08-17T22:43:48+00:00,placebo,,[],FDA-page nonlisted generic-maker control; manufacture absence unverified,2,False,False,False,False,False
348,Gentamicin Sulfate Injection,gentamicin sulfate injection,AMRX,US,SPY,2021-07-24,2021-08-17,20210817224348,2021-08-17,2021-08-17T22:43:48+00:00,placebo,,[],FDA-page nonlisted generic-maker control; manufacture absence unverified,2,False,False,False,False,False
348,Gentamicin Sulfate Injection,gentamicin sulfate injection,BAX,US,SPY,2021-07-24,2021-08-17,20210817224348,2021-08-17,2021-08-17T22:43:48+00:00,placebo,,[],FDA-page nonlisted generic-maker control; manufacture absence unverified,2,False,False,False,False,False
348,Gentamicin Sulfate Injection,gentamicin sulfate injection,ICUI,US,SPY,2021-07-24,2021-08-17,20210817224348,2021-08-17,2021-08-17T22:43:48+00:00,placebo,,[],FDA-page nonlisted generic-maker control; manufacture absence unverified,2,False,False,False,False,False
348,Gentamicin Sulfate Injection,gentamicin sulfate injection,RDY,US,SPY,2021-07-24,2021-08-17,20210817224348,2021-08-17,2021-08-17T22:43:48+00:00,placebo,,[],FDA-page nonlisted generic-maker control; manufacture absence unverified,2,False,False,False,False,False
348,Gentamicin Sulfate Injection,gentamicin sulfate injection,TEVA,US,SPY,2021-07-24,2021-08-17,20210817224348,2021-08-17,2021-08-17T22:43:48+00:00,placebo,,[],FDA-page nonlisted generic-maker control; manufacture absence unverified,2,False,False,False,False,False
348,Gentamicin Sulfate Injection,gentamicin sulfate injection,VTRS,US,SPY,2021-07-24,2021-08-17,20210817224348,2021-08-17,2021-08-17T22:43:48+00:00,placebo,,[],FDA-page nonlisted generic-maker control; manufacture absence unverified,2,False,False,False,False,False
352,Mannitol Injection,mannitol injection,BAX,US,SPY,2021-09-27,2021-10-08,20211008224434,2021-10-08,2021-10-08T22:44:34+00:00,winner,Baxter Healthcare,"[{""presentation"": ""10% OSMITROL Injection (10% Mannitol Injection, USP) 500 mL Viaflex Plastic Container Product Code 2D5613Q (NDC 0338-0535-03)"", ""availability"": ""Available"", ""on_allocation"": false}, {""presentation"": ""20% OSMITROL Injection (20% Mannitol Injection, USP) 500 mL Viaflex Plastic Container Product Code 2D5633Q (NDC 0338-0357-03); 250 mL Viaflex Plastic Container Product Code 2D5632Q (NDC 0338-0357-02)"", ""availability"": ""Available"", ""on_allocation"": false}]",,2,False,False,False,False,False
352,Mannitol Injection,mannitol injection,FRE.DE,DE,EXS1.DE,2021-09-27,2021-10-08,20211008224434,2021-10-08,2021-10-08T22:44:34+00:00,disrupted,"Fresenius Kabi USA, LLC","[{""presentation"": ""25% (12.5 grams per 50 mL)(250 mg per mL) Single dose vial (NDC 63323-024-25)"", ""availability"": ""Backordered. Next release November 2021."", ""on_allocation"": false}]",,2,False,False,False,False,False
352,Mannitol Injection,mannitol injection,ICUI,US,SPY,2021-09-27,2021-10-08,20211008224434,2021-10-08,2021-10-08T22:44:34+00:00,winner,"ICU Medical, Inc.","[{""presentation"": ""20% Mannitol Injection, USP 500 mL (Legacy Hospira NDC 0409-7715-03)(ICU Medical NDC 0990-7715-03)"", ""availability"": ""Available"", ""on_allocation"": false}, {""presentation"": ""20% Mannitol Injection, USP 250 mL (Legacy Hospira NDC 0409-7715-02)(ICU Medical NDC 0990-7715-02)"", ""availability"": ""Available"", ""on_allocation"": false}]",,2,False,False,False,False,False
352,Mannitol Injection,mannitol injection,PFE,US,SPY,2021-09-27,2021-10-08,20211008224434,2021-10-08,2021-10-08T22:44:34+00:00,disrupted,"Hospira, Inc.","[{""presentation"": ""12.5 g/50 mL (25%); Single Dose Glass Fliptop Vial (NDC 0409-4031-01)"", ""availability"": ""Next Delivery: October 2021; Estimated Recovery: January 2022"", ""on_allocation"": false}]",,2,False,False,False,False,False
352,Mannitol Injection,mannitol injection,AMPH,US,SPY,2021-09-27,2021-10-08,20211008224434,2021-10-08,2021-10-08T22:44:34+00:00,placebo,,[],FDA-page nonlisted generic-maker control; manufacture absence unverified,2,False,False,False,False,False
352,Mannitol Injection,mannitol injection,AMRX,US,SPY,2021-09-27,2021-10-08,20211008224434,2021-10-08,2021-10-08T22:44:34+00:00,placebo,,[],FDA-page nonlisted generic-maker control; manufacture absence unverified,2,False,False,False,False,False
352,Mannitol Injection,mannitol injection,RDY,US,SPY,2021-09-27,2021-10-08,20211008224434,2021-10-08,2021-10-08T22:44:34+00:00,placebo,,[],FDA-page nonlisted generic-maker control; manufacture absence unverified,2,False,False,False,False,False
352,Mannitol Injection,mannitol injection,TEVA,US,SPY,2021-09-27,2021-10-08,20211008224434,2021-10-08,2021-10-08T22:44:34+00:00,placebo,,[],FDA-page nonlisted generic-maker control; manufacture absence unverified,2,False,False,False,False,False
352,Mannitol Injection,mannitol injection,VTRS,US,SPY,2021-09-27,2021-10-08,20211008224434,2021-10-08,2021-10-08T22:44:34+00:00,placebo,,[],FDA-page nonlisted generic-maker control; manufacture absence unverified,2,False,False,False,False,False
357,Lipid Injection,lipid injection,BAX,US,SPY,2021-10-27,2021-12-01,20211201184621,2021-12-01,2021-12-01T18:46:21+00:00,winner,Baxter Healthcare,"[{""presentation"": ""Clinolipid 20% (Lipid Injectable Emulsion, USP) 100 mL, Product Code EADB9520, (NDC 0338-954-005)"", ""availability"": ""Available"", ""on_allocation"": false}, {""presentation"": ""Clinolipid 20% (Lipid Injectable Emulsion, USP) 1000 mL, Product Code EADB9524, (NDC 0338-954-008)"", ""availability"": ""Available"", ""on_allocation"": false}, {""presentation"": ""Clinolipid 20% (Lipid Injectable Emulsion, USP) 250 mL, Product Code EADB9521, (NDC 0338-954-006)"", ""availability"": ""Available"", ""on_allocation"": false}, {""presentation"": ""Clinolipid 20% (Lipid Injectable Emulsion, USP) 500 mL, Product Code EADB9523, (NDC 0338-954-007)"", ""availability"": ""Available"", ""on_allocation"": false}, {""presentation"": ""Intralipid 20% IV Fat Emulsion, 100 mL, Product Code 2B6061, (NDC 0338-051-958)"", ""availability"": ""Limited Supply, on Allocation; Recovery Q4"", ""on_allocation"": true}, {""presentation"": ""Intralipid 20% IV Fat Emulsion, 250 mL, Product Code 2B6062, (NDC 0338-051-909)"", ""availability"": ""Limited Supply on Allocation, Recovery Q4"", ""on_allocation"": true}, {""presentation"": ""Intralipid 20% IV Fat Emulsion, 1000 mL, Pharmacy Bulk Package, Product Code 2B6064, (NDC 0338-051-914)"", ""availability"": ""Limited Supply on Allocation"", ""on_allocation"": true}, {""presentation"": ""Intralipid 20% IV Fat Emulsion, 500 mL, Product Code 2B6063, (NDC 0338-051-913)"", ""availability"": ""Limited Supply on Allocation"", ""on_allocation"": true}, {""presentation"": ""Intralipid 30% IV Fat Emulsion, 500 mL, Pharmacy Bulk Package, Product Code 2B6065, (NDC 0338-052-013)"", ""availability"": ""Limited Supply on Allocation"", ""on_allocation"": true}]",,1,False,False,False,False,False
357,Lipid Injection,lipid injection,FRE.DE,DE,EXS1.DE,2021-10-27,2021-12-01,20211201184621,2021-12-01,2021-12-01T18:46:21+00:00,disrupted,"Fresenius Kabi USA, LLC","[{""presentation"": ""Smoflipid injectable emulsion, USP, 20% (0.2 grams per mL) (20 grams per 100 mL) (NDC 63323--820-00)"", ""availability"": ""Backordered. Next release December 2021."", ""on_allocation"": false}, {""presentation"": ""Smoflipid injectable emulsion, USP, 20% (0.2 grams per mL) (50 grams per 250 mL) (NDC 63323--820-74)"", ""availability"": ""Backordered. Next release December 2021."", ""on_allocation"": false}, {""presentation"": ""Smoflipid injectable emulsion, USP, 20% (0.2 grams per mL) (100 grams per 500 mL) (NDC 63323-820-50)"", ""availability"": ""Backordered. Next release December 2021."", ""on_allocation"": false}, {""presentation"": ""Smoflipid injectable emulsion, USP, 20%, PBP (0.2 grams per mL) (200 grams per 1000 mL) (NDC 63323-820-10)"", ""availability"": ""Backordered. Next release December 2021."", ""on_allocation"": false}]",,1,False,False,False,False,False
357,Lipid Injection,lipid injection,AMPH,US,SPY,2021-10-27,2021-12-01,20211201184621,2021-12-01,2021-12-01T18:46:21+00:00,placebo,,[],FDA-page nonlisted generic-maker control; manufacture absence unverified,1,False,False,False,False,False
357,Lipid Injection,lipid injection,AMRX,US,SPY,2021-10-27,2021-12-01,20211201184621,2021-12-01,2021-12-01T18:46:21+00:00,placebo,,[],FDA-page nonlisted generic-maker control; manufacture absence unverified,1,False,False,False,False,False
357,Lipid Injection,lipid injection,ICUI,US,SPY,2021-10-27,2021-12-01,20211201184621,2021-12-01,2021-12-01T18:46:21+00:00,placebo,,[],FDA-page nonlisted generic-maker control; manufacture absence unverified,1,False,False,False,False,False
357,Lipid Injection,lipid injection,RDY,US,SPY,2021-10-27,2021-12-01,20211201184621,2021-12-01,2021-12-01T18:46:21+00:00,placebo,,[],FDA-page nonlisted generic-maker control; manufacture absence unverified,1,False,False,False,False,False
357,Lipid Injection,lipid injection,TEVA,US,SPY,2021-10-27,2021-12-01,20211201184621,2021-12-01,2021-12-01T18:46:21+00:00,placebo,,[],FDA-page nonlisted generic-maker control; manufacture absence unverified,1,False,False,False,False,False
357,Lipid Injection,lipid injection,VTRS,US,SPY,2021-10-27,2021-12-01,20211201184621,2021-12-01,2021-12-01T18:46:21+00:00,placebo,,[],FDA-page nonlisted generic-maker control; manufacture absence unverified,1,False,False,False,False,False
378,Ibutilide Fumarate Injection,ibutilide fumarate injection,PFE,US,SPY,2022-05-07,2022-05-23,20220523113438,2022-05-23,2022-05-23T11:34:38+00:00,winner,Pfizer Pharmaceuticals,"[{""presentation"": ""1 mg/10 mL (0.1 mg/mL), single dose vial (NDC 0009-3794-01)"", ""availability"": ""Available"", ""on_allocation"": false}, {""presentation"": ""1 mg/10 mL (0.1 mg/mL), single dose vial (NDC 0009-3794-22), Novaplus"", ""availability"": ""Next Delivery and Estimated Recovery: May 2022"", ""on_allocation"": false}]",,1,False,False,False,False,False
378,Ibutilide Fumarate Injection,ibutilide fumarate injection,VTRS,US,SPY,2022-05-07,2022-05-23,20220523113438,2022-05-23,2022-05-23T11:34:38+00:00,disrupted,"Mylan Institutional, a Viatris company","[{""presentation"": ""1 mg/10 mL (0.1 mg/mL), single dose vial (NDC 67457-366-10)"", ""availability"": ""Resupply June/July 2022"", ""on_allocation"": false}]",,1,False,False,False,False,False
378,Ibutilide Fumarate Injection,ibutilide fumarate injection,AMPH,US,SPY,2022-05-07,2022-05-23,20220523113438,2022-05-23,2022-05-23T11:34:38+00:00,placebo,,[],FDA-page nonlisted generic-maker control; manufacture absence unverified,1,False,False,False,False,False
378,Ibutilide Fumarate Injection,ibutilide fumarate injection,AMRX,US,SPY,2022-05-07,2022-05-23,20220523113438,2022-05-23,2022-05-23T11:34:38+00:00,placebo,,[],FDA-page nonlisted generic-maker control; manufacture absence unverified,1,False,False,False,False,False
378,Ibutilide Fumarate Injection,ibutilide fumarate injection,BAX,US,SPY,2022-05-07,2022-05-23,20220523113438,2022-05-23,2022-05-23T11:34:38+00:00,placebo,,[],FDA-page nonlisted generic-maker control; manufacture absence unverified,1,False,False,False,False,False
378,Ibutilide Fumarate Injection,ibutilide fumarate injection,ICUI,US,SPY,2022-05-07,2022-05-23,20220523113438,2022-05-23,2022-05-23T11:34:38+00:00,placebo,,[],FDA-page nonlisted generic-maker control; manufacture absence unverified,1,False,False,False,False,False
378,Ibutilide Fumarate Injection,ibutilide fumarate injection,RDY,US,SPY,2022-05-07,2022-05-23,20220523113438,2022-05-23,2022-05-23T11:34:38+00:00,placebo,,[],FDA-page nonlisted generic-maker control; manufacture absence unverified,1,False,False,False,False,False
378,Ibutilide Fumarate Injection,ibutilide fumarate injection,TEVA,US,SPY,2022-05-07,2022-05-23,20220523113438,2022-05-23,2022-05-23T11:34:38+00:00,placebo,,[],FDA-page nonlisted generic-maker control; manufacture absence unverified,1,False,False,False,False,False
385,Remifentanil Injection,remifentanil injection,FRE.DE,DE,EXS1.DE,2022-07-01,2022-08-12,20220812192222,2022-08-12,2022-08-12T19:22:22+00:00,disrupted,Fresenius Kabi USA,"[{""presentation"": ""1 mg per vial, SDV (NDC 63323-723-03)"", ""availability"": ""Backordered. Next release August 2022."", ""on_allocation"": false}, {""presentation"": ""2 mg per vial, SDV (NDC 63323-724-05)"", ""availability"": ""Backordered. Next release not available at this time."", ""on_allocation"": false}, {""presentation"": ""5 mg per vial, SDV (NDC 63323-725-10)"", ""availability"": ""Backordered. Next release August 2022."", ""on_allocation"": false}]",,2,False,False,False,False,False
385,Remifentanil Injection,remifentanil injection,HIK.L,UK,ISF.L,2022-07-01,2022-08-12,20220812192222,2022-08-12,2022-08-12T19:22:22+00:00,winner,Hikma Pharmaceuticals,"[{""presentation"": ""1 mg/vial (NDC 0143-9391-10)"", ""availability"": ""Currently available"", ""on_allocation"": false}, {""presentation"": ""2 mg/Vial (NDC 0143-9392-10)"", ""availability"": ""This presentation is on backorder."", ""on_allocation"": false}, {""presentation"": ""5 mg/mL (NDC 0143-9393-10)"", ""availability"": ""Currently available"", ""on_allocation"": false}]",,2,False,False,False,False,False
385,Remifentanil Injection,remifentanil injection,VTRS,US,SPY,2022-07-01,2022-08-12,20220812192222,2022-08-12,2022-08-12T19:22:22+00:00,winner,"Mylan, a Viatris Company","[{""presentation"": ""1 mg (NDC 67457-198-03)"", ""availability"": ""Resupply in August 2022"", ""on_allocation"": false}, {""presentation"": ""2 mg (NDC 67457-198-05)"", ""availability"": ""Available"", ""on_allocation"": false}, {""presentation"": ""5 mg (NDC 67457-198-10)"", ""availability"": ""Available"", ""on_allocation"": false}]",,2,False,False,False,False,False
385,Remifentanil Injection,remifentanil injection,AMPH,US,SPY,2022-07-01,2022-08-12,20220812192222,2022-08-12,2022-08-12T19:22:22+00:00,placebo,,[],FDA-page nonlisted generic-maker control; manufacture absence unverified,2,False,False,False,False,False
385,Remifentanil Injection,remifentanil injection,AMRX,US,SPY,2022-07-01,2022-08-12,20220812192222,2022-08-12,2022-08-12T19:22:22+00:00,placebo,,[],FDA-page nonlisted generic-maker control; manufacture absence unverified,2,False,False,False,False,False
385,Remifentanil Injection,remifentanil injection,BAX,US,SPY,2022-07-01,2022-08-12,20220812192222,2022-08-12,2022-08-12T19:22:22+00:00,placebo,,[],FDA-page nonlisted generic-maker control; manufacture absence unverified,2,False,False,False,False,False
385,Remifentanil Injection,remifentanil injection,ICUI,US,SPY,2022-07-01,2022-08-12,20220812192222,2022-08-12,2022-08-12T19:22:22+00:00,placebo,,[],FDA-page nonlisted generic-maker control; manufacture absence unverified,2,False,False,False,False,False
385,Remifentanil Injection,remifentanil injection,RDY,US,SPY,2022-07-01,2022-08-12,20220812192222,2022-08-12,2022-08-12T19:22:22+00:00,placebo,,[],FDA-page nonlisted generic-maker control; manufacture absence unverified,2,False,False,False,False,False
385,Remifentanil Injection,remifentanil injection,TEVA,US,SPY,2022-07-01,2022-08-12,20220812192222,2022-08-12,2022-08-12T19:22:22+00:00,placebo,,[],FDA-page nonlisted generic-maker control; manufacture absence unverified,2,False,False,False,False,False
392,IV Fat Emulsion,iv fat emulsion,BAX,US,SPY,2022-09-15,2022-11-10,20221110163713,2022-11-10,2022-11-10T16:37:13+00:00,winner,Baxter Healthcare,"[{""presentation"": ""Clinolipid 20% (Lipid Injectable Emulsion, USP) 100 mL, Product Code EADB9520, (NDC 0338-954-005)"", ""availability"": ""Available"", ""on_allocation"": false}, {""presentation"": ""Clinolipid 20% (Lipid Injectable Emulsion, USP) 1000 mL, Product Code EADB9524, (NDC 0338-954-008)"", ""availability"": ""Available"", ""on_allocation"": false}, {""presentation"": ""Clinolipid 20% (Lipid Injectable Emulsion, USP) 250 mL, Product Code EADB9521, (NDC 0338-954-006)"", ""availability"": ""Available"", ""on_allocation"": false}, {""presentation"": ""Clinolipid 20% (Lipid Injectable Emulsion, USP) 500 mL, Product Code EADB9523, (NDC 0338-954-007)"", ""availability"": ""Available"", ""on_allocation"": false}, {""presentation"": ""Intralipid 20% IV Fat Emulsion, 100 mL, Product Code 2B6061, (NDC 0338-051-958)"", ""availability"": ""Available on allocation"", ""on_allocation"": true}, {""presentation"": ""Intralipid 20% IV Fat Emulsion, 250 mL, Product Code 2B6062, (NDC 0338-051-909)"", ""availability"": ""Available on allocation"", ""on_allocation"": true}, {""presentation"": ""Intralipid 20% IV Fat Emulsion, 1000 mL, Pharmacy Bulk Package, Product Code 2B6064, (NDC 0338-051-914)"", ""availability"": ""Limited Supply; Recovery December 2022"", ""on_allocation"": false}, {""presentation"": ""Intralipid 20% IV Fat Emulsion, 500 mL, Product Code 2B6063, (NDC 0338-051-913)"", ""availability"": ""Available on allocation"", ""on_allocation"": true}, {""presentation"": ""Intralipid 30% IV Fat Emulsion, 500 mL, Pharmacy Bulk Package, Product Code 2B6065, (NDC 0338-052-013)"", ""availability"": ""Available on allocation, Recovery December 2022"", ""on_allocation"": true}]",,2,False,False,False,False,False
392,IV Fat Emulsion,iv fat emulsion,FRE.DE,DE,EXS1.DE,2022-09-15,2022-11-10,20221110163713,2022-11-10,2022-11-10T16:37:13+00:00,winner,"Fresenius Kabi USA, LLC","[{""presentation"": ""Smoflipid injectable emulsion, USP, 20% (0.2 grams per mL) (20 grams per 100 mL) (NDC 63323--820-00)"", ""availability"": ""Available"", ""on_allocation"": false}, {""presentation"": ""Smoflipid injectable emulsion, USP, 20% (0.2 grams per mL) (50 grams per 250 mL) (NDC 63323--820-74)"", ""availability"": ""Available"", ""on_allocation"": false}, {""presentation"": ""Smoflipid injectable emulsion, USP, 20% (0.2 grams per mL) (100 grams per 500 mL) (NDC 63323-820-50)"", ""availability"": ""Available"", ""on_allocation"": false}, {""presentation"": ""Smoflipid injectable emulsion, USP, 20%, PBP (0.2 grams per mL) (200 grams per 1000 mL) (NDC 63323-820-10)"", ""availability"": ""Available"", ""on_allocation"": false}]",,2,False,False,False,False,False
392,IV Fat Emulsion,iv fat emulsion,AMPH,US,SPY,2022-09-15,2022-11-10,20221110163713,2022-11-10,2022-11-10T16:37:13+00:00,placebo,,[],FDA-page nonlisted generic-maker control; manufacture absence unverified,2,False,False,False,False,False
392,IV Fat Emulsion,iv fat emulsion,AMRX,US,SPY,2022-09-15,2022-11-10,20221110163713,2022-11-10,2022-11-10T16:37:13+00:00,placebo,,[],FDA-page nonlisted generic-maker control; manufacture absence unverified,2,False,False,False,False,False
392,IV Fat Emulsion,iv fat emulsion,ICUI,US,SPY,2022-09-15,2022-11-10,20221110163713,2022-11-10,2022-11-10T16:37:13+00:00,placebo,,[],FDA-page nonlisted generic-maker control; manufacture absence unverified,2,False,False,False,False,False
392,IV Fat Emulsion,iv fat emulsion,RDY,US,SPY,2022-09-15,2022-11-10,20221110163713,2022-11-10,2022-11-10T16:37:13+00:00,placebo,,[],FDA-page nonlisted generic-maker control; manufacture absence unverified,2,False,False,False,False,False
392,IV Fat Emulsion,iv fat emulsion,TEVA,US,SPY,2022-09-15,2022-11-10,20221110163713,2022-11-10,2022-11-10T16:37:13+00:00,placebo,,[],FDA-page nonlisted generic-maker control; manufacture absence unverified,2,False,False,False,False,False
392,IV Fat Emulsion,iv fat emulsion,VTRS,US,SPY,2022-09-15,2022-11-10,20221110163713,2022-11-10,2022-11-10T16:37:13+00:00,placebo,,[],FDA-page nonlisted generic-maker control; manufacture absence unverified,2,False,False,False,False,False
395,Etomidate Injection,etomidate injection,AUROPHARMA.NS,IN,NIFTYBEES.NS,2022-10-07,2022-11-10,20221110163713,2022-11-10,2022-11-10T16:37:13+00:00,disrupted,"Eugia US, LLC (formerly AuroMedics Pharma LLC) [mfd. by Eugia Pharma Specialties, Ltd.)","[{""presentation"": ""2 mg/mL, 10 mL vial (NDC 55150-221-10)"", ""availability"": ""Currently on backorder"", ""on_allocation"": false}, {""presentation"": ""2 mg/mL, 20 mL vial (NDC 55150-222-20)"", ""availability"": ""Currently on backorder"", ""on_allocation"": false}]",,1,False,False,False,False,False
395,Etomidate Injection,etomidate injection,CAPLIPOINT.NS,IN,NIFTYBEES.NS,2022-10-07,2022-11-10,20221110163713,2022-11-10,2022-11-10T16:37:13+00:00,winner,"Caplin Steriles, Ltd.","[{""presentation"": ""2 mg/mL, 10 mL vial (NDC 65219-445-10)"", ""availability"": ""Available"", ""on_allocation"": false}, {""presentation"": ""2 mg/mL, 20 mL vial (NDC 65219-447-20)"", ""availability"": ""Available"", ""on_allocation"": false}, {""presentation"": ""2 mg/mL, 10 mL vial (NDC 25021-674-10)"", ""availability"": ""Available"", ""on_allocation"": false}, {""presentation"": ""2 mg/mL, 20 mL vial (NDC 25021-674-20)"", ""availability"": ""Available"", ""on_allocation"": false}]",,1,False,False,False,False,False
395,Etomidate Injection,etomidate injection,GLAND.NS,IN,NIFTYBEES.NS,2022-10-07,2022-11-10,20221110163713,2022-11-10,2022-11-10T16:37:13+00:00,nonwinner,Gland Pharma Limited,"[{""presentation"": ""2 mg/mL, 10 mL vial (NDC 72266-146-10)"", ""availability"": ""Pending information"", ""on_allocation"": false}, {""presentation"": ""2 mg/mL, 20 mL vial (NDC 72266-147-10)"", ""availability"": ""Pending information"", ""on_allocation"": false}]",,1,False,False,False,False,False
395,Etomidate Injection,etomidate injection,HIK.L,UK,ISF.L,2022-10-07,2022-11-10,20221110163713,2022-11-10,2022-11-10T16:37:13+00:00,disrupted,"Hikma Pharmaceuticals, LLC (formerly West-Ward)","[{""presentation"": ""2 mg/mL, 10 mL vial (NDC 0143-9506-10)"", ""availability"": ""Currently on backorder"", ""on_allocation"": false}, {""presentation"": ""2 mg/mL, 20 mL vial (NDC 0143-9507-10)"", ""availability"": ""Currently on backorder"", ""on_allocation"": false}, {""presentation"": ""2 mg/mL, 10 mL vial (NDC 0143-9310-10), Novaplus"", ""availability"": ""Pending information"", ""on_allocation"": false}, {""presentation"": ""2 mg/mL, 20 mL vial (NDC 0143-9311-10), Novaplus"", ""availability"": ""Pending information"", ""on_allocation"": false}, {""presentation"": ""2 mg/mL, 10 mL vial (NDC 72572-160-10)"", ""availability"": ""Pending information"", ""on_allocation"": false}, {""presentation"": ""2 mg/mL, 20 mL vial (NDC 72572-161-10)"", ""availability"": ""Pending information"", ""on_allocation"": false}]",,1,False,False,False,False,False
395,Etomidate Injection,etomidate injection,PFE,US,SPY,2022-10-07,2022-11-10,20221110163713,2022-11-10,2022-11-10T16:37:13+00:00,disrupted,"Hospira, Inc., a Pfizer Company","[{""presentation"": ""Amidate, 2 mg/mL, 10 mL vial (NDC 0409-6695-01)"", ""availability"": ""Next delivery: March 2023; Estimated recovery: December 2023"", ""on_allocation"": false}, {""presentation"": ""Amidate, 2 mg/mL, 20 mL vial (NDC 0409-6695-02)"", ""availability"": ""Next delivery: February 2023; Estimated recovery: March 2023"", ""on_allocation"": false}]",,1,False,False,False,False,False
395,Etomidate Injection,etomidate injection,VTRS,US,SPY,2022-10-07,2022-11-10,20221110163713,2022-11-10,2022-11-10T16:37:13+00:00,disrupted,"Mylan Pharmaceuticals Inc., a Viatris Company","[{""presentation"": ""2 mg/mL, 10 mL vial (NDC 67457-902-10)"", ""availability"": ""Q1 2023"", ""on_allocation"": false}, {""presentation"": ""2 mg/mL, 20 mL vial (NDC 67457-903-20)"", ""availability"": ""Q1 2023"", ""on_allocation"": false}]",,1,False,False,False,False,False
395,Etomidate Injection,etomidate injection,APLLTD.NS,IN,NIFTYBEES.NS,2022-10-07,2022-11-10,20221110163713,2022-11-10,2022-11-10T16:37:13+00:00,placebo,,[],FDA-page nonlisted generic-maker control; manufacture absence unverified,1,False,False,False,False,False
395,Etomidate Injection,etomidate injection,CIPLA.NS,IN,NIFTYBEES.NS,2022-10-07,2022-11-10,20221110163713,2022-11-10,2022-11-10T16:37:13+00:00,placebo,,[],FDA-page nonlisted generic-maker control; manufacture absence unverified,1,False,False,False,False,False
395,Etomidate Injection,etomidate injection,GRANULES.NS,IN,NIFTYBEES.NS,2022-10-07,2022-11-10,20221110163713,2022-11-10,2022-11-10T16:37:13+00:00,placebo,,[],FDA-page nonlisted generic-maker control; manufacture absence unverified,1,False,False,False,False,False
395,Etomidate Injection,etomidate injection,LUPIN.NS,IN,NIFTYBEES.NS,2022-10-07,2022-11-10,20221110163713,2022-11-10,2022-11-10T16:37:13+00:00,placebo,,[],FDA-page nonlisted generic-maker control; manufacture absence unverified,1,False,False,False,False,False
395,Etomidate Injection,etomidate injection,PPLPHARMA.NS,IN,NIFTYBEES.NS,2022-10-07,2022-11-10,20221110163713,2022-11-10,2022-11-10T16:37:13+00:00,placebo,,[],FDA-page nonlisted generic-maker control; manufacture absence unverified,1,False,False,False,False,False
395,Etomidate Injection,etomidate injection,STAR.NS,IN,NIFTYBEES.NS,2022-10-07,2022-11-10,20221110163713,2022-11-10,2022-11-10T16:37:13+00:00,placebo,,[],FDA-page nonlisted generic-maker control; manufacture absence unverified,1,False,False,False,False,False
395,Etomidate Injection,etomidate injection,SUNPHARMA.NS,IN,NIFTYBEES.NS,2022-10-07,2022-11-10,20221110163713,2022-11-10,2022-11-10T16:37:13+00:00,placebo,,[],FDA-page nonlisted generic-maker control; manufacture absence unverified,1,False,False,False,False,False
395,Etomidate Injection,etomidate injection,TORNTPHARM.NS,IN,NIFTYBEES.NS,2022-10-07,2022-11-10,20221110163713,2022-11-10,2022-11-10T16:37:13+00:00,placebo,,[],FDA-page nonlisted generic-maker control; manufacture absence unverified,1,False,False,False,False,False
395,Etomidate Injection,etomidate injection,ZYDUSLIFE.NS,IN,NIFTYBEES.NS,2022-10-07,2022-11-10,20221110163713,2022-11-10,2022-11-10T16:37:13+00:00,placebo,,[],FDA-page nonlisted generic-maker control; manufacture absence unverified,1,False,False,False,False,False
408,Difluprednate Ophthalmic Emulsion,difluprednate ophthalmic emulsion,AMRX,US,SPY,2022-12-24,2022-12-28,20221228160404,2022-12-28,2022-12-28T16:04:04+00:00,winner,Amneal,"[{""presentation"": ""Difluprednate Ophthalmic Emulsion, 0.05% (5 mL), single-dose bottle (NDC 69238-1380-3)"", ""availability"": ""Available"", ""on_allocation"": false}]",,1,False,False,False,False,False
408,Difluprednate Ophthalmic Emulsion,difluprednate ophthalmic emulsion,CIPLA.NS,IN,NIFTYBEES.NS,2022-12-24,2022-12-28,20221228160404,2022-12-28,2022-12-28T16:04:04+00:00,disrupted,Cipla Limited,"[{""presentation"": ""5ml bottle (NDC 69097-341-35)"", ""availability"": ""Currently unavailable"", ""on_allocation"": false}]",,1,False,False,False,False,False
408,Difluprednate Ophthalmic Emulsion,difluprednate ophthalmic emulsion,AMPH,US,SPY,2022-12-24,2022-12-28,20221228160404,2022-12-28,2022-12-28T16:04:04+00:00,placebo,,[],FDA-page nonlisted generic-maker control; manufacture absence unverified,1,False,False,False,False,False
408,Difluprednate Ophthalmic Emulsion,difluprednate ophthalmic emulsion,BAX,US,SPY,2022-12-24,2022-12-28,20221228160404,2022-12-28,2022-12-28T16:04:04+00:00,placebo,,[],FDA-page nonlisted generic-maker control; manufacture absence unverified,1,False,False,False,False,False
408,Difluprednate Ophthalmic Emulsion,difluprednate ophthalmic emulsion,ICUI,US,SPY,2022-12-24,2022-12-28,20221228160404,2022-12-28,2022-12-28T16:04:04+00:00,placebo,,[],FDA-page nonlisted generic-maker control; manufacture absence unverified,1,False,False,False,False,False
408,Difluprednate Ophthalmic Emulsion,difluprednate ophthalmic emulsion,RDY,US,SPY,2022-12-24,2022-12-28,20221228160404,2022-12-28,2022-12-28T16:04:04+00:00,placebo,,[],FDA-page nonlisted generic-maker control; manufacture absence unverified,1,False,False,False,False,False
408,Difluprednate Ophthalmic Emulsion,difluprednate ophthalmic emulsion,TEVA,US,SPY,2022-12-24,2022-12-28,20221228160404,2022-12-28,2022-12-28T16:04:04+00:00,placebo,,[],FDA-page nonlisted generic-maker control; manufacture absence unverified,1,False,False,False,False,False
408,Difluprednate Ophthalmic Emulsion,difluprednate ophthalmic emulsion,VTRS,US,SPY,2022-12-24,2022-12-28,20221228160404,2022-12-28,2022-12-28T16:04:04+00:00,placebo,,[],FDA-page nonlisted generic-maker control; manufacture absence unverified,1,False,False,False,False,False
409,Somatropin Injection,somatropin injection,NOVN.SW,CH,CSSMI.SW,2023-01-06,2023-03-12,20230312164718,2023-03-12,2023-03-12T16:47:18+00:00,winner,Sandoz,"[{""presentation"": ""Omnitrope Cartridge (somatropin) Pen 5 mg/1.5 mL (NDC 0781-3001-07)"", ""availability"": ""Available"", ""on_allocation"": false}, {""presentation"": ""Omnitrope Cartridge (somatropin) Pen 10 mg/1.5 mL (NDC 0781-3004-07)"", ""availability"": ""Available"", ""on_allocation"": false}]",,2,False,False,False,False,False
409,Somatropin Injection,somatropin injection,PFE,US,SPY,2023-01-06,2023-03-12,20230312164718,2023-03-12,2023-03-12T16:47:18+00:00,winner,Pfizer Pharmaceuticals,"[{""presentation"": ""5 mg/mL; Two-chamber cartridge with preservative (NDC 0013-2626-81)"", ""availability"": ""Available"", ""on_allocation"": false}, {""presentation"": ""12 mg/mL; Two-chamber cartridge with preservative (NDC 0013-2646-81)"", ""availability"": ""Available"", ""on_allocation"": false}, {""presentation"": ""Miniquick 0.2 mg; Two-chamber cartridge without preservative (NDC 0013-2649-02)"", ""availability"": ""Available"", ""on_allocation"": false}, {""presentation"": ""Miniquick 0.4 mg; Two-chamber cartridge without preservative (NDC 0013-2650-02)"", ""availability"": ""Available"", ""on_allocation"": false}, {""presentation"": ""Miniquick 0.6 mg; Two-chamber cartridge without preservative (NDC 0013-2651-02)"", ""availability"": ""Available"", ""on_allocation"": false}, {""presentation"": ""Miniquick 0.8 mg; Two-chamber cartridge without preservative (NDC 0013-2652-02)"", ""availability"": ""Available"", ""on_allocation"": false}, {""presentation"": ""Miniquick 1.0 mg; Two-chamber cartridge without preservative (NDC 0013-2653-02)"", ""availability"": ""Available"", ""on_allocation"": false}, {""presentation"": ""Miniquick 1.2 mg; Two-chamber cartridge without preservative (NDC 0013-2654-02)"", ""availability"": ""Available"", ""on_allocation"": false}, {""presentation"": ""Miniquick 1.4 mg; Two-chamber cartridge without preservative (NDC 0013-2655-02)"", ""availability"": ""Available"", ""on_allocation"": false}, {""presentation"": ""Miniquick 1.6 mg; Two-chamber cartridge without preservative (NDC 0013-2656-02)"", ""availability"": ""Next Delivery and Estimated Recovery: March 2023"", ""on_allocation"": false}, {""presentation"": ""Miniquick 1.8 mg; Two-chamber cartridge without preservative (NDC 0013-2657-02)"", ""availability"": ""Next Delivery and Estimated Recovery: March 2023"", ""on_allocation"": false}, {""presentation"": ""Miniquick 2.0 mg; Two-chamber cartridge without preservative (NDC 0013-2658-02)"", ""availability"": ""Next Delivery and Estimated Recovery: March 2023"", ""on_allocation"": false}]",,2,False,False,False,False,False
409,Somatropin Injection,somatropin injection,AMPH,US,SPY,2023-01-06,2023-03-12,20230312164718,2023-03-12,2023-03-12T16:47:18+00:00,placebo,,[],FDA-page nonlisted generic-maker control; manufacture absence unverified,2,False,False,False,False,False
409,Somatropin Injection,somatropin injection,AMRX,US,SPY,2023-01-06,2023-03-12,20230312164718,2023-03-12,2023-03-12T16:47:18+00:00,placebo,,[],FDA-page nonlisted generic-maker control; manufacture absence unverified,2,False,False,False,False,False
409,Somatropin Injection,somatropin injection,BAX,US,SPY,2023-01-06,2023-03-12,20230312164718,2023-03-12,2023-03-12T16:47:18+00:00,placebo,,[],FDA-page nonlisted generic-maker control; manufacture absence unverified,2,False,False,False,False,False
409,Somatropin Injection,somatropin injection,ICUI,US,SPY,2023-01-06,2023-03-12,20230312164718,2023-03-12,2023-03-12T16:47:18+00:00,placebo,,[],FDA-page nonlisted generic-maker control; manufacture absence unverified,2,False,False,False,False,False
409,Somatropin Injection,somatropin injection,RDY,US,SPY,2023-01-06,2023-03-12,20230312164718,2023-03-12,2023-03-12T16:47:18+00:00,placebo,,[],FDA-page nonlisted generic-maker control; manufacture absence unverified,2,False,False,False,False,False
409,Somatropin Injection,somatropin injection,TEVA,US,SPY,2023-01-06,2023-03-12,20230312164718,2023-03-12,2023-03-12T16:47:18+00:00,placebo,,[],FDA-page nonlisted generic-maker control; manufacture absence unverified,2,False,False,False,False,False
409,Somatropin Injection,somatropin injection,VTRS,US,SPY,2023-01-06,2023-03-12,20230312164718,2023-03-12,2023-03-12T16:47:18+00:00,placebo,,[],FDA-page nonlisted generic-maker control; manufacture absence unverified,2,False,False,False,False,False
410,Sucralfate Tablets,sucralfate tablets,AMRX,US,SPY,2023-01-06,2023-03-12,20230312164718,2023-03-12,2023-03-12T16:47:18+00:00,disrupted,Amneal Pharmaceuticals LLC,"[{""presentation"": ""1 g - 100 tablets per bottle (NDC 69238-1656-1)"", ""availability"": ""Limited availability; Estimated recovery in Q3 2023"", ""on_allocation"": false}, {""presentation"": ""1 g - 500 tablets per bottle (NDC 69238-1656-5)"", ""availability"": ""Limited availability; Estimated recovery in Q3 2023"", ""on_allocation"": false}]",,1,False,False,False,False,False
410,Sucralfate Tablets,sucralfate tablets,TEVA,US,SPY,2023-01-06,2023-03-12,20230312164718,2023-03-12,2023-03-12T16:47:18+00:00,winner,Teva Pharmaceuticals USA,"[{""presentation"": ""1g - 100 Count Bottle (NDC 0093-2210-01)"", ""availability"": ""Available"", ""on_allocation"": false}, {""presentation"": ""1g - 500 Count Bottle (NDC 0093-2210-05)"", ""availability"": ""Available"", ""on_allocation"": false}, {""presentation"": ""1 g - 90 Count Bottle (NDC 0093-2210-98)"", ""availability"": ""Available"", ""on_allocation"": false}]",,1,False,False,False,False,False
410,Sucralfate Tablets,sucralfate tablets,AMPH,US,SPY,2023-01-06,2023-03-12,20230312164718,2023-03-12,2023-03-12T16:47:18+00:00,placebo,,[],FDA-page nonlisted generic-maker control; manufacture absence unverified,1,False,False,False,False,False
410,Sucralfate Tablets,sucralfate tablets,BAX,US,SPY,2023-01-06,2023-03-12,20230312164718,2023-03-12,2023-03-12T16:47:18+00:00,placebo,,[],FDA-page nonlisted generic-maker control; manufacture absence unverified,1,False,False,False,False,False
410,Sucralfate Tablets,sucralfate tablets,ICUI,US,SPY,2023-01-06,2023-03-12,20230312164718,2023-03-12,2023-03-12T16:47:18+00:00,placebo,,[],FDA-page nonlisted generic-maker control; manufacture absence unverified,1,False,False,False,False,False
410,Sucralfate Tablets,sucralfate tablets,RDY,US,SPY,2023-01-06,2023-03-12,20230312164718,2023-03-12,2023-03-12T16:47:18+00:00,placebo,,[],FDA-page nonlisted generic-maker control; manufacture absence unverified,1,False,False,False,False,False
410,Sucralfate Tablets,sucralfate tablets,VTRS,US,SPY,2023-01-06,2023-03-12,20230312164718,2023-03-12,2023-03-12T16:47:18+00:00,placebo,,[],FDA-page nonlisted generic-maker control; manufacture absence unverified,1,False,False,False,False,False
413,Capecitabine Tablets,capecitabine tablets,TEVA,US,SPY,2023-02-10,2023-02-16,20230216203943,2023-02-16,2023-02-16T20:39:43+00:00,winner,Teva Pharmaceuticals,"[{""presentation"": ""150 mg, 60 count (NDC 0093-7473-08)"", ""availability"": ""Available"", ""on_allocation"": false}, {""presentation"": ""500 mg, 120 count (NDC 0093-7474-89)"", ""availability"": ""Available"", ""on_allocation"": false}]",,1,False,False,False,False,False
413,Capecitabine Tablets,capecitabine tablets,AMPH,US,SPY,2023-02-10,2023-02-16,20230216203943,2023-02-16,2023-02-16T20:39:43+00:00,placebo,,[],FDA-page nonlisted generic-maker control; manufacture absence unverified,1,False,False,False,False,False
413,Capecitabine Tablets,capecitabine tablets,AMRX,US,SPY,2023-02-10,2023-02-16,20230216203943,2023-02-16,2023-02-16T20:39:43+00:00,placebo,,[],FDA-page nonlisted generic-maker control; manufacture absence unverified,1,False,False,False,False,False
413,Capecitabine Tablets,capecitabine tablets,BAX,US,SPY,2023-02-10,2023-02-16,20230216203943,2023-02-16,2023-02-16T20:39:43+00:00,placebo,,[],FDA-page nonlisted generic-maker control; manufacture absence unverified,1,False,False,False,False,False
413,Capecitabine Tablets,capecitabine tablets,ICUI,US,SPY,2023-02-10,2023-02-16,20230216203943,2023-02-16,2023-02-16T20:39:43+00:00,placebo,,[],FDA-page nonlisted generic-maker control; manufacture absence unverified,1,False,False,False,False,False
413,Capecitabine Tablets,capecitabine tablets,RDY,US,SPY,2023-02-10,2023-02-16,20230216203943,2023-02-16,2023-02-16T20:39:43+00:00,placebo,,[],FDA-page nonlisted generic-maker control; manufacture absence unverified,1,False,False,False,False,False
413,Capecitabine Tablets,capecitabine tablets,VTRS,US,SPY,2023-02-10,2023-02-16,20230216203943,2023-02-16,2023-02-16T20:39:43+00:00,placebo,,[],FDA-page nonlisted generic-maker control; manufacture absence unverified,1,False,False,False,False,False
414,Cisplatin Injection,cisplatin injection,FRE.DE,DE,EXS1.DE,2023-02-10,2023-02-16,20230216090302,2023-02-16,2023-02-16T09:03:02+00:00,disrupted,"Fresenius Kabi USA, LLC","[{""presentation"": ""1 mg/mL, 50 mL, multi-dose vial (NDC 63323-103-51)"", ""availability"": ""Backordered. Next release March 2023."", ""on_allocation"": false}, {""presentation"": ""1 mg/mL, 100 mL, multi-dose vial (NDC 63323-103-65)"", ""availability"": ""Backordered. Next release February 2023."", ""on_allocation"": false}, {""presentation"": ""1 mg/mL, 200 mL, multi-dose vial (NDC 63323-103-64)"", ""availability"": ""Backordered. Next release March 2023."", ""on_allocation"": false}]",,2,False,False,False,False,False
414,Cisplatin Injection,cisplatin injection,HIK.L,UK,ISF.L,2023-02-10,2023-02-16,20230216090302,2023-02-16,2023-02-16T09:03:02+00:00,winner,Hikma Pharmaceuticals,"[{""presentation"": ""1 mg/mL, 50 mL, multi-dose vial (NDC 0143-9504-01)"", ""availability"": ""Currently available"", ""on_allocation"": false}, {""presentation"": ""1 mg/mL, 100 mL, multi-dose vial (NDC 0143-9505-01)"", ""availability"": ""Backordered. Next release February/March 2023."", ""on_allocation"": false}]",,2,False,False,False,False,False
414,Cisplatin Injection,cisplatin injection,TEVA,US,SPY,2023-02-10,2023-02-16,20230216090302,2023-02-16,2023-02-16T09:03:02+00:00,winner,Teva Pharmaceuticals,"[{""presentation"": ""1 mg/mL, 50 mL, multi-dose vial (NDC 0703-5747-11)"", ""availability"": ""Available"", ""on_allocation"": false}, {""presentation"": ""1 mg/mL, 100 mL, multi-dose vial (NDC 0703-5748-11)"", ""availability"": ""Additional supply coming at the end of February 2023"", ""on_allocation"": false}]",,2,False,False,False,False,False
414,Cisplatin Injection,cisplatin injection,AMPH,US,SPY,2023-02-10,2023-02-16,20230216090302,2023-02-16,2023-02-16T09:03:02+00:00,placebo,,[],FDA-page nonlisted generic-maker control; manufacture absence unverified,2,False,False,False,False,False
414,Cisplatin Injection,cisplatin injection,AMRX,US,SPY,2023-02-10,2023-02-16,20230216090302,2023-02-16,2023-02-16T09:03:02+00:00,placebo,,[],FDA-page nonlisted generic-maker control; manufacture absence unverified,2,False,False,False,False,False
414,Cisplatin Injection,cisplatin injection,BAX,US,SPY,2023-02-10,2023-02-16,20230216090302,2023-02-16,2023-02-16T09:03:02+00:00,placebo,,[],FDA-page nonlisted generic-maker control; manufacture absence unverified,2,False,False,False,False,False
414,Cisplatin Injection,cisplatin injection,ICUI,US,SPY,2023-02-10,2023-02-16,20230216090302,2023-02-16,2023-02-16T09:03:02+00:00,placebo,,[],FDA-page nonlisted generic-maker control; manufacture absence unverified,2,False,False,False,False,False
414,Cisplatin Injection,cisplatin injection,RDY,US,SPY,2023-02-10,2023-02-16,20230216090302,2023-02-16,2023-02-16T09:03:02+00:00,placebo,,[],FDA-page nonlisted generic-maker control; manufacture absence unverified,2,False,False,False,False,False
414,Cisplatin Injection,cisplatin injection,VTRS,US,SPY,2023-02-10,2023-02-16,20230216090302,2023-02-16,2023-02-16T09:03:02+00:00,placebo,,[],FDA-page nonlisted generic-maker control; manufacture absence unverified,2,False,False,False,False,False
425,Carboplatin Injection,carboplatin injection,FRE.DE,DE,EXS1.DE,2023-04-30,2023-05-14,20230514151132,2023-05-14,2023-05-14T15:11:32+00:00,disrupted,"Fresenius Kabi USA, LLC","[{""presentation"": ""600 mg per 60 mL (10 mg per mL), multiple dose vial, (NDC 63323-172-60)"", ""availability"": ""Backordered. Next release May 2023."", ""on_allocation"": false}]",,1,False,False,False,False,False
425,Carboplatin Injection,carboplatin injection,PFE,US,SPY,2023-04-30,2023-05-14,20230514151132,2023-05-14,2023-05-14T15:11:32+00:00,winner,"Hospira, Inc., a Pfizer company","[{""presentation"": ""50 mg/5 mL (10 mg/mL) Multiple Dose ONCO-TAIN\u2122 Glass Fliptop Vial (NDC 61703-0339-18)"", ""availability"": ""Limited Supply. Next delivery: July 2023; Estimated recovery: Q3 2023"", ""on_allocation"": false}, {""presentation"": ""50 mg/5 mL (10 mg/mL) Novaplus\u00ae Multiple Dose Vial (NDC 61703-0360-18)"", ""availability"": ""Next delivery: July 2023; Estimated recovery: Q3 2023"", ""on_allocation"": false}, {""presentation"": ""150 mg/15 mL (10 mg/mL) Multiple Dose ONCO-TAIN\u2122 Glass Fliptop Vial (NDC 61703-0339-22)"", ""availability"": ""Limited Supply. Next delivery: September 2023; Estimated recovery: Q3 2023"", ""on_allocation"": false}, {""presentation"": ""150 mg/15 mL (10 mg/mL) Novaplus\u00ae Multiple Dose Vial (NDC 61703-0150-05)"", ""availability"": ""Supply Available"", ""on_allocation"": false}, {""presentation"": ""450 mg/45 mL (10 mg/mL) Multiple Dose ONCO-TAIN\u2122 Glass Fliptop Vial (NDC 61703-0339-50)"", ""availability"": ""Limited Supply. Next delivery: May 2023; Estimated recovery: Q3 2023"", ""on_allocation"": false}, {""presentation"": ""450 mg/45 mL (10 mg/mL) Novaplus\u00ae Multiple Dose Vial (NDC 61703-0262-05)"", ""availability"": ""Supply Available"", ""on_allocation"": false}, {""presentation"": ""600 mg/60 mL (10 mg/mL) Multiple Dose ONCO-TAIN\u2122 Glass Fliptop Vial (NDC 61703-0339-56)"", ""availability"": ""Next delivery: May 2023; Estimated recovery: Q3 2023"", ""on_allocation"": false}, {""presentation"": ""600 mg/60 mL (10 mg/mL) Novaplus\u00ae Multiple Dose Vial (NDC 61703-0600-05)"", ""availability"": ""Next delivery: May 2023; Estimated recovery: Q3 2023"", ""on_allocation"": false}]",,1,False,False,False,False,False
425,Carboplatin Injection,carboplatin injection,TEVA,US,SPY,2023-04-30,2023-05-14,20230514151132,2023-05-14,2023-05-14T15:11:32+00:00,disrupted,Teva Pharmaceuticals,"[{""presentation"": ""50 mg/5 mL (10 mg/mL) 5 mL Multi-Dose Vial (NDC 0703-4244-01 )"", ""availability"": ""Limited Supply, Recovery Q4 2023"", ""on_allocation"": false}, {""presentation"": ""150 mg/15 mL (10 mg/mL) 15 mL Multi-Dose Vial (NDC 0703-4246-01)"", ""availability"": ""Limited Supply, Recovery Q4 2023"", ""on_allocation"": false}, {""presentation"": ""450 mg/45 mL (10 mg/mL) 45 mL Multi-Dose Vial (NDC 0703-4248-01)"", ""availability"": ""Unavailable, Recovery Q3 2023"", ""on_allocation"": false}, {""presentation"": ""600 mg/60 mL (10 mg/mL) 60 mL Multi-Dose Vial (NDC 0703-4239-01)"", ""availability"": ""Unavailable, Recovery Q4 2023"", ""on_allocation"": false}]",,1,False,False,False,False,False
425,Carboplatin Injection,carboplatin injection,AMPH,US,SPY,2023-04-30,2023-05-14,20230514151132,2023-05-14,2023-05-14T15:11:32+00:00,placebo,,[],FDA-page nonlisted generic-maker control; manufacture absence unverified,1,False,False,False,False,False
425,Carboplatin Injection,carboplatin injection,AMRX,US,SPY,2023-04-30,2023-05-14,20230514151132,2023-05-14,2023-05-14T15:11:32+00:00,placebo,,[],FDA-page nonlisted generic-maker control; manufacture absence unverified,1,False,False,False,False,False
425,Carboplatin Injection,carboplatin injection,BAX,US,SPY,2023-04-30,2023-05-14,20230514151132,2023-05-14,2023-05-14T15:11:32+00:00,placebo,,[],FDA-page nonlisted generic-maker control; manufacture absence unverified,1,False,False,False,False,False
425,Carboplatin Injection,carboplatin injection,ICUI,US,SPY,2023-04-30,2023-05-14,20230514151132,2023-05-14,2023-05-14T15:11:32+00:00,placebo,,[],FDA-page nonlisted generic-maker control; manufacture absence unverified,1,False,False,False,False,False
425,Carboplatin Injection,carboplatin injection,RDY,US,SPY,2023-04-30,2023-05-14,20230514151132,2023-05-14,2023-05-14T15:11:32+00:00,placebo,,[],FDA-page nonlisted generic-maker control; manufacture absence unverified,1,False,False,False,False,False
425,Carboplatin Injection,carboplatin injection,VTRS,US,SPY,2023-04-30,2023-05-14,20230514151132,2023-05-14,2023-05-14T15:11:32+00:00,placebo,,[],FDA-page nonlisted generic-maker control; manufacture absence unverified,1,False,False,False,False,False
430,Methylphenidate Hydrochloride Extended Release Tablets,methylphenidate hydrochloride extended release tablets,AMRX,US,SPY,2023-07-29,2023-08-01,20230801181444,2023-08-01,2023-08-01T18:14:44+00:00,disrupted,Amneal Pharmaceuticals,"[{""presentation"": ""5 mg; 100 count (NDC 0115-1800-01)"", ""availability"": ""Mid-August 2023"", ""on_allocation"": false}, {""presentation"": ""10 mg; 100 count (NDC 0115-1801-01)"", ""availability"": ""Mid-August 2023"", ""on_allocation"": false}, {""presentation"": ""20 mg; 100 count (NDC 0115-1802-01)"", ""availability"": ""End of August 2023"", ""on_allocation"": false}, {""presentation"": ""5 mg; 60 count (NDC 72162-2019-6)"", ""availability"": ""Mid- August 2023"", ""on_allocation"": false}, {""presentation"": ""5 mg; 100 count (NDC 72162-2019-1)"", ""availability"": ""Mid-August 2023"", ""on_allocation"": false}]",,1,False,False,False,False,False
430,Methylphenidate Hydrochloride Extended Release Tablets,methylphenidate hydrochloride extended release tablets,RDY,US,SPY,2023-07-29,2023-08-01,20230801181444,2023-08-01,2023-08-01T18:14:44+00:00,disrupted,"Dr. Reddy's Laboratories, Inc.","[{""presentation"": ""18 mg; 100 count (NDC 43598-438-01)"", ""availability"": ""Unavailable"", ""on_allocation"": false}, {""presentation"": ""27 mg; 100 count (NDC 43598-439-01)"", ""availability"": ""Unavailable"", ""on_allocation"": false}, {""presentation"": ""36 mg; 100 count (NDC 43598-440-01)"", ""availability"": ""Unavailable"", ""on_allocation"": false}, {""presentation"": ""54 mg; 100 count (NDC 43598-441-01)"", ""availability"": ""Unavailable"", ""on_allocation"": false}]",,1,False,False,False,False,False
430,Methylphenidate Hydrochloride Extended Release Tablets,methylphenidate hydrochloride extended release tablets,SUNPHARMA.NS,IN,NIFTYBEES.NS,2023-07-29,2023-08-01,20230801181444,2023-08-01,2023-08-01T18:14:44+00:00,disrupted,"Sun Pharmaceutical Industries, Inc.","[{""presentation"": ""5 mg; 100 count (NDC 57664-228-88)"", ""availability"": ""Unavailable"", ""on_allocation"": false}, {""presentation"": ""5 mg; 30 count (NDC 57664-228-83)"", ""availability"": ""Not currently marketing"", ""on_allocation"": false}, {""presentation"": ""5 mg; 100 count (NDC 57664-228-08)"", ""availability"": ""Not currently marketing"", ""on_allocation"": false}, {""presentation"": ""5 mg; 500 count (NDC 57664-228-13)"", ""availability"": ""Not currently marketing"", ""on_allocation"": false}, {""presentation"": ""5 mg; 1000 count (NDC 57664-228-18)"", ""availability"": ""Not currently marketing"", ""on_allocation"": false}, {""presentation"": ""10 mg; 100 count (NDC 57664-229-88)"", ""availability"": ""Unavailable"", ""on_allocation"": false}, {""presentation"": ""10 mg; 30 count (NDC 57664-229-83)"", ""availability"": ""Not currently marketing"", ""on_allocation"": false}, {""presentation"": ""10 mg; 100 count (NDC 57664-229-08)"", ""availability"": ""Not currently marketing"", ""on_allocation"": false}, {""presentation"": ""10 mg; 500 count (NDC 57664-229-13)"", ""availability"": ""Not currently marketing"", ""on_allocation"": false}, {""presentation"": ""10 mg; 1000 count (NDC 57664-229-18)"", ""availability"": ""Not currently marketing"", ""on_allocation"": false}, {""presentation"": ""10 mg; 100 count (NDC 57664-230-88)"", ""availability"": ""Unavailable"", ""on_allocation"": false}, {""presentation"": ""20 mg; 30 count (NDC 57664-230-83)"", ""availability"": ""Not currently marketing"", ""on_allocation"": false}, {""presentation"": ""20 mg; 100 count (NDC 57664-230-08)"", ""availability"": ""Not currently marketing"", ""on_allocation"": false}, {""presentation"": ""20 mg; 500 count (NDC 57664-230-13)"", ""availability"": ""Not currently marketing"", ""on_allocation"": false}, {""presentation"": ""20 mg; 1000 count (NDC 57664-230-18)"", ""availability"": ""Not currently marketing"", ""on_allocation"": false}, {""presentation"": ""18 mg; 100 count (NDC 57664-606-88)"", ""availability"": ""Not currently marketing"", ""on_allocation"": false}, {""presentation"": ""27 mg; 100 count (NDC 57664-607-88)"", ""availability"": ""Not currently marketing"", ""on_allocation"": false}, {""presentation"": ""36 mg; 100 count (NDC 57664-608-88)"", ""availability"": ""Not currently marketing"", ""on_allocation"": false}, {""presentation"": ""54 mg; 100 count (NDC 57664-609-88)"", ""availability"": ""Not currently marketing"", ""on_allocation"": false}]",,1,False,False,False,False,False
430,Methylphenidate Hydrochloride Extended Release Tablets,methylphenidate hydrochloride extended release tablets,TEVA,US,SPY,2023-07-29,2023-08-01,20230801181444,2023-08-01,2023-08-01T18:14:44+00:00,winner,Teva Pharmaceuticals USA,"[{""presentation"": ""18 mg; 100 count (NDC 62037-725-01)"", ""availability"": ""Available"", ""on_allocation"": false}, {""presentation"": ""27 mg; 100 count (NDC 62037-734-01)"", ""availability"": ""Available"", ""on_allocation"": false}, {""presentation"": ""36 mg; 100 count (NDC 62037-726-01)"", ""availability"": ""Available"", ""on_allocation"": false}, {""presentation"": ""54 mg; 100 count (NDC 62037-727-01)"", ""availability"": ""Available"", ""on_allocation"": false}]",,1,False,False,False,False,False
430,Methylphenidate Hydrochloride Extended Release Tablets,methylphenidate hydrochloride extended release tablets,AMPH,US,SPY,2023-07-29,2023-08-01,20230801181444,2023-08-01,2023-08-01T18:14:44+00:00,placebo,,[],FDA-page nonlisted generic-maker control; manufacture absence unverified,1,False,False,False,False,False
430,Methylphenidate Hydrochloride Extended Release Tablets,methylphenidate hydrochloride extended release tablets,BAX,US,SPY,2023-07-29,2023-08-01,20230801181444,2023-08-01,2023-08-01T18:14:44+00:00,placebo,,[],FDA-page nonlisted generic-maker control; manufacture absence unverified,1,False,False,False,False,False
430,Methylphenidate Hydrochloride Extended Release Tablets,methylphenidate hydrochloride extended release tablets,ICUI,US,SPY,2023-07-29,2023-08-01,20230801181444,2023-08-01,2023-08-01T18:14:44+00:00,placebo,,[],FDA-page nonlisted generic-maker control; manufacture absence unverified,1,False,False,False,False,False
430,Methylphenidate Hydrochloride Extended Release Tablets,methylphenidate hydrochloride extended release tablets,VTRS,US,SPY,2023-07-29,2023-08-01,20230801181444,2023-08-01,2023-08-01T18:14:44+00:00,placebo,,[],FDA-page nonlisted generic-maker control; manufacture absence unverified,1,False,False,False,False,False
462,Cromolyn Sodium Concentrate,cromolyn sodium concentrate,VTRS,US,SPY,2023-11-04,2024-01-17,20240117052250,2024-01-17,2024-01-17T05:22:50+00:00,winner,"Mylan Specialty, a Viatris Company","[{""presentation"": ""Gastrocrom, Concentrate, 20 mg/1 mL (NDC 0037-0678-96)"", ""availability"": ""Available"", ""on_allocation"": false}]",,1,False,False,False,False,False
462,Cromolyn Sodium Concentrate,cromolyn sodium concentrate,AMPH,US,SPY,2023-11-04,2024-01-17,20240117052250,2024-01-17,2024-01-17T05:22:50+00:00,placebo,,[],FDA-page nonlisted generic-maker control; manufacture absence unverified,1,False,False,False,False,False
462,Cromolyn Sodium Concentrate,cromolyn sodium concentrate,AMRX,US,SPY,2023-11-04,2024-01-17,20240117052250,2024-01-17,2024-01-17T05:22:50+00:00,placebo,,[],FDA-page nonlisted generic-maker control; manufacture absence unverified,1,False,False,False,False,False
462,Cromolyn Sodium Concentrate,cromolyn sodium concentrate,BAX,US,SPY,2023-11-04,2024-01-17,20240117052250,2024-01-17,2024-01-17T05:22:50+00:00,placebo,,[],FDA-page nonlisted generic-maker control; manufacture absence unverified,1,False,False,False,False,False
462,Cromolyn Sodium Concentrate,cromolyn sodium concentrate,ICUI,US,SPY,2023-11-04,2024-01-17,20240117052250,2024-01-17,2024-01-17T05:22:50+00:00,placebo,,[],FDA-page nonlisted generic-maker control; manufacture absence unverified,1,False,False,False,False,False
462,Cromolyn Sodium Concentrate,cromolyn sodium concentrate,RDY,US,SPY,2023-11-04,2024-01-17,20240117052250,2024-01-17,2024-01-17T05:22:50+00:00,placebo,,[],FDA-page nonlisted generic-maker control; manufacture absence unverified,1,False,False,False,False,False
462,Cromolyn Sodium Concentrate,cromolyn sodium concentrate,TEVA,US,SPY,2023-11-04,2024-01-17,20240117052250,2024-01-17,2024-01-17T05:22:50+00:00,placebo,,[],FDA-page nonlisted generic-maker control; manufacture absence unverified,1,False,False,False,False,False
464,Promethazine Hydrochloride Injection,promethazine hydrochloride injection,HIK.L,UK,ISF.L,2023-11-23,2024-01-20,20240120163602,2024-01-20,2024-01-20T16:36:02+00:00,winner,"Hikma Pharmaceuticals USA, Inc.","[{""presentation"": ""Injection, 25 mg/1 mL (NDC 0641-0928-25)"", ""availability"": ""Product is temporarily on backorder"", ""on_allocation"": false}, {""presentation"": ""Injection, 50 mg/1 mL (NDC 0641-0929-25)"", ""availability"": ""Product is temporarily on backorder"", ""on_allocation"": false}, {""presentation"": ""Injection, 25 mg/1 mL (NDC 0641-1495-35)"", ""availability"": ""Product is temporarily on backorder"", ""on_allocation"": false}, {""presentation"": ""Injection, 50 mg/1 mL (NDC 0641-1496-35)"", ""availability"": ""Product is temporarily on backorder"", ""on_allocation"": false}, {""presentation"": ""Phenergan, Injection, 25 mg/1 mL (NDC 0641-6084-25)"", ""availability"": ""Product is temporarily on backorder"", ""on_allocation"": false}, {""presentation"": ""Phenergan, Injection, 50 mg/1 mL (NDC 0641-6085-25)"", ""availability"": ""Inventory is currently available"", ""on_allocation"": false}, {""presentation"": ""Phenergan, Injection, 25 mg/1 mL (NDC 0641-6082-25)"", ""availability"": ""Product is temporarily on backorder"", ""on_allocation"": false}, {""presentation"": ""Phenergan, Injection, 50 mg/1 mL (NDC 0641-6083-25)"", ""availability"": ""Inventory is currently available"", ""on_allocation"": false}]",,1,False,False,False,False,False
