event_id,product,ai_key,ticker,country,benchmark,public_date,capture_date,capture_ts,trade_ready_date,known_at,role,company,evidence,control_definition,winner_count,date_uncertain,left_censored,rename_window,spike_week,rename_suspect
75,Cefotetan Disodium Injection,cefotetan disodium injection,AKRX,US,SPY,2014-08-14,2014-08-14,,2014-08-14,2014-08-14T23:59:59.999999999+00:00,winner,AKRX,[],,8,True,False,False,False,False
75,Cefotetan Disodium Injection,cefotetan disodium injection,AMPH,US,SPY,2014-08-14,2014-08-14,,2014-08-14,2014-08-14T23:59:59.999999999+00:00,winner,AMPH,[],,8,True,False,False,False,False
75,Cefotetan Disodium Injection,cefotetan disodium injection,ANIP,US,SPY,2014-08-14,2014-08-14,,2014-08-14,2014-08-14T23:59:59.999999999+00:00,winner,ANIP,[],,8,True,False,False,False,False
75,Cefotetan Disodium Injection,cefotetan disodium injection,ICUI,US,SPY,2014-08-14,2014-08-14,,2014-08-14,2014-08-14T23:59:59.999999999+00:00,winner,ICUI,[],,8,True,False,False,False,False
75,Cefotetan Disodium Injection,cefotetan disodium injection,IPXL,US,SPY,2014-08-14,2014-08-14,,2014-08-14,2014-08-14T23:59:59.999999999+00:00,winner,IPXL,[],,8,True,False,False,False,False
75,Cefotetan Disodium Injection,cefotetan disodium injection,LCI,US,SPY,2014-08-14,2014-08-14,,2014-08-14,2014-08-14T23:59:59.999999999+00:00,winner,LCI,[],,8,True,False,False,False,False
75,Cefotetan Disodium Injection,cefotetan disodium injection,SGNT,US,SPY,2014-08-14,2014-08-14,,2014-08-14,2014-08-14T23:59:59.999999999+00:00,winner,SGNT,[],,8,True,False,False,False,False
75,Cefotetan Disodium Injection,cefotetan disodium injection,TLGT,US,SPY,2014-08-14,2014-08-14,,2014-08-14,2014-08-14T23:59:59.999999999+00:00,winner,TLGT,[],,8,True,False,False,False,False
75,Cefotetan Disodium Injection,cefotetan disodium injection,BAX,US,SPY,2014-08-14,2014-08-14,,2014-08-14,2014-08-14T23:59:59.999999999+00:00,placebo,,[],US non-specialist generic maker listed on the trade date,8,True,False,False,False,False
75,Cefotetan Disodium Injection,cefotetan disodium injection,HSP,US,SPY,2014-08-14,2014-08-14,,2014-08-14,2014-08-14T23:59:59.999999999+00:00,placebo,,[],US non-specialist generic maker listed on the trade date,8,True,False,False,False,False
75,Cefotetan Disodium Injection,cefotetan disodium injection,PRGO,US,SPY,2014-08-14,2014-08-14,,2014-08-14,2014-08-14T23:59:59.999999999+00:00,placebo,,[],US non-specialist generic maker listed on the trade date,8,True,False,False,False,False
75,Cefotetan Disodium Injection,cefotetan disodium injection,TEVA,US,SPY,2014-08-14,2014-08-14,,2014-08-14,2014-08-14T23:59:59.999999999+00:00,placebo,,[],US non-specialist generic maker listed on the trade date,8,True,False,False,False,False
75,Cefotetan Disodium Injection,cefotetan disodium injection,VTRS,US,SPY,2014-08-14,2014-08-14,,2014-08-14,2014-08-14T23:59:59.999999999+00:00,placebo,,[],US non-specialist generic maker listed on the trade date,8,True,False,False,False,False
76,Dihydroergotamine Mesylate Injection,dihydroergotamine mesylate injection,AKRX,US,SPY,2014-08-14,2014-08-14,,2014-08-14,2014-08-14T23:59:59.999999999+00:00,winner,AKRX,[],,8,True,False,False,False,False
76,Dihydroergotamine Mesylate Injection,dihydroergotamine mesylate injection,AMPH,US,SPY,2014-08-14,2014-08-14,,2014-08-14,2014-08-14T23:59:59.999999999+00:00,winner,AMPH,[],,8,True,False,False,False,False
76,Dihydroergotamine Mesylate Injection,dihydroergotamine mesylate injection,ANIP,US,SPY,2014-08-14,2014-08-14,,2014-08-14,2014-08-14T23:59:59.999999999+00:00,winner,ANIP,[],,8,True,False,False,False,False
76,Dihydroergotamine Mesylate Injection,dihydroergotamine mesylate injection,ICUI,US,SPY,2014-08-14,2014-08-14,,2014-08-14,2014-08-14T23:59:59.999999999+00:00,winner,ICUI,[],,8,True,False,False,False,False
76,Dihydroergotamine Mesylate Injection,dihydroergotamine mesylate injection,IPXL,US,SPY,2014-08-14,2014-08-14,,2014-08-14,2014-08-14T23:59:59.999999999+00:00,winner,IPXL,[],,8,True,False,False,False,False
76,Dihydroergotamine Mesylate Injection,dihydroergotamine mesylate injection,LCI,US,SPY,2014-08-14,2014-08-14,,2014-08-14,2014-08-14T23:59:59.999999999+00:00,winner,LCI,[],,8,True,False,False,False,False
76,Dihydroergotamine Mesylate Injection,dihydroergotamine mesylate injection,SGNT,US,SPY,2014-08-14,2014-08-14,,2014-08-14,2014-08-14T23:59:59.999999999+00:00,winner,SGNT,[],,8,True,False,False,False,False
76,Dihydroergotamine Mesylate Injection,dihydroergotamine mesylate injection,TLGT,US,SPY,2014-08-14,2014-08-14,,2014-08-14,2014-08-14T23:59:59.999999999+00:00,winner,TLGT,[],,8,True,False,False,False,False
76,Dihydroergotamine Mesylate Injection,dihydroergotamine mesylate injection,BAX,US,SPY,2014-08-14,2014-08-14,,2014-08-14,2014-08-14T23:59:59.999999999+00:00,placebo,,[],US non-specialist generic maker listed on the trade date,8,True,False,False,False,False
76,Dihydroergotamine Mesylate Injection,dihydroergotamine mesylate injection,HSP,US,SPY,2014-08-14,2014-08-14,,2014-08-14,2014-08-14T23:59:59.999999999+00:00,placebo,,[],US non-specialist generic maker listed on the trade date,8,True,False,False,False,False
76,Dihydroergotamine Mesylate Injection,dihydroergotamine mesylate injection,PRGO,US,SPY,2014-08-14,2014-08-14,,2014-08-14,2014-08-14T23:59:59.999999999+00:00,placebo,,[],US non-specialist generic maker listed on the trade date,8,True,False,False,False,False
76,Dihydroergotamine Mesylate Injection,dihydroergotamine mesylate injection,TEVA,US,SPY,2014-08-14,2014-08-14,,2014-08-14,2014-08-14T23:59:59.999999999+00:00,placebo,,[],US non-specialist generic maker listed on the trade date,8,True,False,False,False,False
76,Dihydroergotamine Mesylate Injection,dihydroergotamine mesylate injection,VTRS,US,SPY,2014-08-14,2014-08-14,,2014-08-14,2014-08-14T23:59:59.999999999+00:00,placebo,,[],US non-specialist generic maker listed on the trade date,8,True,False,False,False,False
77,Fluorescein Sodium Injection,fluorescein sodium injection,AKRX,US,SPY,2014-08-14,2014-08-14,,2014-08-14,2014-08-14T23:59:59.999999999+00:00,winner,AKRX,[],,8,True,False,False,False,False
77,Fluorescein Sodium Injection,fluorescein sodium injection,AMPH,US,SPY,2014-08-14,2014-08-14,,2014-08-14,2014-08-14T23:59:59.999999999+00:00,winner,AMPH,[],,8,True,False,False,False,False
77,Fluorescein Sodium Injection,fluorescein sodium injection,ANIP,US,SPY,2014-08-14,2014-08-14,,2014-08-14,2014-08-14T23:59:59.999999999+00:00,winner,ANIP,[],,8,True,False,False,False,False
77,Fluorescein Sodium Injection,fluorescein sodium injection,ICUI,US,SPY,2014-08-14,2014-08-14,,2014-08-14,2014-08-14T23:59:59.999999999+00:00,winner,ICUI,[],,8,True,False,False,False,False
77,Fluorescein Sodium Injection,fluorescein sodium injection,IPXL,US,SPY,2014-08-14,2014-08-14,,2014-08-14,2014-08-14T23:59:59.999999999+00:00,winner,IPXL,[],,8,True,False,False,False,False
77,Fluorescein Sodium Injection,fluorescein sodium injection,LCI,US,SPY,2014-08-14,2014-08-14,,2014-08-14,2014-08-14T23:59:59.999999999+00:00,winner,LCI,[],,8,True,False,False,False,False
77,Fluorescein Sodium Injection,fluorescein sodium injection,SGNT,US,SPY,2014-08-14,2014-08-14,,2014-08-14,2014-08-14T23:59:59.999999999+00:00,winner,SGNT,[],,8,True,False,False,False,False
77,Fluorescein Sodium Injection,fluorescein sodium injection,TLGT,US,SPY,2014-08-14,2014-08-14,,2014-08-14,2014-08-14T23:59:59.999999999+00:00,winner,TLGT,[],,8,True,False,False,False,False
77,Fluorescein Sodium Injection,fluorescein sodium injection,BAX,US,SPY,2014-08-14,2014-08-14,,2014-08-14,2014-08-14T23:59:59.999999999+00:00,placebo,,[],US non-specialist generic maker listed on the trade date,8,True,False,False,False,False
77,Fluorescein Sodium Injection,fluorescein sodium injection,HSP,US,SPY,2014-08-14,2014-08-14,,2014-08-14,2014-08-14T23:59:59.999999999+00:00,placebo,,[],US non-specialist generic maker listed on the trade date,8,True,False,False,False,False
77,Fluorescein Sodium Injection,fluorescein sodium injection,PRGO,US,SPY,2014-08-14,2014-08-14,,2014-08-14,2014-08-14T23:59:59.999999999+00:00,placebo,,[],US non-specialist generic maker listed on the trade date,8,True,False,False,False,False
77,Fluorescein Sodium Injection,fluorescein sodium injection,TEVA,US,SPY,2014-08-14,2014-08-14,,2014-08-14,2014-08-14T23:59:59.999999999+00:00,placebo,,[],US non-specialist generic maker listed on the trade date,8,True,False,False,False,False
77,Fluorescein Sodium Injection,fluorescein sodium injection,VTRS,US,SPY,2014-08-14,2014-08-14,,2014-08-14,2014-08-14T23:59:59.999999999+00:00,placebo,,[],US non-specialist generic maker listed on the trade date,8,True,False,False,False,False
80,Ranitidine Hydrochloride (Zantac) Injection,ranitidine hydrochloride (zantac) injection,AKRX,US,SPY,2014-08-14,2014-08-14,,2014-08-14,2014-08-14T23:59:59.999999999+00:00,winner,AKRX,[],,8,True,False,False,False,False
80,Ranitidine Hydrochloride (Zantac) Injection,ranitidine hydrochloride (zantac) injection,AMPH,US,SPY,2014-08-14,2014-08-14,,2014-08-14,2014-08-14T23:59:59.999999999+00:00,winner,AMPH,[],,8,True,False,False,False,False
80,Ranitidine Hydrochloride (Zantac) Injection,ranitidine hydrochloride (zantac) injection,ANIP,US,SPY,2014-08-14,2014-08-14,,2014-08-14,2014-08-14T23:59:59.999999999+00:00,winner,ANIP,[],,8,True,False,False,False,False
80,Ranitidine Hydrochloride (Zantac) Injection,ranitidine hydrochloride (zantac) injection,ICUI,US,SPY,2014-08-14,2014-08-14,,2014-08-14,2014-08-14T23:59:59.999999999+00:00,winner,ICUI,[],,8,True,False,False,False,False
80,Ranitidine Hydrochloride (Zantac) Injection,ranitidine hydrochloride (zantac) injection,IPXL,US,SPY,2014-08-14,2014-08-14,,2014-08-14,2014-08-14T23:59:59.999999999+00:00,winner,IPXL,[],,8,True,False,False,False,False
80,Ranitidine Hydrochloride (Zantac) Injection,ranitidine hydrochloride (zantac) injection,LCI,US,SPY,2014-08-14,2014-08-14,,2014-08-14,2014-08-14T23:59:59.999999999+00:00,winner,LCI,[],,8,True,False,False,False,False
80,Ranitidine Hydrochloride (Zantac) Injection,ranitidine hydrochloride (zantac) injection,SGNT,US,SPY,2014-08-14,2014-08-14,,2014-08-14,2014-08-14T23:59:59.999999999+00:00,winner,SGNT,[],,8,True,False,False,False,False
80,Ranitidine Hydrochloride (Zantac) Injection,ranitidine hydrochloride (zantac) injection,TLGT,US,SPY,2014-08-14,2014-08-14,,2014-08-14,2014-08-14T23:59:59.999999999+00:00,winner,TLGT,[],,8,True,False,False,False,False
80,Ranitidine Hydrochloride (Zantac) Injection,ranitidine hydrochloride (zantac) injection,BAX,US,SPY,2014-08-14,2014-08-14,,2014-08-14,2014-08-14T23:59:59.999999999+00:00,placebo,,[],US non-specialist generic maker listed on the trade date,8,True,False,False,False,False
80,Ranitidine Hydrochloride (Zantac) Injection,ranitidine hydrochloride (zantac) injection,HSP,US,SPY,2014-08-14,2014-08-14,,2014-08-14,2014-08-14T23:59:59.999999999+00:00,placebo,,[],US non-specialist generic maker listed on the trade date,8,True,False,False,False,False
80,Ranitidine Hydrochloride (Zantac) Injection,ranitidine hydrochloride (zantac) injection,PRGO,US,SPY,2014-08-14,2014-08-14,,2014-08-14,2014-08-14T23:59:59.999999999+00:00,placebo,,[],US non-specialist generic maker listed on the trade date,8,True,False,False,False,False
80,Ranitidine Hydrochloride (Zantac) Injection,ranitidine hydrochloride (zantac) injection,TEVA,US,SPY,2014-08-14,2014-08-14,,2014-08-14,2014-08-14T23:59:59.999999999+00:00,placebo,,[],US non-specialist generic maker listed on the trade date,8,True,False,False,False,False
80,Ranitidine Hydrochloride (Zantac) Injection,ranitidine hydrochloride (zantac) injection,VTRS,US,SPY,2014-08-14,2014-08-14,,2014-08-14,2014-08-14T23:59:59.999999999+00:00,placebo,,[],US non-specialist generic maker listed on the trade date,8,True,False,False,False,False
82,Technetium tc99m Exametazime Injection (Ceretec Kit),technetium tc99m exametazime injection (ceretec kit),AKRX,US,SPY,2014-08-14,2014-08-14,,2014-08-14,2014-08-14T23:59:59.999999999+00:00,winner,AKRX,[],,8,True,False,False,False,False
82,Technetium tc99m Exametazime Injection (Ceretec Kit),technetium tc99m exametazime injection (ceretec kit),AMPH,US,SPY,2014-08-14,2014-08-14,,2014-08-14,2014-08-14T23:59:59.999999999+00:00,winner,AMPH,[],,8,True,False,False,False,False
82,Technetium tc99m Exametazime Injection (Ceretec Kit),technetium tc99m exametazime injection (ceretec kit),ANIP,US,SPY,2014-08-14,2014-08-14,,2014-08-14,2014-08-14T23:59:59.999999999+00:00,winner,ANIP,[],,8,True,False,False,False,False
82,Technetium tc99m Exametazime Injection (Ceretec Kit),technetium tc99m exametazime injection (ceretec kit),ICUI,US,SPY,2014-08-14,2014-08-14,,2014-08-14,2014-08-14T23:59:59.999999999+00:00,winner,ICUI,[],,8,True,False,False,False,False
82,Technetium tc99m Exametazime Injection (Ceretec Kit),technetium tc99m exametazime injection (ceretec kit),IPXL,US,SPY,2014-08-14,2014-08-14,,2014-08-14,2014-08-14T23:59:59.999999999+00:00,winner,IPXL,[],,8,True,False,False,False,False
82,Technetium tc99m Exametazime Injection (Ceretec Kit),technetium tc99m exametazime injection (ceretec kit),LCI,US,SPY,2014-08-14,2014-08-14,,2014-08-14,2014-08-14T23:59:59.999999999+00:00,winner,LCI,[],,8,True,False,False,False,False
82,Technetium tc99m Exametazime Injection (Ceretec Kit),technetium tc99m exametazime injection (ceretec kit),SGNT,US,SPY,2014-08-14,2014-08-14,,2014-08-14,2014-08-14T23:59:59.999999999+00:00,winner,SGNT,[],,8,True,False,False,False,False
82,Technetium tc99m Exametazime Injection (Ceretec Kit),technetium tc99m exametazime injection (ceretec kit),TLGT,US,SPY,2014-08-14,2014-08-14,,2014-08-14,2014-08-14T23:59:59.999999999+00:00,winner,TLGT,[],,8,True,False,False,False,False
82,Technetium tc99m Exametazime Injection (Ceretec Kit),technetium tc99m exametazime injection (ceretec kit),BAX,US,SPY,2014-08-14,2014-08-14,,2014-08-14,2014-08-14T23:59:59.999999999+00:00,placebo,,[],US non-specialist generic maker listed on the trade date,8,True,False,False,False,False
82,Technetium tc99m Exametazime Injection (Ceretec Kit),technetium tc99m exametazime injection (ceretec kit),HSP,US,SPY,2014-08-14,2014-08-14,,2014-08-14,2014-08-14T23:59:59.999999999+00:00,placebo,,[],US non-specialist generic maker listed on the trade date,8,True,False,False,False,False
82,Technetium tc99m Exametazime Injection (Ceretec Kit),technetium tc99m exametazime injection (ceretec kit),PRGO,US,SPY,2014-08-14,2014-08-14,,2014-08-14,2014-08-14T23:59:59.999999999+00:00,placebo,,[],US non-specialist generic maker listed on the trade date,8,True,False,False,False,False
82,Technetium tc99m Exametazime Injection (Ceretec Kit),technetium tc99m exametazime injection (ceretec kit),TEVA,US,SPY,2014-08-14,2014-08-14,,2014-08-14,2014-08-14T23:59:59.999999999+00:00,placebo,,[],US non-specialist generic maker listed on the trade date,8,True,False,False,False,False
82,Technetium tc99m Exametazime Injection (Ceretec Kit),technetium tc99m exametazime injection (ceretec kit),VTRS,US,SPY,2014-08-14,2014-08-14,,2014-08-14,2014-08-14T23:59:59.999999999+00:00,placebo,,[],US non-specialist generic maker listed on the trade date,8,True,False,False,False,False
83,Tenecteplase (TNKase) Injection,tenecteplase (tnkase) injection,AKRX,US,SPY,2014-08-14,2014-08-14,,2014-08-14,2014-08-14T23:59:59.999999999+00:00,winner,AKRX,[],,8,True,False,False,False,False
83,Tenecteplase (TNKase) Injection,tenecteplase (tnkase) injection,AMPH,US,SPY,2014-08-14,2014-08-14,,2014-08-14,2014-08-14T23:59:59.999999999+00:00,winner,AMPH,[],,8,True,False,False,False,False
83,Tenecteplase (TNKase) Injection,tenecteplase (tnkase) injection,ANIP,US,SPY,2014-08-14,2014-08-14,,2014-08-14,2014-08-14T23:59:59.999999999+00:00,winner,ANIP,[],,8,True,False,False,False,False
83,Tenecteplase (TNKase) Injection,tenecteplase (tnkase) injection,ICUI,US,SPY,2014-08-14,2014-08-14,,2014-08-14,2014-08-14T23:59:59.999999999+00:00,winner,ICUI,[],,8,True,False,False,False,False
83,Tenecteplase (TNKase) Injection,tenecteplase (tnkase) injection,IPXL,US,SPY,2014-08-14,2014-08-14,,2014-08-14,2014-08-14T23:59:59.999999999+00:00,winner,IPXL,[],,8,True,False,False,False,False
83,Tenecteplase (TNKase) Injection,tenecteplase (tnkase) injection,LCI,US,SPY,2014-08-14,2014-08-14,,2014-08-14,2014-08-14T23:59:59.999999999+00:00,winner,LCI,[],,8,True,False,False,False,False
83,Tenecteplase (TNKase) Injection,tenecteplase (tnkase) injection,SGNT,US,SPY,2014-08-14,2014-08-14,,2014-08-14,2014-08-14T23:59:59.999999999+00:00,winner,SGNT,[],,8,True,False,False,False,False
83,Tenecteplase (TNKase) Injection,tenecteplase (tnkase) injection,TLGT,US,SPY,2014-08-14,2014-08-14,,2014-08-14,2014-08-14T23:59:59.999999999+00:00,winner,TLGT,[],,8,True,False,False,False,False
83,Tenecteplase (TNKase) Injection,tenecteplase (tnkase) injection,BAX,US,SPY,2014-08-14,2014-08-14,,2014-08-14,2014-08-14T23:59:59.999999999+00:00,placebo,,[],US non-specialist generic maker listed on the trade date,8,True,False,False,False,False
83,Tenecteplase (TNKase) Injection,tenecteplase (tnkase) injection,HSP,US,SPY,2014-08-14,2014-08-14,,2014-08-14,2014-08-14T23:59:59.999999999+00:00,placebo,,[],US non-specialist generic maker listed on the trade date,8,True,False,False,False,False
83,Tenecteplase (TNKase) Injection,tenecteplase (tnkase) injection,PRGO,US,SPY,2014-08-14,2014-08-14,,2014-08-14,2014-08-14T23:59:59.999999999+00:00,placebo,,[],US non-specialist generic maker listed on the trade date,8,True,False,False,False,False
83,Tenecteplase (TNKase) Injection,tenecteplase (tnkase) injection,TEVA,US,SPY,2014-08-14,2014-08-14,,2014-08-14,2014-08-14T23:59:59.999999999+00:00,placebo,,[],US non-specialist generic maker listed on the trade date,8,True,False,False,False,False
83,Tenecteplase (TNKase) Injection,tenecteplase (tnkase) injection,VTRS,US,SPY,2014-08-14,2014-08-14,,2014-08-14,2014-08-14T23:59:59.999999999+00:00,placebo,,[],US non-specialist generic maker listed on the trade date,8,True,False,False,False,False
97,"Vancomycin Hydrochloride for Injection, USP","vancomycin hydrochloride for injection, usp",AKRX,US,SPY,2014-11-20,2014-11-20,,2014-11-20,2014-11-20T23:59:59.999999999+00:00,winner,AKRX,[],,8,True,False,False,False,False
97,"Vancomycin Hydrochloride for Injection, USP","vancomycin hydrochloride for injection, usp",AMPH,US,SPY,2014-11-20,2014-11-20,,2014-11-20,2014-11-20T23:59:59.999999999+00:00,winner,AMPH,[],,8,True,False,False,False,False
97,"Vancomycin Hydrochloride for Injection, USP","vancomycin hydrochloride for injection, usp",ANIP,US,SPY,2014-11-20,2014-11-20,,2014-11-20,2014-11-20T23:59:59.999999999+00:00,winner,ANIP,[],,8,True,False,False,False,False
97,"Vancomycin Hydrochloride for Injection, USP","vancomycin hydrochloride for injection, usp",ICUI,US,SPY,2014-11-20,2014-11-20,,2014-11-20,2014-11-20T23:59:59.999999999+00:00,winner,ICUI,[],,8,True,False,False,False,False
97,"Vancomycin Hydrochloride for Injection, USP","vancomycin hydrochloride for injection, usp",IPXL,US,SPY,2014-11-20,2014-11-20,,2014-11-20,2014-11-20T23:59:59.999999999+00:00,winner,IPXL,[],,8,True,False,False,False,False
97,"Vancomycin Hydrochloride for Injection, USP","vancomycin hydrochloride for injection, usp",LCI,US,SPY,2014-11-20,2014-11-20,,2014-11-20,2014-11-20T23:59:59.999999999+00:00,winner,LCI,[],,8,True,False,False,False,False
97,"Vancomycin Hydrochloride for Injection, USP","vancomycin hydrochloride for injection, usp",SGNT,US,SPY,2014-11-20,2014-11-20,,2014-11-20,2014-11-20T23:59:59.999999999+00:00,winner,SGNT,[],,8,True,False,False,False,False
97,"Vancomycin Hydrochloride for Injection, USP","vancomycin hydrochloride for injection, usp",TLGT,US,SPY,2014-11-20,2014-11-20,,2014-11-20,2014-11-20T23:59:59.999999999+00:00,winner,TLGT,[],,8,True,False,False,False,False
97,"Vancomycin Hydrochloride for Injection, USP","vancomycin hydrochloride for injection, usp",BAX,US,SPY,2014-11-20,2014-11-20,,2014-11-20,2014-11-20T23:59:59.999999999+00:00,placebo,,[],US non-specialist generic maker listed on the trade date,8,True,False,False,False,False
97,"Vancomycin Hydrochloride for Injection, USP","vancomycin hydrochloride for injection, usp",HSP,US,SPY,2014-11-20,2014-11-20,,2014-11-20,2014-11-20T23:59:59.999999999+00:00,placebo,,[],US non-specialist generic maker listed on the trade date,8,True,False,False,False,False
97,"Vancomycin Hydrochloride for Injection, USP","vancomycin hydrochloride for injection, usp",PRGO,US,SPY,2014-11-20,2014-11-20,,2014-11-20,2014-11-20T23:59:59.999999999+00:00,placebo,,[],US non-specialist generic maker listed on the trade date,8,True,False,False,False,False
97,"Vancomycin Hydrochloride for Injection, USP","vancomycin hydrochloride for injection, usp",TEVA,US,SPY,2014-11-20,2014-11-20,,2014-11-20,2014-11-20T23:59:59.999999999+00:00,placebo,,[],US non-specialist generic maker listed on the trade date,8,True,False,False,False,False
97,"Vancomycin Hydrochloride for Injection, USP","vancomycin hydrochloride for injection, usp",VTRS,US,SPY,2014-11-20,2014-11-20,,2014-11-20,2014-11-20T23:59:59.999999999+00:00,placebo,,[],US non-specialist generic maker listed on the trade date,8,True,False,False,False,False
98,Phentolamine Mesylate Injection,phentolamine mesylate injection,AKRX,US,SPY,2014-12-29,2014-12-29,,2014-12-29,2014-12-29T23:59:59.999999999+00:00,winner,AKRX,[],,8,False,False,False,False,False
98,Phentolamine Mesylate Injection,phentolamine mesylate injection,AMPH,US,SPY,2014-12-29,2014-12-29,,2014-12-29,2014-12-29T23:59:59.999999999+00:00,winner,AMPH,[],,8,False,False,False,False,False
98,Phentolamine Mesylate Injection,phentolamine mesylate injection,ANIP,US,SPY,2014-12-29,2014-12-29,,2014-12-29,2014-12-29T23:59:59.999999999+00:00,winner,ANIP,[],,8,False,False,False,False,False
98,Phentolamine Mesylate Injection,phentolamine mesylate injection,ICUI,US,SPY,2014-12-29,2014-12-29,,2014-12-29,2014-12-29T23:59:59.999999999+00:00,winner,ICUI,[],,8,False,False,False,False,False
98,Phentolamine Mesylate Injection,phentolamine mesylate injection,IPXL,US,SPY,2014-12-29,2014-12-29,,2014-12-29,2014-12-29T23:59:59.999999999+00:00,winner,IPXL,[],,8,False,False,False,False,False
98,Phentolamine Mesylate Injection,phentolamine mesylate injection,LCI,US,SPY,2014-12-29,2014-12-29,,2014-12-29,2014-12-29T23:59:59.999999999+00:00,winner,LCI,[],,8,False,False,False,False,False
98,Phentolamine Mesylate Injection,phentolamine mesylate injection,SGNT,US,SPY,2014-12-29,2014-12-29,,2014-12-29,2014-12-29T23:59:59.999999999+00:00,winner,SGNT,[],,8,False,False,False,False,False
98,Phentolamine Mesylate Injection,phentolamine mesylate injection,TLGT,US,SPY,2014-12-29,2014-12-29,,2014-12-29,2014-12-29T23:59:59.999999999+00:00,winner,TLGT,[],,8,False,False,False,False,False
98,Phentolamine Mesylate Injection,phentolamine mesylate injection,BAX,US,SPY,2014-12-29,2014-12-29,,2014-12-29,2014-12-29T23:59:59.999999999+00:00,placebo,,[],US non-specialist generic maker listed on the trade date,8,False,False,False,False,False
98,Phentolamine Mesylate Injection,phentolamine mesylate injection,HSP,US,SPY,2014-12-29,2014-12-29,,2014-12-29,2014-12-29T23:59:59.999999999+00:00,placebo,,[],US non-specialist generic maker listed on the trade date,8,False,False,False,False,False
98,Phentolamine Mesylate Injection,phentolamine mesylate injection,PRGO,US,SPY,2014-12-29,2014-12-29,,2014-12-29,2014-12-29T23:59:59.999999999+00:00,placebo,,[],US non-specialist generic maker listed on the trade date,8,False,False,False,False,False
98,Phentolamine Mesylate Injection,phentolamine mesylate injection,TEVA,US,SPY,2014-12-29,2014-12-29,,2014-12-29,2014-12-29T23:59:59.999999999+00:00,placebo,,[],US non-specialist generic maker listed on the trade date,8,False,False,False,False,False
98,Phentolamine Mesylate Injection,phentolamine mesylate injection,VTRS,US,SPY,2014-12-29,2014-12-29,,2014-12-29,2014-12-29T23:59:59.999999999+00:00,placebo,,[],US non-specialist generic maker listed on the trade date,8,False,False,False,False,False
100,L-Cysteine Hydrochloride Injection,l-cysteine hydrochloride injection,AKRX,US,SPY,2015-01-10,2015-01-10,,2015-01-10,2015-01-10T23:59:59.999999999+00:00,winner,AKRX,[],,8,False,False,False,False,False
100,L-Cysteine Hydrochloride Injection,l-cysteine hydrochloride injection,AMPH,US,SPY,2015-01-10,2015-01-10,,2015-01-10,2015-01-10T23:59:59.999999999+00:00,winner,AMPH,[],,8,False,False,False,False,False
100,L-Cysteine Hydrochloride Injection,l-cysteine hydrochloride injection,ANIP,US,SPY,2015-01-10,2015-01-10,,2015-01-10,2015-01-10T23:59:59.999999999+00:00,winner,ANIP,[],,8,False,False,False,False,False
100,L-Cysteine Hydrochloride Injection,l-cysteine hydrochloride injection,ICUI,US,SPY,2015-01-10,2015-01-10,,2015-01-10,2015-01-10T23:59:59.999999999+00:00,winner,ICUI,[],,8,False,False,False,False,False
100,L-Cysteine Hydrochloride Injection,l-cysteine hydrochloride injection,IPXL,US,SPY,2015-01-10,2015-01-10,,2015-01-10,2015-01-10T23:59:59.999999999+00:00,winner,IPXL,[],,8,False,False,False,False,False
100,L-Cysteine Hydrochloride Injection,l-cysteine hydrochloride injection,LCI,US,SPY,2015-01-10,2015-01-10,,2015-01-10,2015-01-10T23:59:59.999999999+00:00,winner,LCI,[],,8,False,False,False,False,False
100,L-Cysteine Hydrochloride Injection,l-cysteine hydrochloride injection,SGNT,US,SPY,2015-01-10,2015-01-10,,2015-01-10,2015-01-10T23:59:59.999999999+00:00,winner,SGNT,[],,8,False,False,False,False,False
100,L-Cysteine Hydrochloride Injection,l-cysteine hydrochloride injection,TLGT,US,SPY,2015-01-10,2015-01-10,,2015-01-10,2015-01-10T23:59:59.999999999+00:00,winner,TLGT,[],,8,False,False,False,False,False
100,L-Cysteine Hydrochloride Injection,l-cysteine hydrochloride injection,BAX,US,SPY,2015-01-10,2015-01-10,,2015-01-10,2015-01-10T23:59:59.999999999+00:00,placebo,,[],US non-specialist generic maker listed on the trade date,8,False,False,False,False,False
100,L-Cysteine Hydrochloride Injection,l-cysteine hydrochloride injection,HSP,US,SPY,2015-01-10,2015-01-10,,2015-01-10,2015-01-10T23:59:59.999999999+00:00,placebo,,[],US non-specialist generic maker listed on the trade date,8,False,False,False,False,False
100,L-Cysteine Hydrochloride Injection,l-cysteine hydrochloride injection,PRGO,US,SPY,2015-01-10,2015-01-10,,2015-01-10,2015-01-10T23:59:59.999999999+00:00,placebo,,[],US non-specialist generic maker listed on the trade date,8,False,False,False,False,False
100,L-Cysteine Hydrochloride Injection,l-cysteine hydrochloride injection,TEVA,US,SPY,2015-01-10,2015-01-10,,2015-01-10,2015-01-10T23:59:59.999999999+00:00,placebo,,[],US non-specialist generic maker listed on the trade date,8,False,False,False,False,False
100,L-Cysteine Hydrochloride Injection,l-cysteine hydrochloride injection,VTRS,US,SPY,2015-01-10,2015-01-10,,2015-01-10,2015-01-10T23:59:59.999999999+00:00,placebo,,[],US non-specialist generic maker listed on the trade date,8,False,False,False,False,False
101,Dimercaprol (Bal-in-Oil) Injection,dimercaprol (bal-in-oil) injection,AKRX,US,SPY,2015-01-10,2015-01-10,,2015-01-10,2015-01-10T23:59:59.999999999+00:00,winner,AKRX,[],,8,False,False,False,False,False
101,Dimercaprol (Bal-in-Oil) Injection,dimercaprol (bal-in-oil) injection,AMPH,US,SPY,2015-01-10,2015-01-10,,2015-01-10,2015-01-10T23:59:59.999999999+00:00,winner,AMPH,[],,8,False,False,False,False,False
101,Dimercaprol (Bal-in-Oil) Injection,dimercaprol (bal-in-oil) injection,ANIP,US,SPY,2015-01-10,2015-01-10,,2015-01-10,2015-01-10T23:59:59.999999999+00:00,winner,ANIP,[],,8,False,False,False,False,False
101,Dimercaprol (Bal-in-Oil) Injection,dimercaprol (bal-in-oil) injection,ICUI,US,SPY,2015-01-10,2015-01-10,,2015-01-10,2015-01-10T23:59:59.999999999+00:00,winner,ICUI,[],,8,False,False,False,False,False
101,Dimercaprol (Bal-in-Oil) Injection,dimercaprol (bal-in-oil) injection,IPXL,US,SPY,2015-01-10,2015-01-10,,2015-01-10,2015-01-10T23:59:59.999999999+00:00,winner,IPXL,[],,8,False,False,False,False,False
101,Dimercaprol (Bal-in-Oil) Injection,dimercaprol (bal-in-oil) injection,LCI,US,SPY,2015-01-10,2015-01-10,,2015-01-10,2015-01-10T23:59:59.999999999+00:00,winner,LCI,[],,8,False,False,False,False,False
101,Dimercaprol (Bal-in-Oil) Injection,dimercaprol (bal-in-oil) injection,SGNT,US,SPY,2015-01-10,2015-01-10,,2015-01-10,2015-01-10T23:59:59.999999999+00:00,winner,SGNT,[],,8,False,False,False,False,False
101,Dimercaprol (Bal-in-Oil) Injection,dimercaprol (bal-in-oil) injection,TLGT,US,SPY,2015-01-10,2015-01-10,,2015-01-10,2015-01-10T23:59:59.999999999+00:00,winner,TLGT,[],,8,False,False,False,False,False
101,Dimercaprol (Bal-in-Oil) Injection,dimercaprol (bal-in-oil) injection,BAX,US,SPY,2015-01-10,2015-01-10,,2015-01-10,2015-01-10T23:59:59.999999999+00:00,placebo,,[],US non-specialist generic maker listed on the trade date,8,False,False,False,False,False
101,Dimercaprol (Bal-in-Oil) Injection,dimercaprol (bal-in-oil) injection,HSP,US,SPY,2015-01-10,2015-01-10,,2015-01-10,2015-01-10T23:59:59.999999999+00:00,placebo,,[],US non-specialist generic maker listed on the trade date,8,False,False,False,False,False
101,Dimercaprol (Bal-in-Oil) Injection,dimercaprol (bal-in-oil) injection,PRGO,US,SPY,2015-01-10,2015-01-10,,2015-01-10,2015-01-10T23:59:59.999999999+00:00,placebo,,[],US non-specialist generic maker listed on the trade date,8,False,False,False,False,False
101,Dimercaprol (Bal-in-Oil) Injection,dimercaprol (bal-in-oil) injection,TEVA,US,SPY,2015-01-10,2015-01-10,,2015-01-10,2015-01-10T23:59:59.999999999+00:00,placebo,,[],US non-specialist generic maker listed on the trade date,8,False,False,False,False,False
101,Dimercaprol (Bal-in-Oil) Injection,dimercaprol (bal-in-oil) injection,VTRS,US,SPY,2015-01-10,2015-01-10,,2015-01-10,2015-01-10T23:59:59.999999999+00:00,placebo,,[],US non-specialist generic maker listed on the trade date,8,False,False,False,False,False
103,Methylene Blue Injection,methylene blue injection,AKRX,US,SPY,2015-01-29,2015-01-29,,2015-01-29,2015-01-29T23:59:59.999999999+00:00,winner,AKRX,[],,8,False,False,False,False,False
103,Methylene Blue Injection,methylene blue injection,AMPH,US,SPY,2015-01-29,2015-01-29,,2015-01-29,2015-01-29T23:59:59.999999999+00:00,winner,AMPH,[],,8,False,False,False,False,False
103,Methylene Blue Injection,methylene blue injection,ANIP,US,SPY,2015-01-29,2015-01-29,,2015-01-29,2015-01-29T23:59:59.999999999+00:00,winner,ANIP,[],,8,False,False,False,False,False
103,Methylene Blue Injection,methylene blue injection,ICUI,US,SPY,2015-01-29,2015-01-29,,2015-01-29,2015-01-29T23:59:59.999999999+00:00,winner,ICUI,[],,8,False,False,False,False,False
103,Methylene Blue Injection,methylene blue injection,IPXL,US,SPY,2015-01-29,2015-01-29,,2015-01-29,2015-01-29T23:59:59.999999999+00:00,winner,IPXL,[],,8,False,False,False,False,False
103,Methylene Blue Injection,methylene blue injection,LCI,US,SPY,2015-01-29,2015-01-29,,2015-01-29,2015-01-29T23:59:59.999999999+00:00,winner,LCI,[],,8,False,False,False,False,False
103,Methylene Blue Injection,methylene blue injection,SGNT,US,SPY,2015-01-29,2015-01-29,,2015-01-29,2015-01-29T23:59:59.999999999+00:00,winner,SGNT,[],,8,False,False,False,False,False
103,Methylene Blue Injection,methylene blue injection,TLGT,US,SPY,2015-01-29,2015-01-29,,2015-01-29,2015-01-29T23:59:59.999999999+00:00,winner,TLGT,[],,8,False,False,False,False,False
103,Methylene Blue Injection,methylene blue injection,BAX,US,SPY,2015-01-29,2015-01-29,,2015-01-29,2015-01-29T23:59:59.999999999+00:00,placebo,,[],US non-specialist generic maker listed on the trade date,8,False,False,False,False,False
103,Methylene Blue Injection,methylene blue injection,HSP,US,SPY,2015-01-29,2015-01-29,,2015-01-29,2015-01-29T23:59:59.999999999+00:00,placebo,,[],US non-specialist generic maker listed on the trade date,8,False,False,False,False,False
103,Methylene Blue Injection,methylene blue injection,PRGO,US,SPY,2015-01-29,2015-01-29,,2015-01-29,2015-01-29T23:59:59.999999999+00:00,placebo,,[],US non-specialist generic maker listed on the trade date,8,False,False,False,False,False
103,Methylene Blue Injection,methylene blue injection,TEVA,US,SPY,2015-01-29,2015-01-29,,2015-01-29,2015-01-29T23:59:59.999999999+00:00,placebo,,[],US non-specialist generic maker listed on the trade date,8,False,False,False,False,False
103,Methylene Blue Injection,methylene blue injection,VTRS,US,SPY,2015-01-29,2015-01-29,,2015-01-29,2015-01-29T23:59:59.999999999+00:00,placebo,,[],US non-specialist generic maker listed on the trade date,8,False,False,False,False,False
105,Ketorolac Tromethamine Injection,ketorolac tromethamine injection,AKRX,US,SPY,2015-02-07,2015-02-07,,2015-02-07,2015-02-07T23:59:59.999999999+00:00,winner,AKRX,[],,8,False,False,False,False,False
105,Ketorolac Tromethamine Injection,ketorolac tromethamine injection,AMPH,US,SPY,2015-02-07,2015-02-07,,2015-02-07,2015-02-07T23:59:59.999999999+00:00,winner,AMPH,[],,8,False,False,False,False,False
105,Ketorolac Tromethamine Injection,ketorolac tromethamine injection,ANIP,US,SPY,2015-02-07,2015-02-07,,2015-02-07,2015-02-07T23:59:59.999999999+00:00,winner,ANIP,[],,8,False,False,False,False,False
105,Ketorolac Tromethamine Injection,ketorolac tromethamine injection,ICUI,US,SPY,2015-02-07,2015-02-07,,2015-02-07,2015-02-07T23:59:59.999999999+00:00,winner,ICUI,[],,8,False,False,False,False,False
105,Ketorolac Tromethamine Injection,ketorolac tromethamine injection,IPXL,US,SPY,2015-02-07,2015-02-07,,2015-02-07,2015-02-07T23:59:59.999999999+00:00,winner,IPXL,[],,8,False,False,False,False,False
105,Ketorolac Tromethamine Injection,ketorolac tromethamine injection,LCI,US,SPY,2015-02-07,2015-02-07,,2015-02-07,2015-02-07T23:59:59.999999999+00:00,winner,LCI,[],,8,False,False,False,False,False
105,Ketorolac Tromethamine Injection,ketorolac tromethamine injection,SGNT,US,SPY,2015-02-07,2015-02-07,,2015-02-07,2015-02-07T23:59:59.999999999+00:00,winner,SGNT,[],,8,False,False,False,False,False
105,Ketorolac Tromethamine Injection,ketorolac tromethamine injection,TLGT,US,SPY,2015-02-07,2015-02-07,,2015-02-07,2015-02-07T23:59:59.999999999+00:00,winner,TLGT,[],,8,False,False,False,False,False
105,Ketorolac Tromethamine Injection,ketorolac tromethamine injection,BAX,US,SPY,2015-02-07,2015-02-07,,2015-02-07,2015-02-07T23:59:59.999999999+00:00,placebo,,[],US non-specialist generic maker listed on the trade date,8,False,False,False,False,False
105,Ketorolac Tromethamine Injection,ketorolac tromethamine injection,HSP,US,SPY,2015-02-07,2015-02-07,,2015-02-07,2015-02-07T23:59:59.999999999+00:00,placebo,,[],US non-specialist generic maker listed on the trade date,8,False,False,False,False,False
105,Ketorolac Tromethamine Injection,ketorolac tromethamine injection,PRGO,US,SPY,2015-02-07,2015-02-07,,2015-02-07,2015-02-07T23:59:59.999999999+00:00,placebo,,[],US non-specialist generic maker listed on the trade date,8,False,False,False,False,False
105,Ketorolac Tromethamine Injection,ketorolac tromethamine injection,TEVA,US,SPY,2015-02-07,2015-02-07,,2015-02-07,2015-02-07T23:59:59.999999999+00:00,placebo,,[],US non-specialist generic maker listed on the trade date,8,False,False,False,False,False
105,Ketorolac Tromethamine Injection,ketorolac tromethamine injection,VTRS,US,SPY,2015-02-07,2015-02-07,,2015-02-07,2015-02-07T23:59:59.999999999+00:00,placebo,,[],US non-specialist generic maker listed on the trade date,8,False,False,False,False,False
106,Cefotaxime Sodium (Claforan) Injection,cefotaxime sodium (claforan) injection,AKRX,US,SPY,2015-02-21,2015-02-21,,2015-02-21,2015-02-21T23:59:59.999999999+00:00,winner,AKRX,[],,8,False,False,False,False,False
106,Cefotaxime Sodium (Claforan) Injection,cefotaxime sodium (claforan) injection,AMPH,US,SPY,2015-02-21,2015-02-21,,2015-02-21,2015-02-21T23:59:59.999999999+00:00,winner,AMPH,[],,8,False,False,False,False,False
106,Cefotaxime Sodium (Claforan) Injection,cefotaxime sodium (claforan) injection,ANIP,US,SPY,2015-02-21,2015-02-21,,2015-02-21,2015-02-21T23:59:59.999999999+00:00,winner,ANIP,[],,8,False,False,False,False,False
106,Cefotaxime Sodium (Claforan) Injection,cefotaxime sodium (claforan) injection,ICUI,US,SPY,2015-02-21,2015-02-21,,2015-02-21,2015-02-21T23:59:59.999999999+00:00,winner,ICUI,[],,8,False,False,False,False,False
106,Cefotaxime Sodium (Claforan) Injection,cefotaxime sodium (claforan) injection,IPXL,US,SPY,2015-02-21,2015-02-21,,2015-02-21,2015-02-21T23:59:59.999999999+00:00,winner,IPXL,[],,8,False,False,False,False,False
106,Cefotaxime Sodium (Claforan) Injection,cefotaxime sodium (claforan) injection,LCI,US,SPY,2015-02-21,2015-02-21,,2015-02-21,2015-02-21T23:59:59.999999999+00:00,winner,LCI,[],,8,False,False,False,False,False
106,Cefotaxime Sodium (Claforan) Injection,cefotaxime sodium (claforan) injection,SGNT,US,SPY,2015-02-21,2015-02-21,,2015-02-21,2015-02-21T23:59:59.999999999+00:00,winner,SGNT,[],,8,False,False,False,False,False
106,Cefotaxime Sodium (Claforan) Injection,cefotaxime sodium (claforan) injection,TLGT,US,SPY,2015-02-21,2015-02-21,,2015-02-21,2015-02-21T23:59:59.999999999+00:00,winner,TLGT,[],,8,False,False,False,False,False
106,Cefotaxime Sodium (Claforan) Injection,cefotaxime sodium (claforan) injection,BAX,US,SPY,2015-02-21,2015-02-21,,2015-02-21,2015-02-21T23:59:59.999999999+00:00,placebo,,[],US non-specialist generic maker listed on the trade date,8,False,False,False,False,False
106,Cefotaxime Sodium (Claforan) Injection,cefotaxime sodium (claforan) injection,HSP,US,SPY,2015-02-21,2015-02-21,,2015-02-21,2015-02-21T23:59:59.999999999+00:00,placebo,,[],US non-specialist generic maker listed on the trade date,8,False,False,False,False,False
106,Cefotaxime Sodium (Claforan) Injection,cefotaxime sodium (claforan) injection,PRGO,US,SPY,2015-02-21,2015-02-21,,2015-02-21,2015-02-21T23:59:59.999999999+00:00,placebo,,[],US non-specialist generic maker listed on the trade date,8,False,False,False,False,False
106,Cefotaxime Sodium (Claforan) Injection,cefotaxime sodium (claforan) injection,TEVA,US,SPY,2015-02-21,2015-02-21,,2015-02-21,2015-02-21T23:59:59.999999999+00:00,placebo,,[],US non-specialist generic maker listed on the trade date,8,False,False,False,False,False
106,Cefotaxime Sodium (Claforan) Injection,cefotaxime sodium (claforan) injection,VTRS,US,SPY,2015-02-21,2015-02-21,,2015-02-21,2015-02-21T23:59:59.999999999+00:00,placebo,,[],US non-specialist generic maker listed on the trade date,8,False,False,False,False,False
107,Fomepizole Injection,fomepizole injection,AKRX,US,SPY,2015-03-21,2015-03-21,,2015-03-21,2015-03-21T23:59:59.999999999+00:00,winner,AKRX,[],,8,False,False,False,False,False
107,Fomepizole Injection,fomepizole injection,AMPH,US,SPY,2015-03-21,2015-03-21,,2015-03-21,2015-03-21T23:59:59.999999999+00:00,winner,AMPH,[],,8,False,False,False,False,False
107,Fomepizole Injection,fomepizole injection,ANIP,US,SPY,2015-03-21,2015-03-21,,2015-03-21,2015-03-21T23:59:59.999999999+00:00,winner,ANIP,[],,8,False,False,False,False,False
107,Fomepizole Injection,fomepizole injection,ICUI,US,SPY,2015-03-21,2015-03-21,,2015-03-21,2015-03-21T23:59:59.999999999+00:00,winner,ICUI,[],,8,False,False,False,False,False
107,Fomepizole Injection,fomepizole injection,IPXL,US,SPY,2015-03-21,2015-03-21,,2015-03-21,2015-03-21T23:59:59.999999999+00:00,winner,IPXL,[],,8,False,False,False,False,False
107,Fomepizole Injection,fomepizole injection,LCI,US,SPY,2015-03-21,2015-03-21,,2015-03-21,2015-03-21T23:59:59.999999999+00:00,winner,LCI,[],,8,False,False,False,False,False
107,Fomepizole Injection,fomepizole injection,SGNT,US,SPY,2015-03-21,2015-03-21,,2015-03-21,2015-03-21T23:59:59.999999999+00:00,winner,SGNT,[],,8,False,False,False,False,False
107,Fomepizole Injection,fomepizole injection,TLGT,US,SPY,2015-03-21,2015-03-21,,2015-03-21,2015-03-21T23:59:59.999999999+00:00,winner,TLGT,[],,8,False,False,False,False,False
107,Fomepizole Injection,fomepizole injection,BAX,US,SPY,2015-03-21,2015-03-21,,2015-03-21,2015-03-21T23:59:59.999999999+00:00,placebo,,[],US non-specialist generic maker listed on the trade date,8,False,False,False,False,False
107,Fomepizole Injection,fomepizole injection,HSP,US,SPY,2015-03-21,2015-03-21,,2015-03-21,2015-03-21T23:59:59.999999999+00:00,placebo,,[],US non-specialist generic maker listed on the trade date,8,False,False,False,False,False
107,Fomepizole Injection,fomepizole injection,PRGO,US,SPY,2015-03-21,2015-03-21,,2015-03-21,2015-03-21T23:59:59.999999999+00:00,placebo,,[],US non-specialist generic maker listed on the trade date,8,False,False,False,False,False
107,Fomepizole Injection,fomepizole injection,TEVA,US,SPY,2015-03-21,2015-03-21,,2015-03-21,2015-03-21T23:59:59.999999999+00:00,placebo,,[],US non-specialist generic maker listed on the trade date,8,False,False,False,False,False
107,Fomepizole Injection,fomepizole injection,VTRS,US,SPY,2015-03-21,2015-03-21,,2015-03-21,2015-03-21T23:59:59.999999999+00:00,placebo,,[],US non-specialist generic maker listed on the trade date,8,False,False,False,False,False
108,"Calcium Chloride Injection, USP","calcium chloride injection, usp",AKRX,US,SPY,2015-06-21,2015-06-21,,2015-06-21,2015-06-21T23:59:59.999999999+00:00,winner,AKRX,[],,8,True,False,False,False,False
108,"Calcium Chloride Injection, USP","calcium chloride injection, usp",AMPH,US,SPY,2015-06-21,2015-06-21,,2015-06-21,2015-06-21T23:59:59.999999999+00:00,winner,AMPH,[],,8,True,False,False,False,False
108,"Calcium Chloride Injection, USP","calcium chloride injection, usp",ANIP,US,SPY,2015-06-21,2015-06-21,,2015-06-21,2015-06-21T23:59:59.999999999+00:00,winner,ANIP,[],,8,True,False,False,False,False
108,"Calcium Chloride Injection, USP","calcium chloride injection, usp",ICUI,US,SPY,2015-06-21,2015-06-21,,2015-06-21,2015-06-21T23:59:59.999999999+00:00,winner,ICUI,[],,8,True,False,False,False,False
108,"Calcium Chloride Injection, USP","calcium chloride injection, usp",IPXL,US,SPY,2015-06-21,2015-06-21,,2015-06-21,2015-06-21T23:59:59.999999999+00:00,winner,IPXL,[],,8,True,False,False,False,False
108,"Calcium Chloride Injection, USP","calcium chloride injection, usp",LCI,US,SPY,2015-06-21,2015-06-21,,2015-06-21,2015-06-21T23:59:59.999999999+00:00,winner,LCI,[],,8,True,False,False,False,False
108,"Calcium Chloride Injection, USP","calcium chloride injection, usp",SGNT,US,SPY,2015-06-21,2015-06-21,,2015-06-21,2015-06-21T23:59:59.999999999+00:00,winner,SGNT,[],,8,True,False,False,False,False
108,"Calcium Chloride Injection, USP","calcium chloride injection, usp",TLGT,US,SPY,2015-06-21,2015-06-21,,2015-06-21,2015-06-21T23:59:59.999999999+00:00,winner,TLGT,[],,8,True,False,False,False,False
108,"Calcium Chloride Injection, USP","calcium chloride injection, usp",BAX,US,SPY,2015-06-21,2015-06-21,,2015-06-21,2015-06-21T23:59:59.999999999+00:00,placebo,,[],US non-specialist generic maker listed on the trade date,8,True,False,False,False,False
108,"Calcium Chloride Injection, USP","calcium chloride injection, usp",HSP,US,SPY,2015-06-21,2015-06-21,,2015-06-21,2015-06-21T23:59:59.999999999+00:00,placebo,,[],US non-specialist generic maker listed on the trade date,8,True,False,False,False,False
108,"Calcium Chloride Injection, USP","calcium chloride injection, usp",PRGO,US,SPY,2015-06-21,2015-06-21,,2015-06-21,2015-06-21T23:59:59.999999999+00:00,placebo,,[],US non-specialist generic maker listed on the trade date,8,True,False,False,False,False
108,"Calcium Chloride Injection, USP","calcium chloride injection, usp",TEVA,US,SPY,2015-06-21,2015-06-21,,2015-06-21,2015-06-21T23:59:59.999999999+00:00,placebo,,[],US non-specialist generic maker listed on the trade date,8,True,False,False,False,False
108,"Calcium Chloride Injection, USP","calcium chloride injection, usp",VTRS,US,SPY,2015-06-21,2015-06-21,,2015-06-21,2015-06-21T23:59:59.999999999+00:00,placebo,,[],US non-specialist generic maker listed on the trade date,8,True,False,False,False,False
111,"Imipenem and Cilastatin for Injection, USP","imipenem and cilastatin for injection, usp",AKRX,US,SPY,2015-06-21,2015-06-21,,2015-06-21,2015-06-21T23:59:59.999999999+00:00,winner,AKRX,[],,8,True,False,False,False,False
111,"Imipenem and Cilastatin for Injection, USP","imipenem and cilastatin for injection, usp",AMPH,US,SPY,2015-06-21,2015-06-21,,2015-06-21,2015-06-21T23:59:59.999999999+00:00,winner,AMPH,[],,8,True,False,False,False,False
111,"Imipenem and Cilastatin for Injection, USP","imipenem and cilastatin for injection, usp",ANIP,US,SPY,2015-06-21,2015-06-21,,2015-06-21,2015-06-21T23:59:59.999999999+00:00,winner,ANIP,[],,8,True,False,False,False,False
111,"Imipenem and Cilastatin for Injection, USP","imipenem and cilastatin for injection, usp",ICUI,US,SPY,2015-06-21,2015-06-21,,2015-06-21,2015-06-21T23:59:59.999999999+00:00,winner,ICUI,[],,8,True,False,False,False,False
111,"Imipenem and Cilastatin for Injection, USP","imipenem and cilastatin for injection, usp",IPXL,US,SPY,2015-06-21,2015-06-21,,2015-06-21,2015-06-21T23:59:59.999999999+00:00,winner,IPXL,[],,8,True,False,False,False,False
111,"Imipenem and Cilastatin for Injection, USP","imipenem and cilastatin for injection, usp",LCI,US,SPY,2015-06-21,2015-06-21,,2015-06-21,2015-06-21T23:59:59.999999999+00:00,winner,LCI,[],,8,True,False,False,False,False
111,"Imipenem and Cilastatin for Injection, USP","imipenem and cilastatin for injection, usp",SGNT,US,SPY,2015-06-21,2015-06-21,,2015-06-21,2015-06-21T23:59:59.999999999+00:00,winner,SGNT,[],,8,True,False,False,False,False
111,"Imipenem and Cilastatin for Injection, USP","imipenem and cilastatin for injection, usp",TLGT,US,SPY,2015-06-21,2015-06-21,,2015-06-21,2015-06-21T23:59:59.999999999+00:00,winner,TLGT,[],,8,True,False,False,False,False
111,"Imipenem and Cilastatin for Injection, USP","imipenem and cilastatin for injection, usp",BAX,US,SPY,2015-06-21,2015-06-21,,2015-06-21,2015-06-21T23:59:59.999999999+00:00,placebo,,[],US non-specialist generic maker listed on the trade date,8,True,False,False,False,False
111,"Imipenem and Cilastatin for Injection, USP","imipenem and cilastatin for injection, usp",HSP,US,SPY,2015-06-21,2015-06-21,,2015-06-21,2015-06-21T23:59:59.999999999+00:00,placebo,,[],US non-specialist generic maker listed on the trade date,8,True,False,False,False,False
111,"Imipenem and Cilastatin for Injection, USP","imipenem and cilastatin for injection, usp",PRGO,US,SPY,2015-06-21,2015-06-21,,2015-06-21,2015-06-21T23:59:59.999999999+00:00,placebo,,[],US non-specialist generic maker listed on the trade date,8,True,False,False,False,False
111,"Imipenem and Cilastatin for Injection, USP","imipenem and cilastatin for injection, usp",TEVA,US,SPY,2015-06-21,2015-06-21,,2015-06-21,2015-06-21T23:59:59.999999999+00:00,placebo,,[],US non-specialist generic maker listed on the trade date,8,True,False,False,False,False
111,"Imipenem and Cilastatin for Injection, USP","imipenem and cilastatin for injection, usp",VTRS,US,SPY,2015-06-21,2015-06-21,,2015-06-21,2015-06-21T23:59:59.999999999+00:00,placebo,,[],US non-specialist generic maker listed on the trade date,8,True,False,False,False,False
114,Ethiodized Oil (Lipiodol) Injection,ethiodized oil (lipiodol) injection,AKRX,US,SPY,2015-07-11,2015-07-11,,2015-07-11,2015-07-11T23:59:59.999999999+00:00,winner,AKRX,[],,8,True,False,False,False,False
114,Ethiodized Oil (Lipiodol) Injection,ethiodized oil (lipiodol) injection,AMPH,US,SPY,2015-07-11,2015-07-11,,2015-07-11,2015-07-11T23:59:59.999999999+00:00,winner,AMPH,[],,8,True,False,False,False,False
114,Ethiodized Oil (Lipiodol) Injection,ethiodized oil (lipiodol) injection,ANIP,US,SPY,2015-07-11,2015-07-11,,2015-07-11,2015-07-11T23:59:59.999999999+00:00,winner,ANIP,[],,8,True,False,False,False,False
114,Ethiodized Oil (Lipiodol) Injection,ethiodized oil (lipiodol) injection,ICUI,US,SPY,2015-07-11,2015-07-11,,2015-07-11,2015-07-11T23:59:59.999999999+00:00,winner,ICUI,[],,8,True,False,False,False,False
114,Ethiodized Oil (Lipiodol) Injection,ethiodized oil (lipiodol) injection,IPXL,US,SPY,2015-07-11,2015-07-11,,2015-07-11,2015-07-11T23:59:59.999999999+00:00,winner,IPXL,[],,8,True,False,False,False,False
114,Ethiodized Oil (Lipiodol) Injection,ethiodized oil (lipiodol) injection,LCI,US,SPY,2015-07-11,2015-07-11,,2015-07-11,2015-07-11T23:59:59.999999999+00:00,winner,LCI,[],,8,True,False,False,False,False
114,Ethiodized Oil (Lipiodol) Injection,ethiodized oil (lipiodol) injection,SGNT,US,SPY,2015-07-11,2015-07-11,,2015-07-11,2015-07-11T23:59:59.999999999+00:00,winner,SGNT,[],,8,True,False,False,False,False
114,Ethiodized Oil (Lipiodol) Injection,ethiodized oil (lipiodol) injection,TLGT,US,SPY,2015-07-11,2015-07-11,,2015-07-11,2015-07-11T23:59:59.999999999+00:00,winner,TLGT,[],,8,True,False,False,False,False
114,Ethiodized Oil (Lipiodol) Injection,ethiodized oil (lipiodol) injection,BAX,US,SPY,2015-07-11,2015-07-11,,2015-07-11,2015-07-11T23:59:59.999999999+00:00,placebo,,[],US non-specialist generic maker listed on the trade date,8,True,False,False,False,False
114,Ethiodized Oil (Lipiodol) Injection,ethiodized oil (lipiodol) injection,HSP,US,SPY,2015-07-11,2015-07-11,,2015-07-11,2015-07-11T23:59:59.999999999+00:00,placebo,,[],US non-specialist generic maker listed on the trade date,8,True,False,False,False,False
114,Ethiodized Oil (Lipiodol) Injection,ethiodized oil (lipiodol) injection,PRGO,US,SPY,2015-07-11,2015-07-11,,2015-07-11,2015-07-11T23:59:59.999999999+00:00,placebo,,[],US non-specialist generic maker listed on the trade date,8,True,False,False,False,False
114,Ethiodized Oil (Lipiodol) Injection,ethiodized oil (lipiodol) injection,TEVA,US,SPY,2015-07-11,2015-07-11,,2015-07-11,2015-07-11T23:59:59.999999999+00:00,placebo,,[],US non-specialist generic maker listed on the trade date,8,True,False,False,False,False
114,Ethiodized Oil (Lipiodol) Injection,ethiodized oil (lipiodol) injection,VTRS,US,SPY,2015-07-11,2015-07-11,,2015-07-11,2015-07-11T23:59:59.999999999+00:00,placebo,,[],US non-specialist generic maker listed on the trade date,8,True,False,False,False,False
116,Cefepime Injection,cefepime injection,AKRX,US,SPY,2015-08-01,2015-08-01,,2015-08-01,2015-08-01T23:59:59.999999999+00:00,winner,AKRX,[],,8,True,False,False,False,False
116,Cefepime Injection,cefepime injection,AMPH,US,SPY,2015-08-01,2015-08-01,,2015-08-01,2015-08-01T23:59:59.999999999+00:00,winner,AMPH,[],,8,True,False,False,False,False
116,Cefepime Injection,cefepime injection,ANIP,US,SPY,2015-08-01,2015-08-01,,2015-08-01,2015-08-01T23:59:59.999999999+00:00,winner,ANIP,[],,8,True,False,False,False,False
116,Cefepime Injection,cefepime injection,ICUI,US,SPY,2015-08-01,2015-08-01,,2015-08-01,2015-08-01T23:59:59.999999999+00:00,winner,ICUI,[],,8,True,False,False,False,False
116,Cefepime Injection,cefepime injection,IPXL,US,SPY,2015-08-01,2015-08-01,,2015-08-01,2015-08-01T23:59:59.999999999+00:00,winner,IPXL,[],,8,True,False,False,False,False
116,Cefepime Injection,cefepime injection,LCI,US,SPY,2015-08-01,2015-08-01,,2015-08-01,2015-08-01T23:59:59.999999999+00:00,winner,LCI,[],,8,True,False,False,False,False
116,Cefepime Injection,cefepime injection,SGNT,US,SPY,2015-08-01,2015-08-01,,2015-08-01,2015-08-01T23:59:59.999999999+00:00,winner,SGNT,[],,8,True,False,False,False,False
116,Cefepime Injection,cefepime injection,TLGT,US,SPY,2015-08-01,2015-08-01,,2015-08-01,2015-08-01T23:59:59.999999999+00:00,winner,TLGT,[],,8,True,False,False,False,False
116,Cefepime Injection,cefepime injection,BAX,US,SPY,2015-08-01,2015-08-01,,2015-08-01,2015-08-01T23:59:59.999999999+00:00,placebo,,[],US non-specialist generic maker listed on the trade date,8,True,False,False,False,False
116,Cefepime Injection,cefepime injection,HSP,US,SPY,2015-08-01,2015-08-01,,2015-08-01,2015-08-01T23:59:59.999999999+00:00,placebo,,[],US non-specialist generic maker listed on the trade date,8,True,False,False,False,False
116,Cefepime Injection,cefepime injection,PRGO,US,SPY,2015-08-01,2015-08-01,,2015-08-01,2015-08-01T23:59:59.999999999+00:00,placebo,,[],US non-specialist generic maker listed on the trade date,8,True,False,False,False,False
116,Cefepime Injection,cefepime injection,TEVA,US,SPY,2015-08-01,2015-08-01,,2015-08-01,2015-08-01T23:59:59.999999999+00:00,placebo,,[],US non-specialist generic maker listed on the trade date,8,True,False,False,False,False
116,Cefepime Injection,cefepime injection,VTRS,US,SPY,2015-08-01,2015-08-01,,2015-08-01,2015-08-01T23:59:59.999999999+00:00,placebo,,[],US non-specialist generic maker listed on the trade date,8,True,False,False,False,False
117,Levetiracetam (Keppra) Injection,levetiracetam (keppra) injection,AKRX,US,SPY,2015-08-01,2015-08-01,,2015-08-01,2015-08-01T23:59:59.999999999+00:00,winner,AKRX,[],,8,True,False,False,False,False
117,Levetiracetam (Keppra) Injection,levetiracetam (keppra) injection,AMPH,US,SPY,2015-08-01,2015-08-01,,2015-08-01,2015-08-01T23:59:59.999999999+00:00,winner,AMPH,[],,8,True,False,False,False,False
117,Levetiracetam (Keppra) Injection,levetiracetam (keppra) injection,ANIP,US,SPY,2015-08-01,2015-08-01,,2015-08-01,2015-08-01T23:59:59.999999999+00:00,winner,ANIP,[],,8,True,False,False,False,False
117,Levetiracetam (Keppra) Injection,levetiracetam (keppra) injection,ICUI,US,SPY,2015-08-01,2015-08-01,,2015-08-01,2015-08-01T23:59:59.999999999+00:00,winner,ICUI,[],,8,True,False,False,False,False
117,Levetiracetam (Keppra) Injection,levetiracetam (keppra) injection,IPXL,US,SPY,2015-08-01,2015-08-01,,2015-08-01,2015-08-01T23:59:59.999999999+00:00,winner,IPXL,[],,8,True,False,False,False,False
117,Levetiracetam (Keppra) Injection,levetiracetam (keppra) injection,LCI,US,SPY,2015-08-01,2015-08-01,,2015-08-01,2015-08-01T23:59:59.999999999+00:00,winner,LCI,[],,8,True,False,False,False,False
117,Levetiracetam (Keppra) Injection,levetiracetam (keppra) injection,SGNT,US,SPY,2015-08-01,2015-08-01,,2015-08-01,2015-08-01T23:59:59.999999999+00:00,winner,SGNT,[],,8,True,False,False,False,False
117,Levetiracetam (Keppra) Injection,levetiracetam (keppra) injection,TLGT,US,SPY,2015-08-01,2015-08-01,,2015-08-01,2015-08-01T23:59:59.999999999+00:00,winner,TLGT,[],,8,True,False,False,False,False
117,Levetiracetam (Keppra) Injection,levetiracetam (keppra) injection,BAX,US,SPY,2015-08-01,2015-08-01,,2015-08-01,2015-08-01T23:59:59.999999999+00:00,placebo,,[],US non-specialist generic maker listed on the trade date,8,True,False,False,False,False
117,Levetiracetam (Keppra) Injection,levetiracetam (keppra) injection,HSP,US,SPY,2015-08-01,2015-08-01,,2015-08-01,2015-08-01T23:59:59.999999999+00:00,placebo,,[],US non-specialist generic maker listed on the trade date,8,True,False,False,False,False
117,Levetiracetam (Keppra) Injection,levetiracetam (keppra) injection,PRGO,US,SPY,2015-08-01,2015-08-01,,2015-08-01,2015-08-01T23:59:59.999999999+00:00,placebo,,[],US non-specialist generic maker listed on the trade date,8,True,False,False,False,False
117,Levetiracetam (Keppra) Injection,levetiracetam (keppra) injection,TEVA,US,SPY,2015-08-01,2015-08-01,,2015-08-01,2015-08-01T23:59:59.999999999+00:00,placebo,,[],US non-specialist generic maker listed on the trade date,8,True,False,False,False,False
117,Levetiracetam (Keppra) Injection,levetiracetam (keppra) injection,VTRS,US,SPY,2015-08-01,2015-08-01,,2015-08-01,2015-08-01T23:59:59.999999999+00:00,placebo,,[],US non-specialist generic maker listed on the trade date,8,True,False,False,False,False
118,"Meropenem for Injection, USP","meropenem for injection, usp",AKRX,US,SPY,2015-09-05,2015-09-05,,2015-09-05,2015-09-05T23:59:59.999999999+00:00,winner,AKRX,[],,8,True,False,False,False,False
118,"Meropenem for Injection, USP","meropenem for injection, usp",AMPH,US,SPY,2015-09-05,2015-09-05,,2015-09-05,2015-09-05T23:59:59.999999999+00:00,winner,AMPH,[],,8,True,False,False,False,False
118,"Meropenem for Injection, USP","meropenem for injection, usp",ANIP,US,SPY,2015-09-05,2015-09-05,,2015-09-05,2015-09-05T23:59:59.999999999+00:00,winner,ANIP,[],,8,True,False,False,False,False
118,"Meropenem for Injection, USP","meropenem for injection, usp",ICUI,US,SPY,2015-09-05,2015-09-05,,2015-09-05,2015-09-05T23:59:59.999999999+00:00,winner,ICUI,[],,8,True,False,False,False,False
118,"Meropenem for Injection, USP","meropenem for injection, usp",IPXL,US,SPY,2015-09-05,2015-09-05,,2015-09-05,2015-09-05T23:59:59.999999999+00:00,winner,IPXL,[],,8,True,False,False,False,False
118,"Meropenem for Injection, USP","meropenem for injection, usp",LCI,US,SPY,2015-09-05,2015-09-05,,2015-09-05,2015-09-05T23:59:59.999999999+00:00,winner,LCI,[],,8,True,False,False,False,False
118,"Meropenem for Injection, USP","meropenem for injection, usp",SGNT,US,SPY,2015-09-05,2015-09-05,,2015-09-05,2015-09-05T23:59:59.999999999+00:00,winner,SGNT,[],,8,True,False,False,False,False
118,"Meropenem for Injection, USP","meropenem for injection, usp",TLGT,US,SPY,2015-09-05,2015-09-05,,2015-09-05,2015-09-05T23:59:59.999999999+00:00,winner,TLGT,[],,8,True,False,False,False,False
118,"Meropenem for Injection, USP","meropenem for injection, usp",BAX,US,SPY,2015-09-05,2015-09-05,,2015-09-05,2015-09-05T23:59:59.999999999+00:00,placebo,,[],US non-specialist generic maker listed on the trade date,8,True,False,False,False,False
118,"Meropenem for Injection, USP","meropenem for injection, usp",PRGO,US,SPY,2015-09-05,2015-09-05,,2015-09-05,2015-09-05T23:59:59.999999999+00:00,placebo,,[],US non-specialist generic maker listed on the trade date,8,True,False,False,False,False
118,"Meropenem for Injection, USP","meropenem for injection, usp",TEVA,US,SPY,2015-09-05,2015-09-05,,2015-09-05,2015-09-05T23:59:59.999999999+00:00,placebo,,[],US non-specialist generic maker listed on the trade date,8,True,False,False,False,False
118,"Meropenem for Injection, USP","meropenem for injection, usp",VTRS,US,SPY,2015-09-05,2015-09-05,,2015-09-05,2015-09-05T23:59:59.999999999+00:00,placebo,,[],US non-specialist generic maker listed on the trade date,8,True,False,False,False,False
119,Deferoxamine Mesylate for Injection (Desferal),deferoxamine mesylate for injection (desferal),AKRX,US,SPY,2015-09-13,2015-09-13,,2015-09-13,2015-09-13T23:59:59.999999999+00:00,winner,AKRX,[],,8,False,False,False,False,False
119,Deferoxamine Mesylate for Injection (Desferal),deferoxamine mesylate for injection (desferal),AMPH,US,SPY,2015-09-13,2015-09-13,,2015-09-13,2015-09-13T23:59:59.999999999+00:00,winner,AMPH,[],,8,False,False,False,False,False
119,Deferoxamine Mesylate for Injection (Desferal),deferoxamine mesylate for injection (desferal),ANIP,US,SPY,2015-09-13,2015-09-13,,2015-09-13,2015-09-13T23:59:59.999999999+00:00,winner,ANIP,[],,8,False,False,False,False,False
119,Deferoxamine Mesylate for Injection (Desferal),deferoxamine mesylate for injection (desferal),ICUI,US,SPY,2015-09-13,2015-09-13,,2015-09-13,2015-09-13T23:59:59.999999999+00:00,winner,ICUI,[],,8,False,False,False,False,False
119,Deferoxamine Mesylate for Injection (Desferal),deferoxamine mesylate for injection (desferal),IPXL,US,SPY,2015-09-13,2015-09-13,,2015-09-13,2015-09-13T23:59:59.999999999+00:00,winner,IPXL,[],,8,False,False,False,False,False
119,Deferoxamine Mesylate for Injection (Desferal),deferoxamine mesylate for injection (desferal),LCI,US,SPY,2015-09-13,2015-09-13,,2015-09-13,2015-09-13T23:59:59.999999999+00:00,winner,LCI,[],,8,False,False,False,False,False
119,Deferoxamine Mesylate for Injection (Desferal),deferoxamine mesylate for injection (desferal),SGNT,US,SPY,2015-09-13,2015-09-13,,2015-09-13,2015-09-13T23:59:59.999999999+00:00,winner,SGNT,[],,8,False,False,False,False,False
119,Deferoxamine Mesylate for Injection (Desferal),deferoxamine mesylate for injection (desferal),TLGT,US,SPY,2015-09-13,2015-09-13,,2015-09-13,2015-09-13T23:59:59.999999999+00:00,winner,TLGT,[],,8,False,False,False,False,False
119,Deferoxamine Mesylate for Injection (Desferal),deferoxamine mesylate for injection (desferal),BAX,US,SPY,2015-09-13,2015-09-13,,2015-09-13,2015-09-13T23:59:59.999999999+00:00,placebo,,[],US non-specialist generic maker listed on the trade date,8,False,False,False,False,False
119,Deferoxamine Mesylate for Injection (Desferal),deferoxamine mesylate for injection (desferal),PRGO,US,SPY,2015-09-13,2015-09-13,,2015-09-13,2015-09-13T23:59:59.999999999+00:00,placebo,,[],US non-specialist generic maker listed on the trade date,8,False,False,False,False,False
119,Deferoxamine Mesylate for Injection (Desferal),deferoxamine mesylate for injection (desferal),TEVA,US,SPY,2015-09-13,2015-09-13,,2015-09-13,2015-09-13T23:59:59.999999999+00:00,placebo,,[],US non-specialist generic maker listed on the trade date,8,False,False,False,False,False
119,Deferoxamine Mesylate for Injection (Desferal),deferoxamine mesylate for injection (desferal),VTRS,US,SPY,2015-09-13,2015-09-13,,2015-09-13,2015-09-13T23:59:59.999999999+00:00,placebo,,[],US non-specialist generic maker listed on the trade date,8,False,False,False,False,False
120,Metoprolol Injection,metoprolol injection,AKRX,US,SPY,2015-09-13,2015-09-13,,2015-09-13,2015-09-13T23:59:59.999999999+00:00,winner,AKRX,[],,8,False,False,False,False,False
120,Metoprolol Injection,metoprolol injection,AMPH,US,SPY,2015-09-13,2015-09-13,,2015-09-13,2015-09-13T23:59:59.999999999+00:00,winner,AMPH,[],,8,False,False,False,False,False
120,Metoprolol Injection,metoprolol injection,ANIP,US,SPY,2015-09-13,2015-09-13,,2015-09-13,2015-09-13T23:59:59.999999999+00:00,winner,ANIP,[],,8,False,False,False,False,False
120,Metoprolol Injection,metoprolol injection,ICUI,US,SPY,2015-09-13,2015-09-13,,2015-09-13,2015-09-13T23:59:59.999999999+00:00,winner,ICUI,[],,8,False,False,False,False,False
120,Metoprolol Injection,metoprolol injection,IPXL,US,SPY,2015-09-13,2015-09-13,,2015-09-13,2015-09-13T23:59:59.999999999+00:00,winner,IPXL,[],,8,False,False,False,False,False
120,Metoprolol Injection,metoprolol injection,LCI,US,SPY,2015-09-13,2015-09-13,,2015-09-13,2015-09-13T23:59:59.999999999+00:00,winner,LCI,[],,8,False,False,False,False,False
120,Metoprolol Injection,metoprolol injection,SGNT,US,SPY,2015-09-13,2015-09-13,,2015-09-13,2015-09-13T23:59:59.999999999+00:00,winner,SGNT,[],,8,False,False,False,False,False
120,Metoprolol Injection,metoprolol injection,TLGT,US,SPY,2015-09-13,2015-09-13,,2015-09-13,2015-09-13T23:59:59.999999999+00:00,winner,TLGT,[],,8,False,False,False,False,False
120,Metoprolol Injection,metoprolol injection,BAX,US,SPY,2015-09-13,2015-09-13,,2015-09-13,2015-09-13T23:59:59.999999999+00:00,placebo,,[],US non-specialist generic maker listed on the trade date,8,False,False,False,False,False
120,Metoprolol Injection,metoprolol injection,PRGO,US,SPY,2015-09-13,2015-09-13,,2015-09-13,2015-09-13T23:59:59.999999999+00:00,placebo,,[],US non-specialist generic maker listed on the trade date,8,False,False,False,False,False
120,Metoprolol Injection,metoprolol injection,TEVA,US,SPY,2015-09-13,2015-09-13,,2015-09-13,2015-09-13T23:59:59.999999999+00:00,placebo,,[],US non-specialist generic maker listed on the trade date,8,False,False,False,False,False
120,Metoprolol Injection,metoprolol injection,VTRS,US,SPY,2015-09-13,2015-09-13,,2015-09-13,2015-09-13T23:59:59.999999999+00:00,placebo,,[],US non-specialist generic maker listed on the trade date,8,False,False,False,False,False
123,Indigotindisulfonate Sodium (Indigo Carmine) Injection,indigotindisulfonate sodium (indigo carmine) injection,AKRX,US,SPY,2015-11-21,2015-11-21,,2015-11-21,2015-11-21T23:59:59.999999999+00:00,winner,AKRX,[],,9,False,False,False,False,False
123,Indigotindisulfonate Sodium (Indigo Carmine) Injection,indigotindisulfonate sodium (indigo carmine) injection,AMPH,US,SPY,2015-11-21,2015-11-21,,2015-11-21,2015-11-21T23:59:59.999999999+00:00,winner,AMPH,[],,9,False,False,False,False,False
123,Indigotindisulfonate Sodium (Indigo Carmine) Injection,indigotindisulfonate sodium (indigo carmine) injection,ANIP,US,SPY,2015-11-21,2015-11-21,,2015-11-21,2015-11-21T23:59:59.999999999+00:00,winner,ANIP,[],,9,False,False,False,False,False
123,Indigotindisulfonate Sodium (Indigo Carmine) Injection,indigotindisulfonate sodium (indigo carmine) injection,ENDP,US,SPY,2015-11-21,2015-11-21,,2015-11-21,2015-11-21T23:59:59.999999999+00:00,winner,ENDP,[],,9,False,False,False,False,False
123,Indigotindisulfonate Sodium (Indigo Carmine) Injection,indigotindisulfonate sodium (indigo carmine) injection,ICUI,US,SPY,2015-11-21,2015-11-21,,2015-11-21,2015-11-21T23:59:59.999999999+00:00,winner,ICUI,[],,9,False,False,False,False,False
123,Indigotindisulfonate Sodium (Indigo Carmine) Injection,indigotindisulfonate sodium (indigo carmine) injection,IPXL,US,SPY,2015-11-21,2015-11-21,,2015-11-21,2015-11-21T23:59:59.999999999+00:00,winner,IPXL,[],,9,False,False,False,False,False
123,Indigotindisulfonate Sodium (Indigo Carmine) Injection,indigotindisulfonate sodium (indigo carmine) injection,LCI,US,SPY,2015-11-21,2015-11-21,,2015-11-21,2015-11-21T23:59:59.999999999+00:00,winner,LCI,[],,9,False,False,False,False,False
123,Indigotindisulfonate Sodium (Indigo Carmine) Injection,indigotindisulfonate sodium (indigo carmine) injection,SGNT,US,SPY,2015-11-21,2015-11-21,,2015-11-21,2015-11-21T23:59:59.999999999+00:00,winner,SGNT,[],,9,False,False,False,False,False
123,Indigotindisulfonate Sodium (Indigo Carmine) Injection,indigotindisulfonate sodium (indigo carmine) injection,TLGT,US,SPY,2015-11-21,2015-11-21,,2015-11-21,2015-11-21T23:59:59.999999999+00:00,winner,TLGT,[],,9,False,False,False,False,False
123,Indigotindisulfonate Sodium (Indigo Carmine) Injection,indigotindisulfonate sodium (indigo carmine) injection,BAX,US,SPY,2015-11-21,2015-11-21,,2015-11-21,2015-11-21T23:59:59.999999999+00:00,placebo,,[],US non-specialist generic maker listed on the trade date,9,False,False,False,False,False
123,Indigotindisulfonate Sodium (Indigo Carmine) Injection,indigotindisulfonate sodium (indigo carmine) injection,PRGO,US,SPY,2015-11-21,2015-11-21,,2015-11-21,2015-11-21T23:59:59.999999999+00:00,placebo,,[],US non-specialist generic maker listed on the trade date,9,False,False,False,False,False
123,Indigotindisulfonate Sodium (Indigo Carmine) Injection,indigotindisulfonate sodium (indigo carmine) injection,TEVA,US,SPY,2015-11-21,2015-11-21,,2015-11-21,2015-11-21T23:59:59.999999999+00:00,placebo,,[],US non-specialist generic maker listed on the trade date,9,False,False,False,False,False
123,Indigotindisulfonate Sodium (Indigo Carmine) Injection,indigotindisulfonate sodium (indigo carmine) injection,VTRS,US,SPY,2015-11-21,2015-11-21,,2015-11-21,2015-11-21T23:59:59.999999999+00:00,placebo,,[],US non-specialist generic maker listed on the trade date,9,False,False,False,False,False
125,Eptifibatide (Integrilin) Injection,eptifibatide (integrilin) injection,AKRX,US,SPY,2016-01-03,2016-01-03,,2016-01-03,2016-01-03T23:59:59.999999999+00:00,winner,AKRX,[],,9,True,False,False,False,False
125,Eptifibatide (Integrilin) Injection,eptifibatide (integrilin) injection,AMPH,US,SPY,2016-01-03,2016-01-03,,2016-01-03,2016-01-03T23:59:59.999999999+00:00,winner,AMPH,[],,9,True,False,False,False,False
125,Eptifibatide (Integrilin) Injection,eptifibatide (integrilin) injection,ANIP,US,SPY,2016-01-03,2016-01-03,,2016-01-03,2016-01-03T23:59:59.999999999+00:00,winner,ANIP,[],,9,True,False,False,False,False
125,Eptifibatide (Integrilin) Injection,eptifibatide (integrilin) injection,ENDP,US,SPY,2016-01-03,2016-01-03,,2016-01-03,2016-01-03T23:59:59.999999999+00:00,winner,ENDP,[],,9,True,False,False,False,False
125,Eptifibatide (Integrilin) Injection,eptifibatide (integrilin) injection,ICUI,US,SPY,2016-01-03,2016-01-03,,2016-01-03,2016-01-03T23:59:59.999999999+00:00,winner,ICUI,[],,9,True,False,False,False,False
125,Eptifibatide (Integrilin) Injection,eptifibatide (integrilin) injection,IPXL,US,SPY,2016-01-03,2016-01-03,,2016-01-03,2016-01-03T23:59:59.999999999+00:00,winner,IPXL,[],,9,True,False,False,False,False
125,Eptifibatide (Integrilin) Injection,eptifibatide (integrilin) injection,LCI,US,SPY,2016-01-03,2016-01-03,,2016-01-03,2016-01-03T23:59:59.999999999+00:00,winner,LCI,[],,9,True,False,False,False,False
125,Eptifibatide (Integrilin) Injection,eptifibatide (integrilin) injection,SGNT,US,SPY,2016-01-03,2016-01-03,,2016-01-03,2016-01-03T23:59:59.999999999+00:00,winner,SGNT,[],,9,True,False,False,False,False
125,Eptifibatide (Integrilin) Injection,eptifibatide (integrilin) injection,TLGT,US,SPY,2016-01-03,2016-01-03,,2016-01-03,2016-01-03T23:59:59.999999999+00:00,winner,TLGT,[],,9,True,False,False,False,False
125,Eptifibatide (Integrilin) Injection,eptifibatide (integrilin) injection,BAX,US,SPY,2016-01-03,2016-01-03,,2016-01-03,2016-01-03T23:59:59.999999999+00:00,placebo,,[],US non-specialist generic maker listed on the trade date,9,True,False,False,False,False
125,Eptifibatide (Integrilin) Injection,eptifibatide (integrilin) injection,PRGO,US,SPY,2016-01-03,2016-01-03,,2016-01-03,2016-01-03T23:59:59.999999999+00:00,placebo,,[],US non-specialist generic maker listed on the trade date,9,True,False,False,False,False
125,Eptifibatide (Integrilin) Injection,eptifibatide (integrilin) injection,TEVA,US,SPY,2016-01-03,2016-01-03,,2016-01-03,2016-01-03T23:59:59.999999999+00:00,placebo,,[],US non-specialist generic maker listed on the trade date,9,True,False,False,False,False
125,Eptifibatide (Integrilin) Injection,eptifibatide (integrilin) injection,VTRS,US,SPY,2016-01-03,2016-01-03,,2016-01-03,2016-01-03T23:59:59.999999999+00:00,placebo,,[],US non-specialist generic maker listed on the trade date,9,True,False,False,False,False
126,LifeCare PCA™ Sterile Empty Vial and Injector,lifecare pca™ sterile empty vial and injector,AKRX,US,SPY,2016-01-03,2016-01-03,,2016-01-03,2016-01-03T23:59:59.999999999+00:00,winner,AKRX,[],,9,True,False,False,False,False
126,LifeCare PCA™ Sterile Empty Vial and Injector,lifecare pca™ sterile empty vial and injector,AMPH,US,SPY,2016-01-03,2016-01-03,,2016-01-03,2016-01-03T23:59:59.999999999+00:00,winner,AMPH,[],,9,True,False,False,False,False
126,LifeCare PCA™ Sterile Empty Vial and Injector,lifecare pca™ sterile empty vial and injector,ANIP,US,SPY,2016-01-03,2016-01-03,,2016-01-03,2016-01-03T23:59:59.999999999+00:00,winner,ANIP,[],,9,True,False,False,False,False
126,LifeCare PCA™ Sterile Empty Vial and Injector,lifecare pca™ sterile empty vial and injector,ENDP,US,SPY,2016-01-03,2016-01-03,,2016-01-03,2016-01-03T23:59:59.999999999+00:00,winner,ENDP,[],,9,True,False,False,False,False
126,LifeCare PCA™ Sterile Empty Vial and Injector,lifecare pca™ sterile empty vial and injector,ICUI,US,SPY,2016-01-03,2016-01-03,,2016-01-03,2016-01-03T23:59:59.999999999+00:00,winner,ICUI,[],,9,True,False,False,False,False
126,LifeCare PCA™ Sterile Empty Vial and Injector,lifecare pca™ sterile empty vial and injector,IPXL,US,SPY,2016-01-03,2016-01-03,,2016-01-03,2016-01-03T23:59:59.999999999+00:00,winner,IPXL,[],,9,True,False,False,False,False
126,LifeCare PCA™ Sterile Empty Vial and Injector,lifecare pca™ sterile empty vial and injector,LCI,US,SPY,2016-01-03,2016-01-03,,2016-01-03,2016-01-03T23:59:59.999999999+00:00,winner,LCI,[],,9,True,False,False,False,False
126,LifeCare PCA™ Sterile Empty Vial and Injector,lifecare pca™ sterile empty vial and injector,SGNT,US,SPY,2016-01-03,2016-01-03,,2016-01-03,2016-01-03T23:59:59.999999999+00:00,winner,SGNT,[],,9,True,False,False,False,False
126,LifeCare PCA™ Sterile Empty Vial and Injector,lifecare pca™ sterile empty vial and injector,TLGT,US,SPY,2016-01-03,2016-01-03,,2016-01-03,2016-01-03T23:59:59.999999999+00:00,winner,TLGT,[],,9,True,False,False,False,False
126,LifeCare PCA™ Sterile Empty Vial and Injector,lifecare pca™ sterile empty vial and injector,BAX,US,SPY,2016-01-03,2016-01-03,,2016-01-03,2016-01-03T23:59:59.999999999+00:00,placebo,,[],US non-specialist generic maker listed on the trade date,9,True,False,False,False,False
126,LifeCare PCA™ Sterile Empty Vial and Injector,lifecare pca™ sterile empty vial and injector,PRGO,US,SPY,2016-01-03,2016-01-03,,2016-01-03,2016-01-03T23:59:59.999999999+00:00,placebo,,[],US non-specialist generic maker listed on the trade date,9,True,False,False,False,False
126,LifeCare PCA™ Sterile Empty Vial and Injector,lifecare pca™ sterile empty vial and injector,TEVA,US,SPY,2016-01-03,2016-01-03,,2016-01-03,2016-01-03T23:59:59.999999999+00:00,placebo,,[],US non-specialist generic maker listed on the trade date,9,True,False,False,False,False
126,LifeCare PCA™ Sterile Empty Vial and Injector,lifecare pca™ sterile empty vial and injector,VTRS,US,SPY,2016-01-03,2016-01-03,,2016-01-03,2016-01-03T23:59:59.999999999+00:00,placebo,,[],US non-specialist generic maker listed on the trade date,9,True,False,False,False,False
127,"Morphine Sulfate Injection, USP, CII, (Preservative-Free)(For PCA Use Only)","morphine sulfate injection, usp, cii, (preservative-free)(for pca use only)",AKRX,US,SPY,2016-01-03,2016-01-03,,2016-01-03,2016-01-03T23:59:59.999999999+00:00,winner,AKRX,[],,9,True,False,False,False,False
127,"Morphine Sulfate Injection, USP, CII, (Preservative-Free)(For PCA Use Only)","morphine sulfate injection, usp, cii, (preservative-free)(for pca use only)",AMPH,US,SPY,2016-01-03,2016-01-03,,2016-01-03,2016-01-03T23:59:59.999999999+00:00,winner,AMPH,[],,9,True,False,False,False,False
127,"Morphine Sulfate Injection, USP, CII, (Preservative-Free)(For PCA Use Only)","morphine sulfate injection, usp, cii, (preservative-free)(for pca use only)",ANIP,US,SPY,2016-01-03,2016-01-03,,2016-01-03,2016-01-03T23:59:59.999999999+00:00,winner,ANIP,[],,9,True,False,False,False,False
127,"Morphine Sulfate Injection, USP, CII, (Preservative-Free)(For PCA Use Only)","morphine sulfate injection, usp, cii, (preservative-free)(for pca use only)",ENDP,US,SPY,2016-01-03,2016-01-03,,2016-01-03,2016-01-03T23:59:59.999999999+00:00,winner,ENDP,[],,9,True,False,False,False,False
127,"Morphine Sulfate Injection, USP, CII, (Preservative-Free)(For PCA Use Only)","morphine sulfate injection, usp, cii, (preservative-free)(for pca use only)",ICUI,US,SPY,2016-01-03,2016-01-03,,2016-01-03,2016-01-03T23:59:59.999999999+00:00,winner,ICUI,[],,9,True,False,False,False,False
127,"Morphine Sulfate Injection, USP, CII, (Preservative-Free)(For PCA Use Only)","morphine sulfate injection, usp, cii, (preservative-free)(for pca use only)",IPXL,US,SPY,2016-01-03,2016-01-03,,2016-01-03,2016-01-03T23:59:59.999999999+00:00,winner,IPXL,[],,9,True,False,False,False,False
127,"Morphine Sulfate Injection, USP, CII, (Preservative-Free)(For PCA Use Only)","morphine sulfate injection, usp, cii, (preservative-free)(for pca use only)",LCI,US,SPY,2016-01-03,2016-01-03,,2016-01-03,2016-01-03T23:59:59.999999999+00:00,winner,LCI,[],,9,True,False,False,False,False
127,"Morphine Sulfate Injection, USP, CII, (Preservative-Free)(For PCA Use Only)","morphine sulfate injection, usp, cii, (preservative-free)(for pca use only)",SGNT,US,SPY,2016-01-03,2016-01-03,,2016-01-03,2016-01-03T23:59:59.999999999+00:00,winner,SGNT,[],,9,True,False,False,False,False
127,"Morphine Sulfate Injection, USP, CII, (Preservative-Free)(For PCA Use Only)","morphine sulfate injection, usp, cii, (preservative-free)(for pca use only)",TLGT,US,SPY,2016-01-03,2016-01-03,,2016-01-03,2016-01-03T23:59:59.999999999+00:00,winner,TLGT,[],,9,True,False,False,False,False
127,"Morphine Sulfate Injection, USP, CII, (Preservative-Free)(For PCA Use Only)","morphine sulfate injection, usp, cii, (preservative-free)(for pca use only)",BAX,US,SPY,2016-01-03,2016-01-03,,2016-01-03,2016-01-03T23:59:59.999999999+00:00,placebo,,[],US non-specialist generic maker listed on the trade date,9,True,False,False,False,False
127,"Morphine Sulfate Injection, USP, CII, (Preservative-Free)(For PCA Use Only)","morphine sulfate injection, usp, cii, (preservative-free)(for pca use only)",PRGO,US,SPY,2016-01-03,2016-01-03,,2016-01-03,2016-01-03T23:59:59.999999999+00:00,placebo,,[],US non-specialist generic maker listed on the trade date,9,True,False,False,False,False
127,"Morphine Sulfate Injection, USP, CII, (Preservative-Free)(For PCA Use Only)","morphine sulfate injection, usp, cii, (preservative-free)(for pca use only)",TEVA,US,SPY,2016-01-03,2016-01-03,,2016-01-03,2016-01-03T23:59:59.999999999+00:00,placebo,,[],US non-specialist generic maker listed on the trade date,9,True,False,False,False,False
127,"Morphine Sulfate Injection, USP, CII, (Preservative-Free)(For PCA Use Only)","morphine sulfate injection, usp, cii, (preservative-free)(for pca use only)",VTRS,US,SPY,2016-01-03,2016-01-03,,2016-01-03,2016-01-03T23:59:59.999999999+00:00,placebo,,[],US non-specialist generic maker listed on the trade date,9,True,False,False,False,False
128,Tigecycline (Tygacil) Injection,tigecycline (tygacil) injection,AKRX,US,SPY,2016-01-03,2016-01-03,,2016-01-03,2016-01-03T23:59:59.999999999+00:00,winner,AKRX,[],,9,True,False,False,False,False
128,Tigecycline (Tygacil) Injection,tigecycline (tygacil) injection,AMPH,US,SPY,2016-01-03,2016-01-03,,2016-01-03,2016-01-03T23:59:59.999999999+00:00,winner,AMPH,[],,9,True,False,False,False,False
128,Tigecycline (Tygacil) Injection,tigecycline (tygacil) injection,ANIP,US,SPY,2016-01-03,2016-01-03,,2016-01-03,2016-01-03T23:59:59.999999999+00:00,winner,ANIP,[],,9,True,False,False,False,False
128,Tigecycline (Tygacil) Injection,tigecycline (tygacil) injection,ENDP,US,SPY,2016-01-03,2016-01-03,,2016-01-03,2016-01-03T23:59:59.999999999+00:00,winner,ENDP,[],,9,True,False,False,False,False
128,Tigecycline (Tygacil) Injection,tigecycline (tygacil) injection,ICUI,US,SPY,2016-01-03,2016-01-03,,2016-01-03,2016-01-03T23:59:59.999999999+00:00,winner,ICUI,[],,9,True,False,False,False,False
128,Tigecycline (Tygacil) Injection,tigecycline (tygacil) injection,IPXL,US,SPY,2016-01-03,2016-01-03,,2016-01-03,2016-01-03T23:59:59.999999999+00:00,winner,IPXL,[],,9,True,False,False,False,False
128,Tigecycline (Tygacil) Injection,tigecycline (tygacil) injection,LCI,US,SPY,2016-01-03,2016-01-03,,2016-01-03,2016-01-03T23:59:59.999999999+00:00,winner,LCI,[],,9,True,False,False,False,False
128,Tigecycline (Tygacil) Injection,tigecycline (tygacil) injection,SGNT,US,SPY,2016-01-03,2016-01-03,,2016-01-03,2016-01-03T23:59:59.999999999+00:00,winner,SGNT,[],,9,True,False,False,False,False
128,Tigecycline (Tygacil) Injection,tigecycline (tygacil) injection,TLGT,US,SPY,2016-01-03,2016-01-03,,2016-01-03,2016-01-03T23:59:59.999999999+00:00,winner,TLGT,[],,9,True,False,False,False,False
128,Tigecycline (Tygacil) Injection,tigecycline (tygacil) injection,BAX,US,SPY,2016-01-03,2016-01-03,,2016-01-03,2016-01-03T23:59:59.999999999+00:00,placebo,,[],US non-specialist generic maker listed on the trade date,9,True,False,False,False,False
128,Tigecycline (Tygacil) Injection,tigecycline (tygacil) injection,PRGO,US,SPY,2016-01-03,2016-01-03,,2016-01-03,2016-01-03T23:59:59.999999999+00:00,placebo,,[],US non-specialist generic maker listed on the trade date,9,True,False,False,False,False
128,Tigecycline (Tygacil) Injection,tigecycline (tygacil) injection,TEVA,US,SPY,2016-01-03,2016-01-03,,2016-01-03,2016-01-03T23:59:59.999999999+00:00,placebo,,[],US non-specialist generic maker listed on the trade date,9,True,False,False,False,False
128,Tigecycline (Tygacil) Injection,tigecycline (tygacil) injection,VTRS,US,SPY,2016-01-03,2016-01-03,,2016-01-03,2016-01-03T23:59:59.999999999+00:00,placebo,,[],US non-specialist generic maker listed on the trade date,9,True,False,False,False,False
130,Desmopressin Acetate Injection,desmopressin acetate injection,AKRX,US,SPY,2016-01-13,2016-01-13,,2016-01-13,2016-01-13T23:59:59.999999999+00:00,winner,AKRX,[],,9,False,False,False,False,False
130,Desmopressin Acetate Injection,desmopressin acetate injection,AMPH,US,SPY,2016-01-13,2016-01-13,,2016-01-13,2016-01-13T23:59:59.999999999+00:00,winner,AMPH,[],,9,False,False,False,False,False
130,Desmopressin Acetate Injection,desmopressin acetate injection,ANIP,US,SPY,2016-01-13,2016-01-13,,2016-01-13,2016-01-13T23:59:59.999999999+00:00,winner,ANIP,[],,9,False,False,False,False,False
130,Desmopressin Acetate Injection,desmopressin acetate injection,ENDP,US,SPY,2016-01-13,2016-01-13,,2016-01-13,2016-01-13T23:59:59.999999999+00:00,winner,ENDP,[],,9,False,False,False,False,False
130,Desmopressin Acetate Injection,desmopressin acetate injection,ICUI,US,SPY,2016-01-13,2016-01-13,,2016-01-13,2016-01-13T23:59:59.999999999+00:00,winner,ICUI,[],,9,False,False,False,False,False
130,Desmopressin Acetate Injection,desmopressin acetate injection,IPXL,US,SPY,2016-01-13,2016-01-13,,2016-01-13,2016-01-13T23:59:59.999999999+00:00,winner,IPXL,[],,9,False,False,False,False,False
130,Desmopressin Acetate Injection,desmopressin acetate injection,LCI,US,SPY,2016-01-13,2016-01-13,,2016-01-13,2016-01-13T23:59:59.999999999+00:00,winner,LCI,[],,9,False,False,False,False,False
130,Desmopressin Acetate Injection,desmopressin acetate injection,SGNT,US,SPY,2016-01-13,2016-01-13,,2016-01-13,2016-01-13T23:59:59.999999999+00:00,winner,SGNT,[],,9,False,False,False,False,False
130,Desmopressin Acetate Injection,desmopressin acetate injection,TLGT,US,SPY,2016-01-13,2016-01-13,,2016-01-13,2016-01-13T23:59:59.999999999+00:00,winner,TLGT,[],,9,False,False,False,False,False
130,Desmopressin Acetate Injection,desmopressin acetate injection,BAX,US,SPY,2016-01-13,2016-01-13,,2016-01-13,2016-01-13T23:59:59.999999999+00:00,placebo,,[],US non-specialist generic maker listed on the trade date,9,False,False,False,False,False
130,Desmopressin Acetate Injection,desmopressin acetate injection,PRGO,US,SPY,2016-01-13,2016-01-13,,2016-01-13,2016-01-13T23:59:59.999999999+00:00,placebo,,[],US non-specialist generic maker listed on the trade date,9,False,False,False,False,False
130,Desmopressin Acetate Injection,desmopressin acetate injection,TEVA,US,SPY,2016-01-13,2016-01-13,,2016-01-13,2016-01-13T23:59:59.999999999+00:00,placebo,,[],US non-specialist generic maker listed on the trade date,9,False,False,False,False,False
130,Desmopressin Acetate Injection,desmopressin acetate injection,VTRS,US,SPY,2016-01-13,2016-01-13,,2016-01-13,2016-01-13T23:59:59.999999999+00:00,placebo,,[],US non-specialist generic maker listed on the trade date,9,False,False,False,False,False
131,"Potassium Acetate Injection, USP","potassium acetate injection, usp",AKRX,US,SPY,2016-03-06,2016-03-06,,2016-03-06,2016-03-06T23:59:59.999999999+00:00,winner,AKRX,[],,9,True,False,False,False,False
131,"Potassium Acetate Injection, USP","potassium acetate injection, usp",AMPH,US,SPY,2016-03-06,2016-03-06,,2016-03-06,2016-03-06T23:59:59.999999999+00:00,winner,AMPH,[],,9,True,False,False,False,False
131,"Potassium Acetate Injection, USP","potassium acetate injection, usp",ANIP,US,SPY,2016-03-06,2016-03-06,,2016-03-06,2016-03-06T23:59:59.999999999+00:00,winner,ANIP,[],,9,True,False,False,False,False
131,"Potassium Acetate Injection, USP","potassium acetate injection, usp",ENDP,US,SPY,2016-03-06,2016-03-06,,2016-03-06,2016-03-06T23:59:59.999999999+00:00,winner,ENDP,[],,9,True,False,False,False,False
131,"Potassium Acetate Injection, USP","potassium acetate injection, usp",ICUI,US,SPY,2016-03-06,2016-03-06,,2016-03-06,2016-03-06T23:59:59.999999999+00:00,winner,ICUI,[],,9,True,False,False,False,False
131,"Potassium Acetate Injection, USP","potassium acetate injection, usp",IPXL,US,SPY,2016-03-06,2016-03-06,,2016-03-06,2016-03-06T23:59:59.999999999+00:00,winner,IPXL,[],,9,True,False,False,False,False
131,"Potassium Acetate Injection, USP","potassium acetate injection, usp",LCI,US,SPY,2016-03-06,2016-03-06,,2016-03-06,2016-03-06T23:59:59.999999999+00:00,winner,LCI,[],,9,True,False,False,False,False
131,"Potassium Acetate Injection, USP","potassium acetate injection, usp",SGNT,US,SPY,2016-03-06,2016-03-06,,2016-03-06,2016-03-06T23:59:59.999999999+00:00,winner,SGNT,[],,9,True,False,False,False,False
131,"Potassium Acetate Injection, USP","potassium acetate injection, usp",TLGT,US,SPY,2016-03-06,2016-03-06,,2016-03-06,2016-03-06T23:59:59.999999999+00:00,winner,TLGT,[],,9,True,False,False,False,False
131,"Potassium Acetate Injection, USP","potassium acetate injection, usp",BAX,US,SPY,2016-03-06,2016-03-06,,2016-03-06,2016-03-06T23:59:59.999999999+00:00,placebo,,[],US non-specialist generic maker listed on the trade date,9,True,False,False,False,False
131,"Potassium Acetate Injection, USP","potassium acetate injection, usp",PRGO,US,SPY,2016-03-06,2016-03-06,,2016-03-06,2016-03-06T23:59:59.999999999+00:00,placebo,,[],US non-specialist generic maker listed on the trade date,9,True,False,False,False,False
131,"Potassium Acetate Injection, USP","potassium acetate injection, usp",TEVA,US,SPY,2016-03-06,2016-03-06,,2016-03-06,2016-03-06T23:59:59.999999999+00:00,placebo,,[],US non-specialist generic maker listed on the trade date,9,True,False,False,False,False
131,"Potassium Acetate Injection, USP","potassium acetate injection, usp",VTRS,US,SPY,2016-03-06,2016-03-06,,2016-03-06,2016-03-06T23:59:59.999999999+00:00,placebo,,[],US non-specialist generic maker listed on the trade date,9,True,False,False,False,False
132,"Sodium Acetate Injection, USP","sodium acetate injection, usp",AKRX,US,SPY,2016-03-06,2016-03-06,,2016-03-06,2016-03-06T23:59:59.999999999+00:00,winner,AKRX,[],,9,True,False,False,False,False
132,"Sodium Acetate Injection, USP","sodium acetate injection, usp",AMPH,US,SPY,2016-03-06,2016-03-06,,2016-03-06,2016-03-06T23:59:59.999999999+00:00,winner,AMPH,[],,9,True,False,False,False,False
132,"Sodium Acetate Injection, USP","sodium acetate injection, usp",ANIP,US,SPY,2016-03-06,2016-03-06,,2016-03-06,2016-03-06T23:59:59.999999999+00:00,winner,ANIP,[],,9,True,False,False,False,False
132,"Sodium Acetate Injection, USP","sodium acetate injection, usp",ENDP,US,SPY,2016-03-06,2016-03-06,,2016-03-06,2016-03-06T23:59:59.999999999+00:00,winner,ENDP,[],,9,True,False,False,False,False
132,"Sodium Acetate Injection, USP","sodium acetate injection, usp",ICUI,US,SPY,2016-03-06,2016-03-06,,2016-03-06,2016-03-06T23:59:59.999999999+00:00,winner,ICUI,[],,9,True,False,False,False,False
132,"Sodium Acetate Injection, USP","sodium acetate injection, usp",IPXL,US,SPY,2016-03-06,2016-03-06,,2016-03-06,2016-03-06T23:59:59.999999999+00:00,winner,IPXL,[],,9,True,False,False,False,False
132,"Sodium Acetate Injection, USP","sodium acetate injection, usp",LCI,US,SPY,2016-03-06,2016-03-06,,2016-03-06,2016-03-06T23:59:59.999999999+00:00,winner,LCI,[],,9,True,False,False,False,False
132,"Sodium Acetate Injection, USP","sodium acetate injection, usp",SGNT,US,SPY,2016-03-06,2016-03-06,,2016-03-06,2016-03-06T23:59:59.999999999+00:00,winner,SGNT,[],,9,True,False,False,False,False
132,"Sodium Acetate Injection, USP","sodium acetate injection, usp",TLGT,US,SPY,2016-03-06,2016-03-06,,2016-03-06,2016-03-06T23:59:59.999999999+00:00,winner,TLGT,[],,9,True,False,False,False,False
132,"Sodium Acetate Injection, USP","sodium acetate injection, usp",BAX,US,SPY,2016-03-06,2016-03-06,,2016-03-06,2016-03-06T23:59:59.999999999+00:00,placebo,,[],US non-specialist generic maker listed on the trade date,9,True,False,False,False,False
132,"Sodium Acetate Injection, USP","sodium acetate injection, usp",PRGO,US,SPY,2016-03-06,2016-03-06,,2016-03-06,2016-03-06T23:59:59.999999999+00:00,placebo,,[],US non-specialist generic maker listed on the trade date,9,True,False,False,False,False
132,"Sodium Acetate Injection, USP","sodium acetate injection, usp",TEVA,US,SPY,2016-03-06,2016-03-06,,2016-03-06,2016-03-06T23:59:59.999999999+00:00,placebo,,[],US non-specialist generic maker listed on the trade date,9,True,False,False,False,False
132,"Sodium Acetate Injection, USP","sodium acetate injection, usp",VTRS,US,SPY,2016-03-06,2016-03-06,,2016-03-06,2016-03-06T23:59:59.999999999+00:00,placebo,,[],US non-specialist generic maker listed on the trade date,9,True,False,False,False,False
133,"Sodium Bicarbonate Injection, USP","sodium bicarbonate injection, usp",AKRX,US,SPY,2016-03-06,2016-03-06,,2016-03-06,2016-03-06T23:59:59.999999999+00:00,winner,AKRX,[],,9,True,False,False,False,False
133,"Sodium Bicarbonate Injection, USP","sodium bicarbonate injection, usp",AMPH,US,SPY,2016-03-06,2016-03-06,,2016-03-06,2016-03-06T23:59:59.999999999+00:00,winner,AMPH,[],,9,True,False,False,False,False
133,"Sodium Bicarbonate Injection, USP","sodium bicarbonate injection, usp",ANIP,US,SPY,2016-03-06,2016-03-06,,2016-03-06,2016-03-06T23:59:59.999999999+00:00,winner,ANIP,[],,9,True,False,False,False,False
133,"Sodium Bicarbonate Injection, USP","sodium bicarbonate injection, usp",ENDP,US,SPY,2016-03-06,2016-03-06,,2016-03-06,2016-03-06T23:59:59.999999999+00:00,winner,ENDP,[],,9,True,False,False,False,False
133,"Sodium Bicarbonate Injection, USP","sodium bicarbonate injection, usp",ICUI,US,SPY,2016-03-06,2016-03-06,,2016-03-06,2016-03-06T23:59:59.999999999+00:00,winner,ICUI,[],,9,True,False,False,False,False
133,"Sodium Bicarbonate Injection, USP","sodium bicarbonate injection, usp",IPXL,US,SPY,2016-03-06,2016-03-06,,2016-03-06,2016-03-06T23:59:59.999999999+00:00,winner,IPXL,[],,9,True,False,False,False,False
133,"Sodium Bicarbonate Injection, USP","sodium bicarbonate injection, usp",LCI,US,SPY,2016-03-06,2016-03-06,,2016-03-06,2016-03-06T23:59:59.999999999+00:00,winner,LCI,[],,9,True,False,False,False,False
133,"Sodium Bicarbonate Injection, USP","sodium bicarbonate injection, usp",SGNT,US,SPY,2016-03-06,2016-03-06,,2016-03-06,2016-03-06T23:59:59.999999999+00:00,winner,SGNT,[],,9,True,False,False,False,False
133,"Sodium Bicarbonate Injection, USP","sodium bicarbonate injection, usp",TLGT,US,SPY,2016-03-06,2016-03-06,,2016-03-06,2016-03-06T23:59:59.999999999+00:00,winner,TLGT,[],,9,True,False,False,False,False
133,"Sodium Bicarbonate Injection, USP","sodium bicarbonate injection, usp",BAX,US,SPY,2016-03-06,2016-03-06,,2016-03-06,2016-03-06T23:59:59.999999999+00:00,placebo,,[],US non-specialist generic maker listed on the trade date,9,True,False,False,False,False
133,"Sodium Bicarbonate Injection, USP","sodium bicarbonate injection, usp",PRGO,US,SPY,2016-03-06,2016-03-06,,2016-03-06,2016-03-06T23:59:59.999999999+00:00,placebo,,[],US non-specialist generic maker listed on the trade date,9,True,False,False,False,False
133,"Sodium Bicarbonate Injection, USP","sodium bicarbonate injection, usp",TEVA,US,SPY,2016-03-06,2016-03-06,,2016-03-06,2016-03-06T23:59:59.999999999+00:00,placebo,,[],US non-specialist generic maker listed on the trade date,9,True,False,False,False,False
133,"Sodium Bicarbonate Injection, USP","sodium bicarbonate injection, usp",VTRS,US,SPY,2016-03-06,2016-03-06,,2016-03-06,2016-03-06T23:59:59.999999999+00:00,placebo,,[],US non-specialist generic maker listed on the trade date,9,True,False,False,False,False
135,"Methylprednisolone Sodium Succinate for Injection, USP","methylprednisolone sodium succinate for injection, usp",AKRX,US,SPY,2016-03-19,2016-03-19,,2016-03-19,2016-03-19T23:59:59.999999999+00:00,winner,AKRX,[],,9,False,False,False,False,False
135,"Methylprednisolone Sodium Succinate for Injection, USP","methylprednisolone sodium succinate for injection, usp",AMPH,US,SPY,2016-03-19,2016-03-19,,2016-03-19,2016-03-19T23:59:59.999999999+00:00,winner,AMPH,[],,9,False,False,False,False,False
135,"Methylprednisolone Sodium Succinate for Injection, USP","methylprednisolone sodium succinate for injection, usp",ANIP,US,SPY,2016-03-19,2016-03-19,,2016-03-19,2016-03-19T23:59:59.999999999+00:00,winner,ANIP,[],,9,False,False,False,False,False
135,"Methylprednisolone Sodium Succinate for Injection, USP","methylprednisolone sodium succinate for injection, usp",ENDP,US,SPY,2016-03-19,2016-03-19,,2016-03-19,2016-03-19T23:59:59.999999999+00:00,winner,ENDP,[],,9,False,False,False,False,False
135,"Methylprednisolone Sodium Succinate for Injection, USP","methylprednisolone sodium succinate for injection, usp",ICUI,US,SPY,2016-03-19,2016-03-19,,2016-03-19,2016-03-19T23:59:59.999999999+00:00,winner,ICUI,[],,9,False,False,False,False,False
135,"Methylprednisolone Sodium Succinate for Injection, USP","methylprednisolone sodium succinate for injection, usp",IPXL,US,SPY,2016-03-19,2016-03-19,,2016-03-19,2016-03-19T23:59:59.999999999+00:00,winner,IPXL,[],,9,False,False,False,False,False
135,"Methylprednisolone Sodium Succinate for Injection, USP","methylprednisolone sodium succinate for injection, usp",LCI,US,SPY,2016-03-19,2016-03-19,,2016-03-19,2016-03-19T23:59:59.999999999+00:00,winner,LCI,[],,9,False,False,False,False,False
135,"Methylprednisolone Sodium Succinate for Injection, USP","methylprednisolone sodium succinate for injection, usp",SGNT,US,SPY,2016-03-19,2016-03-19,,2016-03-19,2016-03-19T23:59:59.999999999+00:00,winner,SGNT,[],,9,False,False,False,False,False
135,"Methylprednisolone Sodium Succinate for Injection, USP","methylprednisolone sodium succinate for injection, usp",TLGT,US,SPY,2016-03-19,2016-03-19,,2016-03-19,2016-03-19T23:59:59.999999999+00:00,winner,TLGT,[],,9,False,False,False,False,False
135,"Methylprednisolone Sodium Succinate for Injection, USP","methylprednisolone sodium succinate for injection, usp",BAX,US,SPY,2016-03-19,2016-03-19,,2016-03-19,2016-03-19T23:59:59.999999999+00:00,placebo,,[],US non-specialist generic maker listed on the trade date,9,False,False,False,False,False
135,"Methylprednisolone Sodium Succinate for Injection, USP","methylprednisolone sodium succinate for injection, usp",PRGO,US,SPY,2016-03-19,2016-03-19,,2016-03-19,2016-03-19T23:59:59.999999999+00:00,placebo,,[],US non-specialist generic maker listed on the trade date,9,False,False,False,False,False
135,"Methylprednisolone Sodium Succinate for Injection, USP","methylprednisolone sodium succinate for injection, usp",TEVA,US,SPY,2016-03-19,2016-03-19,,2016-03-19,2016-03-19T23:59:59.999999999+00:00,placebo,,[],US non-specialist generic maker listed on the trade date,9,False,False,False,False,False
135,"Methylprednisolone Sodium Succinate for Injection, USP","methylprednisolone sodium succinate for injection, usp",VTRS,US,SPY,2016-03-19,2016-03-19,,2016-03-19,2016-03-19T23:59:59.999999999+00:00,placebo,,[],US non-specialist generic maker listed on the trade date,9,False,False,False,False,False
137,Bleomycin Sulfate for Injection,bleomycin sulfate for injection,AKRX,US,SPY,2016-04-22,2016-04-22,,2016-04-22,2016-04-22T23:59:59.999999999+00:00,winner,AKRX,[],,9,False,False,False,False,False
137,Bleomycin Sulfate for Injection,bleomycin sulfate for injection,AMPH,US,SPY,2016-04-22,2016-04-22,,2016-04-22,2016-04-22T23:59:59.999999999+00:00,winner,AMPH,[],,9,False,False,False,False,False
137,Bleomycin Sulfate for Injection,bleomycin sulfate for injection,ANIP,US,SPY,2016-04-22,2016-04-22,,2016-04-22,2016-04-22T23:59:59.999999999+00:00,winner,ANIP,[],,9,False,False,False,False,False
137,Bleomycin Sulfate for Injection,bleomycin sulfate for injection,ENDP,US,SPY,2016-04-22,2016-04-22,,2016-04-22,2016-04-22T23:59:59.999999999+00:00,winner,ENDP,[],,9,False,False,False,False,False
137,Bleomycin Sulfate for Injection,bleomycin sulfate for injection,ICUI,US,SPY,2016-04-22,2016-04-22,,2016-04-22,2016-04-22T23:59:59.999999999+00:00,winner,ICUI,[],,9,False,False,False,False,False
137,Bleomycin Sulfate for Injection,bleomycin sulfate for injection,IPXL,US,SPY,2016-04-22,2016-04-22,,2016-04-22,2016-04-22T23:59:59.999999999+00:00,winner,IPXL,[],,9,False,False,False,False,False
137,Bleomycin Sulfate for Injection,bleomycin sulfate for injection,LCI,US,SPY,2016-04-22,2016-04-22,,2016-04-22,2016-04-22T23:59:59.999999999+00:00,winner,LCI,[],,9,False,False,False,False,False
137,Bleomycin Sulfate for Injection,bleomycin sulfate for injection,SGNT,US,SPY,2016-04-22,2016-04-22,,2016-04-22,2016-04-22T23:59:59.999999999+00:00,winner,SGNT,[],,9,False,False,False,False,False
137,Bleomycin Sulfate for Injection,bleomycin sulfate for injection,TLGT,US,SPY,2016-04-22,2016-04-22,,2016-04-22,2016-04-22T23:59:59.999999999+00:00,winner,TLGT,[],,9,False,False,False,False,False
137,Bleomycin Sulfate for Injection,bleomycin sulfate for injection,BAX,US,SPY,2016-04-22,2016-04-22,,2016-04-22,2016-04-22T23:59:59.999999999+00:00,placebo,,[],US non-specialist generic maker listed on the trade date,9,False,False,False,False,False
137,Bleomycin Sulfate for Injection,bleomycin sulfate for injection,PRGO,US,SPY,2016-04-22,2016-04-22,,2016-04-22,2016-04-22T23:59:59.999999999+00:00,placebo,,[],US non-specialist generic maker listed on the trade date,9,False,False,False,False,False
137,Bleomycin Sulfate for Injection,bleomycin sulfate for injection,TEVA,US,SPY,2016-04-22,2016-04-22,,2016-04-22,2016-04-22T23:59:59.999999999+00:00,placebo,,[],US non-specialist generic maker listed on the trade date,9,False,False,False,False,False
137,Bleomycin Sulfate for Injection,bleomycin sulfate for injection,VTRS,US,SPY,2016-04-22,2016-04-22,,2016-04-22,2016-04-22T23:59:59.999999999+00:00,placebo,,[],US non-specialist generic maker listed on the trade date,9,False,False,False,False,False
138,Penicillin G Benzathine (Bicillin L-A) Injection,penicillin g benzathine (bicillin l-a) injection,AKRX,US,SPY,2016-05-06,2016-05-06,,2016-05-06,2016-05-06T23:59:59.999999999+00:00,winner,AKRX,[],,9,False,False,False,False,False
138,Penicillin G Benzathine (Bicillin L-A) Injection,penicillin g benzathine (bicillin l-a) injection,AMPH,US,SPY,2016-05-06,2016-05-06,,2016-05-06,2016-05-06T23:59:59.999999999+00:00,winner,AMPH,[],,9,False,False,False,False,False
138,Penicillin G Benzathine (Bicillin L-A) Injection,penicillin g benzathine (bicillin l-a) injection,ANIP,US,SPY,2016-05-06,2016-05-06,,2016-05-06,2016-05-06T23:59:59.999999999+00:00,winner,ANIP,[],,9,False,False,False,False,False
138,Penicillin G Benzathine (Bicillin L-A) Injection,penicillin g benzathine (bicillin l-a) injection,ENDP,US,SPY,2016-05-06,2016-05-06,,2016-05-06,2016-05-06T23:59:59.999999999+00:00,winner,ENDP,[],,9,False,False,False,False,False
138,Penicillin G Benzathine (Bicillin L-A) Injection,penicillin g benzathine (bicillin l-a) injection,ICUI,US,SPY,2016-05-06,2016-05-06,,2016-05-06,2016-05-06T23:59:59.999999999+00:00,winner,ICUI,[],,9,False,False,False,False,False
138,Penicillin G Benzathine (Bicillin L-A) Injection,penicillin g benzathine (bicillin l-a) injection,IPXL,US,SPY,2016-05-06,2016-05-06,,2016-05-06,2016-05-06T23:59:59.999999999+00:00,winner,IPXL,[],,9,False,False,False,False,False
138,Penicillin G Benzathine (Bicillin L-A) Injection,penicillin g benzathine (bicillin l-a) injection,LCI,US,SPY,2016-05-06,2016-05-06,,2016-05-06,2016-05-06T23:59:59.999999999+00:00,winner,LCI,[],,9,False,False,False,False,False
138,Penicillin G Benzathine (Bicillin L-A) Injection,penicillin g benzathine (bicillin l-a) injection,SGNT,US,SPY,2016-05-06,2016-05-06,,2016-05-06,2016-05-06T23:59:59.999999999+00:00,winner,SGNT,[],,9,False,False,False,False,False
138,Penicillin G Benzathine (Bicillin L-A) Injection,penicillin g benzathine (bicillin l-a) injection,TLGT,US,SPY,2016-05-06,2016-05-06,,2016-05-06,2016-05-06T23:59:59.999999999+00:00,winner,TLGT,[],,9,False,False,False,False,False
138,Penicillin G Benzathine (Bicillin L-A) Injection,penicillin g benzathine (bicillin l-a) injection,BAX,US,SPY,2016-05-06,2016-05-06,,2016-05-06,2016-05-06T23:59:59.999999999+00:00,placebo,,[],US non-specialist generic maker listed on the trade date,9,False,False,False,False,False
138,Penicillin G Benzathine (Bicillin L-A) Injection,penicillin g benzathine (bicillin l-a) injection,PRGO,US,SPY,2016-05-06,2016-05-06,,2016-05-06,2016-05-06T23:59:59.999999999+00:00,placebo,,[],US non-specialist generic maker listed on the trade date,9,False,False,False,False,False
138,Penicillin G Benzathine (Bicillin L-A) Injection,penicillin g benzathine (bicillin l-a) injection,TEVA,US,SPY,2016-05-06,2016-05-06,,2016-05-06,2016-05-06T23:59:59.999999999+00:00,placebo,,[],US non-specialist generic maker listed on the trade date,9,False,False,False,False,False
138,Penicillin G Benzathine (Bicillin L-A) Injection,penicillin g benzathine (bicillin l-a) injection,VTRS,US,SPY,2016-05-06,2016-05-06,,2016-05-06,2016-05-06T23:59:59.999999999+00:00,placebo,,[],US non-specialist generic maker listed on the trade date,9,False,False,False,False,False
139,THAM Solution (Tromethamine Injection),tham solution (tromethamine injection),AKRX,US,SPY,2016-05-06,2016-05-06,,2016-05-06,2016-05-06T23:59:59.999999999+00:00,winner,AKRX,[],,9,False,False,False,False,False
139,THAM Solution (Tromethamine Injection),tham solution (tromethamine injection),AMPH,US,SPY,2016-05-06,2016-05-06,,2016-05-06,2016-05-06T23:59:59.999999999+00:00,winner,AMPH,[],,9,False,False,False,False,False
139,THAM Solution (Tromethamine Injection),tham solution (tromethamine injection),ANIP,US,SPY,2016-05-06,2016-05-06,,2016-05-06,2016-05-06T23:59:59.999999999+00:00,winner,ANIP,[],,9,False,False,False,False,False
139,THAM Solution (Tromethamine Injection),tham solution (tromethamine injection),ENDP,US,SPY,2016-05-06,2016-05-06,,2016-05-06,2016-05-06T23:59:59.999999999+00:00,winner,ENDP,[],,9,False,False,False,False,False
139,THAM Solution (Tromethamine Injection),tham solution (tromethamine injection),ICUI,US,SPY,2016-05-06,2016-05-06,,2016-05-06,2016-05-06T23:59:59.999999999+00:00,winner,ICUI,[],,9,False,False,False,False,False
139,THAM Solution (Tromethamine Injection),tham solution (tromethamine injection),IPXL,US,SPY,2016-05-06,2016-05-06,,2016-05-06,2016-05-06T23:59:59.999999999+00:00,winner,IPXL,[],,9,False,False,False,False,False
139,THAM Solution (Tromethamine Injection),tham solution (tromethamine injection),LCI,US,SPY,2016-05-06,2016-05-06,,2016-05-06,2016-05-06T23:59:59.999999999+00:00,winner,LCI,[],,9,False,False,False,False,False
139,THAM Solution (Tromethamine Injection),tham solution (tromethamine injection),SGNT,US,SPY,2016-05-06,2016-05-06,,2016-05-06,2016-05-06T23:59:59.999999999+00:00,winner,SGNT,[],,9,False,False,False,False,False
139,THAM Solution (Tromethamine Injection),tham solution (tromethamine injection),TLGT,US,SPY,2016-05-06,2016-05-06,,2016-05-06,2016-05-06T23:59:59.999999999+00:00,winner,TLGT,[],,9,False,False,False,False,False
139,THAM Solution (Tromethamine Injection),tham solution (tromethamine injection),BAX,US,SPY,2016-05-06,2016-05-06,,2016-05-06,2016-05-06T23:59:59.999999999+00:00,placebo,,[],US non-specialist generic maker listed on the trade date,9,False,False,False,False,False
139,THAM Solution (Tromethamine Injection),tham solution (tromethamine injection),PRGO,US,SPY,2016-05-06,2016-05-06,,2016-05-06,2016-05-06T23:59:59.999999999+00:00,placebo,,[],US non-specialist generic maker listed on the trade date,9,False,False,False,False,False
139,THAM Solution (Tromethamine Injection),tham solution (tromethamine injection),TEVA,US,SPY,2016-05-06,2016-05-06,,2016-05-06,2016-05-06T23:59:59.999999999+00:00,placebo,,[],US non-specialist generic maker listed on the trade date,9,False,False,False,False,False
139,THAM Solution (Tromethamine Injection),tham solution (tromethamine injection),VTRS,US,SPY,2016-05-06,2016-05-06,,2016-05-06,2016-05-06T23:59:59.999999999+00:00,placebo,,[],US non-specialist generic maker listed on the trade date,9,False,False,False,False,False
140,Dihydroergotamine Mesylate Injection,dihydroergotamine mesylate injection,AKRX,US,SPY,2016-07-16,2016-07-16,,2016-07-16,2016-07-16T23:59:59.999999999+00:00,winner,AKRX,[],,9,False,False,False,False,False
140,Dihydroergotamine Mesylate Injection,dihydroergotamine mesylate injection,AMPH,US,SPY,2016-07-16,2016-07-16,,2016-07-16,2016-07-16T23:59:59.999999999+00:00,winner,AMPH,[],,9,False,False,False,False,False
140,Dihydroergotamine Mesylate Injection,dihydroergotamine mesylate injection,ANIP,US,SPY,2016-07-16,2016-07-16,,2016-07-16,2016-07-16T23:59:59.999999999+00:00,winner,ANIP,[],,9,False,False,False,False,False
140,Dihydroergotamine Mesylate Injection,dihydroergotamine mesylate injection,ENDP,US,SPY,2016-07-16,2016-07-16,,2016-07-16,2016-07-16T23:59:59.999999999+00:00,winner,ENDP,[],,9,False,False,False,False,False
140,Dihydroergotamine Mesylate Injection,dihydroergotamine mesylate injection,ICUI,US,SPY,2016-07-16,2016-07-16,,2016-07-16,2016-07-16T23:59:59.999999999+00:00,winner,ICUI,[],,9,False,False,False,False,False
140,Dihydroergotamine Mesylate Injection,dihydroergotamine mesylate injection,IPXL,US,SPY,2016-07-16,2016-07-16,,2016-07-16,2016-07-16T23:59:59.999999999+00:00,winner,IPXL,[],,9,False,False,False,False,False
140,Dihydroergotamine Mesylate Injection,dihydroergotamine mesylate injection,LCI,US,SPY,2016-07-16,2016-07-16,,2016-07-16,2016-07-16T23:59:59.999999999+00:00,winner,LCI,[],,9,False,False,False,False,False
140,Dihydroergotamine Mesylate Injection,dihydroergotamine mesylate injection,SGNT,US,SPY,2016-07-16,2016-07-16,,2016-07-16,2016-07-16T23:59:59.999999999+00:00,winner,SGNT,[],,9,False,False,False,False,False
140,Dihydroergotamine Mesylate Injection,dihydroergotamine mesylate injection,TLGT,US,SPY,2016-07-16,2016-07-16,,2016-07-16,2016-07-16T23:59:59.999999999+00:00,winner,TLGT,[],,9,False,False,False,False,False
140,Dihydroergotamine Mesylate Injection,dihydroergotamine mesylate injection,BAX,US,SPY,2016-07-16,2016-07-16,,2016-07-16,2016-07-16T23:59:59.999999999+00:00,placebo,,[],US non-specialist generic maker listed on the trade date,9,False,False,False,False,False
140,Dihydroergotamine Mesylate Injection,dihydroergotamine mesylate injection,PRGO,US,SPY,2016-07-16,2016-07-16,,2016-07-16,2016-07-16T23:59:59.999999999+00:00,placebo,,[],US non-specialist generic maker listed on the trade date,9,False,False,False,False,False
140,Dihydroergotamine Mesylate Injection,dihydroergotamine mesylate injection,TEVA,US,SPY,2016-07-16,2016-07-16,,2016-07-16,2016-07-16T23:59:59.999999999+00:00,placebo,,[],US non-specialist generic maker listed on the trade date,9,False,False,False,False,False
140,Dihydroergotamine Mesylate Injection,dihydroergotamine mesylate injection,VTRS,US,SPY,2016-07-16,2016-07-16,,2016-07-16,2016-07-16T23:59:59.999999999+00:00,placebo,,[],US non-specialist generic maker listed on the trade date,9,False,False,False,False,False
141,"Ceftazidime and Avibactam (AVYCAZ) for Injection, 2.5g","ceftazidime and avibactam (avycaz) for injection, 2.5g",AKRX,US,SPY,2016-08-13,2016-08-13,,2016-08-13,2016-08-13T23:59:59.999999999+00:00,winner,AKRX,[],,9,False,False,False,False,False
141,"Ceftazidime and Avibactam (AVYCAZ) for Injection, 2.5g","ceftazidime and avibactam (avycaz) for injection, 2.5g",AMPH,US,SPY,2016-08-13,2016-08-13,,2016-08-13,2016-08-13T23:59:59.999999999+00:00,winner,AMPH,[],,9,False,False,False,False,False
141,"Ceftazidime and Avibactam (AVYCAZ) for Injection, 2.5g","ceftazidime and avibactam (avycaz) for injection, 2.5g",ANIP,US,SPY,2016-08-13,2016-08-13,,2016-08-13,2016-08-13T23:59:59.999999999+00:00,winner,ANIP,[],,9,False,False,False,False,False
141,"Ceftazidime and Avibactam (AVYCAZ) for Injection, 2.5g","ceftazidime and avibactam (avycaz) for injection, 2.5g",ENDP,US,SPY,2016-08-13,2016-08-13,,2016-08-13,2016-08-13T23:59:59.999999999+00:00,winner,ENDP,[],,9,False,False,False,False,False
141,"Ceftazidime and Avibactam (AVYCAZ) for Injection, 2.5g","ceftazidime and avibactam (avycaz) for injection, 2.5g",ICUI,US,SPY,2016-08-13,2016-08-13,,2016-08-13,2016-08-13T23:59:59.999999999+00:00,winner,ICUI,[],,9,False,False,False,False,False
141,"Ceftazidime and Avibactam (AVYCAZ) for Injection, 2.5g","ceftazidime and avibactam (avycaz) for injection, 2.5g",IPXL,US,SPY,2016-08-13,2016-08-13,,2016-08-13,2016-08-13T23:59:59.999999999+00:00,winner,IPXL,[],,9,False,False,False,False,False
141,"Ceftazidime and Avibactam (AVYCAZ) for Injection, 2.5g","ceftazidime and avibactam (avycaz) for injection, 2.5g",LCI,US,SPY,2016-08-13,2016-08-13,,2016-08-13,2016-08-13T23:59:59.999999999+00:00,winner,LCI,[],,9,False,False,False,False,False
141,"Ceftazidime and Avibactam (AVYCAZ) for Injection, 2.5g","ceftazidime and avibactam (avycaz) for injection, 2.5g",SGNT,US,SPY,2016-08-13,2016-08-13,,2016-08-13,2016-08-13T23:59:59.999999999+00:00,winner,SGNT,[],,9,False,False,False,False,False
141,"Ceftazidime and Avibactam (AVYCAZ) for Injection, 2.5g","ceftazidime and avibactam (avycaz) for injection, 2.5g",TLGT,US,SPY,2016-08-13,2016-08-13,,2016-08-13,2016-08-13T23:59:59.999999999+00:00,winner,TLGT,[],,9,False,False,False,False,False
141,"Ceftazidime and Avibactam (AVYCAZ) for Injection, 2.5g","ceftazidime and avibactam (avycaz) for injection, 2.5g",BAX,US,SPY,2016-08-13,2016-08-13,,2016-08-13,2016-08-13T23:59:59.999999999+00:00,placebo,,[],US non-specialist generic maker listed on the trade date,9,False,False,False,False,False
141,"Ceftazidime and Avibactam (AVYCAZ) for Injection, 2.5g","ceftazidime and avibactam (avycaz) for injection, 2.5g",PRGO,US,SPY,2016-08-13,2016-08-13,,2016-08-13,2016-08-13T23:59:59.999999999+00:00,placebo,,[],US non-specialist generic maker listed on the trade date,9,False,False,False,False,False
141,"Ceftazidime and Avibactam (AVYCAZ) for Injection, 2.5g","ceftazidime and avibactam (avycaz) for injection, 2.5g",TEVA,US,SPY,2016-08-13,2016-08-13,,2016-08-13,2016-08-13T23:59:59.999999999+00:00,placebo,,[],US non-specialist generic maker listed on the trade date,9,False,False,False,False,False
141,"Ceftazidime and Avibactam (AVYCAZ) for Injection, 2.5g","ceftazidime and avibactam (avycaz) for injection, 2.5g",VTRS,US,SPY,2016-08-13,2016-08-13,,2016-08-13,2016-08-13T23:59:59.999999999+00:00,placebo,,[],US non-specialist generic maker listed on the trade date,9,False,False,False,False,False
142,"Estradiol Valerate Injection, USP","estradiol valerate injection, usp",AKRX,US,SPY,2016-08-13,2016-08-13,,2016-08-13,2016-08-13T23:59:59.999999999+00:00,winner,AKRX,[],,9,False,False,False,False,False
142,"Estradiol Valerate Injection, USP","estradiol valerate injection, usp",AMPH,US,SPY,2016-08-13,2016-08-13,,2016-08-13,2016-08-13T23:59:59.999999999+00:00,winner,AMPH,[],,9,False,False,False,False,False
142,"Estradiol Valerate Injection, USP","estradiol valerate injection, usp",ANIP,US,SPY,2016-08-13,2016-08-13,,2016-08-13,2016-08-13T23:59:59.999999999+00:00,winner,ANIP,[],,9,False,False,False,False,False
142,"Estradiol Valerate Injection, USP","estradiol valerate injection, usp",ENDP,US,SPY,2016-08-13,2016-08-13,,2016-08-13,2016-08-13T23:59:59.999999999+00:00,winner,ENDP,[],,9,False,False,False,False,False
142,"Estradiol Valerate Injection, USP","estradiol valerate injection, usp",ICUI,US,SPY,2016-08-13,2016-08-13,,2016-08-13,2016-08-13T23:59:59.999999999+00:00,winner,ICUI,[],,9,False,False,False,False,False
142,"Estradiol Valerate Injection, USP","estradiol valerate injection, usp",IPXL,US,SPY,2016-08-13,2016-08-13,,2016-08-13,2016-08-13T23:59:59.999999999+00:00,winner,IPXL,[],,9,False,False,False,False,False
142,"Estradiol Valerate Injection, USP","estradiol valerate injection, usp",LCI,US,SPY,2016-08-13,2016-08-13,,2016-08-13,2016-08-13T23:59:59.999999999+00:00,winner,LCI,[],,9,False,False,False,False,False
142,"Estradiol Valerate Injection, USP","estradiol valerate injection, usp",SGNT,US,SPY,2016-08-13,2016-08-13,,2016-08-13,2016-08-13T23:59:59.999999999+00:00,winner,SGNT,[],,9,False,False,False,False,False
142,"Estradiol Valerate Injection, USP","estradiol valerate injection, usp",TLGT,US,SPY,2016-08-13,2016-08-13,,2016-08-13,2016-08-13T23:59:59.999999999+00:00,winner,TLGT,[],,9,False,False,False,False,False
142,"Estradiol Valerate Injection, USP","estradiol valerate injection, usp",BAX,US,SPY,2016-08-13,2016-08-13,,2016-08-13,2016-08-13T23:59:59.999999999+00:00,placebo,,[],US non-specialist generic maker listed on the trade date,9,False,False,False,False,False
142,"Estradiol Valerate Injection, USP","estradiol valerate injection, usp",PRGO,US,SPY,2016-08-13,2016-08-13,,2016-08-13,2016-08-13T23:59:59.999999999+00:00,placebo,,[],US non-specialist generic maker listed on the trade date,9,False,False,False,False,False
142,"Estradiol Valerate Injection, USP","estradiol valerate injection, usp",TEVA,US,SPY,2016-08-13,2016-08-13,,2016-08-13,2016-08-13T23:59:59.999999999+00:00,placebo,,[],US non-specialist generic maker listed on the trade date,9,False,False,False,False,False
142,"Estradiol Valerate Injection, USP","estradiol valerate injection, usp",VTRS,US,SPY,2016-08-13,2016-08-13,,2016-08-13,2016-08-13T23:59:59.999999999+00:00,placebo,,[],US non-specialist generic maker listed on the trade date,9,False,False,False,False,False
143,Penicillin G Procaine Injection,penicillin g procaine injection,AKRX,US,SPY,2016-08-24,2016-08-24,,2016-08-24,2016-08-24T23:59:59.999999999+00:00,winner,AKRX,[],,9,False,False,False,False,False
143,Penicillin G Procaine Injection,penicillin g procaine injection,AMPH,US,SPY,2016-08-24,2016-08-24,,2016-08-24,2016-08-24T23:59:59.999999999+00:00,winner,AMPH,[],,9,False,False,False,False,False
143,Penicillin G Procaine Injection,penicillin g procaine injection,ANIP,US,SPY,2016-08-24,2016-08-24,,2016-08-24,2016-08-24T23:59:59.999999999+00:00,winner,ANIP,[],,9,False,False,False,False,False
143,Penicillin G Procaine Injection,penicillin g procaine injection,ENDP,US,SPY,2016-08-24,2016-08-24,,2016-08-24,2016-08-24T23:59:59.999999999+00:00,winner,ENDP,[],,9,False,False,False,False,False
143,Penicillin G Procaine Injection,penicillin g procaine injection,ICUI,US,SPY,2016-08-24,2016-08-24,,2016-08-24,2016-08-24T23:59:59.999999999+00:00,winner,ICUI,[],,9,False,False,False,False,False
143,Penicillin G Procaine Injection,penicillin g procaine injection,IPXL,US,SPY,2016-08-24,2016-08-24,,2016-08-24,2016-08-24T23:59:59.999999999+00:00,winner,IPXL,[],,9,False,False,False,False,False
143,Penicillin G Procaine Injection,penicillin g procaine injection,LCI,US,SPY,2016-08-24,2016-08-24,,2016-08-24,2016-08-24T23:59:59.999999999+00:00,winner,LCI,[],,9,False,False,False,False,False
143,Penicillin G Procaine Injection,penicillin g procaine injection,SGNT,US,SPY,2016-08-24,2016-08-24,,2016-08-24,2016-08-24T23:59:59.999999999+00:00,winner,SGNT,[],,9,False,False,False,False,False
143,Penicillin G Procaine Injection,penicillin g procaine injection,TLGT,US,SPY,2016-08-24,2016-08-24,,2016-08-24,2016-08-24T23:59:59.999999999+00:00,winner,TLGT,[],,9,False,False,False,False,False
143,Penicillin G Procaine Injection,penicillin g procaine injection,BAX,US,SPY,2016-08-24,2016-08-24,,2016-08-24,2016-08-24T23:59:59.999999999+00:00,placebo,,[],US non-specialist generic maker listed on the trade date,9,False,False,False,False,False
143,Penicillin G Procaine Injection,penicillin g procaine injection,PRGO,US,SPY,2016-08-24,2016-08-24,,2016-08-24,2016-08-24T23:59:59.999999999+00:00,placebo,,[],US non-specialist generic maker listed on the trade date,9,False,False,False,False,False
143,Penicillin G Procaine Injection,penicillin g procaine injection,TEVA,US,SPY,2016-08-24,2016-08-24,,2016-08-24,2016-08-24T23:59:59.999999999+00:00,placebo,,[],US non-specialist generic maker listed on the trade date,9,False,False,False,False,False
143,Penicillin G Procaine Injection,penicillin g procaine injection,VTRS,US,SPY,2016-08-24,2016-08-24,,2016-08-24,2016-08-24T23:59:59.999999999+00:00,placebo,,[],US non-specialist generic maker listed on the trade date,9,False,False,False,False,False
149,"Procainamide Hydrochloride Injection, USP","procainamide hydrochloride injection, usp",AKRX,US,SPY,2016-09-30,2016-09-30,,2016-09-30,2016-09-30T23:59:59.999999999+00:00,winner,AKRX,[],,8,False,False,False,False,False
149,"Procainamide Hydrochloride Injection, USP","procainamide hydrochloride injection, usp",AMPH,US,SPY,2016-09-30,2016-09-30,,2016-09-30,2016-09-30T23:59:59.999999999+00:00,winner,AMPH,[],,8,False,False,False,False,False
149,"Procainamide Hydrochloride Injection, USP","procainamide hydrochloride injection, usp",ANIP,US,SPY,2016-09-30,2016-09-30,,2016-09-30,2016-09-30T23:59:59.999999999+00:00,winner,ANIP,[],,8,False,False,False,False,False
149,"Procainamide Hydrochloride Injection, USP","procainamide hydrochloride injection, usp",ENDP,US,SPY,2016-09-30,2016-09-30,,2016-09-30,2016-09-30T23:59:59.999999999+00:00,winner,ENDP,[],,8,False,False,False,False,False
149,"Procainamide Hydrochloride Injection, USP","procainamide hydrochloride injection, usp",ICUI,US,SPY,2016-09-30,2016-09-30,,2016-09-30,2016-09-30T23:59:59.999999999+00:00,winner,ICUI,[],,8,False,False,False,False,False
149,"Procainamide Hydrochloride Injection, USP","procainamide hydrochloride injection, usp",IPXL,US,SPY,2016-09-30,2016-09-30,,2016-09-30,2016-09-30T23:59:59.999999999+00:00,winner,IPXL,[],,8,False,False,False,False,False
149,"Procainamide Hydrochloride Injection, USP","procainamide hydrochloride injection, usp",LCI,US,SPY,2016-09-30,2016-09-30,,2016-09-30,2016-09-30T23:59:59.999999999+00:00,winner,LCI,[],,8,False,False,False,False,False
149,"Procainamide Hydrochloride Injection, USP","procainamide hydrochloride injection, usp",TLGT,US,SPY,2016-09-30,2016-09-30,,2016-09-30,2016-09-30T23:59:59.999999999+00:00,winner,TLGT,[],,8,False,False,False,False,False
149,"Procainamide Hydrochloride Injection, USP","procainamide hydrochloride injection, usp",BAX,US,SPY,2016-09-30,2016-09-30,,2016-09-30,2016-09-30T23:59:59.999999999+00:00,placebo,,[],US non-specialist generic maker listed on the trade date,8,False,False,False,False,False
149,"Procainamide Hydrochloride Injection, USP","procainamide hydrochloride injection, usp",PRGO,US,SPY,2016-09-30,2016-09-30,,2016-09-30,2016-09-30T23:59:59.999999999+00:00,placebo,,[],US non-specialist generic maker listed on the trade date,8,False,False,False,False,False
149,"Procainamide Hydrochloride Injection, USP","procainamide hydrochloride injection, usp",TEVA,US,SPY,2016-09-30,2016-09-30,,2016-09-30,2016-09-30T23:59:59.999999999+00:00,placebo,,[],US non-specialist generic maker listed on the trade date,8,False,False,False,False,False
149,"Procainamide Hydrochloride Injection, USP","procainamide hydrochloride injection, usp",VTRS,US,SPY,2016-09-30,2016-09-30,,2016-09-30,2016-09-30T23:59:59.999999999+00:00,placebo,,[],US non-specialist generic maker listed on the trade date,8,False,False,False,False,False
152,"Ranitidine Injection, USP","ranitidine injection, usp",AKRX,US,SPY,2016-12-14,2016-12-14,,2016-12-14,2016-12-14T23:59:59.999999999+00:00,winner,AKRX,[],,8,False,False,False,False,False
152,"Ranitidine Injection, USP","ranitidine injection, usp",AMPH,US,SPY,2016-12-14,2016-12-14,,2016-12-14,2016-12-14T23:59:59.999999999+00:00,winner,AMPH,[],,8,False,False,False,False,False
152,"Ranitidine Injection, USP","ranitidine injection, usp",ANIP,US,SPY,2016-12-14,2016-12-14,,2016-12-14,2016-12-14T23:59:59.999999999+00:00,winner,ANIP,[],,8,False,False,False,False,False
152,"Ranitidine Injection, USP","ranitidine injection, usp",ENDP,US,SPY,2016-12-14,2016-12-14,,2016-12-14,2016-12-14T23:59:59.999999999+00:00,winner,ENDP,[],,8,False,False,False,False,False
152,"Ranitidine Injection, USP","ranitidine injection, usp",ICUI,US,SPY,2016-12-14,2016-12-14,,2016-12-14,2016-12-14T23:59:59.999999999+00:00,winner,ICUI,[],,8,False,False,False,False,False
152,"Ranitidine Injection, USP","ranitidine injection, usp",IPXL,US,SPY,2016-12-14,2016-12-14,,2016-12-14,2016-12-14T23:59:59.999999999+00:00,winner,IPXL,[],,8,False,False,False,False,False
152,"Ranitidine Injection, USP","ranitidine injection, usp",LCI,US,SPY,2016-12-14,2016-12-14,,2016-12-14,2016-12-14T23:59:59.999999999+00:00,winner,LCI,[],,8,False,False,False,False,False
152,"Ranitidine Injection, USP","ranitidine injection, usp",TLGT,US,SPY,2016-12-14,2016-12-14,,2016-12-14,2016-12-14T23:59:59.999999999+00:00,winner,TLGT,[],,8,False,False,False,False,False
152,"Ranitidine Injection, USP","ranitidine injection, usp",BAX,US,SPY,2016-12-14,2016-12-14,,2016-12-14,2016-12-14T23:59:59.999999999+00:00,placebo,,[],US non-specialist generic maker listed on the trade date,8,False,False,False,False,False
152,"Ranitidine Injection, USP","ranitidine injection, usp",PRGO,US,SPY,2016-12-14,2016-12-14,,2016-12-14,2016-12-14T23:59:59.999999999+00:00,placebo,,[],US non-specialist generic maker listed on the trade date,8,False,False,False,False,False
152,"Ranitidine Injection, USP","ranitidine injection, usp",TEVA,US,SPY,2016-12-14,2016-12-14,,2016-12-14,2016-12-14T23:59:59.999999999+00:00,placebo,,[],US non-specialist generic maker listed on the trade date,8,False,False,False,False,False
152,"Ranitidine Injection, USP","ranitidine injection, usp",VTRS,US,SPY,2016-12-14,2016-12-14,,2016-12-14,2016-12-14T23:59:59.999999999+00:00,placebo,,[],US non-specialist generic maker listed on the trade date,8,False,False,False,False,False
157,Labetalol Hydrochloride Injection,labetalol hydrochloride injection,AKRX,US,SPY,2017-03-03,2017-03-03,,2017-03-03,2017-03-03T23:59:59.999999999+00:00,winner,AKRX,[],,8,False,False,False,False,False
157,Labetalol Hydrochloride Injection,labetalol hydrochloride injection,AMPH,US,SPY,2017-03-03,2017-03-03,,2017-03-03,2017-03-03T23:59:59.999999999+00:00,winner,AMPH,[],,8,False,False,False,False,False
157,Labetalol Hydrochloride Injection,labetalol hydrochloride injection,ANIP,US,SPY,2017-03-03,2017-03-03,,2017-03-03,2017-03-03T23:59:59.999999999+00:00,winner,ANIP,[],,8,False,False,False,False,False
157,Labetalol Hydrochloride Injection,labetalol hydrochloride injection,ENDP,US,SPY,2017-03-03,2017-03-03,,2017-03-03,2017-03-03T23:59:59.999999999+00:00,winner,ENDP,[],,8,False,False,False,False,False
157,Labetalol Hydrochloride Injection,labetalol hydrochloride injection,ICUI,US,SPY,2017-03-03,2017-03-03,,2017-03-03,2017-03-03T23:59:59.999999999+00:00,winner,ICUI,[],,8,False,False,False,False,False
157,Labetalol Hydrochloride Injection,labetalol hydrochloride injection,IPXL,US,SPY,2017-03-03,2017-03-03,,2017-03-03,2017-03-03T23:59:59.999999999+00:00,winner,IPXL,[],,8,False,False,False,False,False
157,Labetalol Hydrochloride Injection,labetalol hydrochloride injection,LCI,US,SPY,2017-03-03,2017-03-03,,2017-03-03,2017-03-03T23:59:59.999999999+00:00,winner,LCI,[],,8,False,False,False,False,False
157,Labetalol Hydrochloride Injection,labetalol hydrochloride injection,TLGT,US,SPY,2017-03-03,2017-03-03,,2017-03-03,2017-03-03T23:59:59.999999999+00:00,winner,TLGT,[],,8,False,False,False,False,False
157,Labetalol Hydrochloride Injection,labetalol hydrochloride injection,BAX,US,SPY,2017-03-03,2017-03-03,,2017-03-03,2017-03-03T23:59:59.999999999+00:00,placebo,,[],US non-specialist generic maker listed on the trade date,8,False,False,False,False,False
157,Labetalol Hydrochloride Injection,labetalol hydrochloride injection,PRGO,US,SPY,2017-03-03,2017-03-03,,2017-03-03,2017-03-03T23:59:59.999999999+00:00,placebo,,[],US non-specialist generic maker listed on the trade date,8,False,False,False,False,False
157,Labetalol Hydrochloride Injection,labetalol hydrochloride injection,TEVA,US,SPY,2017-03-03,2017-03-03,,2017-03-03,2017-03-03T23:59:59.999999999+00:00,placebo,,[],US non-specialist generic maker listed on the trade date,8,False,False,False,False,False
157,Labetalol Hydrochloride Injection,labetalol hydrochloride injection,VTRS,US,SPY,2017-03-03,2017-03-03,,2017-03-03,2017-03-03T23:59:59.999999999+00:00,placebo,,[],US non-specialist generic maker listed on the trade date,8,False,False,False,False,False
158,Sincalide (Kinevac) Lyophilized Powder for Injection,sincalide (kinevac) lyophilized powder for injection,AKRX,US,SPY,2017-03-03,2017-03-03,,2017-03-03,2017-03-03T23:59:59.999999999+00:00,winner,AKRX,[],,8,False,False,False,False,False
158,Sincalide (Kinevac) Lyophilized Powder for Injection,sincalide (kinevac) lyophilized powder for injection,AMPH,US,SPY,2017-03-03,2017-03-03,,2017-03-03,2017-03-03T23:59:59.999999999+00:00,winner,AMPH,[],,8,False,False,False,False,False
158,Sincalide (Kinevac) Lyophilized Powder for Injection,sincalide (kinevac) lyophilized powder for injection,ANIP,US,SPY,2017-03-03,2017-03-03,,2017-03-03,2017-03-03T23:59:59.999999999+00:00,winner,ANIP,[],,8,False,False,False,False,False
158,Sincalide (Kinevac) Lyophilized Powder for Injection,sincalide (kinevac) lyophilized powder for injection,ENDP,US,SPY,2017-03-03,2017-03-03,,2017-03-03,2017-03-03T23:59:59.999999999+00:00,winner,ENDP,[],,8,False,False,False,False,False
158,Sincalide (Kinevac) Lyophilized Powder for Injection,sincalide (kinevac) lyophilized powder for injection,ICUI,US,SPY,2017-03-03,2017-03-03,,2017-03-03,2017-03-03T23:59:59.999999999+00:00,winner,ICUI,[],,8,False,False,False,False,False
158,Sincalide (Kinevac) Lyophilized Powder for Injection,sincalide (kinevac) lyophilized powder for injection,IPXL,US,SPY,2017-03-03,2017-03-03,,2017-03-03,2017-03-03T23:59:59.999999999+00:00,winner,IPXL,[],,8,False,False,False,False,False
158,Sincalide (Kinevac) Lyophilized Powder for Injection,sincalide (kinevac) lyophilized powder for injection,LCI,US,SPY,2017-03-03,2017-03-03,,2017-03-03,2017-03-03T23:59:59.999999999+00:00,winner,LCI,[],,8,False,False,False,False,False
158,Sincalide (Kinevac) Lyophilized Powder for Injection,sincalide (kinevac) lyophilized powder for injection,TLGT,US,SPY,2017-03-03,2017-03-03,,2017-03-03,2017-03-03T23:59:59.999999999+00:00,winner,TLGT,[],,8,False,False,False,False,False
158,Sincalide (Kinevac) Lyophilized Powder for Injection,sincalide (kinevac) lyophilized powder for injection,BAX,US,SPY,2017-03-03,2017-03-03,,2017-03-03,2017-03-03T23:59:59.999999999+00:00,placebo,,[],US non-specialist generic maker listed on the trade date,8,False,False,False,False,False
158,Sincalide (Kinevac) Lyophilized Powder for Injection,sincalide (kinevac) lyophilized powder for injection,PRGO,US,SPY,2017-03-03,2017-03-03,,2017-03-03,2017-03-03T23:59:59.999999999+00:00,placebo,,[],US non-specialist generic maker listed on the trade date,8,False,False,False,False,False
158,Sincalide (Kinevac) Lyophilized Powder for Injection,sincalide (kinevac) lyophilized powder for injection,TEVA,US,SPY,2017-03-03,2017-03-03,,2017-03-03,2017-03-03T23:59:59.999999999+00:00,placebo,,[],US non-specialist generic maker listed on the trade date,8,False,False,False,False,False
158,Sincalide (Kinevac) Lyophilized Powder for Injection,sincalide (kinevac) lyophilized powder for injection,VTRS,US,SPY,2017-03-03,2017-03-03,,2017-03-03,2017-03-03T23:59:59.999999999+00:00,placebo,,[],US non-specialist generic maker listed on the trade date,8,False,False,False,False,False
160,Belatacept (Nulojix) Lyophilized Powder for Injection,belatacept (nulojix) lyophilized powder for injection,AKRX,US,SPY,2017-03-09,2017-03-09,,2017-03-09,2017-03-09T23:59:59.999999999+00:00,winner,AKRX,[],,8,False,False,False,False,False
160,Belatacept (Nulojix) Lyophilized Powder for Injection,belatacept (nulojix) lyophilized powder for injection,AMPH,US,SPY,2017-03-09,2017-03-09,,2017-03-09,2017-03-09T23:59:59.999999999+00:00,winner,AMPH,[],,8,False,False,False,False,False
160,Belatacept (Nulojix) Lyophilized Powder for Injection,belatacept (nulojix) lyophilized powder for injection,ANIP,US,SPY,2017-03-09,2017-03-09,,2017-03-09,2017-03-09T23:59:59.999999999+00:00,winner,ANIP,[],,8,False,False,False,False,False
160,Belatacept (Nulojix) Lyophilized Powder for Injection,belatacept (nulojix) lyophilized powder for injection,ENDP,US,SPY,2017-03-09,2017-03-09,,2017-03-09,2017-03-09T23:59:59.999999999+00:00,winner,ENDP,[],,8,False,False,False,False,False
160,Belatacept (Nulojix) Lyophilized Powder for Injection,belatacept (nulojix) lyophilized powder for injection,ICUI,US,SPY,2017-03-09,2017-03-09,,2017-03-09,2017-03-09T23:59:59.999999999+00:00,winner,ICUI,[],,8,False,False,False,False,False
160,Belatacept (Nulojix) Lyophilized Powder for Injection,belatacept (nulojix) lyophilized powder for injection,IPXL,US,SPY,2017-03-09,2017-03-09,,2017-03-09,2017-03-09T23:59:59.999999999+00:00,winner,IPXL,[],,8,False,False,False,False,False
160,Belatacept (Nulojix) Lyophilized Powder for Injection,belatacept (nulojix) lyophilized powder for injection,LCI,US,SPY,2017-03-09,2017-03-09,,2017-03-09,2017-03-09T23:59:59.999999999+00:00,winner,LCI,[],,8,False,False,False,False,False
160,Belatacept (Nulojix) Lyophilized Powder for Injection,belatacept (nulojix) lyophilized powder for injection,TLGT,US,SPY,2017-03-09,2017-03-09,,2017-03-09,2017-03-09T23:59:59.999999999+00:00,winner,TLGT,[],,8,False,False,False,False,False
160,Belatacept (Nulojix) Lyophilized Powder for Injection,belatacept (nulojix) lyophilized powder for injection,BAX,US,SPY,2017-03-09,2017-03-09,,2017-03-09,2017-03-09T23:59:59.999999999+00:00,placebo,,[],US non-specialist generic maker listed on the trade date,8,False,False,False,False,False
160,Belatacept (Nulojix) Lyophilized Powder for Injection,belatacept (nulojix) lyophilized powder for injection,PRGO,US,SPY,2017-03-09,2017-03-09,,2017-03-09,2017-03-09T23:59:59.999999999+00:00,placebo,,[],US non-specialist generic maker listed on the trade date,8,False,False,False,False,False
160,Belatacept (Nulojix) Lyophilized Powder for Injection,belatacept (nulojix) lyophilized powder for injection,TEVA,US,SPY,2017-03-09,2017-03-09,,2017-03-09,2017-03-09T23:59:59.999999999+00:00,placebo,,[],US non-specialist generic maker listed on the trade date,8,False,False,False,False,False
160,Belatacept (Nulojix) Lyophilized Powder for Injection,belatacept (nulojix) lyophilized powder for injection,VTRS,US,SPY,2017-03-09,2017-03-09,,2017-03-09,2017-03-09T23:59:59.999999999+00:00,placebo,,[],US non-specialist generic maker listed on the trade date,8,False,False,False,False,False
161,Promethazine (Phenergan) Injection,promethazine (phenergan) injection,AKRX,US,SPY,2017-03-23,2017-03-23,,2017-03-23,2017-03-23T23:59:59.999999999+00:00,winner,AKRX,[],,8,False,False,False,False,False
161,Promethazine (Phenergan) Injection,promethazine (phenergan) injection,AMPH,US,SPY,2017-03-23,2017-03-23,,2017-03-23,2017-03-23T23:59:59.999999999+00:00,winner,AMPH,[],,8,False,False,False,False,False
161,Promethazine (Phenergan) Injection,promethazine (phenergan) injection,ANIP,US,SPY,2017-03-23,2017-03-23,,2017-03-23,2017-03-23T23:59:59.999999999+00:00,winner,ANIP,[],,8,False,False,False,False,False
161,Promethazine (Phenergan) Injection,promethazine (phenergan) injection,ENDP,US,SPY,2017-03-23,2017-03-23,,2017-03-23,2017-03-23T23:59:59.999999999+00:00,winner,ENDP,[],,8,False,False,False,False,False
161,Promethazine (Phenergan) Injection,promethazine (phenergan) injection,ICUI,US,SPY,2017-03-23,2017-03-23,,2017-03-23,2017-03-23T23:59:59.999999999+00:00,winner,ICUI,[],,8,False,False,False,False,False
161,Promethazine (Phenergan) Injection,promethazine (phenergan) injection,IPXL,US,SPY,2017-03-23,2017-03-23,,2017-03-23,2017-03-23T23:59:59.999999999+00:00,winner,IPXL,[],,8,False,False,False,False,False
161,Promethazine (Phenergan) Injection,promethazine (phenergan) injection,LCI,US,SPY,2017-03-23,2017-03-23,,2017-03-23,2017-03-23T23:59:59.999999999+00:00,winner,LCI,[],,8,False,False,False,False,False
161,Promethazine (Phenergan) Injection,promethazine (phenergan) injection,TLGT,US,SPY,2017-03-23,2017-03-23,,2017-03-23,2017-03-23T23:59:59.999999999+00:00,winner,TLGT,[],,8,False,False,False,False,False
161,Promethazine (Phenergan) Injection,promethazine (phenergan) injection,BAX,US,SPY,2017-03-23,2017-03-23,,2017-03-23,2017-03-23T23:59:59.999999999+00:00,placebo,,[],US non-specialist generic maker listed on the trade date,8,False,False,False,False,False
161,Promethazine (Phenergan) Injection,promethazine (phenergan) injection,PRGO,US,SPY,2017-03-23,2017-03-23,,2017-03-23,2017-03-23T23:59:59.999999999+00:00,placebo,,[],US non-specialist generic maker listed on the trade date,8,False,False,False,False,False
161,Promethazine (Phenergan) Injection,promethazine (phenergan) injection,TEVA,US,SPY,2017-03-23,2017-03-23,,2017-03-23,2017-03-23T23:59:59.999999999+00:00,placebo,,[],US non-specialist generic maker listed on the trade date,8,False,False,False,False,False
161,Promethazine (Phenergan) Injection,promethazine (phenergan) injection,VTRS,US,SPY,2017-03-23,2017-03-23,,2017-03-23,2017-03-23T23:59:59.999999999+00:00,placebo,,[],US non-specialist generic maker listed on the trade date,8,False,False,False,False,False
162,Rocuronium Bromide Injection,rocuronium bromide injection,AKRX,US,SPY,2017-03-23,2017-03-23,,2017-03-23,2017-03-23T23:59:59.999999999+00:00,winner,AKRX,[],,8,False,False,False,False,False
162,Rocuronium Bromide Injection,rocuronium bromide injection,AMPH,US,SPY,2017-03-23,2017-03-23,,2017-03-23,2017-03-23T23:59:59.999999999+00:00,winner,AMPH,[],,8,False,False,False,False,False
162,Rocuronium Bromide Injection,rocuronium bromide injection,ANIP,US,SPY,2017-03-23,2017-03-23,,2017-03-23,2017-03-23T23:59:59.999999999+00:00,winner,ANIP,[],,8,False,False,False,False,False
162,Rocuronium Bromide Injection,rocuronium bromide injection,ENDP,US,SPY,2017-03-23,2017-03-23,,2017-03-23,2017-03-23T23:59:59.999999999+00:00,winner,ENDP,[],,8,False,False,False,False,False
162,Rocuronium Bromide Injection,rocuronium bromide injection,ICUI,US,SPY,2017-03-23,2017-03-23,,2017-03-23,2017-03-23T23:59:59.999999999+00:00,winner,ICUI,[],,8,False,False,False,False,False
162,Rocuronium Bromide Injection,rocuronium bromide injection,IPXL,US,SPY,2017-03-23,2017-03-23,,2017-03-23,2017-03-23T23:59:59.999999999+00:00,winner,IPXL,[],,8,False,False,False,False,False
162,Rocuronium Bromide Injection,rocuronium bromide injection,LCI,US,SPY,2017-03-23,2017-03-23,,2017-03-23,2017-03-23T23:59:59.999999999+00:00,winner,LCI,[],,8,False,False,False,False,False
162,Rocuronium Bromide Injection,rocuronium bromide injection,TLGT,US,SPY,2017-03-23,2017-03-23,,2017-03-23,2017-03-23T23:59:59.999999999+00:00,winner,TLGT,[],,8,False,False,False,False,False
162,Rocuronium Bromide Injection,rocuronium bromide injection,BAX,US,SPY,2017-03-23,2017-03-23,,2017-03-23,2017-03-23T23:59:59.999999999+00:00,placebo,,[],US non-specialist generic maker listed on the trade date,8,False,False,False,False,False
162,Rocuronium Bromide Injection,rocuronium bromide injection,PRGO,US,SPY,2017-03-23,2017-03-23,,2017-03-23,2017-03-23T23:59:59.999999999+00:00,placebo,,[],US non-specialist generic maker listed on the trade date,8,False,False,False,False,False
162,Rocuronium Bromide Injection,rocuronium bromide injection,TEVA,US,SPY,2017-03-23,2017-03-23,,2017-03-23,2017-03-23T23:59:59.999999999+00:00,placebo,,[],US non-specialist generic maker listed on the trade date,8,False,False,False,False,False
162,Rocuronium Bromide Injection,rocuronium bromide injection,VTRS,US,SPY,2017-03-23,2017-03-23,,2017-03-23,2017-03-23T23:59:59.999999999+00:00,placebo,,[],US non-specialist generic maker listed on the trade date,8,False,False,False,False,False
163,Potassium Phosphate Injection,potassium phosphate injection,AKRX,US,SPY,2017-04-14,2017-04-14,,2017-04-14,2017-04-14T23:59:59.999999999+00:00,winner,AKRX,[],,8,False,False,False,False,False
163,Potassium Phosphate Injection,potassium phosphate injection,AMPH,US,SPY,2017-04-14,2017-04-14,,2017-04-14,2017-04-14T23:59:59.999999999+00:00,winner,AMPH,[],,8,False,False,False,False,False
163,Potassium Phosphate Injection,potassium phosphate injection,ANIP,US,SPY,2017-04-14,2017-04-14,,2017-04-14,2017-04-14T23:59:59.999999999+00:00,winner,ANIP,[],,8,False,False,False,False,False
163,Potassium Phosphate Injection,potassium phosphate injection,ENDP,US,SPY,2017-04-14,2017-04-14,,2017-04-14,2017-04-14T23:59:59.999999999+00:00,winner,ENDP,[],,8,False,False,False,False,False
163,Potassium Phosphate Injection,potassium phosphate injection,ICUI,US,SPY,2017-04-14,2017-04-14,,2017-04-14,2017-04-14T23:59:59.999999999+00:00,winner,ICUI,[],,8,False,False,False,False,False
163,Potassium Phosphate Injection,potassium phosphate injection,IPXL,US,SPY,2017-04-14,2017-04-14,,2017-04-14,2017-04-14T23:59:59.999999999+00:00,winner,IPXL,[],,8,False,False,False,False,False
163,Potassium Phosphate Injection,potassium phosphate injection,LCI,US,SPY,2017-04-14,2017-04-14,,2017-04-14,2017-04-14T23:59:59.999999999+00:00,winner,LCI,[],,8,False,False,False,False,False
163,Potassium Phosphate Injection,potassium phosphate injection,TLGT,US,SPY,2017-04-14,2017-04-14,,2017-04-14,2017-04-14T23:59:59.999999999+00:00,winner,TLGT,[],,8,False,False,False,False,False
163,Potassium Phosphate Injection,potassium phosphate injection,BAX,US,SPY,2017-04-14,2017-04-14,,2017-04-14,2017-04-14T23:59:59.999999999+00:00,placebo,,[],US non-specialist generic maker listed on the trade date,8,False,False,False,False,False
163,Potassium Phosphate Injection,potassium phosphate injection,PRGO,US,SPY,2017-04-14,2017-04-14,,2017-04-14,2017-04-14T23:59:59.999999999+00:00,placebo,,[],US non-specialist generic maker listed on the trade date,8,False,False,False,False,False
163,Potassium Phosphate Injection,potassium phosphate injection,TEVA,US,SPY,2017-04-14,2017-04-14,,2017-04-14,2017-04-14T23:59:59.999999999+00:00,placebo,,[],US non-specialist generic maker listed on the trade date,8,False,False,False,False,False
163,Potassium Phosphate Injection,potassium phosphate injection,VTRS,US,SPY,2017-04-14,2017-04-14,,2017-04-14,2017-04-14T23:59:59.999999999+00:00,placebo,,[],US non-specialist generic maker listed on the trade date,8,False,False,False,False,False
164,Methotrexate Sodium Injection,methotrexate sodium injection,AKRX,US,SPY,2017-04-28,2017-04-28,,2017-04-28,2017-04-28T23:59:59.999999999+00:00,winner,AKRX,[],,8,False,False,False,False,False
164,Methotrexate Sodium Injection,methotrexate sodium injection,AMPH,US,SPY,2017-04-28,2017-04-28,,2017-04-28,2017-04-28T23:59:59.999999999+00:00,winner,AMPH,[],,8,False,False,False,False,False
164,Methotrexate Sodium Injection,methotrexate sodium injection,ANIP,US,SPY,2017-04-28,2017-04-28,,2017-04-28,2017-04-28T23:59:59.999999999+00:00,winner,ANIP,[],,8,False,False,False,False,False
164,Methotrexate Sodium Injection,methotrexate sodium injection,ENDP,US,SPY,2017-04-28,2017-04-28,,2017-04-28,2017-04-28T23:59:59.999999999+00:00,winner,ENDP,[],,8,False,False,False,False,False
164,Methotrexate Sodium Injection,methotrexate sodium injection,ICUI,US,SPY,2017-04-28,2017-04-28,,2017-04-28,2017-04-28T23:59:59.999999999+00:00,winner,ICUI,[],,8,False,False,False,False,False
164,Methotrexate Sodium Injection,methotrexate sodium injection,IPXL,US,SPY,2017-04-28,2017-04-28,,2017-04-28,2017-04-28T23:59:59.999999999+00:00,winner,IPXL,[],,8,False,False,False,False,False
164,Methotrexate Sodium Injection,methotrexate sodium injection,LCI,US,SPY,2017-04-28,2017-04-28,,2017-04-28,2017-04-28T23:59:59.999999999+00:00,winner,LCI,[],,8,False,False,False,False,False
164,Methotrexate Sodium Injection,methotrexate sodium injection,TLGT,US,SPY,2017-04-28,2017-04-28,,2017-04-28,2017-04-28T23:59:59.999999999+00:00,winner,TLGT,[],,8,False,False,False,False,False
164,Methotrexate Sodium Injection,methotrexate sodium injection,BAX,US,SPY,2017-04-28,2017-04-28,,2017-04-28,2017-04-28T23:59:59.999999999+00:00,placebo,,[],US non-specialist generic maker listed on the trade date,8,False,False,False,False,False
164,Methotrexate Sodium Injection,methotrexate sodium injection,PRGO,US,SPY,2017-04-28,2017-04-28,,2017-04-28,2017-04-28T23:59:59.999999999+00:00,placebo,,[],US non-specialist generic maker listed on the trade date,8,False,False,False,False,False
164,Methotrexate Sodium Injection,methotrexate sodium injection,TEVA,US,SPY,2017-04-28,2017-04-28,,2017-04-28,2017-04-28T23:59:59.999999999+00:00,placebo,,[],US non-specialist generic maker listed on the trade date,8,False,False,False,False,False
164,Methotrexate Sodium Injection,methotrexate sodium injection,VTRS,US,SPY,2017-04-28,2017-04-28,,2017-04-28,2017-04-28T23:59:59.999999999+00:00,placebo,,[],US non-specialist generic maker listed on the trade date,8,False,False,False,False,False
166,Lidocaine Hydrochloride (Xylocaine) Injection with Epinephrine,lidocaine hydrochloride (xylocaine) injection with epinephrine,AKRX,US,SPY,2017-06-09,2017-06-09,,2017-06-09,2017-06-09T23:59:59.999999999+00:00,winner,AKRX,[],,8,False,False,False,False,False
166,Lidocaine Hydrochloride (Xylocaine) Injection with Epinephrine,lidocaine hydrochloride (xylocaine) injection with epinephrine,AMPH,US,SPY,2017-06-09,2017-06-09,,2017-06-09,2017-06-09T23:59:59.999999999+00:00,winner,AMPH,[],,8,False,False,False,False,False
166,Lidocaine Hydrochloride (Xylocaine) Injection with Epinephrine,lidocaine hydrochloride (xylocaine) injection with epinephrine,ANIP,US,SPY,2017-06-09,2017-06-09,,2017-06-09,2017-06-09T23:59:59.999999999+00:00,winner,ANIP,[],,8,False,False,False,False,False
166,Lidocaine Hydrochloride (Xylocaine) Injection with Epinephrine,lidocaine hydrochloride (xylocaine) injection with epinephrine,ENDP,US,SPY,2017-06-09,2017-06-09,,2017-06-09,2017-06-09T23:59:59.999999999+00:00,winner,ENDP,[],,8,False,False,False,False,False
166,Lidocaine Hydrochloride (Xylocaine) Injection with Epinephrine,lidocaine hydrochloride (xylocaine) injection with epinephrine,ICUI,US,SPY,2017-06-09,2017-06-09,,2017-06-09,2017-06-09T23:59:59.999999999+00:00,winner,ICUI,[],,8,False,False,False,False,False
166,Lidocaine Hydrochloride (Xylocaine) Injection with Epinephrine,lidocaine hydrochloride (xylocaine) injection with epinephrine,IPXL,US,SPY,2017-06-09,2017-06-09,,2017-06-09,2017-06-09T23:59:59.999999999+00:00,winner,IPXL,[],,8,False,False,False,False,False
166,Lidocaine Hydrochloride (Xylocaine) Injection with Epinephrine,lidocaine hydrochloride (xylocaine) injection with epinephrine,LCI,US,SPY,2017-06-09,2017-06-09,,2017-06-09,2017-06-09T23:59:59.999999999+00:00,winner,LCI,[],,8,False,False,False,False,False
166,Lidocaine Hydrochloride (Xylocaine) Injection with Epinephrine,lidocaine hydrochloride (xylocaine) injection with epinephrine,TLGT,US,SPY,2017-06-09,2017-06-09,,2017-06-09,2017-06-09T23:59:59.999999999+00:00,winner,TLGT,[],,8,False,False,False,False,False
166,Lidocaine Hydrochloride (Xylocaine) Injection with Epinephrine,lidocaine hydrochloride (xylocaine) injection with epinephrine,BAX,US,SPY,2017-06-09,2017-06-09,,2017-06-09,2017-06-09T23:59:59.999999999+00:00,placebo,,[],US non-specialist generic maker listed on the trade date,8,False,False,False,False,False
166,Lidocaine Hydrochloride (Xylocaine) Injection with Epinephrine,lidocaine hydrochloride (xylocaine) injection with epinephrine,PRGO,US,SPY,2017-06-09,2017-06-09,,2017-06-09,2017-06-09T23:59:59.999999999+00:00,placebo,,[],US non-specialist generic maker listed on the trade date,8,False,False,False,False,False
166,Lidocaine Hydrochloride (Xylocaine) Injection with Epinephrine,lidocaine hydrochloride (xylocaine) injection with epinephrine,TEVA,US,SPY,2017-06-09,2017-06-09,,2017-06-09,2017-06-09T23:59:59.999999999+00:00,placebo,,[],US non-specialist generic maker listed on the trade date,8,False,False,False,False,False
166,Lidocaine Hydrochloride (Xylocaine) Injection with Epinephrine,lidocaine hydrochloride (xylocaine) injection with epinephrine,VTRS,US,SPY,2017-06-09,2017-06-09,,2017-06-09,2017-06-09T23:59:59.999999999+00:00,placebo,,[],US non-specialist generic maker listed on the trade date,8,False,False,False,False,False
168,Pantoprazole (Protonix) Powder for Injection,pantoprazole (protonix) powder for injection,AKRX,US,SPY,2017-06-24,2017-06-24,,2017-06-24,2017-06-24T23:59:59.999999999+00:00,winner,AKRX,[],,8,False,False,False,False,False
168,Pantoprazole (Protonix) Powder for Injection,pantoprazole (protonix) powder for injection,AMPH,US,SPY,2017-06-24,2017-06-24,,2017-06-24,2017-06-24T23:59:59.999999999+00:00,winner,AMPH,[],,8,False,False,False,False,False
168,Pantoprazole (Protonix) Powder for Injection,pantoprazole (protonix) powder for injection,ANIP,US,SPY,2017-06-24,2017-06-24,,2017-06-24,2017-06-24T23:59:59.999999999+00:00,winner,ANIP,[],,8,False,False,False,False,False
168,Pantoprazole (Protonix) Powder for Injection,pantoprazole (protonix) powder for injection,ENDP,US,SPY,2017-06-24,2017-06-24,,2017-06-24,2017-06-24T23:59:59.999999999+00:00,winner,ENDP,[],,8,False,False,False,False,False
168,Pantoprazole (Protonix) Powder for Injection,pantoprazole (protonix) powder for injection,ICUI,US,SPY,2017-06-24,2017-06-24,,2017-06-24,2017-06-24T23:59:59.999999999+00:00,winner,ICUI,[],,8,False,False,False,False,False
168,Pantoprazole (Protonix) Powder for Injection,pantoprazole (protonix) powder for injection,IPXL,US,SPY,2017-06-24,2017-06-24,,2017-06-24,2017-06-24T23:59:59.999999999+00:00,winner,IPXL,[],,8,False,False,False,False,False
168,Pantoprazole (Protonix) Powder for Injection,pantoprazole (protonix) powder for injection,LCI,US,SPY,2017-06-24,2017-06-24,,2017-06-24,2017-06-24T23:59:59.999999999+00:00,winner,LCI,[],,8,False,False,False,False,False
168,Pantoprazole (Protonix) Powder for Injection,pantoprazole (protonix) powder for injection,TLGT,US,SPY,2017-06-24,2017-06-24,,2017-06-24,2017-06-24T23:59:59.999999999+00:00,winner,TLGT,[],,8,False,False,False,False,False
168,Pantoprazole (Protonix) Powder for Injection,pantoprazole (protonix) powder for injection,BAX,US,SPY,2017-06-24,2017-06-24,,2017-06-24,2017-06-24T23:59:59.999999999+00:00,placebo,,[],US non-specialist generic maker listed on the trade date,8,False,False,False,False,False
168,Pantoprazole (Protonix) Powder for Injection,pantoprazole (protonix) powder for injection,PRGO,US,SPY,2017-06-24,2017-06-24,,2017-06-24,2017-06-24T23:59:59.999999999+00:00,placebo,,[],US non-specialist generic maker listed on the trade date,8,False,False,False,False,False
168,Pantoprazole (Protonix) Powder for Injection,pantoprazole (protonix) powder for injection,TEVA,US,SPY,2017-06-24,2017-06-24,,2017-06-24,2017-06-24T23:59:59.999999999+00:00,placebo,,[],US non-specialist generic maker listed on the trade date,8,False,False,False,False,False
168,Pantoprazole (Protonix) Powder for Injection,pantoprazole (protonix) powder for injection,VTRS,US,SPY,2017-06-24,2017-06-24,,2017-06-24,2017-06-24T23:59:59.999999999+00:00,placebo,,[],US non-specialist generic maker listed on the trade date,8,False,False,False,False,False
169,Dexrazoxane (Zinecard) Injection,dexrazoxane (zinecard) injection,AKRX,US,SPY,2017-07-07,2017-07-07,,2017-07-07,2017-07-07T23:59:59.999999999+00:00,winner,AKRX,[],,8,False,False,False,False,False
169,Dexrazoxane (Zinecard) Injection,dexrazoxane (zinecard) injection,AMPH,US,SPY,2017-07-07,2017-07-07,,2017-07-07,2017-07-07T23:59:59.999999999+00:00,winner,AMPH,[],,8,False,False,False,False,False
169,Dexrazoxane (Zinecard) Injection,dexrazoxane (zinecard) injection,ANIP,US,SPY,2017-07-07,2017-07-07,,2017-07-07,2017-07-07T23:59:59.999999999+00:00,winner,ANIP,[],,8,False,False,False,False,False
169,Dexrazoxane (Zinecard) Injection,dexrazoxane (zinecard) injection,ENDP,US,SPY,2017-07-07,2017-07-07,,2017-07-07,2017-07-07T23:59:59.999999999+00:00,winner,ENDP,[],,8,False,False,False,False,False
169,Dexrazoxane (Zinecard) Injection,dexrazoxane (zinecard) injection,ICUI,US,SPY,2017-07-07,2017-07-07,,2017-07-07,2017-07-07T23:59:59.999999999+00:00,winner,ICUI,[],,8,False,False,False,False,False
169,Dexrazoxane (Zinecard) Injection,dexrazoxane (zinecard) injection,IPXL,US,SPY,2017-07-07,2017-07-07,,2017-07-07,2017-07-07T23:59:59.999999999+00:00,winner,IPXL,[],,8,False,False,False,False,False
169,Dexrazoxane (Zinecard) Injection,dexrazoxane (zinecard) injection,LCI,US,SPY,2017-07-07,2017-07-07,,2017-07-07,2017-07-07T23:59:59.999999999+00:00,winner,LCI,[],,8,False,False,False,False,False
169,Dexrazoxane (Zinecard) Injection,dexrazoxane (zinecard) injection,TLGT,US,SPY,2017-07-07,2017-07-07,,2017-07-07,2017-07-07T23:59:59.999999999+00:00,winner,TLGT,[],,8,False,False,False,False,False
169,Dexrazoxane (Zinecard) Injection,dexrazoxane (zinecard) injection,BAX,US,SPY,2017-07-07,2017-07-07,,2017-07-07,2017-07-07T23:59:59.999999999+00:00,placebo,,[],US non-specialist generic maker listed on the trade date,8,False,False,False,False,False
169,Dexrazoxane (Zinecard) Injection,dexrazoxane (zinecard) injection,PRGO,US,SPY,2017-07-07,2017-07-07,,2017-07-07,2017-07-07T23:59:59.999999999+00:00,placebo,,[],US non-specialist generic maker listed on the trade date,8,False,False,False,False,False
169,Dexrazoxane (Zinecard) Injection,dexrazoxane (zinecard) injection,TEVA,US,SPY,2017-07-07,2017-07-07,,2017-07-07,2017-07-07T23:59:59.999999999+00:00,placebo,,[],US non-specialist generic maker listed on the trade date,8,False,False,False,False,False
169,Dexrazoxane (Zinecard) Injection,dexrazoxane (zinecard) injection,VTRS,US,SPY,2017-07-07,2017-07-07,,2017-07-07,2017-07-07T23:59:59.999999999+00:00,placebo,,[],US non-specialist generic maker listed on the trade date,8,False,False,False,False,False
173,"Aminocaproic Acid Injection, USP","aminocaproic acid injection, usp",AKRX,US,SPY,2017-09-21,2017-09-21,,2017-09-21,2017-09-21T23:59:59.999999999+00:00,winner,AKRX,[],,8,False,False,False,False,False
173,"Aminocaproic Acid Injection, USP","aminocaproic acid injection, usp",AMPH,US,SPY,2017-09-21,2017-09-21,,2017-09-21,2017-09-21T23:59:59.999999999+00:00,winner,AMPH,[],,8,False,False,False,False,False
173,"Aminocaproic Acid Injection, USP","aminocaproic acid injection, usp",ANIP,US,SPY,2017-09-21,2017-09-21,,2017-09-21,2017-09-21T23:59:59.999999999+00:00,winner,ANIP,[],,8,False,False,False,False,False
173,"Aminocaproic Acid Injection, USP","aminocaproic acid injection, usp",ENDP,US,SPY,2017-09-21,2017-09-21,,2017-09-21,2017-09-21T23:59:59.999999999+00:00,winner,ENDP,[],,8,False,False,False,False,False
173,"Aminocaproic Acid Injection, USP","aminocaproic acid injection, usp",ICUI,US,SPY,2017-09-21,2017-09-21,,2017-09-21,2017-09-21T23:59:59.999999999+00:00,winner,ICUI,[],,8,False,False,False,False,False
173,"Aminocaproic Acid Injection, USP","aminocaproic acid injection, usp",IPXL,US,SPY,2017-09-21,2017-09-21,,2017-09-21,2017-09-21T23:59:59.999999999+00:00,winner,IPXL,[],,8,False,False,False,False,False
173,"Aminocaproic Acid Injection, USP","aminocaproic acid injection, usp",LCI,US,SPY,2017-09-21,2017-09-21,,2017-09-21,2017-09-21T23:59:59.999999999+00:00,winner,LCI,[],,8,False,False,False,False,False
173,"Aminocaproic Acid Injection, USP","aminocaproic acid injection, usp",TLGT,US,SPY,2017-09-21,2017-09-21,,2017-09-21,2017-09-21T23:59:59.999999999+00:00,winner,TLGT,[],,8,False,False,False,False,False
173,"Aminocaproic Acid Injection, USP","aminocaproic acid injection, usp",BAX,US,SPY,2017-09-21,2017-09-21,,2017-09-21,2017-09-21T23:59:59.999999999+00:00,placebo,,[],US non-specialist generic maker listed on the trade date,8,False,False,False,False,False
173,"Aminocaproic Acid Injection, USP","aminocaproic acid injection, usp",PRGO,US,SPY,2017-09-21,2017-09-21,,2017-09-21,2017-09-21T23:59:59.999999999+00:00,placebo,,[],US non-specialist generic maker listed on the trade date,8,False,False,False,False,False
173,"Aminocaproic Acid Injection, USP","aminocaproic acid injection, usp",TEVA,US,SPY,2017-09-21,2017-09-21,,2017-09-21,2017-09-21T23:59:59.999999999+00:00,placebo,,[],US non-specialist generic maker listed on the trade date,8,False,False,False,False,False
173,"Aminocaproic Acid Injection, USP","aminocaproic acid injection, usp",VTRS,US,SPY,2017-09-21,2017-09-21,,2017-09-21,2017-09-21T23:59:59.999999999+00:00,placebo,,[],US non-specialist generic maker listed on the trade date,8,False,False,False,False,False
174,Folic Acid Injection,folic acid injection,AKRX,US,SPY,2017-09-21,2017-09-21,,2017-09-21,2017-09-21T23:59:59.999999999+00:00,winner,AKRX,[],,8,False,False,False,False,False
174,Folic Acid Injection,folic acid injection,AMPH,US,SPY,2017-09-21,2017-09-21,,2017-09-21,2017-09-21T23:59:59.999999999+00:00,winner,AMPH,[],,8,False,False,False,False,False
174,Folic Acid Injection,folic acid injection,ANIP,US,SPY,2017-09-21,2017-09-21,,2017-09-21,2017-09-21T23:59:59.999999999+00:00,winner,ANIP,[],,8,False,False,False,False,False
174,Folic Acid Injection,folic acid injection,ENDP,US,SPY,2017-09-21,2017-09-21,,2017-09-21,2017-09-21T23:59:59.999999999+00:00,winner,ENDP,[],,8,False,False,False,False,False
174,Folic Acid Injection,folic acid injection,ICUI,US,SPY,2017-09-21,2017-09-21,,2017-09-21,2017-09-21T23:59:59.999999999+00:00,winner,ICUI,[],,8,False,False,False,False,False
174,Folic Acid Injection,folic acid injection,IPXL,US,SPY,2017-09-21,2017-09-21,,2017-09-21,2017-09-21T23:59:59.999999999+00:00,winner,IPXL,[],,8,False,False,False,False,False
174,Folic Acid Injection,folic acid injection,LCI,US,SPY,2017-09-21,2017-09-21,,2017-09-21,2017-09-21T23:59:59.999999999+00:00,winner,LCI,[],,8,False,False,False,False,False
174,Folic Acid Injection,folic acid injection,TLGT,US,SPY,2017-09-21,2017-09-21,,2017-09-21,2017-09-21T23:59:59.999999999+00:00,winner,TLGT,[],,8,False,False,False,False,False
174,Folic Acid Injection,folic acid injection,BAX,US,SPY,2017-09-21,2017-09-21,,2017-09-21,2017-09-21T23:59:59.999999999+00:00,placebo,,[],US non-specialist generic maker listed on the trade date,8,False,False,False,False,False
174,Folic Acid Injection,folic acid injection,PRGO,US,SPY,2017-09-21,2017-09-21,,2017-09-21,2017-09-21T23:59:59.999999999+00:00,placebo,,[],US non-specialist generic maker listed on the trade date,8,False,False,False,False,False
174,Folic Acid Injection,folic acid injection,TEVA,US,SPY,2017-09-21,2017-09-21,,2017-09-21,2017-09-21T23:59:59.999999999+00:00,placebo,,[],US non-specialist generic maker listed on the trade date,8,False,False,False,False,False
174,Folic Acid Injection,folic acid injection,VTRS,US,SPY,2017-09-21,2017-09-21,,2017-09-21,2017-09-21T23:59:59.999999999+00:00,placebo,,[],US non-specialist generic maker listed on the trade date,8,False,False,False,False,False
176,"Diazepam Injection, USP","diazepam injection, usp",AKRX,US,SPY,2017-09-28,2017-09-28,,2017-09-28,2017-09-28T23:59:59.999999999+00:00,winner,AKRX,[],,8,False,False,False,False,False
176,"Diazepam Injection, USP","diazepam injection, usp",AMPH,US,SPY,2017-09-28,2017-09-28,,2017-09-28,2017-09-28T23:59:59.999999999+00:00,winner,AMPH,[],,8,False,False,False,False,False
176,"Diazepam Injection, USP","diazepam injection, usp",ANIP,US,SPY,2017-09-28,2017-09-28,,2017-09-28,2017-09-28T23:59:59.999999999+00:00,winner,ANIP,[],,8,False,False,False,False,False
176,"Diazepam Injection, USP","diazepam injection, usp",ENDP,US,SPY,2017-09-28,2017-09-28,,2017-09-28,2017-09-28T23:59:59.999999999+00:00,winner,ENDP,[],,8,False,False,False,False,False
176,"Diazepam Injection, USP","diazepam injection, usp",ICUI,US,SPY,2017-09-28,2017-09-28,,2017-09-28,2017-09-28T23:59:59.999999999+00:00,winner,ICUI,[],,8,False,False,False,False,False
176,"Diazepam Injection, USP","diazepam injection, usp",IPXL,US,SPY,2017-09-28,2017-09-28,,2017-09-28,2017-09-28T23:59:59.999999999+00:00,winner,IPXL,[],,8,False,False,False,False,False
176,"Diazepam Injection, USP","diazepam injection, usp",LCI,US,SPY,2017-09-28,2017-09-28,,2017-09-28,2017-09-28T23:59:59.999999999+00:00,winner,LCI,[],,8,False,False,False,False,False
176,"Diazepam Injection, USP","diazepam injection, usp",TLGT,US,SPY,2017-09-28,2017-09-28,,2017-09-28,2017-09-28T23:59:59.999999999+00:00,winner,TLGT,[],,8,False,False,False,False,False
176,"Diazepam Injection, USP","diazepam injection, usp",BAX,US,SPY,2017-09-28,2017-09-28,,2017-09-28,2017-09-28T23:59:59.999999999+00:00,placebo,,[],US non-specialist generic maker listed on the trade date,8,False,False,False,False,False
176,"Diazepam Injection, USP","diazepam injection, usp",PRGO,US,SPY,2017-09-28,2017-09-28,,2017-09-28,2017-09-28T23:59:59.999999999+00:00,placebo,,[],US non-specialist generic maker listed on the trade date,8,False,False,False,False,False
176,"Diazepam Injection, USP","diazepam injection, usp",TEVA,US,SPY,2017-09-28,2017-09-28,,2017-09-28,2017-09-28T23:59:59.999999999+00:00,placebo,,[],US non-specialist generic maker listed on the trade date,8,False,False,False,False,False
176,"Diazepam Injection, USP","diazepam injection, usp",VTRS,US,SPY,2017-09-28,2017-09-28,,2017-09-28,2017-09-28T23:59:59.999999999+00:00,placebo,,[],US non-specialist generic maker listed on the trade date,8,False,False,False,False,False
177,"Metronidazole Injection, USP","metronidazole injection, usp",AKRX,US,SPY,2017-10-13,2017-10-13,,2017-10-13,2017-10-13T23:59:59.999999999+00:00,winner,AKRX,[],,8,False,False,False,False,False
177,"Metronidazole Injection, USP","metronidazole injection, usp",AMPH,US,SPY,2017-10-13,2017-10-13,,2017-10-13,2017-10-13T23:59:59.999999999+00:00,winner,AMPH,[],,8,False,False,False,False,False
177,"Metronidazole Injection, USP","metronidazole injection, usp",ANIP,US,SPY,2017-10-13,2017-10-13,,2017-10-13,2017-10-13T23:59:59.999999999+00:00,winner,ANIP,[],,8,False,False,False,False,False
177,"Metronidazole Injection, USP","metronidazole injection, usp",ENDP,US,SPY,2017-10-13,2017-10-13,,2017-10-13,2017-10-13T23:59:59.999999999+00:00,winner,ENDP,[],,8,False,False,False,False,False
177,"Metronidazole Injection, USP","metronidazole injection, usp",ICUI,US,SPY,2017-10-13,2017-10-13,,2017-10-13,2017-10-13T23:59:59.999999999+00:00,winner,ICUI,[],,8,False,False,False,False,False
177,"Metronidazole Injection, USP","metronidazole injection, usp",IPXL,US,SPY,2017-10-13,2017-10-13,,2017-10-13,2017-10-13T23:59:59.999999999+00:00,winner,IPXL,[],,8,False,False,False,False,False
177,"Metronidazole Injection, USP","metronidazole injection, usp",LCI,US,SPY,2017-10-13,2017-10-13,,2017-10-13,2017-10-13T23:59:59.999999999+00:00,winner,LCI,[],,8,False,False,False,False,False
177,"Metronidazole Injection, USP","metronidazole injection, usp",TLGT,US,SPY,2017-10-13,2017-10-13,,2017-10-13,2017-10-13T23:59:59.999999999+00:00,winner,TLGT,[],,8,False,False,False,False,False
177,"Metronidazole Injection, USP","metronidazole injection, usp",BAX,US,SPY,2017-10-13,2017-10-13,,2017-10-13,2017-10-13T23:59:59.999999999+00:00,placebo,,[],US non-specialist generic maker listed on the trade date,8,False,False,False,False,False
177,"Metronidazole Injection, USP","metronidazole injection, usp",PRGO,US,SPY,2017-10-13,2017-10-13,,2017-10-13,2017-10-13T23:59:59.999999999+00:00,placebo,,[],US non-specialist generic maker listed on the trade date,8,False,False,False,False,False
177,"Metronidazole Injection, USP","metronidazole injection, usp",TEVA,US,SPY,2017-10-13,2017-10-13,,2017-10-13,2017-10-13T23:59:59.999999999+00:00,placebo,,[],US non-specialist generic maker listed on the trade date,8,False,False,False,False,False
177,"Metronidazole Injection, USP","metronidazole injection, usp",VTRS,US,SPY,2017-10-13,2017-10-13,,2017-10-13,2017-10-13T23:59:59.999999999+00:00,placebo,,[],US non-specialist generic maker listed on the trade date,8,False,False,False,False,False
180,"Hydromorphone Hydrochloride Injection, USP","hydromorphone hydrochloride injection, usp",AKRX,US,SPY,2017-11-03,2017-11-03,,2017-11-03,2017-11-03T23:59:59.999999999+00:00,winner,AKRX,[],,8,True,False,False,False,False
180,"Hydromorphone Hydrochloride Injection, USP","hydromorphone hydrochloride injection, usp",AMPH,US,SPY,2017-11-03,2017-11-03,,2017-11-03,2017-11-03T23:59:59.999999999+00:00,winner,AMPH,[],,8,True,False,False,False,False
180,"Hydromorphone Hydrochloride Injection, USP","hydromorphone hydrochloride injection, usp",ANIP,US,SPY,2017-11-03,2017-11-03,,2017-11-03,2017-11-03T23:59:59.999999999+00:00,winner,ANIP,[],,8,True,False,False,False,False
180,"Hydromorphone Hydrochloride Injection, USP","hydromorphone hydrochloride injection, usp",ENDP,US,SPY,2017-11-03,2017-11-03,,2017-11-03,2017-11-03T23:59:59.999999999+00:00,winner,ENDP,[],,8,True,False,False,False,False
180,"Hydromorphone Hydrochloride Injection, USP","hydromorphone hydrochloride injection, usp",ICUI,US,SPY,2017-11-03,2017-11-03,,2017-11-03,2017-11-03T23:59:59.999999999+00:00,winner,ICUI,[],,8,True,False,False,False,False
180,"Hydromorphone Hydrochloride Injection, USP","hydromorphone hydrochloride injection, usp",IPXL,US,SPY,2017-11-03,2017-11-03,,2017-11-03,2017-11-03T23:59:59.999999999+00:00,winner,IPXL,[],,8,True,False,False,False,False
180,"Hydromorphone Hydrochloride Injection, USP","hydromorphone hydrochloride injection, usp",LCI,US,SPY,2017-11-03,2017-11-03,,2017-11-03,2017-11-03T23:59:59.999999999+00:00,winner,LCI,[],,8,True,False,False,False,False
180,"Hydromorphone Hydrochloride Injection, USP","hydromorphone hydrochloride injection, usp",TLGT,US,SPY,2017-11-03,2017-11-03,,2017-11-03,2017-11-03T23:59:59.999999999+00:00,winner,TLGT,[],,8,True,False,False,False,False
180,"Hydromorphone Hydrochloride Injection, USP","hydromorphone hydrochloride injection, usp",BAX,US,SPY,2017-11-03,2017-11-03,,2017-11-03,2017-11-03T23:59:59.999999999+00:00,placebo,,[],US non-specialist generic maker listed on the trade date,8,True,False,False,False,False
180,"Hydromorphone Hydrochloride Injection, USP","hydromorphone hydrochloride injection, usp",PRGO,US,SPY,2017-11-03,2017-11-03,,2017-11-03,2017-11-03T23:59:59.999999999+00:00,placebo,,[],US non-specialist generic maker listed on the trade date,8,True,False,False,False,False
180,"Hydromorphone Hydrochloride Injection, USP","hydromorphone hydrochloride injection, usp",TEVA,US,SPY,2017-11-03,2017-11-03,,2017-11-03,2017-11-03T23:59:59.999999999+00:00,placebo,,[],US non-specialist generic maker listed on the trade date,8,True,False,False,False,False
180,"Hydromorphone Hydrochloride Injection, USP","hydromorphone hydrochloride injection, usp",VTRS,US,SPY,2017-11-03,2017-11-03,,2017-11-03,2017-11-03T23:59:59.999999999+00:00,placebo,,[],US non-specialist generic maker listed on the trade date,8,True,False,False,False,False
181,Lidocaine Hydrochloride (Xylocaine) and Dextrose Injection Solution-Premix Bags,lidocaine hydrochloride (xylocaine) and dextrose injection solution-premix bags,AKRX,US,SPY,2017-11-03,2017-11-03,,2017-11-03,2017-11-03T23:59:59.999999999+00:00,winner,AKRX,[],,8,True,False,False,False,False
181,Lidocaine Hydrochloride (Xylocaine) and Dextrose Injection Solution-Premix Bags,lidocaine hydrochloride (xylocaine) and dextrose injection solution-premix bags,AMPH,US,SPY,2017-11-03,2017-11-03,,2017-11-03,2017-11-03T23:59:59.999999999+00:00,winner,AMPH,[],,8,True,False,False,False,False
181,Lidocaine Hydrochloride (Xylocaine) and Dextrose Injection Solution-Premix Bags,lidocaine hydrochloride (xylocaine) and dextrose injection solution-premix bags,ANIP,US,SPY,2017-11-03,2017-11-03,,2017-11-03,2017-11-03T23:59:59.999999999+00:00,winner,ANIP,[],,8,True,False,False,False,False
181,Lidocaine Hydrochloride (Xylocaine) and Dextrose Injection Solution-Premix Bags,lidocaine hydrochloride (xylocaine) and dextrose injection solution-premix bags,ENDP,US,SPY,2017-11-03,2017-11-03,,2017-11-03,2017-11-03T23:59:59.999999999+00:00,winner,ENDP,[],,8,True,False,False,False,False
181,Lidocaine Hydrochloride (Xylocaine) and Dextrose Injection Solution-Premix Bags,lidocaine hydrochloride (xylocaine) and dextrose injection solution-premix bags,ICUI,US,SPY,2017-11-03,2017-11-03,,2017-11-03,2017-11-03T23:59:59.999999999+00:00,winner,ICUI,[],,8,True,False,False,False,False
181,Lidocaine Hydrochloride (Xylocaine) and Dextrose Injection Solution-Premix Bags,lidocaine hydrochloride (xylocaine) and dextrose injection solution-premix bags,IPXL,US,SPY,2017-11-03,2017-11-03,,2017-11-03,2017-11-03T23:59:59.999999999+00:00,winner,IPXL,[],,8,True,False,False,False,False
181,Lidocaine Hydrochloride (Xylocaine) and Dextrose Injection Solution-Premix Bags,lidocaine hydrochloride (xylocaine) and dextrose injection solution-premix bags,LCI,US,SPY,2017-11-03,2017-11-03,,2017-11-03,2017-11-03T23:59:59.999999999+00:00,winner,LCI,[],,8,True,False,False,False,False
181,Lidocaine Hydrochloride (Xylocaine) and Dextrose Injection Solution-Premix Bags,lidocaine hydrochloride (xylocaine) and dextrose injection solution-premix bags,TLGT,US,SPY,2017-11-03,2017-11-03,,2017-11-03,2017-11-03T23:59:59.999999999+00:00,winner,TLGT,[],,8,True,False,False,False,False
181,Lidocaine Hydrochloride (Xylocaine) and Dextrose Injection Solution-Premix Bags,lidocaine hydrochloride (xylocaine) and dextrose injection solution-premix bags,BAX,US,SPY,2017-11-03,2017-11-03,,2017-11-03,2017-11-03T23:59:59.999999999+00:00,placebo,,[],US non-specialist generic maker listed on the trade date,8,True,False,False,False,False
181,Lidocaine Hydrochloride (Xylocaine) and Dextrose Injection Solution-Premix Bags,lidocaine hydrochloride (xylocaine) and dextrose injection solution-premix bags,PRGO,US,SPY,2017-11-03,2017-11-03,,2017-11-03,2017-11-03T23:59:59.999999999+00:00,placebo,,[],US non-specialist generic maker listed on the trade date,8,True,False,False,False,False
181,Lidocaine Hydrochloride (Xylocaine) and Dextrose Injection Solution-Premix Bags,lidocaine hydrochloride (xylocaine) and dextrose injection solution-premix bags,TEVA,US,SPY,2017-11-03,2017-11-03,,2017-11-03,2017-11-03T23:59:59.999999999+00:00,placebo,,[],US non-specialist generic maker listed on the trade date,8,True,False,False,False,False
181,Lidocaine Hydrochloride (Xylocaine) and Dextrose Injection Solution-Premix Bags,lidocaine hydrochloride (xylocaine) and dextrose injection solution-premix bags,VTRS,US,SPY,2017-11-03,2017-11-03,,2017-11-03,2017-11-03T23:59:59.999999999+00:00,placebo,,[],US non-specialist generic maker listed on the trade date,8,True,False,False,False,False
182,"Metoclopramide Injection, USP","metoclopramide injection, usp",AKRX,US,SPY,2017-11-03,2017-11-03,,2017-11-03,2017-11-03T23:59:59.999999999+00:00,winner,AKRX,[],,8,True,False,False,False,False
182,"Metoclopramide Injection, USP","metoclopramide injection, usp",AMPH,US,SPY,2017-11-03,2017-11-03,,2017-11-03,2017-11-03T23:59:59.999999999+00:00,winner,AMPH,[],,8,True,False,False,False,False
182,"Metoclopramide Injection, USP","metoclopramide injection, usp",ANIP,US,SPY,2017-11-03,2017-11-03,,2017-11-03,2017-11-03T23:59:59.999999999+00:00,winner,ANIP,[],,8,True,False,False,False,False
182,"Metoclopramide Injection, USP","metoclopramide injection, usp",ENDP,US,SPY,2017-11-03,2017-11-03,,2017-11-03,2017-11-03T23:59:59.999999999+00:00,winner,ENDP,[],,8,True,False,False,False,False
182,"Metoclopramide Injection, USP","metoclopramide injection, usp",ICUI,US,SPY,2017-11-03,2017-11-03,,2017-11-03,2017-11-03T23:59:59.999999999+00:00,winner,ICUI,[],,8,True,False,False,False,False
182,"Metoclopramide Injection, USP","metoclopramide injection, usp",IPXL,US,SPY,2017-11-03,2017-11-03,,2017-11-03,2017-11-03T23:59:59.999999999+00:00,winner,IPXL,[],,8,True,False,False,False,False
182,"Metoclopramide Injection, USP","metoclopramide injection, usp",LCI,US,SPY,2017-11-03,2017-11-03,,2017-11-03,2017-11-03T23:59:59.999999999+00:00,winner,LCI,[],,8,True,False,False,False,False
182,"Metoclopramide Injection, USP","metoclopramide injection, usp",TLGT,US,SPY,2017-11-03,2017-11-03,,2017-11-03,2017-11-03T23:59:59.999999999+00:00,winner,TLGT,[],,8,True,False,False,False,False
182,"Metoclopramide Injection, USP","metoclopramide injection, usp",BAX,US,SPY,2017-11-03,2017-11-03,,2017-11-03,2017-11-03T23:59:59.999999999+00:00,placebo,,[],US non-specialist generic maker listed on the trade date,8,True,False,False,False,False
182,"Metoclopramide Injection, USP","metoclopramide injection, usp",PRGO,US,SPY,2017-11-03,2017-11-03,,2017-11-03,2017-11-03T23:59:59.999999999+00:00,placebo,,[],US non-specialist generic maker listed on the trade date,8,True,False,False,False,False
182,"Metoclopramide Injection, USP","metoclopramide injection, usp",TEVA,US,SPY,2017-11-03,2017-11-03,,2017-11-03,2017-11-03T23:59:59.999999999+00:00,placebo,,[],US non-specialist generic maker listed on the trade date,8,True,False,False,False,False
182,"Metoclopramide Injection, USP","metoclopramide injection, usp",VTRS,US,SPY,2017-11-03,2017-11-03,,2017-11-03,2017-11-03T23:59:59.999999999+00:00,placebo,,[],US non-specialist generic maker listed on the trade date,8,True,False,False,False,False
183,"Morphine Sulfate Injection, USP","morphine sulfate injection, usp",AKRX,US,SPY,2017-11-03,2017-11-03,,2017-11-03,2017-11-03T23:59:59.999999999+00:00,winner,AKRX,[],,8,True,False,False,False,False
183,"Morphine Sulfate Injection, USP","morphine sulfate injection, usp",AMPH,US,SPY,2017-11-03,2017-11-03,,2017-11-03,2017-11-03T23:59:59.999999999+00:00,winner,AMPH,[],,8,True,False,False,False,False
183,"Morphine Sulfate Injection, USP","morphine sulfate injection, usp",ANIP,US,SPY,2017-11-03,2017-11-03,,2017-11-03,2017-11-03T23:59:59.999999999+00:00,winner,ANIP,[],,8,True,False,False,False,False
183,"Morphine Sulfate Injection, USP","morphine sulfate injection, usp",ENDP,US,SPY,2017-11-03,2017-11-03,,2017-11-03,2017-11-03T23:59:59.999999999+00:00,winner,ENDP,[],,8,True,False,False,False,False
183,"Morphine Sulfate Injection, USP","morphine sulfate injection, usp",ICUI,US,SPY,2017-11-03,2017-11-03,,2017-11-03,2017-11-03T23:59:59.999999999+00:00,winner,ICUI,[],,8,True,False,False,False,False
183,"Morphine Sulfate Injection, USP","morphine sulfate injection, usp",IPXL,US,SPY,2017-11-03,2017-11-03,,2017-11-03,2017-11-03T23:59:59.999999999+00:00,winner,IPXL,[],,8,True,False,False,False,False
183,"Morphine Sulfate Injection, USP","morphine sulfate injection, usp",LCI,US,SPY,2017-11-03,2017-11-03,,2017-11-03,2017-11-03T23:59:59.999999999+00:00,winner,LCI,[],,8,True,False,False,False,False
183,"Morphine Sulfate Injection, USP","morphine sulfate injection, usp",TLGT,US,SPY,2017-11-03,2017-11-03,,2017-11-03,2017-11-03T23:59:59.999999999+00:00,winner,TLGT,[],,8,True,False,False,False,False
183,"Morphine Sulfate Injection, USP","morphine sulfate injection, usp",BAX,US,SPY,2017-11-03,2017-11-03,,2017-11-03,2017-11-03T23:59:59.999999999+00:00,placebo,,[],US non-specialist generic maker listed on the trade date,8,True,False,False,False,False
183,"Morphine Sulfate Injection, USP","morphine sulfate injection, usp",PRGO,US,SPY,2017-11-03,2017-11-03,,2017-11-03,2017-11-03T23:59:59.999999999+00:00,placebo,,[],US non-specialist generic maker listed on the trade date,8,True,False,False,False,False
183,"Morphine Sulfate Injection, USP","morphine sulfate injection, usp",TEVA,US,SPY,2017-11-03,2017-11-03,,2017-11-03,2017-11-03T23:59:59.999999999+00:00,placebo,,[],US non-specialist generic maker listed on the trade date,8,True,False,False,False,False
183,"Morphine Sulfate Injection, USP","morphine sulfate injection, usp",VTRS,US,SPY,2017-11-03,2017-11-03,,2017-11-03,2017-11-03T23:59:59.999999999+00:00,placebo,,[],US non-specialist generic maker listed on the trade date,8,True,False,False,False,False
184,Dobutamine Hydrochloride Injection,dobutamine hydrochloride injection,AKRX,US,SPY,2017-11-09,2017-11-09,,2017-11-09,2017-11-09T23:59:59.999999999+00:00,winner,AKRX,[],,8,False,False,False,False,False
184,Dobutamine Hydrochloride Injection,dobutamine hydrochloride injection,AMPH,US,SPY,2017-11-09,2017-11-09,,2017-11-09,2017-11-09T23:59:59.999999999+00:00,winner,AMPH,[],,8,False,False,False,False,False
184,Dobutamine Hydrochloride Injection,dobutamine hydrochloride injection,ANIP,US,SPY,2017-11-09,2017-11-09,,2017-11-09,2017-11-09T23:59:59.999999999+00:00,winner,ANIP,[],,8,False,False,False,False,False
184,Dobutamine Hydrochloride Injection,dobutamine hydrochloride injection,ENDP,US,SPY,2017-11-09,2017-11-09,,2017-11-09,2017-11-09T23:59:59.999999999+00:00,winner,ENDP,[],,8,False,False,False,False,False
184,Dobutamine Hydrochloride Injection,dobutamine hydrochloride injection,ICUI,US,SPY,2017-11-09,2017-11-09,,2017-11-09,2017-11-09T23:59:59.999999999+00:00,winner,ICUI,[],,8,False,False,False,False,False
184,Dobutamine Hydrochloride Injection,dobutamine hydrochloride injection,IPXL,US,SPY,2017-11-09,2017-11-09,,2017-11-09,2017-11-09T23:59:59.999999999+00:00,winner,IPXL,[],,8,False,False,False,False,False
184,Dobutamine Hydrochloride Injection,dobutamine hydrochloride injection,LCI,US,SPY,2017-11-09,2017-11-09,,2017-11-09,2017-11-09T23:59:59.999999999+00:00,winner,LCI,[],,8,False,False,False,False,False
184,Dobutamine Hydrochloride Injection,dobutamine hydrochloride injection,TLGT,US,SPY,2017-11-09,2017-11-09,,2017-11-09,2017-11-09T23:59:59.999999999+00:00,winner,TLGT,[],,8,False,False,False,False,False
184,Dobutamine Hydrochloride Injection,dobutamine hydrochloride injection,BAX,US,SPY,2017-11-09,2017-11-09,,2017-11-09,2017-11-09T23:59:59.999999999+00:00,placebo,,[],US non-specialist generic maker listed on the trade date,8,False,False,False,False,False
184,Dobutamine Hydrochloride Injection,dobutamine hydrochloride injection,PRGO,US,SPY,2017-11-09,2017-11-09,,2017-11-09,2017-11-09T23:59:59.999999999+00:00,placebo,,[],US non-specialist generic maker listed on the trade date,8,False,False,False,False,False
184,Dobutamine Hydrochloride Injection,dobutamine hydrochloride injection,TEVA,US,SPY,2017-11-09,2017-11-09,,2017-11-09,2017-11-09T23:59:59.999999999+00:00,placebo,,[],US non-specialist generic maker listed on the trade date,8,False,False,False,False,False
184,Dobutamine Hydrochloride Injection,dobutamine hydrochloride injection,VTRS,US,SPY,2017-11-09,2017-11-09,,2017-11-09,2017-11-09T23:59:59.999999999+00:00,placebo,,[],US non-specialist generic maker listed on the trade date,8,False,False,False,False,False
185,Dopamine Hydrochloride Injection,dopamine hydrochloride injection,AKRX,US,SPY,2017-11-09,2017-11-09,,2017-11-09,2017-11-09T23:59:59.999999999+00:00,winner,AKRX,[],,8,False,False,False,False,False
185,Dopamine Hydrochloride Injection,dopamine hydrochloride injection,AMPH,US,SPY,2017-11-09,2017-11-09,,2017-11-09,2017-11-09T23:59:59.999999999+00:00,winner,AMPH,[],,8,False,False,False,False,False
185,Dopamine Hydrochloride Injection,dopamine hydrochloride injection,ANIP,US,SPY,2017-11-09,2017-11-09,,2017-11-09,2017-11-09T23:59:59.999999999+00:00,winner,ANIP,[],,8,False,False,False,False,False
185,Dopamine Hydrochloride Injection,dopamine hydrochloride injection,ENDP,US,SPY,2017-11-09,2017-11-09,,2017-11-09,2017-11-09T23:59:59.999999999+00:00,winner,ENDP,[],,8,False,False,False,False,False
185,Dopamine Hydrochloride Injection,dopamine hydrochloride injection,ICUI,US,SPY,2017-11-09,2017-11-09,,2017-11-09,2017-11-09T23:59:59.999999999+00:00,winner,ICUI,[],,8,False,False,False,False,False
185,Dopamine Hydrochloride Injection,dopamine hydrochloride injection,IPXL,US,SPY,2017-11-09,2017-11-09,,2017-11-09,2017-11-09T23:59:59.999999999+00:00,winner,IPXL,[],,8,False,False,False,False,False
185,Dopamine Hydrochloride Injection,dopamine hydrochloride injection,LCI,US,SPY,2017-11-09,2017-11-09,,2017-11-09,2017-11-09T23:59:59.999999999+00:00,winner,LCI,[],,8,False,False,False,False,False
185,Dopamine Hydrochloride Injection,dopamine hydrochloride injection,TLGT,US,SPY,2017-11-09,2017-11-09,,2017-11-09,2017-11-09T23:59:59.999999999+00:00,winner,TLGT,[],,8,False,False,False,False,False
185,Dopamine Hydrochloride Injection,dopamine hydrochloride injection,BAX,US,SPY,2017-11-09,2017-11-09,,2017-11-09,2017-11-09T23:59:59.999999999+00:00,placebo,,[],US non-specialist generic maker listed on the trade date,8,False,False,False,False,False
185,Dopamine Hydrochloride Injection,dopamine hydrochloride injection,PRGO,US,SPY,2017-11-09,2017-11-09,,2017-11-09,2017-11-09T23:59:59.999999999+00:00,placebo,,[],US non-specialist generic maker listed on the trade date,8,False,False,False,False,False
185,Dopamine Hydrochloride Injection,dopamine hydrochloride injection,TEVA,US,SPY,2017-11-09,2017-11-09,,2017-11-09,2017-11-09T23:59:59.999999999+00:00,placebo,,[],US non-specialist generic maker listed on the trade date,8,False,False,False,False,False
185,Dopamine Hydrochloride Injection,dopamine hydrochloride injection,VTRS,US,SPY,2017-11-09,2017-11-09,,2017-11-09,2017-11-09T23:59:59.999999999+00:00,placebo,,[],US non-specialist generic maker listed on the trade date,8,False,False,False,False,False
186,Heparin Sodium and Sodium Chloride 0.9% Injection,heparin sodium and sodium chloride 0.9% injection,AKRX,US,SPY,2017-12-02,2017-12-02,,2017-12-02,2017-12-02T23:59:59.999999999+00:00,winner,AKRX,[],,8,True,False,False,False,False
186,Heparin Sodium and Sodium Chloride 0.9% Injection,heparin sodium and sodium chloride 0.9% injection,AMPH,US,SPY,2017-12-02,2017-12-02,,2017-12-02,2017-12-02T23:59:59.999999999+00:00,winner,AMPH,[],,8,True,False,False,False,False
186,Heparin Sodium and Sodium Chloride 0.9% Injection,heparin sodium and sodium chloride 0.9% injection,ANIP,US,SPY,2017-12-02,2017-12-02,,2017-12-02,2017-12-02T23:59:59.999999999+00:00,winner,ANIP,[],,8,True,False,False,False,False
186,Heparin Sodium and Sodium Chloride 0.9% Injection,heparin sodium and sodium chloride 0.9% injection,ENDP,US,SPY,2017-12-02,2017-12-02,,2017-12-02,2017-12-02T23:59:59.999999999+00:00,winner,ENDP,[],,8,True,False,False,False,False
186,Heparin Sodium and Sodium Chloride 0.9% Injection,heparin sodium and sodium chloride 0.9% injection,ICUI,US,SPY,2017-12-02,2017-12-02,,2017-12-02,2017-12-02T23:59:59.999999999+00:00,winner,ICUI,[],,8,True,False,False,False,False
186,Heparin Sodium and Sodium Chloride 0.9% Injection,heparin sodium and sodium chloride 0.9% injection,IPXL,US,SPY,2017-12-02,2017-12-02,,2017-12-02,2017-12-02T23:59:59.999999999+00:00,winner,IPXL,[],,8,True,False,False,False,False
186,Heparin Sodium and Sodium Chloride 0.9% Injection,heparin sodium and sodium chloride 0.9% injection,LCI,US,SPY,2017-12-02,2017-12-02,,2017-12-02,2017-12-02T23:59:59.999999999+00:00,winner,LCI,[],,8,True,False,False,False,False
186,Heparin Sodium and Sodium Chloride 0.9% Injection,heparin sodium and sodium chloride 0.9% injection,TLGT,US,SPY,2017-12-02,2017-12-02,,2017-12-02,2017-12-02T23:59:59.999999999+00:00,winner,TLGT,[],,8,True,False,False,False,False
186,Heparin Sodium and Sodium Chloride 0.9% Injection,heparin sodium and sodium chloride 0.9% injection,BAX,US,SPY,2017-12-02,2017-12-02,,2017-12-02,2017-12-02T23:59:59.999999999+00:00,placebo,,[],US non-specialist generic maker listed on the trade date,8,True,False,False,False,False
186,Heparin Sodium and Sodium Chloride 0.9% Injection,heparin sodium and sodium chloride 0.9% injection,PRGO,US,SPY,2017-12-02,2017-12-02,,2017-12-02,2017-12-02T23:59:59.999999999+00:00,placebo,,[],US non-specialist generic maker listed on the trade date,8,True,False,False,False,False
186,Heparin Sodium and Sodium Chloride 0.9% Injection,heparin sodium and sodium chloride 0.9% injection,TEVA,US,SPY,2017-12-02,2017-12-02,,2017-12-02,2017-12-02T23:59:59.999999999+00:00,placebo,,[],US non-specialist generic maker listed on the trade date,8,True,False,False,False,False
186,Heparin Sodium and Sodium Chloride 0.9% Injection,heparin sodium and sodium chloride 0.9% injection,VTRS,US,SPY,2017-12-02,2017-12-02,,2017-12-02,2017-12-02T23:59:59.999999999+00:00,placebo,,[],US non-specialist generic maker listed on the trade date,8,True,False,False,False,False
187,"Bumetanide Injection, USP","bumetanide injection, usp",AKRX,US,SPY,2017-12-16,2017-12-16,,2017-12-16,2017-12-16T23:59:59.999999999+00:00,winner,AKRX,[],,8,False,False,False,False,False
187,"Bumetanide Injection, USP","bumetanide injection, usp",AMPH,US,SPY,2017-12-16,2017-12-16,,2017-12-16,2017-12-16T23:59:59.999999999+00:00,winner,AMPH,[],,8,False,False,False,False,False
187,"Bumetanide Injection, USP","bumetanide injection, usp",ANIP,US,SPY,2017-12-16,2017-12-16,,2017-12-16,2017-12-16T23:59:59.999999999+00:00,winner,ANIP,[],,8,False,False,False,False,False
187,"Bumetanide Injection, USP","bumetanide injection, usp",ENDP,US,SPY,2017-12-16,2017-12-16,,2017-12-16,2017-12-16T23:59:59.999999999+00:00,winner,ENDP,[],,8,False,False,False,False,False
187,"Bumetanide Injection, USP","bumetanide injection, usp",ICUI,US,SPY,2017-12-16,2017-12-16,,2017-12-16,2017-12-16T23:59:59.999999999+00:00,winner,ICUI,[],,8,False,False,False,False,False
187,"Bumetanide Injection, USP","bumetanide injection, usp",IPXL,US,SPY,2017-12-16,2017-12-16,,2017-12-16,2017-12-16T23:59:59.999999999+00:00,winner,IPXL,[],,8,False,False,False,False,False
187,"Bumetanide Injection, USP","bumetanide injection, usp",LCI,US,SPY,2017-12-16,2017-12-16,,2017-12-16,2017-12-16T23:59:59.999999999+00:00,winner,LCI,[],,8,False,False,False,False,False
187,"Bumetanide Injection, USP","bumetanide injection, usp",TLGT,US,SPY,2017-12-16,2017-12-16,,2017-12-16,2017-12-16T23:59:59.999999999+00:00,winner,TLGT,[],,8,False,False,False,False,False
187,"Bumetanide Injection, USP","bumetanide injection, usp",BAX,US,SPY,2017-12-16,2017-12-16,,2017-12-16,2017-12-16T23:59:59.999999999+00:00,placebo,,[],US non-specialist generic maker listed on the trade date,8,False,False,False,False,False
187,"Bumetanide Injection, USP","bumetanide injection, usp",PRGO,US,SPY,2017-12-16,2017-12-16,,2017-12-16,2017-12-16T23:59:59.999999999+00:00,placebo,,[],US non-specialist generic maker listed on the trade date,8,False,False,False,False,False
187,"Bumetanide Injection, USP","bumetanide injection, usp",TEVA,US,SPY,2017-12-16,2017-12-16,,2017-12-16,2017-12-16T23:59:59.999999999+00:00,placebo,,[],US non-specialist generic maker listed on the trade date,8,False,False,False,False,False
187,"Bumetanide Injection, USP","bumetanide injection, usp",VTRS,US,SPY,2017-12-16,2017-12-16,,2017-12-16,2017-12-16T23:59:59.999999999+00:00,placebo,,[],US non-specialist generic maker listed on the trade date,8,False,False,False,False,False
191,Phosphate Injection Products,phosphate injection products,AKRX,US,SPY,2018-01-12,2018-01-12,,2018-01-12,2018-01-12T23:59:59.999999999+00:00,winner,AKRX,[],,8,True,False,False,False,False
191,Phosphate Injection Products,phosphate injection products,AMPH,US,SPY,2018-01-12,2018-01-12,,2018-01-12,2018-01-12T23:59:59.999999999+00:00,winner,AMPH,[],,8,True,False,False,False,False
191,Phosphate Injection Products,phosphate injection products,ANIP,US,SPY,2018-01-12,2018-01-12,,2018-01-12,2018-01-12T23:59:59.999999999+00:00,winner,ANIP,[],,8,True,False,False,False,False
191,Phosphate Injection Products,phosphate injection products,ENDP,US,SPY,2018-01-12,2018-01-12,,2018-01-12,2018-01-12T23:59:59.999999999+00:00,winner,ENDP,[],,8,True,False,False,False,False
191,Phosphate Injection Products,phosphate injection products,ICUI,US,SPY,2018-01-12,2018-01-12,,2018-01-12,2018-01-12T23:59:59.999999999+00:00,winner,ICUI,[],,8,True,False,False,False,False
191,Phosphate Injection Products,phosphate injection products,IPXL,US,SPY,2018-01-12,2018-01-12,,2018-01-12,2018-01-12T23:59:59.999999999+00:00,winner,IPXL,[],,8,True,False,False,False,False
191,Phosphate Injection Products,phosphate injection products,LCI,US,SPY,2018-01-12,2018-01-12,,2018-01-12,2018-01-12T23:59:59.999999999+00:00,winner,LCI,[],,8,True,False,False,False,False
191,Phosphate Injection Products,phosphate injection products,TLGT,US,SPY,2018-01-12,2018-01-12,,2018-01-12,2018-01-12T23:59:59.999999999+00:00,winner,TLGT,[],,8,True,False,False,False,False
191,Phosphate Injection Products,phosphate injection products,BAX,US,SPY,2018-01-12,2018-01-12,,2018-01-12,2018-01-12T23:59:59.999999999+00:00,placebo,,[],US non-specialist generic maker listed on the trade date,8,True,False,False,False,False
191,Phosphate Injection Products,phosphate injection products,PRGO,US,SPY,2018-01-12,2018-01-12,,2018-01-12,2018-01-12T23:59:59.999999999+00:00,placebo,,[],US non-specialist generic maker listed on the trade date,8,True,False,False,False,False
191,Phosphate Injection Products,phosphate injection products,TEVA,US,SPY,2018-01-12,2018-01-12,,2018-01-12,2018-01-12T23:59:59.999999999+00:00,placebo,,[],US non-specialist generic maker listed on the trade date,8,True,False,False,False,False
191,Phosphate Injection Products,phosphate injection products,VTRS,US,SPY,2018-01-12,2018-01-12,,2018-01-12,2018-01-12T23:59:59.999999999+00:00,placebo,,[],US non-specialist generic maker listed on the trade date,8,True,False,False,False,False
192,"Progesterone Injection, USP","progesterone injection, usp",AKRX,US,SPY,2018-01-12,2018-01-12,,2018-01-12,2018-01-12T23:59:59.999999999+00:00,winner,AKRX,[],,8,True,False,False,False,False
192,"Progesterone Injection, USP","progesterone injection, usp",AMPH,US,SPY,2018-01-12,2018-01-12,,2018-01-12,2018-01-12T23:59:59.999999999+00:00,winner,AMPH,[],,8,True,False,False,False,False
192,"Progesterone Injection, USP","progesterone injection, usp",ANIP,US,SPY,2018-01-12,2018-01-12,,2018-01-12,2018-01-12T23:59:59.999999999+00:00,winner,ANIP,[],,8,True,False,False,False,False
192,"Progesterone Injection, USP","progesterone injection, usp",ENDP,US,SPY,2018-01-12,2018-01-12,,2018-01-12,2018-01-12T23:59:59.999999999+00:00,winner,ENDP,[],,8,True,False,False,False,False
192,"Progesterone Injection, USP","progesterone injection, usp",ICUI,US,SPY,2018-01-12,2018-01-12,,2018-01-12,2018-01-12T23:59:59.999999999+00:00,winner,ICUI,[],,8,True,False,False,False,False
192,"Progesterone Injection, USP","progesterone injection, usp",IPXL,US,SPY,2018-01-12,2018-01-12,,2018-01-12,2018-01-12T23:59:59.999999999+00:00,winner,IPXL,[],,8,True,False,False,False,False
192,"Progesterone Injection, USP","progesterone injection, usp",LCI,US,SPY,2018-01-12,2018-01-12,,2018-01-12,2018-01-12T23:59:59.999999999+00:00,winner,LCI,[],,8,True,False,False,False,False
192,"Progesterone Injection, USP","progesterone injection, usp",TLGT,US,SPY,2018-01-12,2018-01-12,,2018-01-12,2018-01-12T23:59:59.999999999+00:00,winner,TLGT,[],,8,True,False,False,False,False
192,"Progesterone Injection, USP","progesterone injection, usp",BAX,US,SPY,2018-01-12,2018-01-12,,2018-01-12,2018-01-12T23:59:59.999999999+00:00,placebo,,[],US non-specialist generic maker listed on the trade date,8,True,False,False,False,False
192,"Progesterone Injection, USP","progesterone injection, usp",PRGO,US,SPY,2018-01-12,2018-01-12,,2018-01-12,2018-01-12T23:59:59.999999999+00:00,placebo,,[],US non-specialist generic maker listed on the trade date,8,True,False,False,False,False
192,"Progesterone Injection, USP","progesterone injection, usp",TEVA,US,SPY,2018-01-12,2018-01-12,,2018-01-12,2018-01-12T23:59:59.999999999+00:00,placebo,,[],US non-specialist generic maker listed on the trade date,8,True,False,False,False,False
192,"Progesterone Injection, USP","progesterone injection, usp",VTRS,US,SPY,2018-01-12,2018-01-12,,2018-01-12,2018-01-12T23:59:59.999999999+00:00,placebo,,[],US non-specialist generic maker listed on the trade date,8,True,False,False,False,False
198,"Deferoxamine Mesylate for Injection, USP","deferoxamine mesylate for injection, usp",AKRX,US,SPY,2018-02-08,2018-02-08,,2018-02-08,2018-02-08T23:59:59.999999999+00:00,winner,AKRX,[],,8,False,False,False,False,False
198,"Deferoxamine Mesylate for Injection, USP","deferoxamine mesylate for injection, usp",AMPH,US,SPY,2018-02-08,2018-02-08,,2018-02-08,2018-02-08T23:59:59.999999999+00:00,winner,AMPH,[],,8,False,False,False,False,False
198,"Deferoxamine Mesylate for Injection, USP","deferoxamine mesylate for injection, usp",ANIP,US,SPY,2018-02-08,2018-02-08,,2018-02-08,2018-02-08T23:59:59.999999999+00:00,winner,ANIP,[],,8,False,False,False,False,False
198,"Deferoxamine Mesylate for Injection, USP","deferoxamine mesylate for injection, usp",ENDP,US,SPY,2018-02-08,2018-02-08,,2018-02-08,2018-02-08T23:59:59.999999999+00:00,winner,ENDP,[],,8,False,False,False,False,False
198,"Deferoxamine Mesylate for Injection, USP","deferoxamine mesylate for injection, usp",ICUI,US,SPY,2018-02-08,2018-02-08,,2018-02-08,2018-02-08T23:59:59.999999999+00:00,winner,ICUI,[],,8,False,False,False,False,False
198,"Deferoxamine Mesylate for Injection, USP","deferoxamine mesylate for injection, usp",IPXL,US,SPY,2018-02-08,2018-02-08,,2018-02-08,2018-02-08T23:59:59.999999999+00:00,winner,IPXL,[],,8,False,False,False,False,False
198,"Deferoxamine Mesylate for Injection, USP","deferoxamine mesylate for injection, usp",LCI,US,SPY,2018-02-08,2018-02-08,,2018-02-08,2018-02-08T23:59:59.999999999+00:00,winner,LCI,[],,8,False,False,False,False,False
198,"Deferoxamine Mesylate for Injection, USP","deferoxamine mesylate for injection, usp",TLGT,US,SPY,2018-02-08,2018-02-08,,2018-02-08,2018-02-08T23:59:59.999999999+00:00,winner,TLGT,[],,8,False,False,False,False,False
198,"Deferoxamine Mesylate for Injection, USP","deferoxamine mesylate for injection, usp",BAX,US,SPY,2018-02-08,2018-02-08,,2018-02-08,2018-02-08T23:59:59.999999999+00:00,placebo,,[],US non-specialist generic maker listed on the trade date,8,False,False,False,False,False
198,"Deferoxamine Mesylate for Injection, USP","deferoxamine mesylate for injection, usp",PRGO,US,SPY,2018-02-08,2018-02-08,,2018-02-08,2018-02-08T23:59:59.999999999+00:00,placebo,,[],US non-specialist generic maker listed on the trade date,8,False,False,False,False,False
198,"Deferoxamine Mesylate for Injection, USP","deferoxamine mesylate for injection, usp",TEVA,US,SPY,2018-02-08,2018-02-08,,2018-02-08,2018-02-08T23:59:59.999999999+00:00,placebo,,[],US non-specialist generic maker listed on the trade date,8,False,False,False,False,False
198,"Deferoxamine Mesylate for Injection, USP","deferoxamine mesylate for injection, usp",VTRS,US,SPY,2018-02-08,2018-02-08,,2018-02-08,2018-02-08T23:59:59.999999999+00:00,placebo,,[],US non-specialist generic maker listed on the trade date,8,False,False,False,False,False
200,Remifentanil (Ultiva) Lyophilized Powder for Solution Injection,remifentanil (ultiva) lyophilized powder for solution injection,AKRX,US,SPY,2018-02-08,2018-02-08,,2018-02-08,2018-02-08T23:59:59.999999999+00:00,winner,AKRX,[],,8,False,False,False,False,False
200,Remifentanil (Ultiva) Lyophilized Powder for Solution Injection,remifentanil (ultiva) lyophilized powder for solution injection,AMPH,US,SPY,2018-02-08,2018-02-08,,2018-02-08,2018-02-08T23:59:59.999999999+00:00,winner,AMPH,[],,8,False,False,False,False,False
200,Remifentanil (Ultiva) Lyophilized Powder for Solution Injection,remifentanil (ultiva) lyophilized powder for solution injection,ANIP,US,SPY,2018-02-08,2018-02-08,,2018-02-08,2018-02-08T23:59:59.999999999+00:00,winner,ANIP,[],,8,False,False,False,False,False
200,Remifentanil (Ultiva) Lyophilized Powder for Solution Injection,remifentanil (ultiva) lyophilized powder for solution injection,ENDP,US,SPY,2018-02-08,2018-02-08,,2018-02-08,2018-02-08T23:59:59.999999999+00:00,winner,ENDP,[],,8,False,False,False,False,False
200,Remifentanil (Ultiva) Lyophilized Powder for Solution Injection,remifentanil (ultiva) lyophilized powder for solution injection,ICUI,US,SPY,2018-02-08,2018-02-08,,2018-02-08,2018-02-08T23:59:59.999999999+00:00,winner,ICUI,[],,8,False,False,False,False,False
200,Remifentanil (Ultiva) Lyophilized Powder for Solution Injection,remifentanil (ultiva) lyophilized powder for solution injection,IPXL,US,SPY,2018-02-08,2018-02-08,,2018-02-08,2018-02-08T23:59:59.999999999+00:00,winner,IPXL,[],,8,False,False,False,False,False
200,Remifentanil (Ultiva) Lyophilized Powder for Solution Injection,remifentanil (ultiva) lyophilized powder for solution injection,LCI,US,SPY,2018-02-08,2018-02-08,,2018-02-08,2018-02-08T23:59:59.999999999+00:00,winner,LCI,[],,8,False,False,False,False,False
200,Remifentanil (Ultiva) Lyophilized Powder for Solution Injection,remifentanil (ultiva) lyophilized powder for solution injection,TLGT,US,SPY,2018-02-08,2018-02-08,,2018-02-08,2018-02-08T23:59:59.999999999+00:00,winner,TLGT,[],,8,False,False,False,False,False
200,Remifentanil (Ultiva) Lyophilized Powder for Solution Injection,remifentanil (ultiva) lyophilized powder for solution injection,BAX,US,SPY,2018-02-08,2018-02-08,,2018-02-08,2018-02-08T23:59:59.999999999+00:00,placebo,,[],US non-specialist generic maker listed on the trade date,8,False,False,False,False,False
200,Remifentanil (Ultiva) Lyophilized Powder for Solution Injection,remifentanil (ultiva) lyophilized powder for solution injection,PRGO,US,SPY,2018-02-08,2018-02-08,,2018-02-08,2018-02-08T23:59:59.999999999+00:00,placebo,,[],US non-specialist generic maker listed on the trade date,8,False,False,False,False,False
200,Remifentanil (Ultiva) Lyophilized Powder for Solution Injection,remifentanil (ultiva) lyophilized powder for solution injection,TEVA,US,SPY,2018-02-08,2018-02-08,,2018-02-08,2018-02-08T23:59:59.999999999+00:00,placebo,,[],US non-specialist generic maker listed on the trade date,8,False,False,False,False,False
200,Remifentanil (Ultiva) Lyophilized Powder for Solution Injection,remifentanil (ultiva) lyophilized powder for solution injection,VTRS,US,SPY,2018-02-08,2018-02-08,,2018-02-08,2018-02-08T23:59:59.999999999+00:00,placebo,,[],US non-specialist generic maker listed on the trade date,8,False,False,False,False,False
202,Ketamine Injection,ketamine injection,AKRX,US,SPY,2018-02-16,2018-02-16,,2018-02-16,2018-02-16T23:59:59.999999999+00:00,winner,AKRX,[],,8,False,False,False,False,False
202,Ketamine Injection,ketamine injection,AMPH,US,SPY,2018-02-16,2018-02-16,,2018-02-16,2018-02-16T23:59:59.999999999+00:00,winner,AMPH,[],,8,False,False,False,False,False
202,Ketamine Injection,ketamine injection,ANIP,US,SPY,2018-02-16,2018-02-16,,2018-02-16,2018-02-16T23:59:59.999999999+00:00,winner,ANIP,[],,8,False,False,False,False,False
202,Ketamine Injection,ketamine injection,ENDP,US,SPY,2018-02-16,2018-02-16,,2018-02-16,2018-02-16T23:59:59.999999999+00:00,winner,ENDP,[],,8,False,False,False,False,False
202,Ketamine Injection,ketamine injection,ICUI,US,SPY,2018-02-16,2018-02-16,,2018-02-16,2018-02-16T23:59:59.999999999+00:00,winner,ICUI,[],,8,False,False,False,False,False
202,Ketamine Injection,ketamine injection,IPXL,US,SPY,2018-02-16,2018-02-16,,2018-02-16,2018-02-16T23:59:59.999999999+00:00,winner,IPXL,[],,8,False,False,False,False,False
202,Ketamine Injection,ketamine injection,LCI,US,SPY,2018-02-16,2018-02-16,,2018-02-16,2018-02-16T23:59:59.999999999+00:00,winner,LCI,[],,8,False,False,False,False,False
202,Ketamine Injection,ketamine injection,TLGT,US,SPY,2018-02-16,2018-02-16,,2018-02-16,2018-02-16T23:59:59.999999999+00:00,winner,TLGT,[],,8,False,False,False,False,False
202,Ketamine Injection,ketamine injection,BAX,US,SPY,2018-02-16,2018-02-16,,2018-02-16,2018-02-16T23:59:59.999999999+00:00,placebo,,[],US non-specialist generic maker listed on the trade date,8,False,False,False,False,False
202,Ketamine Injection,ketamine injection,PRGO,US,SPY,2018-02-16,2018-02-16,,2018-02-16,2018-02-16T23:59:59.999999999+00:00,placebo,,[],US non-specialist generic maker listed on the trade date,8,False,False,False,False,False
202,Ketamine Injection,ketamine injection,TEVA,US,SPY,2018-02-16,2018-02-16,,2018-02-16,2018-02-16T23:59:59.999999999+00:00,placebo,,[],US non-specialist generic maker listed on the trade date,8,False,False,False,False,False
202,Ketamine Injection,ketamine injection,VTRS,US,SPY,2018-02-16,2018-02-16,,2018-02-16,2018-02-16T23:59:59.999999999+00:00,placebo,,[],US non-specialist generic maker listed on the trade date,8,False,False,False,False,False
203,"Bupivacaine Hydrochloride Injection, USP","bupivacaine hydrochloride injection, usp",AKRX,US,SPY,2018-02-23,2018-02-23,,2018-02-23,2018-02-23T23:59:59.999999999+00:00,winner,AKRX,[],,8,False,False,False,False,False
203,"Bupivacaine Hydrochloride Injection, USP","bupivacaine hydrochloride injection, usp",AMPH,US,SPY,2018-02-23,2018-02-23,,2018-02-23,2018-02-23T23:59:59.999999999+00:00,winner,AMPH,[],,8,False,False,False,False,False
203,"Bupivacaine Hydrochloride Injection, USP","bupivacaine hydrochloride injection, usp",ANIP,US,SPY,2018-02-23,2018-02-23,,2018-02-23,2018-02-23T23:59:59.999999999+00:00,winner,ANIP,[],,8,False,False,False,False,False
203,"Bupivacaine Hydrochloride Injection, USP","bupivacaine hydrochloride injection, usp",ENDP,US,SPY,2018-02-23,2018-02-23,,2018-02-23,2018-02-23T23:59:59.999999999+00:00,winner,ENDP,[],,8,False,False,False,False,False
203,"Bupivacaine Hydrochloride Injection, USP","bupivacaine hydrochloride injection, usp",ICUI,US,SPY,2018-02-23,2018-02-23,,2018-02-23,2018-02-23T23:59:59.999999999+00:00,winner,ICUI,[],,8,False,False,False,False,False
203,"Bupivacaine Hydrochloride Injection, USP","bupivacaine hydrochloride injection, usp",IPXL,US,SPY,2018-02-23,2018-02-23,,2018-02-23,2018-02-23T23:59:59.999999999+00:00,winner,IPXL,[],,8,False,False,False,False,False
203,"Bupivacaine Hydrochloride Injection, USP","bupivacaine hydrochloride injection, usp",LCI,US,SPY,2018-02-23,2018-02-23,,2018-02-23,2018-02-23T23:59:59.999999999+00:00,winner,LCI,[],,8,False,False,False,False,False
203,"Bupivacaine Hydrochloride Injection, USP","bupivacaine hydrochloride injection, usp",TLGT,US,SPY,2018-02-23,2018-02-23,,2018-02-23,2018-02-23T23:59:59.999999999+00:00,winner,TLGT,[],,8,False,False,False,False,False
203,"Bupivacaine Hydrochloride Injection, USP","bupivacaine hydrochloride injection, usp",BAX,US,SPY,2018-02-23,2018-02-23,,2018-02-23,2018-02-23T23:59:59.999999999+00:00,placebo,,[],US non-specialist generic maker listed on the trade date,8,False,False,False,False,False
203,"Bupivacaine Hydrochloride Injection, USP","bupivacaine hydrochloride injection, usp",PRGO,US,SPY,2018-02-23,2018-02-23,,2018-02-23,2018-02-23T23:59:59.999999999+00:00,placebo,,[],US non-specialist generic maker listed on the trade date,8,False,False,False,False,False
203,"Bupivacaine Hydrochloride Injection, USP","bupivacaine hydrochloride injection, usp",TEVA,US,SPY,2018-02-23,2018-02-23,,2018-02-23,2018-02-23T23:59:59.999999999+00:00,placebo,,[],US non-specialist generic maker listed on the trade date,8,False,False,False,False,False
203,"Bupivacaine Hydrochloride Injection, USP","bupivacaine hydrochloride injection, usp",VTRS,US,SPY,2018-02-23,2018-02-23,,2018-02-23,2018-02-23T23:59:59.999999999+00:00,placebo,,[],US non-specialist generic maker listed on the trade date,8,False,False,False,False,False
204,"Bupivacaine Hydrochloride and Epinephrine Injection, USP","bupivacaine hydrochloride and epinephrine injection, usp",AKRX,US,SPY,2018-02-23,2018-02-23,,2018-02-23,2018-02-23T23:59:59.999999999+00:00,winner,AKRX,[],,8,False,False,False,False,False
204,"Bupivacaine Hydrochloride and Epinephrine Injection, USP","bupivacaine hydrochloride and epinephrine injection, usp",AMPH,US,SPY,2018-02-23,2018-02-23,,2018-02-23,2018-02-23T23:59:59.999999999+00:00,winner,AMPH,[],,8,False,False,False,False,False
204,"Bupivacaine Hydrochloride and Epinephrine Injection, USP","bupivacaine hydrochloride and epinephrine injection, usp",ANIP,US,SPY,2018-02-23,2018-02-23,,2018-02-23,2018-02-23T23:59:59.999999999+00:00,winner,ANIP,[],,8,False,False,False,False,False
204,"Bupivacaine Hydrochloride and Epinephrine Injection, USP","bupivacaine hydrochloride and epinephrine injection, usp",ENDP,US,SPY,2018-02-23,2018-02-23,,2018-02-23,2018-02-23T23:59:59.999999999+00:00,winner,ENDP,[],,8,False,False,False,False,False
204,"Bupivacaine Hydrochloride and Epinephrine Injection, USP","bupivacaine hydrochloride and epinephrine injection, usp",ICUI,US,SPY,2018-02-23,2018-02-23,,2018-02-23,2018-02-23T23:59:59.999999999+00:00,winner,ICUI,[],,8,False,False,False,False,False
204,"Bupivacaine Hydrochloride and Epinephrine Injection, USP","bupivacaine hydrochloride and epinephrine injection, usp",IPXL,US,SPY,2018-02-23,2018-02-23,,2018-02-23,2018-02-23T23:59:59.999999999+00:00,winner,IPXL,[],,8,False,False,False,False,False
204,"Bupivacaine Hydrochloride and Epinephrine Injection, USP","bupivacaine hydrochloride and epinephrine injection, usp",LCI,US,SPY,2018-02-23,2018-02-23,,2018-02-23,2018-02-23T23:59:59.999999999+00:00,winner,LCI,[],,8,False,False,False,False,False
204,"Bupivacaine Hydrochloride and Epinephrine Injection, USP","bupivacaine hydrochloride and epinephrine injection, usp",TLGT,US,SPY,2018-02-23,2018-02-23,,2018-02-23,2018-02-23T23:59:59.999999999+00:00,winner,TLGT,[],,8,False,False,False,False,False
204,"Bupivacaine Hydrochloride and Epinephrine Injection, USP","bupivacaine hydrochloride and epinephrine injection, usp",BAX,US,SPY,2018-02-23,2018-02-23,,2018-02-23,2018-02-23T23:59:59.999999999+00:00,placebo,,[],US non-specialist generic maker listed on the trade date,8,False,False,False,False,False
204,"Bupivacaine Hydrochloride and Epinephrine Injection, USP","bupivacaine hydrochloride and epinephrine injection, usp",PRGO,US,SPY,2018-02-23,2018-02-23,,2018-02-23,2018-02-23T23:59:59.999999999+00:00,placebo,,[],US non-specialist generic maker listed on the trade date,8,False,False,False,False,False
204,"Bupivacaine Hydrochloride and Epinephrine Injection, USP","bupivacaine hydrochloride and epinephrine injection, usp",TEVA,US,SPY,2018-02-23,2018-02-23,,2018-02-23,2018-02-23T23:59:59.999999999+00:00,placebo,,[],US non-specialist generic maker listed on the trade date,8,False,False,False,False,False
204,"Bupivacaine Hydrochloride and Epinephrine Injection, USP","bupivacaine hydrochloride and epinephrine injection, usp",VTRS,US,SPY,2018-02-23,2018-02-23,,2018-02-23,2018-02-23T23:59:59.999999999+00:00,placebo,,[],US non-specialist generic maker listed on the trade date,8,False,False,False,False,False
207,"Phenytoin Sodium Injection, USP","phenytoin sodium injection, usp",AKRX,US,SPY,2018-03-23,2018-03-23,,2018-03-23,2018-03-23T23:59:59.999999999+00:00,winner,AKRX,[],,8,False,False,False,False,False
207,"Phenytoin Sodium Injection, USP","phenytoin sodium injection, usp",AMPH,US,SPY,2018-03-23,2018-03-23,,2018-03-23,2018-03-23T23:59:59.999999999+00:00,winner,AMPH,[],,8,False,False,False,False,False
207,"Phenytoin Sodium Injection, USP","phenytoin sodium injection, usp",ANIP,US,SPY,2018-03-23,2018-03-23,,2018-03-23,2018-03-23T23:59:59.999999999+00:00,winner,ANIP,[],,8,False,False,False,False,False
207,"Phenytoin Sodium Injection, USP","phenytoin sodium injection, usp",ENDP,US,SPY,2018-03-23,2018-03-23,,2018-03-23,2018-03-23T23:59:59.999999999+00:00,winner,ENDP,[],,8,False,False,False,False,False
207,"Phenytoin Sodium Injection, USP","phenytoin sodium injection, usp",ICUI,US,SPY,2018-03-23,2018-03-23,,2018-03-23,2018-03-23T23:59:59.999999999+00:00,winner,ICUI,[],,8,False,False,False,False,False
207,"Phenytoin Sodium Injection, USP","phenytoin sodium injection, usp",IPXL,US,SPY,2018-03-23,2018-03-23,,2018-03-23,2018-03-23T23:59:59.999999999+00:00,winner,IPXL,[],,8,False,False,False,False,False
207,"Phenytoin Sodium Injection, USP","phenytoin sodium injection, usp",LCI,US,SPY,2018-03-23,2018-03-23,,2018-03-23,2018-03-23T23:59:59.999999999+00:00,winner,LCI,[],,8,False,False,False,False,False
207,"Phenytoin Sodium Injection, USP","phenytoin sodium injection, usp",TLGT,US,SPY,2018-03-23,2018-03-23,,2018-03-23,2018-03-23T23:59:59.999999999+00:00,winner,TLGT,[],,8,False,False,False,False,False
207,"Phenytoin Sodium Injection, USP","phenytoin sodium injection, usp",BAX,US,SPY,2018-03-23,2018-03-23,,2018-03-23,2018-03-23T23:59:59.999999999+00:00,placebo,,[],US non-specialist generic maker listed on the trade date,8,False,False,False,False,False
207,"Phenytoin Sodium Injection, USP","phenytoin sodium injection, usp",PRGO,US,SPY,2018-03-23,2018-03-23,,2018-03-23,2018-03-23T23:59:59.999999999+00:00,placebo,,[],US non-specialist generic maker listed on the trade date,8,False,False,False,False,False
207,"Phenytoin Sodium Injection, USP","phenytoin sodium injection, usp",TEVA,US,SPY,2018-03-23,2018-03-23,,2018-03-23,2018-03-23T23:59:59.999999999+00:00,placebo,,[],US non-specialist generic maker listed on the trade date,8,False,False,False,False,False
207,"Phenytoin Sodium Injection, USP","phenytoin sodium injection, usp",VTRS,US,SPY,2018-03-23,2018-03-23,,2018-03-23,2018-03-23T23:59:59.999999999+00:00,placebo,,[],US non-specialist generic maker listed on the trade date,8,False,False,False,False,False
208,Ropivacaine Hydrochloride injection,ropivacaine hydrochloride injection,AKRX,US,SPY,2018-03-23,2018-03-23,,2018-03-23,2018-03-23T23:59:59.999999999+00:00,winner,AKRX,[],,8,False,False,False,False,False
208,Ropivacaine Hydrochloride injection,ropivacaine hydrochloride injection,AMPH,US,SPY,2018-03-23,2018-03-23,,2018-03-23,2018-03-23T23:59:59.999999999+00:00,winner,AMPH,[],,8,False,False,False,False,False
208,Ropivacaine Hydrochloride injection,ropivacaine hydrochloride injection,ANIP,US,SPY,2018-03-23,2018-03-23,,2018-03-23,2018-03-23T23:59:59.999999999+00:00,winner,ANIP,[],,8,False,False,False,False,False
208,Ropivacaine Hydrochloride injection,ropivacaine hydrochloride injection,ENDP,US,SPY,2018-03-23,2018-03-23,,2018-03-23,2018-03-23T23:59:59.999999999+00:00,winner,ENDP,[],,8,False,False,False,False,False
208,Ropivacaine Hydrochloride injection,ropivacaine hydrochloride injection,ICUI,US,SPY,2018-03-23,2018-03-23,,2018-03-23,2018-03-23T23:59:59.999999999+00:00,winner,ICUI,[],,8,False,False,False,False,False
208,Ropivacaine Hydrochloride injection,ropivacaine hydrochloride injection,IPXL,US,SPY,2018-03-23,2018-03-23,,2018-03-23,2018-03-23T23:59:59.999999999+00:00,winner,IPXL,[],,8,False,False,False,False,False
208,Ropivacaine Hydrochloride injection,ropivacaine hydrochloride injection,LCI,US,SPY,2018-03-23,2018-03-23,,2018-03-23,2018-03-23T23:59:59.999999999+00:00,winner,LCI,[],,8,False,False,False,False,False
208,Ropivacaine Hydrochloride injection,ropivacaine hydrochloride injection,TLGT,US,SPY,2018-03-23,2018-03-23,,2018-03-23,2018-03-23T23:59:59.999999999+00:00,winner,TLGT,[],,8,False,False,False,False,False
208,Ropivacaine Hydrochloride injection,ropivacaine hydrochloride injection,BAX,US,SPY,2018-03-23,2018-03-23,,2018-03-23,2018-03-23T23:59:59.999999999+00:00,placebo,,[],US non-specialist generic maker listed on the trade date,8,False,False,False,False,False
208,Ropivacaine Hydrochloride injection,ropivacaine hydrochloride injection,PRGO,US,SPY,2018-03-23,2018-03-23,,2018-03-23,2018-03-23T23:59:59.999999999+00:00,placebo,,[],US non-specialist generic maker listed on the trade date,8,False,False,False,False,False
208,Ropivacaine Hydrochloride injection,ropivacaine hydrochloride injection,TEVA,US,SPY,2018-03-23,2018-03-23,,2018-03-23,2018-03-23T23:59:59.999999999+00:00,placebo,,[],US non-specialist generic maker listed on the trade date,8,False,False,False,False,False
208,Ropivacaine Hydrochloride injection,ropivacaine hydrochloride injection,VTRS,US,SPY,2018-03-23,2018-03-23,,2018-03-23,2018-03-23T23:59:59.999999999+00:00,placebo,,[],US non-specialist generic maker listed on the trade date,8,False,False,False,False,False
209,Ketorolac Tromethamine Injection,ketorolac tromethamine injection,AKRX,US,SPY,2018-03-30,2018-03-30,,2018-03-30,2018-03-30T23:59:59.999999999+00:00,winner,AKRX,[],,8,False,False,False,False,False
209,Ketorolac Tromethamine Injection,ketorolac tromethamine injection,AMPH,US,SPY,2018-03-30,2018-03-30,,2018-03-30,2018-03-30T23:59:59.999999999+00:00,winner,AMPH,[],,8,False,False,False,False,False
209,Ketorolac Tromethamine Injection,ketorolac tromethamine injection,ANIP,US,SPY,2018-03-30,2018-03-30,,2018-03-30,2018-03-30T23:59:59.999999999+00:00,winner,ANIP,[],,8,False,False,False,False,False
209,Ketorolac Tromethamine Injection,ketorolac tromethamine injection,ENDP,US,SPY,2018-03-30,2018-03-30,,2018-03-30,2018-03-30T23:59:59.999999999+00:00,winner,ENDP,[],,8,False,False,False,False,False
209,Ketorolac Tromethamine Injection,ketorolac tromethamine injection,ICUI,US,SPY,2018-03-30,2018-03-30,,2018-03-30,2018-03-30T23:59:59.999999999+00:00,winner,ICUI,[],,8,False,False,False,False,False
209,Ketorolac Tromethamine Injection,ketorolac tromethamine injection,IPXL,US,SPY,2018-03-30,2018-03-30,,2018-03-30,2018-03-30T23:59:59.999999999+00:00,winner,IPXL,[],,8,False,False,False,False,False
209,Ketorolac Tromethamine Injection,ketorolac tromethamine injection,LCI,US,SPY,2018-03-30,2018-03-30,,2018-03-30,2018-03-30T23:59:59.999999999+00:00,winner,LCI,[],,8,False,False,False,False,False
209,Ketorolac Tromethamine Injection,ketorolac tromethamine injection,TLGT,US,SPY,2018-03-30,2018-03-30,,2018-03-30,2018-03-30T23:59:59.999999999+00:00,winner,TLGT,[],,8,False,False,False,False,False
209,Ketorolac Tromethamine Injection,ketorolac tromethamine injection,BAX,US,SPY,2018-03-30,2018-03-30,,2018-03-30,2018-03-30T23:59:59.999999999+00:00,placebo,,[],US non-specialist generic maker listed on the trade date,8,False,False,False,False,False
209,Ketorolac Tromethamine Injection,ketorolac tromethamine injection,PRGO,US,SPY,2018-03-30,2018-03-30,,2018-03-30,2018-03-30T23:59:59.999999999+00:00,placebo,,[],US non-specialist generic maker listed on the trade date,8,False,False,False,False,False
209,Ketorolac Tromethamine Injection,ketorolac tromethamine injection,TEVA,US,SPY,2018-03-30,2018-03-30,,2018-03-30,2018-03-30T23:59:59.999999999+00:00,placebo,,[],US non-specialist generic maker listed on the trade date,8,False,False,False,False,False
209,Ketorolac Tromethamine Injection,ketorolac tromethamine injection,VTRS,US,SPY,2018-03-30,2018-03-30,,2018-03-30,2018-03-30T23:59:59.999999999+00:00,placebo,,[],US non-specialist generic maker listed on the trade date,8,False,False,False,False,False
210,Abciximab (ReoPro) Injection,abciximab (reopro) injection,AKRX,US,SPY,2018-04-19,2018-04-19,,2018-04-19,2018-04-19T23:59:59.999999999+00:00,winner,AKRX,[],,8,False,False,False,False,False
210,Abciximab (ReoPro) Injection,abciximab (reopro) injection,AMPH,US,SPY,2018-04-19,2018-04-19,,2018-04-19,2018-04-19T23:59:59.999999999+00:00,winner,AMPH,[],,8,False,False,False,False,False
210,Abciximab (ReoPro) Injection,abciximab (reopro) injection,ANIP,US,SPY,2018-04-19,2018-04-19,,2018-04-19,2018-04-19T23:59:59.999999999+00:00,winner,ANIP,[],,8,False,False,False,False,False
210,Abciximab (ReoPro) Injection,abciximab (reopro) injection,ENDP,US,SPY,2018-04-19,2018-04-19,,2018-04-19,2018-04-19T23:59:59.999999999+00:00,winner,ENDP,[],,8,False,False,False,False,False
210,Abciximab (ReoPro) Injection,abciximab (reopro) injection,ICUI,US,SPY,2018-04-19,2018-04-19,,2018-04-19,2018-04-19T23:59:59.999999999+00:00,winner,ICUI,[],,8,False,False,False,False,False
210,Abciximab (ReoPro) Injection,abciximab (reopro) injection,IPXL,US,SPY,2018-04-19,2018-04-19,,2018-04-19,2018-04-19T23:59:59.999999999+00:00,winner,IPXL,[],,8,False,False,False,False,False
210,Abciximab (ReoPro) Injection,abciximab (reopro) injection,LCI,US,SPY,2018-04-19,2018-04-19,,2018-04-19,2018-04-19T23:59:59.999999999+00:00,winner,LCI,[],,8,False,False,False,False,False
210,Abciximab (ReoPro) Injection,abciximab (reopro) injection,TLGT,US,SPY,2018-04-19,2018-04-19,,2018-04-19,2018-04-19T23:59:59.999999999+00:00,winner,TLGT,[],,8,False,False,False,False,False
210,Abciximab (ReoPro) Injection,abciximab (reopro) injection,BAX,US,SPY,2018-04-19,2018-04-19,,2018-04-19,2018-04-19T23:59:59.999999999+00:00,placebo,,[],US non-specialist generic maker listed on the trade date,8,False,False,False,False,False
210,Abciximab (ReoPro) Injection,abciximab (reopro) injection,PRGO,US,SPY,2018-04-19,2018-04-19,,2018-04-19,2018-04-19T23:59:59.999999999+00:00,placebo,,[],US non-specialist generic maker listed on the trade date,8,False,False,False,False,False
210,Abciximab (ReoPro) Injection,abciximab (reopro) injection,TEVA,US,SPY,2018-04-19,2018-04-19,,2018-04-19,2018-04-19T23:59:59.999999999+00:00,placebo,,[],US non-specialist generic maker listed on the trade date,8,False,False,False,False,False
210,Abciximab (ReoPro) Injection,abciximab (reopro) injection,VTRS,US,SPY,2018-04-19,2018-04-19,,2018-04-19,2018-04-19T23:59:59.999999999+00:00,placebo,,[],US non-specialist generic maker listed on the trade date,8,False,False,False,False,False
212,Leuprolide Acetate Injection,leuprolide acetate injection,AKRX,US,SPY,2018-04-19,2018-04-19,,2018-04-19,2018-04-19T23:59:59.999999999+00:00,winner,AKRX,[],,8,False,False,False,False,False
212,Leuprolide Acetate Injection,leuprolide acetate injection,AMPH,US,SPY,2018-04-19,2018-04-19,,2018-04-19,2018-04-19T23:59:59.999999999+00:00,winner,AMPH,[],,8,False,False,False,False,False
212,Leuprolide Acetate Injection,leuprolide acetate injection,ANIP,US,SPY,2018-04-19,2018-04-19,,2018-04-19,2018-04-19T23:59:59.999999999+00:00,winner,ANIP,[],,8,False,False,False,False,False
212,Leuprolide Acetate Injection,leuprolide acetate injection,ENDP,US,SPY,2018-04-19,2018-04-19,,2018-04-19,2018-04-19T23:59:59.999999999+00:00,winner,ENDP,[],,8,False,False,False,False,False
212,Leuprolide Acetate Injection,leuprolide acetate injection,ICUI,US,SPY,2018-04-19,2018-04-19,,2018-04-19,2018-04-19T23:59:59.999999999+00:00,winner,ICUI,[],,8,False,False,False,False,False
212,Leuprolide Acetate Injection,leuprolide acetate injection,IPXL,US,SPY,2018-04-19,2018-04-19,,2018-04-19,2018-04-19T23:59:59.999999999+00:00,winner,IPXL,[],,8,False,False,False,False,False
212,Leuprolide Acetate Injection,leuprolide acetate injection,LCI,US,SPY,2018-04-19,2018-04-19,,2018-04-19,2018-04-19T23:59:59.999999999+00:00,winner,LCI,[],,8,False,False,False,False,False
212,Leuprolide Acetate Injection,leuprolide acetate injection,TLGT,US,SPY,2018-04-19,2018-04-19,,2018-04-19,2018-04-19T23:59:59.999999999+00:00,winner,TLGT,[],,8,False,False,False,False,False
212,Leuprolide Acetate Injection,leuprolide acetate injection,BAX,US,SPY,2018-04-19,2018-04-19,,2018-04-19,2018-04-19T23:59:59.999999999+00:00,placebo,,[],US non-specialist generic maker listed on the trade date,8,False,False,False,False,False
212,Leuprolide Acetate Injection,leuprolide acetate injection,PRGO,US,SPY,2018-04-19,2018-04-19,,2018-04-19,2018-04-19T23:59:59.999999999+00:00,placebo,,[],US non-specialist generic maker listed on the trade date,8,False,False,False,False,False
212,Leuprolide Acetate Injection,leuprolide acetate injection,TEVA,US,SPY,2018-04-19,2018-04-19,,2018-04-19,2018-04-19T23:59:59.999999999+00:00,placebo,,[],US non-specialist generic maker listed on the trade date,8,False,False,False,False,False
212,Leuprolide Acetate Injection,leuprolide acetate injection,VTRS,US,SPY,2018-04-19,2018-04-19,,2018-04-19,2018-04-19T23:59:59.999999999+00:00,placebo,,[],US non-specialist generic maker listed on the trade date,8,False,False,False,False,False
213,Ondansetron Hydrochloride Injection,ondansetron hydrochloride injection,AKRX,US,SPY,2018-04-19,2018-04-19,,2018-04-19,2018-04-19T23:59:59.999999999+00:00,winner,AKRX,[],,8,False,False,False,False,False
213,Ondansetron Hydrochloride Injection,ondansetron hydrochloride injection,AMPH,US,SPY,2018-04-19,2018-04-19,,2018-04-19,2018-04-19T23:59:59.999999999+00:00,winner,AMPH,[],,8,False,False,False,False,False
213,Ondansetron Hydrochloride Injection,ondansetron hydrochloride injection,ANIP,US,SPY,2018-04-19,2018-04-19,,2018-04-19,2018-04-19T23:59:59.999999999+00:00,winner,ANIP,[],,8,False,False,False,False,False
213,Ondansetron Hydrochloride Injection,ondansetron hydrochloride injection,ENDP,US,SPY,2018-04-19,2018-04-19,,2018-04-19,2018-04-19T23:59:59.999999999+00:00,winner,ENDP,[],,8,False,False,False,False,False
213,Ondansetron Hydrochloride Injection,ondansetron hydrochloride injection,ICUI,US,SPY,2018-04-19,2018-04-19,,2018-04-19,2018-04-19T23:59:59.999999999+00:00,winner,ICUI,[],,8,False,False,False,False,False
213,Ondansetron Hydrochloride Injection,ondansetron hydrochloride injection,IPXL,US,SPY,2018-04-19,2018-04-19,,2018-04-19,2018-04-19T23:59:59.999999999+00:00,winner,IPXL,[],,8,False,False,False,False,False
213,Ondansetron Hydrochloride Injection,ondansetron hydrochloride injection,LCI,US,SPY,2018-04-19,2018-04-19,,2018-04-19,2018-04-19T23:59:59.999999999+00:00,winner,LCI,[],,8,False,False,False,False,False
213,Ondansetron Hydrochloride Injection,ondansetron hydrochloride injection,TLGT,US,SPY,2018-04-19,2018-04-19,,2018-04-19,2018-04-19T23:59:59.999999999+00:00,winner,TLGT,[],,8,False,False,False,False,False
213,Ondansetron Hydrochloride Injection,ondansetron hydrochloride injection,BAX,US,SPY,2018-04-19,2018-04-19,,2018-04-19,2018-04-19T23:59:59.999999999+00:00,placebo,,[],US non-specialist generic maker listed on the trade date,8,False,False,False,False,False
213,Ondansetron Hydrochloride Injection,ondansetron hydrochloride injection,PRGO,US,SPY,2018-04-19,2018-04-19,,2018-04-19,2018-04-19T23:59:59.999999999+00:00,placebo,,[],US non-specialist generic maker listed on the trade date,8,False,False,False,False,False
213,Ondansetron Hydrochloride Injection,ondansetron hydrochloride injection,TEVA,US,SPY,2018-04-19,2018-04-19,,2018-04-19,2018-04-19T23:59:59.999999999+00:00,placebo,,[],US non-specialist generic maker listed on the trade date,8,False,False,False,False,False
213,Ondansetron Hydrochloride Injection,ondansetron hydrochloride injection,VTRS,US,SPY,2018-04-19,2018-04-19,,2018-04-19,2018-04-19T23:59:59.999999999+00:00,placebo,,[],US non-specialist generic maker listed on the trade date,8,False,False,False,False,False
214,Methadone Hydrochloride Injection,methadone hydrochloride injection,AKRX,US,SPY,2018-04-26,2018-04-26,,2018-04-26,2018-04-26T23:59:59.999999999+00:00,winner,AKRX,[],,8,False,False,False,False,False
214,Methadone Hydrochloride Injection,methadone hydrochloride injection,AMPH,US,SPY,2018-04-26,2018-04-26,,2018-04-26,2018-04-26T23:59:59.999999999+00:00,winner,AMPH,[],,8,False,False,False,False,False
214,Methadone Hydrochloride Injection,methadone hydrochloride injection,ANIP,US,SPY,2018-04-26,2018-04-26,,2018-04-26,2018-04-26T23:59:59.999999999+00:00,winner,ANIP,[],,8,False,False,False,False,False
214,Methadone Hydrochloride Injection,methadone hydrochloride injection,ENDP,US,SPY,2018-04-26,2018-04-26,,2018-04-26,2018-04-26T23:59:59.999999999+00:00,winner,ENDP,[],,8,False,False,False,False,False
214,Methadone Hydrochloride Injection,methadone hydrochloride injection,ICUI,US,SPY,2018-04-26,2018-04-26,,2018-04-26,2018-04-26T23:59:59.999999999+00:00,winner,ICUI,[],,8,False,False,False,False,False
214,Methadone Hydrochloride Injection,methadone hydrochloride injection,IPXL,US,SPY,2018-04-26,2018-04-26,,2018-04-26,2018-04-26T23:59:59.999999999+00:00,winner,IPXL,[],,8,False,False,False,False,False
214,Methadone Hydrochloride Injection,methadone hydrochloride injection,LCI,US,SPY,2018-04-26,2018-04-26,,2018-04-26,2018-04-26T23:59:59.999999999+00:00,winner,LCI,[],,8,False,False,False,False,False
214,Methadone Hydrochloride Injection,methadone hydrochloride injection,TLGT,US,SPY,2018-04-26,2018-04-26,,2018-04-26,2018-04-26T23:59:59.999999999+00:00,winner,TLGT,[],,8,False,False,False,False,False
214,Methadone Hydrochloride Injection,methadone hydrochloride injection,BAX,US,SPY,2018-04-26,2018-04-26,,2018-04-26,2018-04-26T23:59:59.999999999+00:00,placebo,,[],US non-specialist generic maker listed on the trade date,8,False,False,False,False,False
214,Methadone Hydrochloride Injection,methadone hydrochloride injection,PRGO,US,SPY,2018-04-26,2018-04-26,,2018-04-26,2018-04-26T23:59:59.999999999+00:00,placebo,,[],US non-specialist generic maker listed on the trade date,8,False,False,False,False,False
214,Methadone Hydrochloride Injection,methadone hydrochloride injection,TEVA,US,SPY,2018-04-26,2018-04-26,,2018-04-26,2018-04-26T23:59:59.999999999+00:00,placebo,,[],US non-specialist generic maker listed on the trade date,8,False,False,False,False,False
214,Methadone Hydrochloride Injection,methadone hydrochloride injection,VTRS,US,SPY,2018-04-26,2018-04-26,,2018-04-26,2018-04-26T23:59:59.999999999+00:00,placebo,,[],US non-specialist generic maker listed on the trade date,8,False,False,False,False,False
215,"Lorazepam Injection, USP","lorazepam injection, usp",AKRX,US,SPY,2018-05-03,2018-05-03,,2018-05-03,2018-05-03T23:59:59.999999999+00:00,winner,AKRX,[],,8,False,False,False,False,False
215,"Lorazepam Injection, USP","lorazepam injection, usp",AMPH,US,SPY,2018-05-03,2018-05-03,,2018-05-03,2018-05-03T23:59:59.999999999+00:00,winner,AMPH,[],,8,False,False,False,False,False
215,"Lorazepam Injection, USP","lorazepam injection, usp",ANIP,US,SPY,2018-05-03,2018-05-03,,2018-05-03,2018-05-03T23:59:59.999999999+00:00,winner,ANIP,[],,8,False,False,False,False,False
215,"Lorazepam Injection, USP","lorazepam injection, usp",ENDP,US,SPY,2018-05-03,2018-05-03,,2018-05-03,2018-05-03T23:59:59.999999999+00:00,winner,ENDP,[],,8,False,False,False,False,False
215,"Lorazepam Injection, USP","lorazepam injection, usp",ICUI,US,SPY,2018-05-03,2018-05-03,,2018-05-03,2018-05-03T23:59:59.999999999+00:00,winner,ICUI,[],,8,False,False,False,False,False
215,"Lorazepam Injection, USP","lorazepam injection, usp",IPXL,US,SPY,2018-05-03,2018-05-03,,2018-05-03,2018-05-03T23:59:59.999999999+00:00,winner,IPXL,[],,8,False,False,False,False,False
215,"Lorazepam Injection, USP","lorazepam injection, usp",LCI,US,SPY,2018-05-03,2018-05-03,,2018-05-03,2018-05-03T23:59:59.999999999+00:00,winner,LCI,[],,8,False,False,False,False,False
215,"Lorazepam Injection, USP","lorazepam injection, usp",TLGT,US,SPY,2018-05-03,2018-05-03,,2018-05-03,2018-05-03T23:59:59.999999999+00:00,winner,TLGT,[],,8,False,False,False,False,False
215,"Lorazepam Injection, USP","lorazepam injection, usp",BAX,US,SPY,2018-05-03,2018-05-03,,2018-05-03,2018-05-03T23:59:59.999999999+00:00,placebo,,[],US non-specialist generic maker listed on the trade date,8,False,False,False,False,False
215,"Lorazepam Injection, USP","lorazepam injection, usp",PRGO,US,SPY,2018-05-03,2018-05-03,,2018-05-03,2018-05-03T23:59:59.999999999+00:00,placebo,,[],US non-specialist generic maker listed on the trade date,8,False,False,False,False,False
215,"Lorazepam Injection, USP","lorazepam injection, usp",TEVA,US,SPY,2018-05-03,2018-05-03,,2018-05-03,2018-05-03T23:59:59.999999999+00:00,placebo,,[],US non-specialist generic maker listed on the trade date,8,False,False,False,False,False
215,"Lorazepam Injection, USP","lorazepam injection, usp",VTRS,US,SPY,2018-05-03,2018-05-03,,2018-05-03,2018-05-03T23:59:59.999999999+00:00,placebo,,[],US non-specialist generic maker listed on the trade date,8,False,False,False,False,False
216,Magnesium Sulfate Injection,magnesium sulfate injection,AKRX,US,SPY,2018-05-03,2018-05-03,,2018-05-03,2018-05-03T23:59:59.999999999+00:00,winner,AKRX,[],,8,False,False,False,False,False
216,Magnesium Sulfate Injection,magnesium sulfate injection,AMPH,US,SPY,2018-05-03,2018-05-03,,2018-05-03,2018-05-03T23:59:59.999999999+00:00,winner,AMPH,[],,8,False,False,False,False,False
216,Magnesium Sulfate Injection,magnesium sulfate injection,ANIP,US,SPY,2018-05-03,2018-05-03,,2018-05-03,2018-05-03T23:59:59.999999999+00:00,winner,ANIP,[],,8,False,False,False,False,False
216,Magnesium Sulfate Injection,magnesium sulfate injection,ENDP,US,SPY,2018-05-03,2018-05-03,,2018-05-03,2018-05-03T23:59:59.999999999+00:00,winner,ENDP,[],,8,False,False,False,False,False
216,Magnesium Sulfate Injection,magnesium sulfate injection,ICUI,US,SPY,2018-05-03,2018-05-03,,2018-05-03,2018-05-03T23:59:59.999999999+00:00,winner,ICUI,[],,8,False,False,False,False,False
216,Magnesium Sulfate Injection,magnesium sulfate injection,IPXL,US,SPY,2018-05-03,2018-05-03,,2018-05-03,2018-05-03T23:59:59.999999999+00:00,winner,IPXL,[],,8,False,False,False,False,False
216,Magnesium Sulfate Injection,magnesium sulfate injection,LCI,US,SPY,2018-05-03,2018-05-03,,2018-05-03,2018-05-03T23:59:59.999999999+00:00,winner,LCI,[],,8,False,False,False,False,False
216,Magnesium Sulfate Injection,magnesium sulfate injection,TLGT,US,SPY,2018-05-03,2018-05-03,,2018-05-03,2018-05-03T23:59:59.999999999+00:00,winner,TLGT,[],,8,False,False,False,False,False
216,Magnesium Sulfate Injection,magnesium sulfate injection,BAX,US,SPY,2018-05-03,2018-05-03,,2018-05-03,2018-05-03T23:59:59.999999999+00:00,placebo,,[],US non-specialist generic maker listed on the trade date,8,False,False,False,False,False
216,Magnesium Sulfate Injection,magnesium sulfate injection,PRGO,US,SPY,2018-05-03,2018-05-03,,2018-05-03,2018-05-03T23:59:59.999999999+00:00,placebo,,[],US non-specialist generic maker listed on the trade date,8,False,False,False,False,False
216,Magnesium Sulfate Injection,magnesium sulfate injection,TEVA,US,SPY,2018-05-03,2018-05-03,,2018-05-03,2018-05-03T23:59:59.999999999+00:00,placebo,,[],US non-specialist generic maker listed on the trade date,8,False,False,False,False,False
216,Magnesium Sulfate Injection,magnesium sulfate injection,VTRS,US,SPY,2018-05-03,2018-05-03,,2018-05-03,2018-05-03T23:59:59.999999999+00:00,placebo,,[],US non-specialist generic maker listed on the trade date,8,False,False,False,False,False
220,"Erythromycin Lactobionate for Injection, USP","erythromycin lactobionate for injection, usp",AKRX,US,SPY,2018-05-26,2018-05-26,,2018-05-26,2018-05-26T23:59:59.999999999+00:00,winner,AKRX,[],,8,True,False,False,False,False
220,"Erythromycin Lactobionate for Injection, USP","erythromycin lactobionate for injection, usp",AMPH,US,SPY,2018-05-26,2018-05-26,,2018-05-26,2018-05-26T23:59:59.999999999+00:00,winner,AMPH,[],,8,True,False,False,False,False
220,"Erythromycin Lactobionate for Injection, USP","erythromycin lactobionate for injection, usp",AMRX,US,SPY,2018-05-26,2018-05-26,,2018-05-26,2018-05-26T23:59:59.999999999+00:00,winner,AMRX,[],,8,True,False,False,False,False
220,"Erythromycin Lactobionate for Injection, USP","erythromycin lactobionate for injection, usp",ANIP,US,SPY,2018-05-26,2018-05-26,,2018-05-26,2018-05-26T23:59:59.999999999+00:00,winner,ANIP,[],,8,True,False,False,False,False
220,"Erythromycin Lactobionate for Injection, USP","erythromycin lactobionate for injection, usp",ENDP,US,SPY,2018-05-26,2018-05-26,,2018-05-26,2018-05-26T23:59:59.999999999+00:00,winner,ENDP,[],,8,True,False,False,False,False
220,"Erythromycin Lactobionate for Injection, USP","erythromycin lactobionate for injection, usp",ICUI,US,SPY,2018-05-26,2018-05-26,,2018-05-26,2018-05-26T23:59:59.999999999+00:00,winner,ICUI,[],,8,True,False,False,False,False
220,"Erythromycin Lactobionate for Injection, USP","erythromycin lactobionate for injection, usp",LCI,US,SPY,2018-05-26,2018-05-26,,2018-05-26,2018-05-26T23:59:59.999999999+00:00,winner,LCI,[],,8,True,False,False,False,False
220,"Erythromycin Lactobionate for Injection, USP","erythromycin lactobionate for injection, usp",TLGT,US,SPY,2018-05-26,2018-05-26,,2018-05-26,2018-05-26T23:59:59.999999999+00:00,winner,TLGT,[],,8,True,False,False,False,False
220,"Erythromycin Lactobionate for Injection, USP","erythromycin lactobionate for injection, usp",BAX,US,SPY,2018-05-26,2018-05-26,,2018-05-26,2018-05-26T23:59:59.999999999+00:00,placebo,,[],US non-specialist generic maker listed on the trade date,8,True,False,False,False,False
220,"Erythromycin Lactobionate for Injection, USP","erythromycin lactobionate for injection, usp",PRGO,US,SPY,2018-05-26,2018-05-26,,2018-05-26,2018-05-26T23:59:59.999999999+00:00,placebo,,[],US non-specialist generic maker listed on the trade date,8,True,False,False,False,False
220,"Erythromycin Lactobionate for Injection, USP","erythromycin lactobionate for injection, usp",TEVA,US,SPY,2018-05-26,2018-05-26,,2018-05-26,2018-05-26T23:59:59.999999999+00:00,placebo,,[],US non-specialist generic maker listed on the trade date,8,True,False,False,False,False
220,"Erythromycin Lactobionate for Injection, USP","erythromycin lactobionate for injection, usp",VTRS,US,SPY,2018-05-26,2018-05-26,,2018-05-26,2018-05-26T23:59:59.999999999+00:00,placebo,,[],US non-specialist generic maker listed on the trade date,8,True,False,False,False,False
223,"Aminophylline Injection, USP","aminophylline injection, usp",AKRX,US,SPY,2018-07-26,2018-07-26,,2018-07-26,2018-07-26T23:59:59.999999999+00:00,winner,AKRX,[],,8,True,False,False,False,False
223,"Aminophylline Injection, USP","aminophylline injection, usp",AMPH,US,SPY,2018-07-26,2018-07-26,,2018-07-26,2018-07-26T23:59:59.999999999+00:00,winner,AMPH,[],,8,True,False,False,False,False
223,"Aminophylline Injection, USP","aminophylline injection, usp",AMRX,US,SPY,2018-07-26,2018-07-26,,2018-07-26,2018-07-26T23:59:59.999999999+00:00,winner,AMRX,[],,8,True,False,False,False,False
223,"Aminophylline Injection, USP","aminophylline injection, usp",ANIP,US,SPY,2018-07-26,2018-07-26,,2018-07-26,2018-07-26T23:59:59.999999999+00:00,winner,ANIP,[],,8,True,False,False,False,False
223,"Aminophylline Injection, USP","aminophylline injection, usp",ENDP,US,SPY,2018-07-26,2018-07-26,,2018-07-26,2018-07-26T23:59:59.999999999+00:00,winner,ENDP,[],,8,True,False,False,False,False
223,"Aminophylline Injection, USP","aminophylline injection, usp",ICUI,US,SPY,2018-07-26,2018-07-26,,2018-07-26,2018-07-26T23:59:59.999999999+00:00,winner,ICUI,[],,8,True,False,False,False,False
223,"Aminophylline Injection, USP","aminophylline injection, usp",LCI,US,SPY,2018-07-26,2018-07-26,,2018-07-26,2018-07-26T23:59:59.999999999+00:00,winner,LCI,[],,8,True,False,False,False,False
223,"Aminophylline Injection, USP","aminophylline injection, usp",TLGT,US,SPY,2018-07-26,2018-07-26,,2018-07-26,2018-07-26T23:59:59.999999999+00:00,winner,TLGT,[],,8,True,False,False,False,False
223,"Aminophylline Injection, USP","aminophylline injection, usp",BAX,US,SPY,2018-07-26,2018-07-26,,2018-07-26,2018-07-26T23:59:59.999999999+00:00,placebo,,[],US non-specialist generic maker listed on the trade date,8,True,False,False,False,False
223,"Aminophylline Injection, USP","aminophylline injection, usp",PRGO,US,SPY,2018-07-26,2018-07-26,,2018-07-26,2018-07-26T23:59:59.999999999+00:00,placebo,,[],US non-specialist generic maker listed on the trade date,8,True,False,False,False,False
223,"Aminophylline Injection, USP","aminophylline injection, usp",TEVA,US,SPY,2018-07-26,2018-07-26,,2018-07-26,2018-07-26T23:59:59.999999999+00:00,placebo,,[],US non-specialist generic maker listed on the trade date,8,True,False,False,False,False
223,"Aminophylline Injection, USP","aminophylline injection, usp",VTRS,US,SPY,2018-07-26,2018-07-26,,2018-07-26,2018-07-26T23:59:59.999999999+00:00,placebo,,[],US non-specialist generic maker listed on the trade date,8,True,False,False,False,False
228,Diphenhydramine Injection,diphenhydramine injection,AKRX,US,SPY,2018-09-17,2018-09-17,,2018-09-17,2018-09-17T23:59:59.999999999+00:00,winner,AKRX,[],,8,True,False,False,False,False
228,Diphenhydramine Injection,diphenhydramine injection,AMPH,US,SPY,2018-09-17,2018-09-17,,2018-09-17,2018-09-17T23:59:59.999999999+00:00,winner,AMPH,[],,8,True,False,False,False,False
228,Diphenhydramine Injection,diphenhydramine injection,AMRX,US,SPY,2018-09-17,2018-09-17,,2018-09-17,2018-09-17T23:59:59.999999999+00:00,winner,AMRX,[],,8,True,False,False,False,False
228,Diphenhydramine Injection,diphenhydramine injection,ANIP,US,SPY,2018-09-17,2018-09-17,,2018-09-17,2018-09-17T23:59:59.999999999+00:00,winner,ANIP,[],,8,True,False,False,False,False
228,Diphenhydramine Injection,diphenhydramine injection,ENDP,US,SPY,2018-09-17,2018-09-17,,2018-09-17,2018-09-17T23:59:59.999999999+00:00,winner,ENDP,[],,8,True,False,False,False,False
228,Diphenhydramine Injection,diphenhydramine injection,ICUI,US,SPY,2018-09-17,2018-09-17,,2018-09-17,2018-09-17T23:59:59.999999999+00:00,winner,ICUI,[],,8,True,False,False,False,False
228,Diphenhydramine Injection,diphenhydramine injection,LCI,US,SPY,2018-09-17,2018-09-17,,2018-09-17,2018-09-17T23:59:59.999999999+00:00,winner,LCI,[],,8,True,False,False,False,False
228,Diphenhydramine Injection,diphenhydramine injection,TLGT,US,SPY,2018-09-17,2018-09-17,,2018-09-17,2018-09-17T23:59:59.999999999+00:00,winner,TLGT,[],,8,True,False,False,False,False
228,Diphenhydramine Injection,diphenhydramine injection,BAX,US,SPY,2018-09-17,2018-09-17,,2018-09-17,2018-09-17T23:59:59.999999999+00:00,placebo,,[],US non-specialist generic maker listed on the trade date,8,True,False,False,False,False
228,Diphenhydramine Injection,diphenhydramine injection,PRGO,US,SPY,2018-09-17,2018-09-17,,2018-09-17,2018-09-17T23:59:59.999999999+00:00,placebo,,[],US non-specialist generic maker listed on the trade date,8,True,False,False,False,False
228,Diphenhydramine Injection,diphenhydramine injection,TEVA,US,SPY,2018-09-17,2018-09-17,,2018-09-17,2018-09-17T23:59:59.999999999+00:00,placebo,,[],US non-specialist generic maker listed on the trade date,8,True,False,False,False,False
228,Diphenhydramine Injection,diphenhydramine injection,VTRS,US,SPY,2018-09-17,2018-09-17,,2018-09-17,2018-09-17T23:59:59.999999999+00:00,placebo,,[],US non-specialist generic maker listed on the trade date,8,True,False,False,False,False
238,Calcitriol Injection USP 1MCG /ML,calcitriol injection usp 1mcg /ml,AKRX,US,SPY,2019-01-08,2019-01-08,,2019-01-08,2019-01-08T23:59:59.999999999+00:00,winner,AKRX,[],,8,True,False,False,False,False
238,Calcitriol Injection USP 1MCG /ML,calcitriol injection usp 1mcg /ml,AMPH,US,SPY,2019-01-08,2019-01-08,,2019-01-08,2019-01-08T23:59:59.999999999+00:00,winner,AMPH,[],,8,True,False,False,False,False
238,Calcitriol Injection USP 1MCG /ML,calcitriol injection usp 1mcg /ml,AMRX,US,SPY,2019-01-08,2019-01-08,,2019-01-08,2019-01-08T23:59:59.999999999+00:00,winner,AMRX,[],,8,True,False,False,False,False
238,Calcitriol Injection USP 1MCG /ML,calcitriol injection usp 1mcg /ml,ANIP,US,SPY,2019-01-08,2019-01-08,,2019-01-08,2019-01-08T23:59:59.999999999+00:00,winner,ANIP,[],,8,True,False,False,False,False
238,Calcitriol Injection USP 1MCG /ML,calcitriol injection usp 1mcg /ml,ENDP,US,SPY,2019-01-08,2019-01-08,,2019-01-08,2019-01-08T23:59:59.999999999+00:00,winner,ENDP,[],,8,True,False,False,False,False
238,Calcitriol Injection USP 1MCG /ML,calcitriol injection usp 1mcg /ml,ICUI,US,SPY,2019-01-08,2019-01-08,,2019-01-08,2019-01-08T23:59:59.999999999+00:00,winner,ICUI,[],,8,True,False,False,False,False
238,Calcitriol Injection USP 1MCG /ML,calcitriol injection usp 1mcg /ml,LCI,US,SPY,2019-01-08,2019-01-08,,2019-01-08,2019-01-08T23:59:59.999999999+00:00,winner,LCI,[],,8,True,False,False,False,False
238,Calcitriol Injection USP 1MCG /ML,calcitriol injection usp 1mcg /ml,TLGT,US,SPY,2019-01-08,2019-01-08,,2019-01-08,2019-01-08T23:59:59.999999999+00:00,winner,TLGT,[],,8,True,False,False,False,False
238,Calcitriol Injection USP 1MCG /ML,calcitriol injection usp 1mcg /ml,BAX,US,SPY,2019-01-08,2019-01-08,,2019-01-08,2019-01-08T23:59:59.999999999+00:00,placebo,,[],US non-specialist generic maker listed on the trade date,8,True,False,False,False,False
238,Calcitriol Injection USP 1MCG /ML,calcitriol injection usp 1mcg /ml,PRGO,US,SPY,2019-01-08,2019-01-08,,2019-01-08,2019-01-08T23:59:59.999999999+00:00,placebo,,[],US non-specialist generic maker listed on the trade date,8,True,False,False,False,False
238,Calcitriol Injection USP 1MCG /ML,calcitriol injection usp 1mcg /ml,TEVA,US,SPY,2019-01-08,2019-01-08,,2019-01-08,2019-01-08T23:59:59.999999999+00:00,placebo,,[],US non-specialist generic maker listed on the trade date,8,True,False,False,False,False
238,Calcitriol Injection USP 1MCG /ML,calcitriol injection usp 1mcg /ml,VTRS,US,SPY,2019-01-08,2019-01-08,,2019-01-08,2019-01-08T23:59:59.999999999+00:00,placebo,,[],US non-specialist generic maker listed on the trade date,8,True,False,False,False,False
260,"Capreomycin Injection, USP","capreomycin injection, usp",AKRX,US,SPY,2019-06-15,2019-06-15,,2019-06-15,2019-06-15T23:59:59.999999999+00:00,winner,AKRX,[],,8,True,False,False,False,False
260,"Capreomycin Injection, USP","capreomycin injection, usp",AMPH,US,SPY,2019-06-15,2019-06-15,,2019-06-15,2019-06-15T23:59:59.999999999+00:00,winner,AMPH,[],,8,True,False,False,False,False
260,"Capreomycin Injection, USP","capreomycin injection, usp",AMRX,US,SPY,2019-06-15,2019-06-15,,2019-06-15,2019-06-15T23:59:59.999999999+00:00,winner,AMRX,[],,8,True,False,False,False,False
260,"Capreomycin Injection, USP","capreomycin injection, usp",ANIP,US,SPY,2019-06-15,2019-06-15,,2019-06-15,2019-06-15T23:59:59.999999999+00:00,winner,ANIP,[],,8,True,False,False,False,False
260,"Capreomycin Injection, USP","capreomycin injection, usp",ENDP,US,SPY,2019-06-15,2019-06-15,,2019-06-15,2019-06-15T23:59:59.999999999+00:00,winner,ENDP,[],,8,True,False,False,False,False
260,"Capreomycin Injection, USP","capreomycin injection, usp",ICUI,US,SPY,2019-06-15,2019-06-15,,2019-06-15,2019-06-15T23:59:59.999999999+00:00,winner,ICUI,[],,8,True,False,False,False,False
260,"Capreomycin Injection, USP","capreomycin injection, usp",LCI,US,SPY,2019-06-15,2019-06-15,,2019-06-15,2019-06-15T23:59:59.999999999+00:00,winner,LCI,[],,8,True,False,False,False,False
260,"Capreomycin Injection, USP","capreomycin injection, usp",TLGT,US,SPY,2019-06-15,2019-06-15,,2019-06-15,2019-06-15T23:59:59.999999999+00:00,winner,TLGT,[],,8,True,False,False,False,False
260,"Capreomycin Injection, USP","capreomycin injection, usp",BAX,US,SPY,2019-06-15,2019-06-15,,2019-06-15,2019-06-15T23:59:59.999999999+00:00,placebo,,[],US non-specialist generic maker listed on the trade date,8,True,False,False,False,False
260,"Capreomycin Injection, USP","capreomycin injection, usp",PRGO,US,SPY,2019-06-15,2019-06-15,,2019-06-15,2019-06-15T23:59:59.999999999+00:00,placebo,,[],US non-specialist generic maker listed on the trade date,8,True,False,False,False,False
260,"Capreomycin Injection, USP","capreomycin injection, usp",TEVA,US,SPY,2019-06-15,2019-06-15,,2019-06-15,2019-06-15T23:59:59.999999999+00:00,placebo,,[],US non-specialist generic maker listed on the trade date,8,True,False,False,False,False
260,"Capreomycin Injection, USP","capreomycin injection, usp",VTRS,US,SPY,2019-06-15,2019-06-15,,2019-06-15,2019-06-15T23:59:59.999999999+00:00,placebo,,[],US non-specialist generic maker listed on the trade date,8,True,False,False,False,False
261,Pantoprazole Sodium for Injection,pantoprazole sodium for injection,AKRX,US,SPY,2019-06-15,2019-06-15,,2019-06-15,2019-06-15T23:59:59.999999999+00:00,winner,AKRX,[],,8,True,False,False,False,False
261,Pantoprazole Sodium for Injection,pantoprazole sodium for injection,AMPH,US,SPY,2019-06-15,2019-06-15,,2019-06-15,2019-06-15T23:59:59.999999999+00:00,winner,AMPH,[],,8,True,False,False,False,False
261,Pantoprazole Sodium for Injection,pantoprazole sodium for injection,AMRX,US,SPY,2019-06-15,2019-06-15,,2019-06-15,2019-06-15T23:59:59.999999999+00:00,winner,AMRX,[],,8,True,False,False,False,False
261,Pantoprazole Sodium for Injection,pantoprazole sodium for injection,ANIP,US,SPY,2019-06-15,2019-06-15,,2019-06-15,2019-06-15T23:59:59.999999999+00:00,winner,ANIP,[],,8,True,False,False,False,False
261,Pantoprazole Sodium for Injection,pantoprazole sodium for injection,ENDP,US,SPY,2019-06-15,2019-06-15,,2019-06-15,2019-06-15T23:59:59.999999999+00:00,winner,ENDP,[],,8,True,False,False,False,False
261,Pantoprazole Sodium for Injection,pantoprazole sodium for injection,ICUI,US,SPY,2019-06-15,2019-06-15,,2019-06-15,2019-06-15T23:59:59.999999999+00:00,winner,ICUI,[],,8,True,False,False,False,False
261,Pantoprazole Sodium for Injection,pantoprazole sodium for injection,LCI,US,SPY,2019-06-15,2019-06-15,,2019-06-15,2019-06-15T23:59:59.999999999+00:00,winner,LCI,[],,8,True,False,False,False,False
261,Pantoprazole Sodium for Injection,pantoprazole sodium for injection,TLGT,US,SPY,2019-06-15,2019-06-15,,2019-06-15,2019-06-15T23:59:59.999999999+00:00,winner,TLGT,[],,8,True,False,False,False,False
261,Pantoprazole Sodium for Injection,pantoprazole sodium for injection,BAX,US,SPY,2019-06-15,2019-06-15,,2019-06-15,2019-06-15T23:59:59.999999999+00:00,placebo,,[],US non-specialist generic maker listed on the trade date,8,True,False,False,False,False
261,Pantoprazole Sodium for Injection,pantoprazole sodium for injection,PRGO,US,SPY,2019-06-15,2019-06-15,,2019-06-15,2019-06-15T23:59:59.999999999+00:00,placebo,,[],US non-specialist generic maker listed on the trade date,8,True,False,False,False,False
261,Pantoprazole Sodium for Injection,pantoprazole sodium for injection,TEVA,US,SPY,2019-06-15,2019-06-15,,2019-06-15,2019-06-15T23:59:59.999999999+00:00,placebo,,[],US non-specialist generic maker listed on the trade date,8,True,False,False,False,False
261,Pantoprazole Sodium for Injection,pantoprazole sodium for injection,VTRS,US,SPY,2019-06-15,2019-06-15,,2019-06-15,2019-06-15T23:59:59.999999999+00:00,placebo,,[],US non-specialist generic maker listed on the trade date,8,True,False,False,False,False
262,"Potassium Acetate Injection, USP","potassium acetate injection, usp",AKRX,US,SPY,2019-06-15,2019-06-15,,2019-06-15,2019-06-15T23:59:59.999999999+00:00,winner,AKRX,[],,8,True,False,False,False,False
262,"Potassium Acetate Injection, USP","potassium acetate injection, usp",AMPH,US,SPY,2019-06-15,2019-06-15,,2019-06-15,2019-06-15T23:59:59.999999999+00:00,winner,AMPH,[],,8,True,False,False,False,False
262,"Potassium Acetate Injection, USP","potassium acetate injection, usp",AMRX,US,SPY,2019-06-15,2019-06-15,,2019-06-15,2019-06-15T23:59:59.999999999+00:00,winner,AMRX,[],,8,True,False,False,False,False
262,"Potassium Acetate Injection, USP","potassium acetate injection, usp",ANIP,US,SPY,2019-06-15,2019-06-15,,2019-06-15,2019-06-15T23:59:59.999999999+00:00,winner,ANIP,[],,8,True,False,False,False,False
262,"Potassium Acetate Injection, USP","potassium acetate injection, usp",ENDP,US,SPY,2019-06-15,2019-06-15,,2019-06-15,2019-06-15T23:59:59.999999999+00:00,winner,ENDP,[],,8,True,False,False,False,False
262,"Potassium Acetate Injection, USP","potassium acetate injection, usp",ICUI,US,SPY,2019-06-15,2019-06-15,,2019-06-15,2019-06-15T23:59:59.999999999+00:00,winner,ICUI,[],,8,True,False,False,False,False
262,"Potassium Acetate Injection, USP","potassium acetate injection, usp",LCI,US,SPY,2019-06-15,2019-06-15,,2019-06-15,2019-06-15T23:59:59.999999999+00:00,winner,LCI,[],,8,True,False,False,False,False
262,"Potassium Acetate Injection, USP","potassium acetate injection, usp",TLGT,US,SPY,2019-06-15,2019-06-15,,2019-06-15,2019-06-15T23:59:59.999999999+00:00,winner,TLGT,[],,8,True,False,False,False,False
262,"Potassium Acetate Injection, USP","potassium acetate injection, usp",BAX,US,SPY,2019-06-15,2019-06-15,,2019-06-15,2019-06-15T23:59:59.999999999+00:00,placebo,,[],US non-specialist generic maker listed on the trade date,8,True,False,False,False,False
262,"Potassium Acetate Injection, USP","potassium acetate injection, usp",PRGO,US,SPY,2019-06-15,2019-06-15,,2019-06-15,2019-06-15T23:59:59.999999999+00:00,placebo,,[],US non-specialist generic maker listed on the trade date,8,True,False,False,False,False
262,"Potassium Acetate Injection, USP","potassium acetate injection, usp",TEVA,US,SPY,2019-06-15,2019-06-15,,2019-06-15,2019-06-15T23:59:59.999999999+00:00,placebo,,[],US non-specialist generic maker listed on the trade date,8,True,False,False,False,False
262,"Potassium Acetate Injection, USP","potassium acetate injection, usp",VTRS,US,SPY,2019-06-15,2019-06-15,,2019-06-15,2019-06-15T23:59:59.999999999+00:00,placebo,,[],US non-specialist generic maker listed on the trade date,8,True,False,False,False,False
266,Vinblastine Sulfate Injection,vinblastine sulfate injection,AKRX,US,SPY,2019-07-23,2019-07-23,,2019-07-23,2019-07-23T23:59:59.999999999+00:00,winner,AKRX,[],,8,False,False,False,False,False
266,Vinblastine Sulfate Injection,vinblastine sulfate injection,AMPH,US,SPY,2019-07-23,2019-07-23,,2019-07-23,2019-07-23T23:59:59.999999999+00:00,winner,AMPH,[],,8,False,False,False,False,False
266,Vinblastine Sulfate Injection,vinblastine sulfate injection,AMRX,US,SPY,2019-07-23,2019-07-23,,2019-07-23,2019-07-23T23:59:59.999999999+00:00,winner,AMRX,[],,8,False,False,False,False,False
266,Vinblastine Sulfate Injection,vinblastine sulfate injection,ANIP,US,SPY,2019-07-23,2019-07-23,,2019-07-23,2019-07-23T23:59:59.999999999+00:00,winner,ANIP,[],,8,False,False,False,False,False
266,Vinblastine Sulfate Injection,vinblastine sulfate injection,ENDP,US,SPY,2019-07-23,2019-07-23,,2019-07-23,2019-07-23T23:59:59.999999999+00:00,winner,ENDP,[],,8,False,False,False,False,False
266,Vinblastine Sulfate Injection,vinblastine sulfate injection,ICUI,US,SPY,2019-07-23,2019-07-23,,2019-07-23,2019-07-23T23:59:59.999999999+00:00,winner,ICUI,[],,8,False,False,False,False,False
266,Vinblastine Sulfate Injection,vinblastine sulfate injection,LCI,US,SPY,2019-07-23,2019-07-23,,2019-07-23,2019-07-23T23:59:59.999999999+00:00,winner,LCI,[],,8,False,False,False,False,False
266,Vinblastine Sulfate Injection,vinblastine sulfate injection,TLGT,US,SPY,2019-07-23,2019-07-23,,2019-07-23,2019-07-23T23:59:59.999999999+00:00,winner,TLGT,[],,8,False,False,False,False,False
266,Vinblastine Sulfate Injection,vinblastine sulfate injection,BAX,US,SPY,2019-07-23,2019-07-23,,2019-07-23,2019-07-23T23:59:59.999999999+00:00,placebo,,[],US non-specialist generic maker listed on the trade date,8,False,False,False,False,False
266,Vinblastine Sulfate Injection,vinblastine sulfate injection,PRGO,US,SPY,2019-07-23,2019-07-23,,2019-07-23,2019-07-23T23:59:59.999999999+00:00,placebo,,[],US non-specialist generic maker listed on the trade date,8,False,False,False,False,False
266,Vinblastine Sulfate Injection,vinblastine sulfate injection,TEVA,US,SPY,2019-07-23,2019-07-23,,2019-07-23,2019-07-23T23:59:59.999999999+00:00,placebo,,[],US non-specialist generic maker listed on the trade date,8,False,False,False,False,False
266,Vinblastine Sulfate Injection,vinblastine sulfate injection,VTRS,US,SPY,2019-07-23,2019-07-23,,2019-07-23,2019-07-23T23:59:59.999999999+00:00,placebo,,[],US non-specialist generic maker listed on the trade date,8,False,False,False,False,False
269,Parathyroid Hormone (Natpara) Injection,parathyroid hormone (natpara) injection,AKRX,US,SPY,2019-09-12,2019-09-12,,2019-09-12,2019-09-12T23:59:59.999999999+00:00,winner,AKRX,[],,8,True,False,False,False,False
269,Parathyroid Hormone (Natpara) Injection,parathyroid hormone (natpara) injection,AMPH,US,SPY,2019-09-12,2019-09-12,,2019-09-12,2019-09-12T23:59:59.999999999+00:00,winner,AMPH,[],,8,True,False,False,False,False
269,Parathyroid Hormone (Natpara) Injection,parathyroid hormone (natpara) injection,AMRX,US,SPY,2019-09-12,2019-09-12,,2019-09-12,2019-09-12T23:59:59.999999999+00:00,winner,AMRX,[],,8,True,False,False,False,False
269,Parathyroid Hormone (Natpara) Injection,parathyroid hormone (natpara) injection,ANIP,US,SPY,2019-09-12,2019-09-12,,2019-09-12,2019-09-12T23:59:59.999999999+00:00,winner,ANIP,[],,8,True,False,False,False,False
269,Parathyroid Hormone (Natpara) Injection,parathyroid hormone (natpara) injection,ENDP,US,SPY,2019-09-12,2019-09-12,,2019-09-12,2019-09-12T23:59:59.999999999+00:00,winner,ENDP,[],,8,True,False,False,False,False
269,Parathyroid Hormone (Natpara) Injection,parathyroid hormone (natpara) injection,ICUI,US,SPY,2019-09-12,2019-09-12,,2019-09-12,2019-09-12T23:59:59.999999999+00:00,winner,ICUI,[],,8,True,False,False,False,False
269,Parathyroid Hormone (Natpara) Injection,parathyroid hormone (natpara) injection,LCI,US,SPY,2019-09-12,2019-09-12,,2019-09-12,2019-09-12T23:59:59.999999999+00:00,winner,LCI,[],,8,True,False,False,False,False
269,Parathyroid Hormone (Natpara) Injection,parathyroid hormone (natpara) injection,TLGT,US,SPY,2019-09-12,2019-09-12,,2019-09-12,2019-09-12T23:59:59.999999999+00:00,winner,TLGT,[],,8,True,False,False,False,False
269,Parathyroid Hormone (Natpara) Injection,parathyroid hormone (natpara) injection,BAX,US,SPY,2019-09-12,2019-09-12,,2019-09-12,2019-09-12T23:59:59.999999999+00:00,placebo,,[],US non-specialist generic maker listed on the trade date,8,True,False,False,False,False
269,Parathyroid Hormone (Natpara) Injection,parathyroid hormone (natpara) injection,PRGO,US,SPY,2019-09-12,2019-09-12,,2019-09-12,2019-09-12T23:59:59.999999999+00:00,placebo,,[],US non-specialist generic maker listed on the trade date,8,True,False,False,False,False
269,Parathyroid Hormone (Natpara) Injection,parathyroid hormone (natpara) injection,TEVA,US,SPY,2019-09-12,2019-09-12,,2019-09-12,2019-09-12T23:59:59.999999999+00:00,placebo,,[],US non-specialist generic maker listed on the trade date,8,True,False,False,False,False
269,Parathyroid Hormone (Natpara) Injection,parathyroid hormone (natpara) injection,VTRS,US,SPY,2019-09-12,2019-09-12,,2019-09-12,2019-09-12T23:59:59.999999999+00:00,placebo,,[],US non-specialist generic maker listed on the trade date,8,True,False,False,False,False
272,"Triamcinolone Acetonide (Triesence) Injection, Suspension","triamcinolone acetonide (triesence) injection, suspension",AKRX,US,SPY,2019-09-17,2019-09-17,,2019-09-17,2019-09-17T23:59:59.999999999+00:00,winner,AKRX,[],,8,False,False,False,False,False
272,"Triamcinolone Acetonide (Triesence) Injection, Suspension","triamcinolone acetonide (triesence) injection, suspension",AMPH,US,SPY,2019-09-17,2019-09-17,,2019-09-17,2019-09-17T23:59:59.999999999+00:00,winner,AMPH,[],,8,False,False,False,False,False
272,"Triamcinolone Acetonide (Triesence) Injection, Suspension","triamcinolone acetonide (triesence) injection, suspension",AMRX,US,SPY,2019-09-17,2019-09-17,,2019-09-17,2019-09-17T23:59:59.999999999+00:00,winner,AMRX,[],,8,False,False,False,False,False
272,"Triamcinolone Acetonide (Triesence) Injection, Suspension","triamcinolone acetonide (triesence) injection, suspension",ANIP,US,SPY,2019-09-17,2019-09-17,,2019-09-17,2019-09-17T23:59:59.999999999+00:00,winner,ANIP,[],,8,False,False,False,False,False
272,"Triamcinolone Acetonide (Triesence) Injection, Suspension","triamcinolone acetonide (triesence) injection, suspension",ENDP,US,SPY,2019-09-17,2019-09-17,,2019-09-17,2019-09-17T23:59:59.999999999+00:00,winner,ENDP,[],,8,False,False,False,False,False
272,"Triamcinolone Acetonide (Triesence) Injection, Suspension","triamcinolone acetonide (triesence) injection, suspension",ICUI,US,SPY,2019-09-17,2019-09-17,,2019-09-17,2019-09-17T23:59:59.999999999+00:00,winner,ICUI,[],,8,False,False,False,False,False
272,"Triamcinolone Acetonide (Triesence) Injection, Suspension","triamcinolone acetonide (triesence) injection, suspension",LCI,US,SPY,2019-09-17,2019-09-17,,2019-09-17,2019-09-17T23:59:59.999999999+00:00,winner,LCI,[],,8,False,False,False,False,False
272,"Triamcinolone Acetonide (Triesence) Injection, Suspension","triamcinolone acetonide (triesence) injection, suspension",TLGT,US,SPY,2019-09-17,2019-09-17,,2019-09-17,2019-09-17T23:59:59.999999999+00:00,winner,TLGT,[],,8,False,False,False,False,False
272,"Triamcinolone Acetonide (Triesence) Injection, Suspension","triamcinolone acetonide (triesence) injection, suspension",BAX,US,SPY,2019-09-17,2019-09-17,,2019-09-17,2019-09-17T23:59:59.999999999+00:00,placebo,,[],US non-specialist generic maker listed on the trade date,8,False,False,False,False,False
272,"Triamcinolone Acetonide (Triesence) Injection, Suspension","triamcinolone acetonide (triesence) injection, suspension",PRGO,US,SPY,2019-09-17,2019-09-17,,2019-09-17,2019-09-17T23:59:59.999999999+00:00,placebo,,[],US non-specialist generic maker listed on the trade date,8,False,False,False,False,False
272,"Triamcinolone Acetonide (Triesence) Injection, Suspension","triamcinolone acetonide (triesence) injection, suspension",TEVA,US,SPY,2019-09-17,2019-09-17,,2019-09-17,2019-09-17T23:59:59.999999999+00:00,placebo,,[],US non-specialist generic maker listed on the trade date,8,False,False,False,False,False
272,"Triamcinolone Acetonide (Triesence) Injection, Suspension","triamcinolone acetonide (triesence) injection, suspension",VTRS,US,SPY,2019-09-17,2019-09-17,,2019-09-17,2019-09-17T23:59:59.999999999+00:00,placebo,,[],US non-specialist generic maker listed on the trade date,8,False,False,False,False,False
277,Nalbuphine Hydrochloride Injection,nalbuphine hydrochloride injection,AKRX,US,SPY,2019-11-02,2019-11-02,,2019-11-02,2019-11-02T23:59:59.999999999+00:00,winner,AKRX,[],,8,True,False,False,False,False
277,Nalbuphine Hydrochloride Injection,nalbuphine hydrochloride injection,AMPH,US,SPY,2019-11-02,2019-11-02,,2019-11-02,2019-11-02T23:59:59.999999999+00:00,winner,AMPH,[],,8,True,False,False,False,False
277,Nalbuphine Hydrochloride Injection,nalbuphine hydrochloride injection,AMRX,US,SPY,2019-11-02,2019-11-02,,2019-11-02,2019-11-02T23:59:59.999999999+00:00,winner,AMRX,[],,8,True,False,False,False,False
277,Nalbuphine Hydrochloride Injection,nalbuphine hydrochloride injection,ANIP,US,SPY,2019-11-02,2019-11-02,,2019-11-02,2019-11-02T23:59:59.999999999+00:00,winner,ANIP,[],,8,True,False,False,False,False
277,Nalbuphine Hydrochloride Injection,nalbuphine hydrochloride injection,ENDP,US,SPY,2019-11-02,2019-11-02,,2019-11-02,2019-11-02T23:59:59.999999999+00:00,winner,ENDP,[],,8,True,False,False,False,False
277,Nalbuphine Hydrochloride Injection,nalbuphine hydrochloride injection,ICUI,US,SPY,2019-11-02,2019-11-02,,2019-11-02,2019-11-02T23:59:59.999999999+00:00,winner,ICUI,[],,8,True,False,False,False,False
277,Nalbuphine Hydrochloride Injection,nalbuphine hydrochloride injection,LCI,US,SPY,2019-11-02,2019-11-02,,2019-11-02,2019-11-02T23:59:59.999999999+00:00,winner,LCI,[],,8,True,False,False,False,False
277,Nalbuphine Hydrochloride Injection,nalbuphine hydrochloride injection,TLGT,US,SPY,2019-11-02,2019-11-02,,2019-11-02,2019-11-02T23:59:59.999999999+00:00,winner,TLGT,[],,8,True,False,False,False,False
277,Nalbuphine Hydrochloride Injection,nalbuphine hydrochloride injection,BAX,US,SPY,2019-11-02,2019-11-02,,2019-11-02,2019-11-02T23:59:59.999999999+00:00,placebo,,[],US non-specialist generic maker listed on the trade date,8,True,False,False,False,False
277,Nalbuphine Hydrochloride Injection,nalbuphine hydrochloride injection,PRGO,US,SPY,2019-11-02,2019-11-02,,2019-11-02,2019-11-02T23:59:59.999999999+00:00,placebo,,[],US non-specialist generic maker listed on the trade date,8,True,False,False,False,False
277,Nalbuphine Hydrochloride Injection,nalbuphine hydrochloride injection,TEVA,US,SPY,2019-11-02,2019-11-02,,2019-11-02,2019-11-02T23:59:59.999999999+00:00,placebo,,[],US non-specialist generic maker listed on the trade date,8,True,False,False,False,False
277,Nalbuphine Hydrochloride Injection,nalbuphine hydrochloride injection,VTRS,US,SPY,2019-11-02,2019-11-02,,2019-11-02,2019-11-02T23:59:59.999999999+00:00,placebo,,[],US non-specialist generic maker listed on the trade date,8,True,False,False,False,False
279,"Vincristine Sulfate Injection, USP (Preservative-Free)","vincristine sulfate injection, usp (preservative-free)",AKRX,US,SPY,2019-11-02,2019-11-02,,2019-11-02,2019-11-02T23:59:59.999999999+00:00,winner,AKRX,[],,8,True,False,False,False,False
279,"Vincristine Sulfate Injection, USP (Preservative-Free)","vincristine sulfate injection, usp (preservative-free)",AMPH,US,SPY,2019-11-02,2019-11-02,,2019-11-02,2019-11-02T23:59:59.999999999+00:00,winner,AMPH,[],,8,True,False,False,False,False
279,"Vincristine Sulfate Injection, USP (Preservative-Free)","vincristine sulfate injection, usp (preservative-free)",AMRX,US,SPY,2019-11-02,2019-11-02,,2019-11-02,2019-11-02T23:59:59.999999999+00:00,winner,AMRX,[],,8,True,False,False,False,False
279,"Vincristine Sulfate Injection, USP (Preservative-Free)","vincristine sulfate injection, usp (preservative-free)",ANIP,US,SPY,2019-11-02,2019-11-02,,2019-11-02,2019-11-02T23:59:59.999999999+00:00,winner,ANIP,[],,8,True,False,False,False,False
279,"Vincristine Sulfate Injection, USP (Preservative-Free)","vincristine sulfate injection, usp (preservative-free)",ENDP,US,SPY,2019-11-02,2019-11-02,,2019-11-02,2019-11-02T23:59:59.999999999+00:00,winner,ENDP,[],,8,True,False,False,False,False
279,"Vincristine Sulfate Injection, USP (Preservative-Free)","vincristine sulfate injection, usp (preservative-free)",ICUI,US,SPY,2019-11-02,2019-11-02,,2019-11-02,2019-11-02T23:59:59.999999999+00:00,winner,ICUI,[],,8,True,False,False,False,False
279,"Vincristine Sulfate Injection, USP (Preservative-Free)","vincristine sulfate injection, usp (preservative-free)",LCI,US,SPY,2019-11-02,2019-11-02,,2019-11-02,2019-11-02T23:59:59.999999999+00:00,winner,LCI,[],,8,True,False,False,False,False
279,"Vincristine Sulfate Injection, USP (Preservative-Free)","vincristine sulfate injection, usp (preservative-free)",TLGT,US,SPY,2019-11-02,2019-11-02,,2019-11-02,2019-11-02T23:59:59.999999999+00:00,winner,TLGT,[],,8,True,False,False,False,False
279,"Vincristine Sulfate Injection, USP (Preservative-Free)","vincristine sulfate injection, usp (preservative-free)",BAX,US,SPY,2019-11-02,2019-11-02,,2019-11-02,2019-11-02T23:59:59.999999999+00:00,placebo,,[],US non-specialist generic maker listed on the trade date,8,True,False,False,False,False
279,"Vincristine Sulfate Injection, USP (Preservative-Free)","vincristine sulfate injection, usp (preservative-free)",PRGO,US,SPY,2019-11-02,2019-11-02,,2019-11-02,2019-11-02T23:59:59.999999999+00:00,placebo,,[],US non-specialist generic maker listed on the trade date,8,True,False,False,False,False
279,"Vincristine Sulfate Injection, USP (Preservative-Free)","vincristine sulfate injection, usp (preservative-free)",TEVA,US,SPY,2019-11-02,2019-11-02,,2019-11-02,2019-11-02T23:59:59.999999999+00:00,placebo,,[],US non-specialist generic maker listed on the trade date,8,True,False,False,False,False
279,"Vincristine Sulfate Injection, USP (Preservative-Free)","vincristine sulfate injection, usp (preservative-free)",VTRS,US,SPY,2019-11-02,2019-11-02,,2019-11-02,2019-11-02T23:59:59.999999999+00:00,placebo,,[],US non-specialist generic maker listed on the trade date,8,True,False,False,False,False
280,"Oxytocin Injection, USP Synthetic","oxytocin injection, usp synthetic",AKRX,US,SPY,2019-11-15,2019-11-15,,2019-11-15,2019-11-15T23:59:59.999999999+00:00,winner,AKRX,[],,8,False,False,False,False,False
280,"Oxytocin Injection, USP Synthetic","oxytocin injection, usp synthetic",AMPH,US,SPY,2019-11-15,2019-11-15,,2019-11-15,2019-11-15T23:59:59.999999999+00:00,winner,AMPH,[],,8,False,False,False,False,False
280,"Oxytocin Injection, USP Synthetic","oxytocin injection, usp synthetic",AMRX,US,SPY,2019-11-15,2019-11-15,,2019-11-15,2019-11-15T23:59:59.999999999+00:00,winner,AMRX,[],,8,False,False,False,False,False
280,"Oxytocin Injection, USP Synthetic","oxytocin injection, usp synthetic",ANIP,US,SPY,2019-11-15,2019-11-15,,2019-11-15,2019-11-15T23:59:59.999999999+00:00,winner,ANIP,[],,8,False,False,False,False,False
280,"Oxytocin Injection, USP Synthetic","oxytocin injection, usp synthetic",ENDP,US,SPY,2019-11-15,2019-11-15,,2019-11-15,2019-11-15T23:59:59.999999999+00:00,winner,ENDP,[],,8,False,False,False,False,False
280,"Oxytocin Injection, USP Synthetic","oxytocin injection, usp synthetic",ICUI,US,SPY,2019-11-15,2019-11-15,,2019-11-15,2019-11-15T23:59:59.999999999+00:00,winner,ICUI,[],,8,False,False,False,False,False
280,"Oxytocin Injection, USP Synthetic","oxytocin injection, usp synthetic",LCI,US,SPY,2019-11-15,2019-11-15,,2019-11-15,2019-11-15T23:59:59.999999999+00:00,winner,LCI,[],,8,False,False,False,False,False
280,"Oxytocin Injection, USP Synthetic","oxytocin injection, usp synthetic",TLGT,US,SPY,2019-11-15,2019-11-15,,2019-11-15,2019-11-15T23:59:59.999999999+00:00,winner,TLGT,[],,8,False,False,False,False,False
280,"Oxytocin Injection, USP Synthetic","oxytocin injection, usp synthetic",BAX,US,SPY,2019-11-15,2019-11-15,,2019-11-15,2019-11-15T23:59:59.999999999+00:00,placebo,,[],US non-specialist generic maker listed on the trade date,8,False,False,False,False,False
280,"Oxytocin Injection, USP Synthetic","oxytocin injection, usp synthetic",PRGO,US,SPY,2019-11-15,2019-11-15,,2019-11-15,2019-11-15T23:59:59.999999999+00:00,placebo,,[],US non-specialist generic maker listed on the trade date,8,False,False,False,False,False
280,"Oxytocin Injection, USP Synthetic","oxytocin injection, usp synthetic",TEVA,US,SPY,2019-11-15,2019-11-15,,2019-11-15,2019-11-15T23:59:59.999999999+00:00,placebo,,[],US non-specialist generic maker listed on the trade date,8,False,False,False,False,False
280,"Oxytocin Injection, USP Synthetic","oxytocin injection, usp synthetic",VTRS,US,SPY,2019-11-15,2019-11-15,,2019-11-15,2019-11-15T23:59:59.999999999+00:00,placebo,,[],US non-specialist generic maker listed on the trade date,8,False,False,False,False,False
281,Leuprolide Acetate (Lupron Depot; Lupron Depot Ped) Injection,leuprolide acetate (lupron depot; lupron depot ped) injection,AKRX,US,SPY,2019-12-12,2019-12-12,,2019-12-12,2019-12-12T23:59:59.999999999+00:00,winner,AKRX,[],,8,True,False,False,False,False
281,Leuprolide Acetate (Lupron Depot; Lupron Depot Ped) Injection,leuprolide acetate (lupron depot; lupron depot ped) injection,AMPH,US,SPY,2019-12-12,2019-12-12,,2019-12-12,2019-12-12T23:59:59.999999999+00:00,winner,AMPH,[],,8,True,False,False,False,False
281,Leuprolide Acetate (Lupron Depot; Lupron Depot Ped) Injection,leuprolide acetate (lupron depot; lupron depot ped) injection,AMRX,US,SPY,2019-12-12,2019-12-12,,2019-12-12,2019-12-12T23:59:59.999999999+00:00,winner,AMRX,[],,8,True,False,False,False,False
281,Leuprolide Acetate (Lupron Depot; Lupron Depot Ped) Injection,leuprolide acetate (lupron depot; lupron depot ped) injection,ANIP,US,SPY,2019-12-12,2019-12-12,,2019-12-12,2019-12-12T23:59:59.999999999+00:00,winner,ANIP,[],,8,True,False,False,False,False
281,Leuprolide Acetate (Lupron Depot; Lupron Depot Ped) Injection,leuprolide acetate (lupron depot; lupron depot ped) injection,ENDP,US,SPY,2019-12-12,2019-12-12,,2019-12-12,2019-12-12T23:59:59.999999999+00:00,winner,ENDP,[],,8,True,False,False,False,False
281,Leuprolide Acetate (Lupron Depot; Lupron Depot Ped) Injection,leuprolide acetate (lupron depot; lupron depot ped) injection,ICUI,US,SPY,2019-12-12,2019-12-12,,2019-12-12,2019-12-12T23:59:59.999999999+00:00,winner,ICUI,[],,8,True,False,False,False,False
281,Leuprolide Acetate (Lupron Depot; Lupron Depot Ped) Injection,leuprolide acetate (lupron depot; lupron depot ped) injection,LCI,US,SPY,2019-12-12,2019-12-12,,2019-12-12,2019-12-12T23:59:59.999999999+00:00,winner,LCI,[],,8,True,False,False,False,False
281,Leuprolide Acetate (Lupron Depot; Lupron Depot Ped) Injection,leuprolide acetate (lupron depot; lupron depot ped) injection,TLGT,US,SPY,2019-12-12,2019-12-12,,2019-12-12,2019-12-12T23:59:59.999999999+00:00,winner,TLGT,[],,8,True,False,False,False,False
281,Leuprolide Acetate (Lupron Depot; Lupron Depot Ped) Injection,leuprolide acetate (lupron depot; lupron depot ped) injection,BAX,US,SPY,2019-12-12,2019-12-12,,2019-12-12,2019-12-12T23:59:59.999999999+00:00,placebo,,[],US non-specialist generic maker listed on the trade date,8,True,False,False,False,False
281,Leuprolide Acetate (Lupron Depot; Lupron Depot Ped) Injection,leuprolide acetate (lupron depot; lupron depot ped) injection,PRGO,US,SPY,2019-12-12,2019-12-12,,2019-12-12,2019-12-12T23:59:59.999999999+00:00,placebo,,[],US non-specialist generic maker listed on the trade date,8,True,False,False,False,False
281,Leuprolide Acetate (Lupron Depot; Lupron Depot Ped) Injection,leuprolide acetate (lupron depot; lupron depot ped) injection,TEVA,US,SPY,2019-12-12,2019-12-12,,2019-12-12,2019-12-12T23:59:59.999999999+00:00,placebo,,[],US non-specialist generic maker listed on the trade date,8,True,False,False,False,False
281,Leuprolide Acetate (Lupron Depot; Lupron Depot Ped) Injection,leuprolide acetate (lupron depot; lupron depot ped) injection,VTRS,US,SPY,2019-12-12,2019-12-12,,2019-12-12,2019-12-12T23:59:59.999999999+00:00,placebo,,[],US non-specialist generic maker listed on the trade date,8,True,False,False,False,False
284,"AVYCAZ® (ceftazidime and avibactam) for Injection, 2 grams/0.5 grams","avycaz® (ceftazidime and avibactam) for injection, 2 grams/0.5 grams",AKRX,US,SPY,2020-02-28,2020-02-28,,2020-02-28,2020-02-28T23:59:59.999999999+00:00,winner,AKRX,[],,8,False,False,False,False,False
284,"AVYCAZ® (ceftazidime and avibactam) for Injection, 2 grams/0.5 grams","avycaz® (ceftazidime and avibactam) for injection, 2 grams/0.5 grams",AMPH,US,SPY,2020-02-28,2020-02-28,,2020-02-28,2020-02-28T23:59:59.999999999+00:00,winner,AMPH,[],,8,False,False,False,False,False
284,"AVYCAZ® (ceftazidime and avibactam) for Injection, 2 grams/0.5 grams","avycaz® (ceftazidime and avibactam) for injection, 2 grams/0.5 grams",AMRX,US,SPY,2020-02-28,2020-02-28,,2020-02-28,2020-02-28T23:59:59.999999999+00:00,winner,AMRX,[],,8,False,False,False,False,False
284,"AVYCAZ® (ceftazidime and avibactam) for Injection, 2 grams/0.5 grams","avycaz® (ceftazidime and avibactam) for injection, 2 grams/0.5 grams",ANIP,US,SPY,2020-02-28,2020-02-28,,2020-02-28,2020-02-28T23:59:59.999999999+00:00,winner,ANIP,[],,8,False,False,False,False,False
284,"AVYCAZ® (ceftazidime and avibactam) for Injection, 2 grams/0.5 grams","avycaz® (ceftazidime and avibactam) for injection, 2 grams/0.5 grams",ENDP,US,SPY,2020-02-28,2020-02-28,,2020-02-28,2020-02-28T23:59:59.999999999+00:00,winner,ENDP,[],,8,False,False,False,False,False
284,"AVYCAZ® (ceftazidime and avibactam) for Injection, 2 grams/0.5 grams","avycaz® (ceftazidime and avibactam) for injection, 2 grams/0.5 grams",ICUI,US,SPY,2020-02-28,2020-02-28,,2020-02-28,2020-02-28T23:59:59.999999999+00:00,winner,ICUI,[],,8,False,False,False,False,False
284,"AVYCAZ® (ceftazidime and avibactam) for Injection, 2 grams/0.5 grams","avycaz® (ceftazidime and avibactam) for injection, 2 grams/0.5 grams",LCI,US,SPY,2020-02-28,2020-02-28,,2020-02-28,2020-02-28T23:59:59.999999999+00:00,winner,LCI,[],,8,False,False,False,False,False
284,"AVYCAZ® (ceftazidime and avibactam) for Injection, 2 grams/0.5 grams","avycaz® (ceftazidime and avibactam) for injection, 2 grams/0.5 grams",TLGT,US,SPY,2020-02-28,2020-02-28,,2020-02-28,2020-02-28T23:59:59.999999999+00:00,winner,TLGT,[],,8,False,False,False,False,False
284,"AVYCAZ® (ceftazidime and avibactam) for Injection, 2 grams/0.5 grams","avycaz® (ceftazidime and avibactam) for injection, 2 grams/0.5 grams",BAX,US,SPY,2020-02-28,2020-02-28,,2020-02-28,2020-02-28T23:59:59.999999999+00:00,placebo,,[],US non-specialist generic maker listed on the trade date,8,False,False,False,False,False
284,"AVYCAZ® (ceftazidime and avibactam) for Injection, 2 grams/0.5 grams","avycaz® (ceftazidime and avibactam) for injection, 2 grams/0.5 grams",PRGO,US,SPY,2020-02-28,2020-02-28,,2020-02-28,2020-02-28T23:59:59.999999999+00:00,placebo,,[],US non-specialist generic maker listed on the trade date,8,False,False,False,False,False
284,"AVYCAZ® (ceftazidime and avibactam) for Injection, 2 grams/0.5 grams","avycaz® (ceftazidime and avibactam) for injection, 2 grams/0.5 grams",TEVA,US,SPY,2020-02-28,2020-02-28,,2020-02-28,2020-02-28T23:59:59.999999999+00:00,placebo,,[],US non-specialist generic maker listed on the trade date,8,False,False,False,False,False
284,"AVYCAZ® (ceftazidime and avibactam) for Injection, 2 grams/0.5 grams","avycaz® (ceftazidime and avibactam) for injection, 2 grams/0.5 grams",VTRS,US,SPY,2020-02-28,2020-02-28,,2020-02-28,2020-02-28T23:59:59.999999999+00:00,placebo,,[],US non-specialist generic maker listed on the trade date,8,False,False,False,False,False
302,Famotidine Injection,famotidine injection,AKRX,US,SPY,2020-05-09,2020-05-09,,2020-05-09,2020-05-09T23:59:59.999999999+00:00,winner,AKRX,[],,8,False,False,False,False,False
302,Famotidine Injection,famotidine injection,AMPH,US,SPY,2020-05-09,2020-05-09,,2020-05-09,2020-05-09T23:59:59.999999999+00:00,winner,AMPH,[],,8,False,False,False,False,False
302,Famotidine Injection,famotidine injection,AMRX,US,SPY,2020-05-09,2020-05-09,,2020-05-09,2020-05-09T23:59:59.999999999+00:00,winner,AMRX,[],,8,False,False,False,False,False
302,Famotidine Injection,famotidine injection,ANIP,US,SPY,2020-05-09,2020-05-09,,2020-05-09,2020-05-09T23:59:59.999999999+00:00,winner,ANIP,[],,8,False,False,False,False,False
302,Famotidine Injection,famotidine injection,ENDP,US,SPY,2020-05-09,2020-05-09,,2020-05-09,2020-05-09T23:59:59.999999999+00:00,winner,ENDP,[],,8,False,False,False,False,False
302,Famotidine Injection,famotidine injection,ICUI,US,SPY,2020-05-09,2020-05-09,,2020-05-09,2020-05-09T23:59:59.999999999+00:00,winner,ICUI,[],,8,False,False,False,False,False
302,Famotidine Injection,famotidine injection,LCI,US,SPY,2020-05-09,2020-05-09,,2020-05-09,2020-05-09T23:59:59.999999999+00:00,winner,LCI,[],,8,False,False,False,False,False
302,Famotidine Injection,famotidine injection,TLGT,US,SPY,2020-05-09,2020-05-09,,2020-05-09,2020-05-09T23:59:59.999999999+00:00,winner,TLGT,[],,8,False,False,False,False,False
302,Famotidine Injection,famotidine injection,BAX,US,SPY,2020-05-09,2020-05-09,,2020-05-09,2020-05-09T23:59:59.999999999+00:00,placebo,,[],US non-specialist generic maker listed on the trade date,8,False,False,False,False,False
302,Famotidine Injection,famotidine injection,PRGO,US,SPY,2020-05-09,2020-05-09,,2020-05-09,2020-05-09T23:59:59.999999999+00:00,placebo,,[],US non-specialist generic maker listed on the trade date,8,False,False,False,False,False
302,Famotidine Injection,famotidine injection,TEVA,US,SPY,2020-05-09,2020-05-09,,2020-05-09,2020-05-09T23:59:59.999999999+00:00,placebo,,[],US non-specialist generic maker listed on the trade date,8,False,False,False,False,False
302,Famotidine Injection,famotidine injection,VTRS,US,SPY,2020-05-09,2020-05-09,,2020-05-09,2020-05-09T23:59:59.999999999+00:00,placebo,,[],US non-specialist generic maker listed on the trade date,8,False,False,False,False,False
304,Vecuronium Bromide for Injection,vecuronium bromide for injection,AKRX,US,SPY,2020-05-09,2020-05-09,,2020-05-09,2020-05-09T23:59:59.999999999+00:00,winner,AKRX,[],,8,False,False,False,False,False
304,Vecuronium Bromide for Injection,vecuronium bromide for injection,AMPH,US,SPY,2020-05-09,2020-05-09,,2020-05-09,2020-05-09T23:59:59.999999999+00:00,winner,AMPH,[],,8,False,False,False,False,False
304,Vecuronium Bromide for Injection,vecuronium bromide for injection,AMRX,US,SPY,2020-05-09,2020-05-09,,2020-05-09,2020-05-09T23:59:59.999999999+00:00,winner,AMRX,[],,8,False,False,False,False,False
304,Vecuronium Bromide for Injection,vecuronium bromide for injection,ANIP,US,SPY,2020-05-09,2020-05-09,,2020-05-09,2020-05-09T23:59:59.999999999+00:00,winner,ANIP,[],,8,False,False,False,False,False
304,Vecuronium Bromide for Injection,vecuronium bromide for injection,ENDP,US,SPY,2020-05-09,2020-05-09,,2020-05-09,2020-05-09T23:59:59.999999999+00:00,winner,ENDP,[],,8,False,False,False,False,False
304,Vecuronium Bromide for Injection,vecuronium bromide for injection,ICUI,US,SPY,2020-05-09,2020-05-09,,2020-05-09,2020-05-09T23:59:59.999999999+00:00,winner,ICUI,[],,8,False,False,False,False,False
304,Vecuronium Bromide for Injection,vecuronium bromide for injection,LCI,US,SPY,2020-05-09,2020-05-09,,2020-05-09,2020-05-09T23:59:59.999999999+00:00,winner,LCI,[],,8,False,False,False,False,False
304,Vecuronium Bromide for Injection,vecuronium bromide for injection,TLGT,US,SPY,2020-05-09,2020-05-09,,2020-05-09,2020-05-09T23:59:59.999999999+00:00,winner,TLGT,[],,8,False,False,False,False,False
304,Vecuronium Bromide for Injection,vecuronium bromide for injection,BAX,US,SPY,2020-05-09,2020-05-09,,2020-05-09,2020-05-09T23:59:59.999999999+00:00,placebo,,[],US non-specialist generic maker listed on the trade date,8,False,False,False,False,False
304,Vecuronium Bromide for Injection,vecuronium bromide for injection,PRGO,US,SPY,2020-05-09,2020-05-09,,2020-05-09,2020-05-09T23:59:59.999999999+00:00,placebo,,[],US non-specialist generic maker listed on the trade date,8,False,False,False,False,False
304,Vecuronium Bromide for Injection,vecuronium bromide for injection,TEVA,US,SPY,2020-05-09,2020-05-09,,2020-05-09,2020-05-09T23:59:59.999999999+00:00,placebo,,[],US non-specialist generic maker listed on the trade date,8,False,False,False,False,False
304,Vecuronium Bromide for Injection,vecuronium bromide for injection,VTRS,US,SPY,2020-05-09,2020-05-09,,2020-05-09,2020-05-09T23:59:59.999999999+00:00,placebo,,[],US non-specialist generic maker listed on the trade date,8,False,False,False,False,False
305,Dimercaprol (Bal in Oil) Injection USP,dimercaprol (bal in oil) injection usp,AKRX,US,SPY,2020-05-16,2020-05-16,,2020-05-16,2020-05-16T23:59:59.999999999+00:00,winner,AKRX,[],,8,False,False,False,False,False
305,Dimercaprol (Bal in Oil) Injection USP,dimercaprol (bal in oil) injection usp,AMPH,US,SPY,2020-05-16,2020-05-16,,2020-05-16,2020-05-16T23:59:59.999999999+00:00,winner,AMPH,[],,8,False,False,False,False,False
305,Dimercaprol (Bal in Oil) Injection USP,dimercaprol (bal in oil) injection usp,AMRX,US,SPY,2020-05-16,2020-05-16,,2020-05-16,2020-05-16T23:59:59.999999999+00:00,winner,AMRX,[],,8,False,False,False,False,False
305,Dimercaprol (Bal in Oil) Injection USP,dimercaprol (bal in oil) injection usp,ANIP,US,SPY,2020-05-16,2020-05-16,,2020-05-16,2020-05-16T23:59:59.999999999+00:00,winner,ANIP,[],,8,False,False,False,False,False
305,Dimercaprol (Bal in Oil) Injection USP,dimercaprol (bal in oil) injection usp,ENDP,US,SPY,2020-05-16,2020-05-16,,2020-05-16,2020-05-16T23:59:59.999999999+00:00,winner,ENDP,[],,8,False,False,False,False,False
305,Dimercaprol (Bal in Oil) Injection USP,dimercaprol (bal in oil) injection usp,ICUI,US,SPY,2020-05-16,2020-05-16,,2020-05-16,2020-05-16T23:59:59.999999999+00:00,winner,ICUI,[],,8,False,False,False,False,False
305,Dimercaprol (Bal in Oil) Injection USP,dimercaprol (bal in oil) injection usp,LCI,US,SPY,2020-05-16,2020-05-16,,2020-05-16,2020-05-16T23:59:59.999999999+00:00,winner,LCI,[],,8,False,False,False,False,False
305,Dimercaprol (Bal in Oil) Injection USP,dimercaprol (bal in oil) injection usp,TLGT,US,SPY,2020-05-16,2020-05-16,,2020-05-16,2020-05-16T23:59:59.999999999+00:00,winner,TLGT,[],,8,False,False,False,False,False
305,Dimercaprol (Bal in Oil) Injection USP,dimercaprol (bal in oil) injection usp,BAX,US,SPY,2020-05-16,2020-05-16,,2020-05-16,2020-05-16T23:59:59.999999999+00:00,placebo,,[],US non-specialist generic maker listed on the trade date,8,False,False,False,False,False
305,Dimercaprol (Bal in Oil) Injection USP,dimercaprol (bal in oil) injection usp,PRGO,US,SPY,2020-05-16,2020-05-16,,2020-05-16,2020-05-16T23:59:59.999999999+00:00,placebo,,[],US non-specialist generic maker listed on the trade date,8,False,False,False,False,False
305,Dimercaprol (Bal in Oil) Injection USP,dimercaprol (bal in oil) injection usp,TEVA,US,SPY,2020-05-16,2020-05-16,,2020-05-16,2020-05-16T23:59:59.999999999+00:00,placebo,,[],US non-specialist generic maker listed on the trade date,8,False,False,False,False,False
305,Dimercaprol (Bal in Oil) Injection USP,dimercaprol (bal in oil) injection usp,VTRS,US,SPY,2020-05-16,2020-05-16,,2020-05-16,2020-05-16T23:59:59.999999999+00:00,placebo,,[],US non-specialist generic maker listed on the trade date,8,False,False,False,False,False
306,Amifostine Injection,amifostine injection,AKRX,US,SPY,2020-05-23,2020-05-23,,2020-05-23,2020-05-23T23:59:59.999999999+00:00,winner,AKRX,[],,8,False,False,False,False,False
306,Amifostine Injection,amifostine injection,AMPH,US,SPY,2020-05-23,2020-05-23,,2020-05-23,2020-05-23T23:59:59.999999999+00:00,winner,AMPH,[],,8,False,False,False,False,False
306,Amifostine Injection,amifostine injection,AMRX,US,SPY,2020-05-23,2020-05-23,,2020-05-23,2020-05-23T23:59:59.999999999+00:00,winner,AMRX,[],,8,False,False,False,False,False
306,Amifostine Injection,amifostine injection,ANIP,US,SPY,2020-05-23,2020-05-23,,2020-05-23,2020-05-23T23:59:59.999999999+00:00,winner,ANIP,[],,8,False,False,False,False,False
306,Amifostine Injection,amifostine injection,ENDP,US,SPY,2020-05-23,2020-05-23,,2020-05-23,2020-05-23T23:59:59.999999999+00:00,winner,ENDP,[],,8,False,False,False,False,False
306,Amifostine Injection,amifostine injection,ICUI,US,SPY,2020-05-23,2020-05-23,,2020-05-23,2020-05-23T23:59:59.999999999+00:00,winner,ICUI,[],,8,False,False,False,False,False
306,Amifostine Injection,amifostine injection,LCI,US,SPY,2020-05-23,2020-05-23,,2020-05-23,2020-05-23T23:59:59.999999999+00:00,winner,LCI,[],,8,False,False,False,False,False
306,Amifostine Injection,amifostine injection,TLGT,US,SPY,2020-05-23,2020-05-23,,2020-05-23,2020-05-23T23:59:59.999999999+00:00,winner,TLGT,[],,8,False,False,False,False,False
306,Amifostine Injection,amifostine injection,BAX,US,SPY,2020-05-23,2020-05-23,,2020-05-23,2020-05-23T23:59:59.999999999+00:00,placebo,,[],US non-specialist generic maker listed on the trade date,8,False,False,False,False,False
306,Amifostine Injection,amifostine injection,PRGO,US,SPY,2020-05-23,2020-05-23,,2020-05-23,2020-05-23T23:59:59.999999999+00:00,placebo,,[],US non-specialist generic maker listed on the trade date,8,False,False,False,False,False
306,Amifostine Injection,amifostine injection,TEVA,US,SPY,2020-05-23,2020-05-23,,2020-05-23,2020-05-23T23:59:59.999999999+00:00,placebo,,[],US non-specialist generic maker listed on the trade date,8,False,False,False,False,False
306,Amifostine Injection,amifostine injection,VTRS,US,SPY,2020-05-23,2020-05-23,,2020-05-23,2020-05-23T23:59:59.999999999+00:00,placebo,,[],US non-specialist generic maker listed on the trade date,8,False,False,False,False,False
310,Doxycycline Hyclate Injection,doxycycline hyclate injection,AMPH,US,SPY,2020-07-11,2020-07-11,,2020-07-11,2020-07-11T23:59:59.999999999+00:00,winner,AMPH,[],,7,False,False,False,False,False
310,Doxycycline Hyclate Injection,doxycycline hyclate injection,AMRX,US,SPY,2020-07-11,2020-07-11,,2020-07-11,2020-07-11T23:59:59.999999999+00:00,winner,AMRX,[],,7,False,False,False,False,False
310,Doxycycline Hyclate Injection,doxycycline hyclate injection,ANIP,US,SPY,2020-07-11,2020-07-11,,2020-07-11,2020-07-11T23:59:59.999999999+00:00,winner,ANIP,[],,7,False,False,False,False,False
310,Doxycycline Hyclate Injection,doxycycline hyclate injection,ENDP,US,SPY,2020-07-11,2020-07-11,,2020-07-11,2020-07-11T23:59:59.999999999+00:00,winner,ENDP,[],,7,False,False,False,False,False
310,Doxycycline Hyclate Injection,doxycycline hyclate injection,ICUI,US,SPY,2020-07-11,2020-07-11,,2020-07-11,2020-07-11T23:59:59.999999999+00:00,winner,ICUI,[],,7,False,False,False,False,False
310,Doxycycline Hyclate Injection,doxycycline hyclate injection,LCI,US,SPY,2020-07-11,2020-07-11,,2020-07-11,2020-07-11T23:59:59.999999999+00:00,winner,LCI,[],,7,False,False,False,False,False
310,Doxycycline Hyclate Injection,doxycycline hyclate injection,TLGT,US,SPY,2020-07-11,2020-07-11,,2020-07-11,2020-07-11T23:59:59.999999999+00:00,winner,TLGT,[],,7,False,False,False,False,False
310,Doxycycline Hyclate Injection,doxycycline hyclate injection,BAX,US,SPY,2020-07-11,2020-07-11,,2020-07-11,2020-07-11T23:59:59.999999999+00:00,placebo,,[],US non-specialist generic maker listed on the trade date,7,False,False,False,False,False
310,Doxycycline Hyclate Injection,doxycycline hyclate injection,PRGO,US,SPY,2020-07-11,2020-07-11,,2020-07-11,2020-07-11T23:59:59.999999999+00:00,placebo,,[],US non-specialist generic maker listed on the trade date,7,False,False,False,False,False
310,Doxycycline Hyclate Injection,doxycycline hyclate injection,TEVA,US,SPY,2020-07-11,2020-07-11,,2020-07-11,2020-07-11T23:59:59.999999999+00:00,placebo,,[],US non-specialist generic maker listed on the trade date,7,False,False,False,False,False
310,Doxycycline Hyclate Injection,doxycycline hyclate injection,VTRS,US,SPY,2020-07-11,2020-07-11,,2020-07-11,2020-07-11T23:59:59.999999999+00:00,placebo,,[],US non-specialist generic maker listed on the trade date,7,False,False,False,False,False
311,Leuprolide Acetate Injection,leuprolide acetate injection,AMPH,US,SPY,2020-07-25,2020-07-25,,2020-07-25,2020-07-25T23:59:59.999999999+00:00,winner,AMPH,[],,7,False,False,False,False,False
311,Leuprolide Acetate Injection,leuprolide acetate injection,AMRX,US,SPY,2020-07-25,2020-07-25,,2020-07-25,2020-07-25T23:59:59.999999999+00:00,winner,AMRX,[],,7,False,False,False,False,False
311,Leuprolide Acetate Injection,leuprolide acetate injection,ANIP,US,SPY,2020-07-25,2020-07-25,,2020-07-25,2020-07-25T23:59:59.999999999+00:00,winner,ANIP,[],,7,False,False,False,False,False
311,Leuprolide Acetate Injection,leuprolide acetate injection,ENDP,US,SPY,2020-07-25,2020-07-25,,2020-07-25,2020-07-25T23:59:59.999999999+00:00,winner,ENDP,[],,7,False,False,False,False,False
311,Leuprolide Acetate Injection,leuprolide acetate injection,ICUI,US,SPY,2020-07-25,2020-07-25,,2020-07-25,2020-07-25T23:59:59.999999999+00:00,winner,ICUI,[],,7,False,False,False,False,False
311,Leuprolide Acetate Injection,leuprolide acetate injection,LCI,US,SPY,2020-07-25,2020-07-25,,2020-07-25,2020-07-25T23:59:59.999999999+00:00,winner,LCI,[],,7,False,False,False,False,False
311,Leuprolide Acetate Injection,leuprolide acetate injection,TLGT,US,SPY,2020-07-25,2020-07-25,,2020-07-25,2020-07-25T23:59:59.999999999+00:00,winner,TLGT,[],,7,False,False,False,False,False
311,Leuprolide Acetate Injection,leuprolide acetate injection,BAX,US,SPY,2020-07-25,2020-07-25,,2020-07-25,2020-07-25T23:59:59.999999999+00:00,placebo,,[],US non-specialist generic maker listed on the trade date,7,False,False,False,False,False
311,Leuprolide Acetate Injection,leuprolide acetate injection,PRGO,US,SPY,2020-07-25,2020-07-25,,2020-07-25,2020-07-25T23:59:59.999999999+00:00,placebo,,[],US non-specialist generic maker listed on the trade date,7,False,False,False,False,False
311,Leuprolide Acetate Injection,leuprolide acetate injection,TEVA,US,SPY,2020-07-25,2020-07-25,,2020-07-25,2020-07-25T23:59:59.999999999+00:00,placebo,,[],US non-specialist generic maker listed on the trade date,7,False,False,False,False,False
311,Leuprolide Acetate Injection,leuprolide acetate injection,VTRS,US,SPY,2020-07-25,2020-07-25,,2020-07-25,2020-07-25T23:59:59.999999999+00:00,placebo,,[],US non-specialist generic maker listed on the trade date,7,False,False,False,False,False
313,Tobramycin Lyophilized Powder for Injection,tobramycin lyophilized powder for injection,AMPH,US,SPY,2020-08-28,2020-08-28,,2020-08-28,2020-08-28T23:59:59.999999999+00:00,winner,AMPH,[],,7,False,False,False,False,False
313,Tobramycin Lyophilized Powder for Injection,tobramycin lyophilized powder for injection,AMRX,US,SPY,2020-08-28,2020-08-28,,2020-08-28,2020-08-28T23:59:59.999999999+00:00,winner,AMRX,[],,7,False,False,False,False,False
313,Tobramycin Lyophilized Powder for Injection,tobramycin lyophilized powder for injection,ANIP,US,SPY,2020-08-28,2020-08-28,,2020-08-28,2020-08-28T23:59:59.999999999+00:00,winner,ANIP,[],,7,False,False,False,False,False
313,Tobramycin Lyophilized Powder for Injection,tobramycin lyophilized powder for injection,ENDP,US,SPY,2020-08-28,2020-08-28,,2020-08-28,2020-08-28T23:59:59.999999999+00:00,winner,ENDP,[],,7,False,False,False,False,False
313,Tobramycin Lyophilized Powder for Injection,tobramycin lyophilized powder for injection,ICUI,US,SPY,2020-08-28,2020-08-28,,2020-08-28,2020-08-28T23:59:59.999999999+00:00,winner,ICUI,[],,7,False,False,False,False,False
313,Tobramycin Lyophilized Powder for Injection,tobramycin lyophilized powder for injection,LCI,US,SPY,2020-08-28,2020-08-28,,2020-08-28,2020-08-28T23:59:59.999999999+00:00,winner,LCI,[],,7,False,False,False,False,False
313,Tobramycin Lyophilized Powder for Injection,tobramycin lyophilized powder for injection,TLGT,US,SPY,2020-08-28,2020-08-28,,2020-08-28,2020-08-28T23:59:59.999999999+00:00,winner,TLGT,[],,7,False,False,False,False,False
313,Tobramycin Lyophilized Powder for Injection,tobramycin lyophilized powder for injection,BAX,US,SPY,2020-08-28,2020-08-28,,2020-08-28,2020-08-28T23:59:59.999999999+00:00,placebo,,[],US non-specialist generic maker listed on the trade date,7,False,False,False,False,False
313,Tobramycin Lyophilized Powder for Injection,tobramycin lyophilized powder for injection,PRGO,US,SPY,2020-08-28,2020-08-28,,2020-08-28,2020-08-28T23:59:59.999999999+00:00,placebo,,[],US non-specialist generic maker listed on the trade date,7,False,False,False,False,False
313,Tobramycin Lyophilized Powder for Injection,tobramycin lyophilized powder for injection,TEVA,US,SPY,2020-08-28,2020-08-28,,2020-08-28,2020-08-28T23:59:59.999999999+00:00,placebo,,[],US non-specialist generic maker listed on the trade date,7,False,False,False,False,False
313,Tobramycin Lyophilized Powder for Injection,tobramycin lyophilized powder for injection,VTRS,US,SPY,2020-08-28,2020-08-28,,2020-08-28,2020-08-28T23:59:59.999999999+00:00,placebo,,[],US non-specialist generic maker listed on the trade date,7,False,False,False,False,False
314,"Hydralazine Hydrochloride Injection, USP","hydralazine hydrochloride injection, usp",AMPH,US,SPY,2020-09-13,2020-09-13,,2020-09-13,2020-09-13T23:59:59.999999999+00:00,winner,AMPH,[],,7,False,False,False,False,False
314,"Hydralazine Hydrochloride Injection, USP","hydralazine hydrochloride injection, usp",AMRX,US,SPY,2020-09-13,2020-09-13,,2020-09-13,2020-09-13T23:59:59.999999999+00:00,winner,AMRX,[],,7,False,False,False,False,False
314,"Hydralazine Hydrochloride Injection, USP","hydralazine hydrochloride injection, usp",ANIP,US,SPY,2020-09-13,2020-09-13,,2020-09-13,2020-09-13T23:59:59.999999999+00:00,winner,ANIP,[],,7,False,False,False,False,False
314,"Hydralazine Hydrochloride Injection, USP","hydralazine hydrochloride injection, usp",ENDP,US,SPY,2020-09-13,2020-09-13,,2020-09-13,2020-09-13T23:59:59.999999999+00:00,winner,ENDP,[],,7,False,False,False,False,False
314,"Hydralazine Hydrochloride Injection, USP","hydralazine hydrochloride injection, usp",ICUI,US,SPY,2020-09-13,2020-09-13,,2020-09-13,2020-09-13T23:59:59.999999999+00:00,winner,ICUI,[],,7,False,False,False,False,False
314,"Hydralazine Hydrochloride Injection, USP","hydralazine hydrochloride injection, usp",LCI,US,SPY,2020-09-13,2020-09-13,,2020-09-13,2020-09-13T23:59:59.999999999+00:00,winner,LCI,[],,7,False,False,False,False,False
314,"Hydralazine Hydrochloride Injection, USP","hydralazine hydrochloride injection, usp",TLGT,US,SPY,2020-09-13,2020-09-13,,2020-09-13,2020-09-13T23:59:59.999999999+00:00,winner,TLGT,[],,7,False,False,False,False,False
314,"Hydralazine Hydrochloride Injection, USP","hydralazine hydrochloride injection, usp",BAX,US,SPY,2020-09-13,2020-09-13,,2020-09-13,2020-09-13T23:59:59.999999999+00:00,placebo,,[],US non-specialist generic maker listed on the trade date,7,False,False,False,False,False
314,"Hydralazine Hydrochloride Injection, USP","hydralazine hydrochloride injection, usp",PRGO,US,SPY,2020-09-13,2020-09-13,,2020-09-13,2020-09-13T23:59:59.999999999+00:00,placebo,,[],US non-specialist generic maker listed on the trade date,7,False,False,False,False,False
314,"Hydralazine Hydrochloride Injection, USP","hydralazine hydrochloride injection, usp",TEVA,US,SPY,2020-09-13,2020-09-13,,2020-09-13,2020-09-13T23:59:59.999999999+00:00,placebo,,[],US non-specialist generic maker listed on the trade date,7,False,False,False,False,False
314,"Hydralazine Hydrochloride Injection, USP","hydralazine hydrochloride injection, usp",VTRS,US,SPY,2020-09-13,2020-09-13,,2020-09-13,2020-09-13T23:59:59.999999999+00:00,placebo,,[],US non-specialist generic maker listed on the trade date,7,False,False,False,False,False
315,"Floxuridine for Injection, USP","floxuridine for injection, usp",AMPH,US,SPY,2020-09-20,2020-09-20,,2020-09-20,2020-09-20T23:59:59.999999999+00:00,winner,AMPH,[],,7,False,False,False,False,False
315,"Floxuridine for Injection, USP","floxuridine for injection, usp",AMRX,US,SPY,2020-09-20,2020-09-20,,2020-09-20,2020-09-20T23:59:59.999999999+00:00,winner,AMRX,[],,7,False,False,False,False,False
315,"Floxuridine for Injection, USP","floxuridine for injection, usp",ANIP,US,SPY,2020-09-20,2020-09-20,,2020-09-20,2020-09-20T23:59:59.999999999+00:00,winner,ANIP,[],,7,False,False,False,False,False
315,"Floxuridine for Injection, USP","floxuridine for injection, usp",ENDP,US,SPY,2020-09-20,2020-09-20,,2020-09-20,2020-09-20T23:59:59.999999999+00:00,winner,ENDP,[],,7,False,False,False,False,False
315,"Floxuridine for Injection, USP","floxuridine for injection, usp",ICUI,US,SPY,2020-09-20,2020-09-20,,2020-09-20,2020-09-20T23:59:59.999999999+00:00,winner,ICUI,[],,7,False,False,False,False,False
315,"Floxuridine for Injection, USP","floxuridine for injection, usp",LCI,US,SPY,2020-09-20,2020-09-20,,2020-09-20,2020-09-20T23:59:59.999999999+00:00,winner,LCI,[],,7,False,False,False,False,False
315,"Floxuridine for Injection, USP","floxuridine for injection, usp",TLGT,US,SPY,2020-09-20,2020-09-20,,2020-09-20,2020-09-20T23:59:59.999999999+00:00,winner,TLGT,[],,7,False,False,False,False,False
315,"Floxuridine for Injection, USP","floxuridine for injection, usp",BAX,US,SPY,2020-09-20,2020-09-20,,2020-09-20,2020-09-20T23:59:59.999999999+00:00,placebo,,[],US non-specialist generic maker listed on the trade date,7,False,False,False,False,False
315,"Floxuridine for Injection, USP","floxuridine for injection, usp",PRGO,US,SPY,2020-09-20,2020-09-20,,2020-09-20,2020-09-20T23:59:59.999999999+00:00,placebo,,[],US non-specialist generic maker listed on the trade date,7,False,False,False,False,False
315,"Floxuridine for Injection, USP","floxuridine for injection, usp",TEVA,US,SPY,2020-09-20,2020-09-20,,2020-09-20,2020-09-20T23:59:59.999999999+00:00,placebo,,[],US non-specialist generic maker listed on the trade date,7,False,False,False,False,False
315,"Floxuridine for Injection, USP","floxuridine for injection, usp",VTRS,US,SPY,2020-09-20,2020-09-20,,2020-09-20,2020-09-20T23:59:59.999999999+00:00,placebo,,[],US non-specialist generic maker listed on the trade date,7,False,False,False,False,False
319,Acetazolamide Injection,acetazolamide injection,AMPH,US,SPY,2020-12-08,2020-12-08,,2020-12-08,2020-12-08T23:59:59.999999999+00:00,winner,AMPH,[],,7,False,False,False,False,False
319,Acetazolamide Injection,acetazolamide injection,AMRX,US,SPY,2020-12-08,2020-12-08,,2020-12-08,2020-12-08T23:59:59.999999999+00:00,winner,AMRX,[],,7,False,False,False,False,False
319,Acetazolamide Injection,acetazolamide injection,ANIP,US,SPY,2020-12-08,2020-12-08,,2020-12-08,2020-12-08T23:59:59.999999999+00:00,winner,ANIP,[],,7,False,False,False,False,False
319,Acetazolamide Injection,acetazolamide injection,ENDP,US,SPY,2020-12-08,2020-12-08,,2020-12-08,2020-12-08T23:59:59.999999999+00:00,winner,ENDP,[],,7,False,False,False,False,False
319,Acetazolamide Injection,acetazolamide injection,ICUI,US,SPY,2020-12-08,2020-12-08,,2020-12-08,2020-12-08T23:59:59.999999999+00:00,winner,ICUI,[],,7,False,False,False,False,False
319,Acetazolamide Injection,acetazolamide injection,LCI,US,SPY,2020-12-08,2020-12-08,,2020-12-08,2020-12-08T23:59:59.999999999+00:00,winner,LCI,[],,7,False,False,False,False,False
319,Acetazolamide Injection,acetazolamide injection,TLGT,US,SPY,2020-12-08,2020-12-08,,2020-12-08,2020-12-08T23:59:59.999999999+00:00,winner,TLGT,[],,7,False,False,False,False,False
319,Acetazolamide Injection,acetazolamide injection,BAX,US,SPY,2020-12-08,2020-12-08,,2020-12-08,2020-12-08T23:59:59.999999999+00:00,placebo,,[],US non-specialist generic maker listed on the trade date,7,False,False,False,False,False
319,Acetazolamide Injection,acetazolamide injection,PRGO,US,SPY,2020-12-08,2020-12-08,,2020-12-08,2020-12-08T23:59:59.999999999+00:00,placebo,,[],US non-specialist generic maker listed on the trade date,7,False,False,False,False,False
319,Acetazolamide Injection,acetazolamide injection,TEVA,US,SPY,2020-12-08,2020-12-08,,2020-12-08,2020-12-08T23:59:59.999999999+00:00,placebo,,[],US non-specialist generic maker listed on the trade date,7,False,False,False,False,False
319,Acetazolamide Injection,acetazolamide injection,VTRS,US,SPY,2020-12-08,2020-12-08,,2020-12-08,2020-12-08T23:59:59.999999999+00:00,placebo,,[],US non-specialist generic maker listed on the trade date,7,False,False,False,False,False
322,Azacitidine for Injection,azacitidine for injection,AMPH,US,SPY,2020-12-23,2020-12-23,,2020-12-23,2020-12-23T23:59:59.999999999+00:00,winner,AMPH,[],,7,False,False,False,False,False
322,Azacitidine for Injection,azacitidine for injection,AMRX,US,SPY,2020-12-23,2020-12-23,,2020-12-23,2020-12-23T23:59:59.999999999+00:00,winner,AMRX,[],,7,False,False,False,False,False
322,Azacitidine for Injection,azacitidine for injection,ANIP,US,SPY,2020-12-23,2020-12-23,,2020-12-23,2020-12-23T23:59:59.999999999+00:00,winner,ANIP,[],,7,False,False,False,False,False
322,Azacitidine for Injection,azacitidine for injection,ENDP,US,SPY,2020-12-23,2020-12-23,,2020-12-23,2020-12-23T23:59:59.999999999+00:00,winner,ENDP,[],,7,False,False,False,False,False
322,Azacitidine for Injection,azacitidine for injection,ICUI,US,SPY,2020-12-23,2020-12-23,,2020-12-23,2020-12-23T23:59:59.999999999+00:00,winner,ICUI,[],,7,False,False,False,False,False
322,Azacitidine for Injection,azacitidine for injection,LCI,US,SPY,2020-12-23,2020-12-23,,2020-12-23,2020-12-23T23:59:59.999999999+00:00,winner,LCI,[],,7,False,False,False,False,False
322,Azacitidine for Injection,azacitidine for injection,TLGT,US,SPY,2020-12-23,2020-12-23,,2020-12-23,2020-12-23T23:59:59.999999999+00:00,winner,TLGT,[],,7,False,False,False,False,False
322,Azacitidine for Injection,azacitidine for injection,BAX,US,SPY,2020-12-23,2020-12-23,,2020-12-23,2020-12-23T23:59:59.999999999+00:00,placebo,,[],US non-specialist generic maker listed on the trade date,7,False,False,False,False,False
322,Azacitidine for Injection,azacitidine for injection,PRGO,US,SPY,2020-12-23,2020-12-23,,2020-12-23,2020-12-23T23:59:59.999999999+00:00,placebo,,[],US non-specialist generic maker listed on the trade date,7,False,False,False,False,False
322,Azacitidine for Injection,azacitidine for injection,TEVA,US,SPY,2020-12-23,2020-12-23,,2020-12-23,2020-12-23T23:59:59.999999999+00:00,placebo,,[],US non-specialist generic maker listed on the trade date,7,False,False,False,False,False
322,Azacitidine for Injection,azacitidine for injection,VTRS,US,SPY,2020-12-23,2020-12-23,,2020-12-23,2020-12-23T23:59:59.999999999+00:00,placebo,,[],US non-specialist generic maker listed on the trade date,7,False,False,False,False,False
325,"Valproate Sodium Injection, USP","valproate sodium injection, usp",AMPH,US,SPY,2020-12-31,2020-12-31,,2020-12-31,2020-12-31T23:59:59.999999999+00:00,winner,AMPH,[],,7,False,False,False,False,False
325,"Valproate Sodium Injection, USP","valproate sodium injection, usp",AMRX,US,SPY,2020-12-31,2020-12-31,,2020-12-31,2020-12-31T23:59:59.999999999+00:00,winner,AMRX,[],,7,False,False,False,False,False
325,"Valproate Sodium Injection, USP","valproate sodium injection, usp",ANIP,US,SPY,2020-12-31,2020-12-31,,2020-12-31,2020-12-31T23:59:59.999999999+00:00,winner,ANIP,[],,7,False,False,False,False,False
325,"Valproate Sodium Injection, USP","valproate sodium injection, usp",ENDP,US,SPY,2020-12-31,2020-12-31,,2020-12-31,2020-12-31T23:59:59.999999999+00:00,winner,ENDP,[],,7,False,False,False,False,False
325,"Valproate Sodium Injection, USP","valproate sodium injection, usp",ICUI,US,SPY,2020-12-31,2020-12-31,,2020-12-31,2020-12-31T23:59:59.999999999+00:00,winner,ICUI,[],,7,False,False,False,False,False
325,"Valproate Sodium Injection, USP","valproate sodium injection, usp",LCI,US,SPY,2020-12-31,2020-12-31,,2020-12-31,2020-12-31T23:59:59.999999999+00:00,winner,LCI,[],,7,False,False,False,False,False
325,"Valproate Sodium Injection, USP","valproate sodium injection, usp",TLGT,US,SPY,2020-12-31,2020-12-31,,2020-12-31,2020-12-31T23:59:59.999999999+00:00,winner,TLGT,[],,7,False,False,False,False,False
325,"Valproate Sodium Injection, USP","valproate sodium injection, usp",BAX,US,SPY,2020-12-31,2020-12-31,,2020-12-31,2020-12-31T23:59:59.999999999+00:00,placebo,,[],US non-specialist generic maker listed on the trade date,7,False,False,False,False,False
325,"Valproate Sodium Injection, USP","valproate sodium injection, usp",PRGO,US,SPY,2020-12-31,2020-12-31,,2020-12-31,2020-12-31T23:59:59.999999999+00:00,placebo,,[],US non-specialist generic maker listed on the trade date,7,False,False,False,False,False
325,"Valproate Sodium Injection, USP","valproate sodium injection, usp",TEVA,US,SPY,2020-12-31,2020-12-31,,2020-12-31,2020-12-31T23:59:59.999999999+00:00,placebo,,[],US non-specialist generic maker listed on the trade date,7,False,False,False,False,False
325,"Valproate Sodium Injection, USP","valproate sodium injection, usp",VTRS,US,SPY,2020-12-31,2020-12-31,,2020-12-31,2020-12-31T23:59:59.999999999+00:00,placebo,,[],US non-specialist generic maker listed on the trade date,7,False,False,False,False,False
326,Ceftolozane and Tazobactam (Zerbaxa) Injection,ceftolozane and tazobactam (zerbaxa) injection,AMPH,US,SPY,2021-01-05,2021-01-05,,2021-01-05,2021-01-05T23:59:59.999999999+00:00,winner,AMPH,[],,7,False,False,False,False,False
326,Ceftolozane and Tazobactam (Zerbaxa) Injection,ceftolozane and tazobactam (zerbaxa) injection,AMRX,US,SPY,2021-01-05,2021-01-05,,2021-01-05,2021-01-05T23:59:59.999999999+00:00,winner,AMRX,[],,7,False,False,False,False,False
326,Ceftolozane and Tazobactam (Zerbaxa) Injection,ceftolozane and tazobactam (zerbaxa) injection,ANIP,US,SPY,2021-01-05,2021-01-05,,2021-01-05,2021-01-05T23:59:59.999999999+00:00,winner,ANIP,[],,7,False,False,False,False,False
326,Ceftolozane and Tazobactam (Zerbaxa) Injection,ceftolozane and tazobactam (zerbaxa) injection,ENDP,US,SPY,2021-01-05,2021-01-05,,2021-01-05,2021-01-05T23:59:59.999999999+00:00,winner,ENDP,[],,7,False,False,False,False,False
326,Ceftolozane and Tazobactam (Zerbaxa) Injection,ceftolozane and tazobactam (zerbaxa) injection,ICUI,US,SPY,2021-01-05,2021-01-05,,2021-01-05,2021-01-05T23:59:59.999999999+00:00,winner,ICUI,[],,7,False,False,False,False,False
326,Ceftolozane and Tazobactam (Zerbaxa) Injection,ceftolozane and tazobactam (zerbaxa) injection,LCI,US,SPY,2021-01-05,2021-01-05,,2021-01-05,2021-01-05T23:59:59.999999999+00:00,winner,LCI,[],,7,False,False,False,False,False
326,Ceftolozane and Tazobactam (Zerbaxa) Injection,ceftolozane and tazobactam (zerbaxa) injection,TLGT,US,SPY,2021-01-05,2021-01-05,,2021-01-05,2021-01-05T23:59:59.999999999+00:00,winner,TLGT,[],,7,False,False,False,False,False
326,Ceftolozane and Tazobactam (Zerbaxa) Injection,ceftolozane and tazobactam (zerbaxa) injection,BAX,US,SPY,2021-01-05,2021-01-05,,2021-01-05,2021-01-05T23:59:59.999999999+00:00,placebo,,[],US non-specialist generic maker listed on the trade date,7,False,False,False,False,False
326,Ceftolozane and Tazobactam (Zerbaxa) Injection,ceftolozane and tazobactam (zerbaxa) injection,PRGO,US,SPY,2021-01-05,2021-01-05,,2021-01-05,2021-01-05T23:59:59.999999999+00:00,placebo,,[],US non-specialist generic maker listed on the trade date,7,False,False,False,False,False
326,Ceftolozane and Tazobactam (Zerbaxa) Injection,ceftolozane and tazobactam (zerbaxa) injection,TEVA,US,SPY,2021-01-05,2021-01-05,,2021-01-05,2021-01-05T23:59:59.999999999+00:00,placebo,,[],US non-specialist generic maker listed on the trade date,7,False,False,False,False,False
326,Ceftolozane and Tazobactam (Zerbaxa) Injection,ceftolozane and tazobactam (zerbaxa) injection,VTRS,US,SPY,2021-01-05,2021-01-05,,2021-01-05,2021-01-05T23:59:59.999999999+00:00,placebo,,[],US non-specialist generic maker listed on the trade date,7,False,False,False,False,False
331,Rifampin Injection,rifampin injection,AMPH,US,SPY,2021-02-21,2021-02-21,,2021-02-21,2021-02-21T23:59:59.999999999+00:00,winner,AMPH,[],,7,False,False,False,False,False
331,Rifampin Injection,rifampin injection,AMRX,US,SPY,2021-02-21,2021-02-21,,2021-02-21,2021-02-21T23:59:59.999999999+00:00,winner,AMRX,[],,7,False,False,False,False,False
331,Rifampin Injection,rifampin injection,ANIP,US,SPY,2021-02-21,2021-02-21,,2021-02-21,2021-02-21T23:59:59.999999999+00:00,winner,ANIP,[],,7,False,False,False,False,False
331,Rifampin Injection,rifampin injection,ENDP,US,SPY,2021-02-21,2021-02-21,,2021-02-21,2021-02-21T23:59:59.999999999+00:00,winner,ENDP,[],,7,False,False,False,False,False
331,Rifampin Injection,rifampin injection,ICUI,US,SPY,2021-02-21,2021-02-21,,2021-02-21,2021-02-21T23:59:59.999999999+00:00,winner,ICUI,[],,7,False,False,False,False,False
331,Rifampin Injection,rifampin injection,LCI,US,SPY,2021-02-21,2021-02-21,,2021-02-21,2021-02-21T23:59:59.999999999+00:00,winner,LCI,[],,7,False,False,False,False,False
331,Rifampin Injection,rifampin injection,TLGT,US,SPY,2021-02-21,2021-02-21,,2021-02-21,2021-02-21T23:59:59.999999999+00:00,winner,TLGT,[],,7,False,False,False,False,False
331,Rifampin Injection,rifampin injection,BAX,US,SPY,2021-02-21,2021-02-21,,2021-02-21,2021-02-21T23:59:59.999999999+00:00,placebo,,[],US non-specialist generic maker listed on the trade date,7,False,False,False,False,False
331,Rifampin Injection,rifampin injection,PRGO,US,SPY,2021-02-21,2021-02-21,,2021-02-21,2021-02-21T23:59:59.999999999+00:00,placebo,,[],US non-specialist generic maker listed on the trade date,7,False,False,False,False,False
331,Rifampin Injection,rifampin injection,TEVA,US,SPY,2021-02-21,2021-02-21,,2021-02-21,2021-02-21T23:59:59.999999999+00:00,placebo,,[],US non-specialist generic maker listed on the trade date,7,False,False,False,False,False
331,Rifampin Injection,rifampin injection,VTRS,US,SPY,2021-02-21,2021-02-21,,2021-02-21,2021-02-21T23:59:59.999999999+00:00,placebo,,[],US non-specialist generic maker listed on the trade date,7,False,False,False,False,False
335,Calcium Gluconate Injection,calcium gluconate injection,AMPH,US,SPY,2021-04-11,2021-04-11,,2021-04-11,2021-04-11T23:59:59.999999999+00:00,winner,AMPH,[],,7,True,False,False,False,False
335,Calcium Gluconate Injection,calcium gluconate injection,AMRX,US,SPY,2021-04-11,2021-04-11,,2021-04-11,2021-04-11T23:59:59.999999999+00:00,winner,AMRX,[],,7,True,False,False,False,False
335,Calcium Gluconate Injection,calcium gluconate injection,ANIP,US,SPY,2021-04-11,2021-04-11,,2021-04-11,2021-04-11T23:59:59.999999999+00:00,winner,ANIP,[],,7,True,False,False,False,False
335,Calcium Gluconate Injection,calcium gluconate injection,ENDP,US,SPY,2021-04-11,2021-04-11,,2021-04-11,2021-04-11T23:59:59.999999999+00:00,winner,ENDP,[],,7,True,False,False,False,False
335,Calcium Gluconate Injection,calcium gluconate injection,ICUI,US,SPY,2021-04-11,2021-04-11,,2021-04-11,2021-04-11T23:59:59.999999999+00:00,winner,ICUI,[],,7,True,False,False,False,False
335,Calcium Gluconate Injection,calcium gluconate injection,LCI,US,SPY,2021-04-11,2021-04-11,,2021-04-11,2021-04-11T23:59:59.999999999+00:00,winner,LCI,[],,7,True,False,False,False,False
335,Calcium Gluconate Injection,calcium gluconate injection,TLGT,US,SPY,2021-04-11,2021-04-11,,2021-04-11,2021-04-11T23:59:59.999999999+00:00,winner,TLGT,[],,7,True,False,False,False,False
335,Calcium Gluconate Injection,calcium gluconate injection,BAX,US,SPY,2021-04-11,2021-04-11,,2021-04-11,2021-04-11T23:59:59.999999999+00:00,placebo,,[],US non-specialist generic maker listed on the trade date,7,True,False,False,False,False
335,Calcium Gluconate Injection,calcium gluconate injection,PRGO,US,SPY,2021-04-11,2021-04-11,,2021-04-11,2021-04-11T23:59:59.999999999+00:00,placebo,,[],US non-specialist generic maker listed on the trade date,7,True,False,False,False,False
335,Calcium Gluconate Injection,calcium gluconate injection,TEVA,US,SPY,2021-04-11,2021-04-11,,2021-04-11,2021-04-11T23:59:59.999999999+00:00,placebo,,[],US non-specialist generic maker listed on the trade date,7,True,False,False,False,False
335,Calcium Gluconate Injection,calcium gluconate injection,VTRS,US,SPY,2021-04-11,2021-04-11,,2021-04-11,2021-04-11T23:59:59.999999999+00:00,placebo,,[],US non-specialist generic maker listed on the trade date,7,True,False,False,False,False
339,Hydroxocobalamin Injection,hydroxocobalamin injection,AMPH,US,SPY,2021-04-22,2021-04-22,,2021-04-22,2021-04-22T23:59:59.999999999+00:00,winner,AMPH,[],,7,False,False,False,False,False
339,Hydroxocobalamin Injection,hydroxocobalamin injection,AMRX,US,SPY,2021-04-22,2021-04-22,,2021-04-22,2021-04-22T23:59:59.999999999+00:00,winner,AMRX,[],,7,False,False,False,False,False
339,Hydroxocobalamin Injection,hydroxocobalamin injection,ANIP,US,SPY,2021-04-22,2021-04-22,,2021-04-22,2021-04-22T23:59:59.999999999+00:00,winner,ANIP,[],,7,False,False,False,False,False
339,Hydroxocobalamin Injection,hydroxocobalamin injection,ENDP,US,SPY,2021-04-22,2021-04-22,,2021-04-22,2021-04-22T23:59:59.999999999+00:00,winner,ENDP,[],,7,False,False,False,False,False
339,Hydroxocobalamin Injection,hydroxocobalamin injection,ICUI,US,SPY,2021-04-22,2021-04-22,,2021-04-22,2021-04-22T23:59:59.999999999+00:00,winner,ICUI,[],,7,False,False,False,False,False
339,Hydroxocobalamin Injection,hydroxocobalamin injection,LCI,US,SPY,2021-04-22,2021-04-22,,2021-04-22,2021-04-22T23:59:59.999999999+00:00,winner,LCI,[],,7,False,False,False,False,False
339,Hydroxocobalamin Injection,hydroxocobalamin injection,TLGT,US,SPY,2021-04-22,2021-04-22,,2021-04-22,2021-04-22T23:59:59.999999999+00:00,winner,TLGT,[],,7,False,False,False,False,False
339,Hydroxocobalamin Injection,hydroxocobalamin injection,BAX,US,SPY,2021-04-22,2021-04-22,,2021-04-22,2021-04-22T23:59:59.999999999+00:00,placebo,,[],US non-specialist generic maker listed on the trade date,7,False,False,False,False,False
339,Hydroxocobalamin Injection,hydroxocobalamin injection,PRGO,US,SPY,2021-04-22,2021-04-22,,2021-04-22,2021-04-22T23:59:59.999999999+00:00,placebo,,[],US non-specialist generic maker listed on the trade date,7,False,False,False,False,False
339,Hydroxocobalamin Injection,hydroxocobalamin injection,TEVA,US,SPY,2021-04-22,2021-04-22,,2021-04-22,2021-04-22T23:59:59.999999999+00:00,placebo,,[],US non-specialist generic maker listed on the trade date,7,False,False,False,False,False
339,Hydroxocobalamin Injection,hydroxocobalamin injection,VTRS,US,SPY,2021-04-22,2021-04-22,,2021-04-22,2021-04-22T23:59:59.999999999+00:00,placebo,,[],US non-specialist generic maker listed on the trade date,7,False,False,False,False,False
340,"Protamine Sulfate Injection, USP","protamine sulfate injection, usp",AMPH,US,SPY,2021-04-22,2021-04-22,,2021-04-22,2021-04-22T23:59:59.999999999+00:00,winner,AMPH,[],,7,False,False,False,False,False
340,"Protamine Sulfate Injection, USP","protamine sulfate injection, usp",AMRX,US,SPY,2021-04-22,2021-04-22,,2021-04-22,2021-04-22T23:59:59.999999999+00:00,winner,AMRX,[],,7,False,False,False,False,False
340,"Protamine Sulfate Injection, USP","protamine sulfate injection, usp",ANIP,US,SPY,2021-04-22,2021-04-22,,2021-04-22,2021-04-22T23:59:59.999999999+00:00,winner,ANIP,[],,7,False,False,False,False,False
340,"Protamine Sulfate Injection, USP","protamine sulfate injection, usp",ENDP,US,SPY,2021-04-22,2021-04-22,,2021-04-22,2021-04-22T23:59:59.999999999+00:00,winner,ENDP,[],,7,False,False,False,False,False
340,"Protamine Sulfate Injection, USP","protamine sulfate injection, usp",ICUI,US,SPY,2021-04-22,2021-04-22,,2021-04-22,2021-04-22T23:59:59.999999999+00:00,winner,ICUI,[],,7,False,False,False,False,False
340,"Protamine Sulfate Injection, USP","protamine sulfate injection, usp",LCI,US,SPY,2021-04-22,2021-04-22,,2021-04-22,2021-04-22T23:59:59.999999999+00:00,winner,LCI,[],,7,False,False,False,False,False
340,"Protamine Sulfate Injection, USP","protamine sulfate injection, usp",TLGT,US,SPY,2021-04-22,2021-04-22,,2021-04-22,2021-04-22T23:59:59.999999999+00:00,winner,TLGT,[],,7,False,False,False,False,False
340,"Protamine Sulfate Injection, USP","protamine sulfate injection, usp",BAX,US,SPY,2021-04-22,2021-04-22,,2021-04-22,2021-04-22T23:59:59.999999999+00:00,placebo,,[],US non-specialist generic maker listed on the trade date,7,False,False,False,False,False
340,"Protamine Sulfate Injection, USP","protamine sulfate injection, usp",PRGO,US,SPY,2021-04-22,2021-04-22,,2021-04-22,2021-04-22T23:59:59.999999999+00:00,placebo,,[],US non-specialist generic maker listed on the trade date,7,False,False,False,False,False
340,"Protamine Sulfate Injection, USP","protamine sulfate injection, usp",TEVA,US,SPY,2021-04-22,2021-04-22,,2021-04-22,2021-04-22T23:59:59.999999999+00:00,placebo,,[],US non-specialist generic maker listed on the trade date,7,False,False,False,False,False
340,"Protamine Sulfate Injection, USP","protamine sulfate injection, usp",VTRS,US,SPY,2021-04-22,2021-04-22,,2021-04-22,2021-04-22T23:59:59.999999999+00:00,placebo,,[],US non-specialist generic maker listed on the trade date,7,False,False,False,False,False
341,Triamcinolone Hexacetonide Injectable suspension,triamcinolone hexacetonide injectable suspension,AMPH,US,SPY,2021-05-06,2021-05-06,,2021-05-06,2021-05-06T23:59:59.999999999+00:00,winner,AMPH,[],,7,False,False,False,False,False
341,Triamcinolone Hexacetonide Injectable suspension,triamcinolone hexacetonide injectable suspension,AMRX,US,SPY,2021-05-06,2021-05-06,,2021-05-06,2021-05-06T23:59:59.999999999+00:00,winner,AMRX,[],,7,False,False,False,False,False
341,Triamcinolone Hexacetonide Injectable suspension,triamcinolone hexacetonide injectable suspension,ANIP,US,SPY,2021-05-06,2021-05-06,,2021-05-06,2021-05-06T23:59:59.999999999+00:00,winner,ANIP,[],,7,False,False,False,False,False
341,Triamcinolone Hexacetonide Injectable suspension,triamcinolone hexacetonide injectable suspension,ENDP,US,SPY,2021-05-06,2021-05-06,,2021-05-06,2021-05-06T23:59:59.999999999+00:00,winner,ENDP,[],,7,False,False,False,False,False
341,Triamcinolone Hexacetonide Injectable suspension,triamcinolone hexacetonide injectable suspension,ICUI,US,SPY,2021-05-06,2021-05-06,,2021-05-06,2021-05-06T23:59:59.999999999+00:00,winner,ICUI,[],,7,False,False,False,False,False
341,Triamcinolone Hexacetonide Injectable suspension,triamcinolone hexacetonide injectable suspension,LCI,US,SPY,2021-05-06,2021-05-06,,2021-05-06,2021-05-06T23:59:59.999999999+00:00,winner,LCI,[],,7,False,False,False,False,False
341,Triamcinolone Hexacetonide Injectable suspension,triamcinolone hexacetonide injectable suspension,TLGT,US,SPY,2021-05-06,2021-05-06,,2021-05-06,2021-05-06T23:59:59.999999999+00:00,winner,TLGT,[],,7,False,False,False,False,False
341,Triamcinolone Hexacetonide Injectable suspension,triamcinolone hexacetonide injectable suspension,BAX,US,SPY,2021-05-06,2021-05-06,,2021-05-06,2021-05-06T23:59:59.999999999+00:00,placebo,,[],US non-specialist generic maker listed on the trade date,7,False,False,False,False,False
341,Triamcinolone Hexacetonide Injectable suspension,triamcinolone hexacetonide injectable suspension,PRGO,US,SPY,2021-05-06,2021-05-06,,2021-05-06,2021-05-06T23:59:59.999999999+00:00,placebo,,[],US non-specialist generic maker listed on the trade date,7,False,False,False,False,False
341,Triamcinolone Hexacetonide Injectable suspension,triamcinolone hexacetonide injectable suspension,TEVA,US,SPY,2021-05-06,2021-05-06,,2021-05-06,2021-05-06T23:59:59.999999999+00:00,placebo,,[],US non-specialist generic maker listed on the trade date,7,False,False,False,False,False
341,Triamcinolone Hexacetonide Injectable suspension,triamcinolone hexacetonide injectable suspension,VTRS,US,SPY,2021-05-06,2021-05-06,,2021-05-06,2021-05-06T23:59:59.999999999+00:00,placebo,,[],US non-specialist generic maker listed on the trade date,7,False,False,False,False,False
342,Chloroprocaine Hydrochloride Injection,chloroprocaine hydrochloride injection,AMPH,US,SPY,2021-05-21,2021-05-21,,2021-05-21,2021-05-21T23:59:59.999999999+00:00,winner,AMPH,[],,7,False,False,False,False,False
342,Chloroprocaine Hydrochloride Injection,chloroprocaine hydrochloride injection,AMRX,US,SPY,2021-05-21,2021-05-21,,2021-05-21,2021-05-21T23:59:59.999999999+00:00,winner,AMRX,[],,7,False,False,False,False,False
342,Chloroprocaine Hydrochloride Injection,chloroprocaine hydrochloride injection,ANIP,US,SPY,2021-05-21,2021-05-21,,2021-05-21,2021-05-21T23:59:59.999999999+00:00,winner,ANIP,[],,7,False,False,False,False,False
342,Chloroprocaine Hydrochloride Injection,chloroprocaine hydrochloride injection,ENDP,US,SPY,2021-05-21,2021-05-21,,2021-05-21,2021-05-21T23:59:59.999999999+00:00,winner,ENDP,[],,7,False,False,False,False,False
342,Chloroprocaine Hydrochloride Injection,chloroprocaine hydrochloride injection,ICUI,US,SPY,2021-05-21,2021-05-21,,2021-05-21,2021-05-21T23:59:59.999999999+00:00,winner,ICUI,[],,7,False,False,False,False,False
342,Chloroprocaine Hydrochloride Injection,chloroprocaine hydrochloride injection,LCI,US,SPY,2021-05-21,2021-05-21,,2021-05-21,2021-05-21T23:59:59.999999999+00:00,winner,LCI,[],,7,False,False,False,False,False
342,Chloroprocaine Hydrochloride Injection,chloroprocaine hydrochloride injection,TLGT,US,SPY,2021-05-21,2021-05-21,,2021-05-21,2021-05-21T23:59:59.999999999+00:00,winner,TLGT,[],,7,False,False,False,False,False
342,Chloroprocaine Hydrochloride Injection,chloroprocaine hydrochloride injection,BAX,US,SPY,2021-05-21,2021-05-21,,2021-05-21,2021-05-21T23:59:59.999999999+00:00,placebo,,[],US non-specialist generic maker listed on the trade date,7,False,False,False,False,False
342,Chloroprocaine Hydrochloride Injection,chloroprocaine hydrochloride injection,PRGO,US,SPY,2021-05-21,2021-05-21,,2021-05-21,2021-05-21T23:59:59.999999999+00:00,placebo,,[],US non-specialist generic maker listed on the trade date,7,False,False,False,False,False
342,Chloroprocaine Hydrochloride Injection,chloroprocaine hydrochloride injection,TEVA,US,SPY,2021-05-21,2021-05-21,,2021-05-21,2021-05-21T23:59:59.999999999+00:00,placebo,,[],US non-specialist generic maker listed on the trade date,7,False,False,False,False,False
342,Chloroprocaine Hydrochloride Injection,chloroprocaine hydrochloride injection,VTRS,US,SPY,2021-05-21,2021-05-21,,2021-05-21,2021-05-21T23:59:59.999999999+00:00,placebo,,[],US non-specialist generic maker listed on the trade date,7,False,False,False,False,False
343,Methohexital Sodium (Brevital) Injection,methohexital sodium (brevital) injection,AMPH,US,SPY,2021-05-21,2021-05-21,,2021-05-21,2021-05-21T23:59:59.999999999+00:00,winner,AMPH,[],,7,False,False,False,False,False
343,Methohexital Sodium (Brevital) Injection,methohexital sodium (brevital) injection,AMRX,US,SPY,2021-05-21,2021-05-21,,2021-05-21,2021-05-21T23:59:59.999999999+00:00,winner,AMRX,[],,7,False,False,False,False,False
343,Methohexital Sodium (Brevital) Injection,methohexital sodium (brevital) injection,ANIP,US,SPY,2021-05-21,2021-05-21,,2021-05-21,2021-05-21T23:59:59.999999999+00:00,winner,ANIP,[],,7,False,False,False,False,False
343,Methohexital Sodium (Brevital) Injection,methohexital sodium (brevital) injection,ENDP,US,SPY,2021-05-21,2021-05-21,,2021-05-21,2021-05-21T23:59:59.999999999+00:00,winner,ENDP,[],,7,False,False,False,False,False
343,Methohexital Sodium (Brevital) Injection,methohexital sodium (brevital) injection,ICUI,US,SPY,2021-05-21,2021-05-21,,2021-05-21,2021-05-21T23:59:59.999999999+00:00,winner,ICUI,[],,7,False,False,False,False,False
343,Methohexital Sodium (Brevital) Injection,methohexital sodium (brevital) injection,LCI,US,SPY,2021-05-21,2021-05-21,,2021-05-21,2021-05-21T23:59:59.999999999+00:00,winner,LCI,[],,7,False,False,False,False,False
343,Methohexital Sodium (Brevital) Injection,methohexital sodium (brevital) injection,TLGT,US,SPY,2021-05-21,2021-05-21,,2021-05-21,2021-05-21T23:59:59.999999999+00:00,winner,TLGT,[],,7,False,False,False,False,False
343,Methohexital Sodium (Brevital) Injection,methohexital sodium (brevital) injection,BAX,US,SPY,2021-05-21,2021-05-21,,2021-05-21,2021-05-21T23:59:59.999999999+00:00,placebo,,[],US non-specialist generic maker listed on the trade date,7,False,False,False,False,False
343,Methohexital Sodium (Brevital) Injection,methohexital sodium (brevital) injection,PRGO,US,SPY,2021-05-21,2021-05-21,,2021-05-21,2021-05-21T23:59:59.999999999+00:00,placebo,,[],US non-specialist generic maker listed on the trade date,7,False,False,False,False,False
343,Methohexital Sodium (Brevital) Injection,methohexital sodium (brevital) injection,TEVA,US,SPY,2021-05-21,2021-05-21,,2021-05-21,2021-05-21T23:59:59.999999999+00:00,placebo,,[],US non-specialist generic maker listed on the trade date,7,False,False,False,False,False
343,Methohexital Sodium (Brevital) Injection,methohexital sodium (brevital) injection,VTRS,US,SPY,2021-05-21,2021-05-21,,2021-05-21,2021-05-21T23:59:59.999999999+00:00,placebo,,[],US non-specialist generic maker listed on the trade date,7,False,False,False,False,False
344,Digoxin Injection,digoxin injection,AMPH,US,SPY,2021-06-13,2021-06-13,,2021-06-13,2021-06-13T23:59:59.999999999+00:00,winner,AMPH,[],,7,True,False,False,False,False
344,Digoxin Injection,digoxin injection,AMRX,US,SPY,2021-06-13,2021-06-13,,2021-06-13,2021-06-13T23:59:59.999999999+00:00,winner,AMRX,[],,7,True,False,False,False,False
344,Digoxin Injection,digoxin injection,ANIP,US,SPY,2021-06-13,2021-06-13,,2021-06-13,2021-06-13T23:59:59.999999999+00:00,winner,ANIP,[],,7,True,False,False,False,False
344,Digoxin Injection,digoxin injection,ENDP,US,SPY,2021-06-13,2021-06-13,,2021-06-13,2021-06-13T23:59:59.999999999+00:00,winner,ENDP,[],,7,True,False,False,False,False
344,Digoxin Injection,digoxin injection,ICUI,US,SPY,2021-06-13,2021-06-13,,2021-06-13,2021-06-13T23:59:59.999999999+00:00,winner,ICUI,[],,7,True,False,False,False,False
344,Digoxin Injection,digoxin injection,LCI,US,SPY,2021-06-13,2021-06-13,,2021-06-13,2021-06-13T23:59:59.999999999+00:00,winner,LCI,[],,7,True,False,False,False,False
344,Digoxin Injection,digoxin injection,TLGT,US,SPY,2021-06-13,2021-06-13,,2021-06-13,2021-06-13T23:59:59.999999999+00:00,winner,TLGT,[],,7,True,False,False,False,False
344,Digoxin Injection,digoxin injection,BAX,US,SPY,2021-06-13,2021-06-13,,2021-06-13,2021-06-13T23:59:59.999999999+00:00,placebo,,[],US non-specialist generic maker listed on the trade date,7,True,False,False,False,False
344,Digoxin Injection,digoxin injection,PRGO,US,SPY,2021-06-13,2021-06-13,,2021-06-13,2021-06-13T23:59:59.999999999+00:00,placebo,,[],US non-specialist generic maker listed on the trade date,7,True,False,False,False,False
344,Digoxin Injection,digoxin injection,TEVA,US,SPY,2021-06-13,2021-06-13,,2021-06-13,2021-06-13T23:59:59.999999999+00:00,placebo,,[],US non-specialist generic maker listed on the trade date,7,True,False,False,False,False
344,Digoxin Injection,digoxin injection,VTRS,US,SPY,2021-06-13,2021-06-13,,2021-06-13,2021-06-13T23:59:59.999999999+00:00,placebo,,[],US non-specialist generic maker listed on the trade date,7,True,False,False,False,False
347,Mepivacaine Hydrochloride Injection,mepivacaine hydrochloride injection,AMPH,US,SPY,2021-07-14,2021-07-14,,2021-07-14,2021-07-14T23:59:59.999999999+00:00,winner,AMPH,[],,7,False,False,False,False,False
347,Mepivacaine Hydrochloride Injection,mepivacaine hydrochloride injection,AMRX,US,SPY,2021-07-14,2021-07-14,,2021-07-14,2021-07-14T23:59:59.999999999+00:00,winner,AMRX,[],,7,False,False,False,False,False
347,Mepivacaine Hydrochloride Injection,mepivacaine hydrochloride injection,ANIP,US,SPY,2021-07-14,2021-07-14,,2021-07-14,2021-07-14T23:59:59.999999999+00:00,winner,ANIP,[],,7,False,False,False,False,False
347,Mepivacaine Hydrochloride Injection,mepivacaine hydrochloride injection,ENDP,US,SPY,2021-07-14,2021-07-14,,2021-07-14,2021-07-14T23:59:59.999999999+00:00,winner,ENDP,[],,7,False,False,False,False,False
347,Mepivacaine Hydrochloride Injection,mepivacaine hydrochloride injection,ICUI,US,SPY,2021-07-14,2021-07-14,,2021-07-14,2021-07-14T23:59:59.999999999+00:00,winner,ICUI,[],,7,False,False,False,False,False
347,Mepivacaine Hydrochloride Injection,mepivacaine hydrochloride injection,LCI,US,SPY,2021-07-14,2021-07-14,,2021-07-14,2021-07-14T23:59:59.999999999+00:00,winner,LCI,[],,7,False,False,False,False,False
347,Mepivacaine Hydrochloride Injection,mepivacaine hydrochloride injection,TLGT,US,SPY,2021-07-14,2021-07-14,,2021-07-14,2021-07-14T23:59:59.999999999+00:00,winner,TLGT,[],,7,False,False,False,False,False
347,Mepivacaine Hydrochloride Injection,mepivacaine hydrochloride injection,BAX,US,SPY,2021-07-14,2021-07-14,,2021-07-14,2021-07-14T23:59:59.999999999+00:00,placebo,,[],US non-specialist generic maker listed on the trade date,7,False,False,False,False,False
347,Mepivacaine Hydrochloride Injection,mepivacaine hydrochloride injection,PRGO,US,SPY,2021-07-14,2021-07-14,,2021-07-14,2021-07-14T23:59:59.999999999+00:00,placebo,,[],US non-specialist generic maker listed on the trade date,7,False,False,False,False,False
347,Mepivacaine Hydrochloride Injection,mepivacaine hydrochloride injection,TEVA,US,SPY,2021-07-14,2021-07-14,,2021-07-14,2021-07-14T23:59:59.999999999+00:00,placebo,,[],US non-specialist generic maker listed on the trade date,7,False,False,False,False,False
347,Mepivacaine Hydrochloride Injection,mepivacaine hydrochloride injection,VTRS,US,SPY,2021-07-14,2021-07-14,,2021-07-14,2021-07-14T23:59:59.999999999+00:00,placebo,,[],US non-specialist generic maker listed on the trade date,7,False,False,False,False,False
348,Gentamicin Sulfate Injection,gentamicin sulfate injection,AMPH,US,SPY,2021-07-24,2021-07-24,,2021-07-24,2021-07-24T23:59:59.999999999+00:00,winner,AMPH,[],,7,False,False,False,False,False
348,Gentamicin Sulfate Injection,gentamicin sulfate injection,AMRX,US,SPY,2021-07-24,2021-07-24,,2021-07-24,2021-07-24T23:59:59.999999999+00:00,winner,AMRX,[],,7,False,False,False,False,False
348,Gentamicin Sulfate Injection,gentamicin sulfate injection,ANIP,US,SPY,2021-07-24,2021-07-24,,2021-07-24,2021-07-24T23:59:59.999999999+00:00,winner,ANIP,[],,7,False,False,False,False,False
348,Gentamicin Sulfate Injection,gentamicin sulfate injection,ENDP,US,SPY,2021-07-24,2021-07-24,,2021-07-24,2021-07-24T23:59:59.999999999+00:00,winner,ENDP,[],,7,False,False,False,False,False
348,Gentamicin Sulfate Injection,gentamicin sulfate injection,ICUI,US,SPY,2021-07-24,2021-07-24,,2021-07-24,2021-07-24T23:59:59.999999999+00:00,winner,ICUI,[],,7,False,False,False,False,False
348,Gentamicin Sulfate Injection,gentamicin sulfate injection,LCI,US,SPY,2021-07-24,2021-07-24,,2021-07-24,2021-07-24T23:59:59.999999999+00:00,winner,LCI,[],,7,False,False,False,False,False
348,Gentamicin Sulfate Injection,gentamicin sulfate injection,TLGT,US,SPY,2021-07-24,2021-07-24,,2021-07-24,2021-07-24T23:59:59.999999999+00:00,winner,TLGT,[],,7,False,False,False,False,False
348,Gentamicin Sulfate Injection,gentamicin sulfate injection,BAX,US,SPY,2021-07-24,2021-07-24,,2021-07-24,2021-07-24T23:59:59.999999999+00:00,placebo,,[],US non-specialist generic maker listed on the trade date,7,False,False,False,False,False
348,Gentamicin Sulfate Injection,gentamicin sulfate injection,PRGO,US,SPY,2021-07-24,2021-07-24,,2021-07-24,2021-07-24T23:59:59.999999999+00:00,placebo,,[],US non-specialist generic maker listed on the trade date,7,False,False,False,False,False
348,Gentamicin Sulfate Injection,gentamicin sulfate injection,TEVA,US,SPY,2021-07-24,2021-07-24,,2021-07-24,2021-07-24T23:59:59.999999999+00:00,placebo,,[],US non-specialist generic maker listed on the trade date,7,False,False,False,False,False
348,Gentamicin Sulfate Injection,gentamicin sulfate injection,VTRS,US,SPY,2021-07-24,2021-07-24,,2021-07-24,2021-07-24T23:59:59.999999999+00:00,placebo,,[],US non-specialist generic maker listed on the trade date,7,False,False,False,False,False
349,Tocilizumab Injection,tocilizumab injection,AMPH,US,SPY,2021-08-18,2021-08-18,,2021-08-18,2021-08-18T23:59:59.999999999+00:00,winner,AMPH,[],,7,False,False,False,False,False
349,Tocilizumab Injection,tocilizumab injection,AMRX,US,SPY,2021-08-18,2021-08-18,,2021-08-18,2021-08-18T23:59:59.999999999+00:00,winner,AMRX,[],,7,False,False,False,False,False
349,Tocilizumab Injection,tocilizumab injection,ANIP,US,SPY,2021-08-18,2021-08-18,,2021-08-18,2021-08-18T23:59:59.999999999+00:00,winner,ANIP,[],,7,False,False,False,False,False
349,Tocilizumab Injection,tocilizumab injection,ENDP,US,SPY,2021-08-18,2021-08-18,,2021-08-18,2021-08-18T23:59:59.999999999+00:00,winner,ENDP,[],,7,False,False,False,False,False
349,Tocilizumab Injection,tocilizumab injection,ICUI,US,SPY,2021-08-18,2021-08-18,,2021-08-18,2021-08-18T23:59:59.999999999+00:00,winner,ICUI,[],,7,False,False,False,False,False
349,Tocilizumab Injection,tocilizumab injection,LCI,US,SPY,2021-08-18,2021-08-18,,2021-08-18,2021-08-18T23:59:59.999999999+00:00,winner,LCI,[],,7,False,False,False,False,False
349,Tocilizumab Injection,tocilizumab injection,TLGT,US,SPY,2021-08-18,2021-08-18,,2021-08-18,2021-08-18T23:59:59.999999999+00:00,winner,TLGT,[],,7,False,False,False,False,False
349,Tocilizumab Injection,tocilizumab injection,BAX,US,SPY,2021-08-18,2021-08-18,,2021-08-18,2021-08-18T23:59:59.999999999+00:00,placebo,,[],US non-specialist generic maker listed on the trade date,7,False,False,False,False,False
349,Tocilizumab Injection,tocilizumab injection,PRGO,US,SPY,2021-08-18,2021-08-18,,2021-08-18,2021-08-18T23:59:59.999999999+00:00,placebo,,[],US non-specialist generic maker listed on the trade date,7,False,False,False,False,False
349,Tocilizumab Injection,tocilizumab injection,TEVA,US,SPY,2021-08-18,2021-08-18,,2021-08-18,2021-08-18T23:59:59.999999999+00:00,placebo,,[],US non-specialist generic maker listed on the trade date,7,False,False,False,False,False
349,Tocilizumab Injection,tocilizumab injection,VTRS,US,SPY,2021-08-18,2021-08-18,,2021-08-18,2021-08-18T23:59:59.999999999+00:00,placebo,,[],US non-specialist generic maker listed on the trade date,7,False,False,False,False,False
351,Cytarabine Injection,cytarabine injection,AMPH,US,SPY,2021-09-27,2021-09-27,,2021-09-27,2021-09-27T23:59:59.999999999+00:00,winner,AMPH,[],,7,False,False,False,False,False
351,Cytarabine Injection,cytarabine injection,AMRX,US,SPY,2021-09-27,2021-09-27,,2021-09-27,2021-09-27T23:59:59.999999999+00:00,winner,AMRX,[],,7,False,False,False,False,False
351,Cytarabine Injection,cytarabine injection,ANIP,US,SPY,2021-09-27,2021-09-27,,2021-09-27,2021-09-27T23:59:59.999999999+00:00,winner,ANIP,[],,7,False,False,False,False,False
351,Cytarabine Injection,cytarabine injection,ENDP,US,SPY,2021-09-27,2021-09-27,,2021-09-27,2021-09-27T23:59:59.999999999+00:00,winner,ENDP,[],,7,False,False,False,False,False
351,Cytarabine Injection,cytarabine injection,ICUI,US,SPY,2021-09-27,2021-09-27,,2021-09-27,2021-09-27T23:59:59.999999999+00:00,winner,ICUI,[],,7,False,False,False,False,False
351,Cytarabine Injection,cytarabine injection,LCI,US,SPY,2021-09-27,2021-09-27,,2021-09-27,2021-09-27T23:59:59.999999999+00:00,winner,LCI,[],,7,False,False,False,False,False
351,Cytarabine Injection,cytarabine injection,TLGT,US,SPY,2021-09-27,2021-09-27,,2021-09-27,2021-09-27T23:59:59.999999999+00:00,winner,TLGT,[],,7,False,False,False,False,False
351,Cytarabine Injection,cytarabine injection,BAX,US,SPY,2021-09-27,2021-09-27,,2021-09-27,2021-09-27T23:59:59.999999999+00:00,placebo,,[],US non-specialist generic maker listed on the trade date,7,False,False,False,False,False
351,Cytarabine Injection,cytarabine injection,PRGO,US,SPY,2021-09-27,2021-09-27,,2021-09-27,2021-09-27T23:59:59.999999999+00:00,placebo,,[],US non-specialist generic maker listed on the trade date,7,False,False,False,False,False
351,Cytarabine Injection,cytarabine injection,TEVA,US,SPY,2021-09-27,2021-09-27,,2021-09-27,2021-09-27T23:59:59.999999999+00:00,placebo,,[],US non-specialist generic maker listed on the trade date,7,False,False,False,False,False
351,Cytarabine Injection,cytarabine injection,VTRS,US,SPY,2021-09-27,2021-09-27,,2021-09-27,2021-09-27T23:59:59.999999999+00:00,placebo,,[],US non-specialist generic maker listed on the trade date,7,False,False,False,False,False
352,Mannitol Injection,mannitol injection,AMPH,US,SPY,2021-09-27,2021-09-27,,2021-09-27,2021-09-27T23:59:59.999999999+00:00,winner,AMPH,[],,7,False,False,False,False,False
352,Mannitol Injection,mannitol injection,AMRX,US,SPY,2021-09-27,2021-09-27,,2021-09-27,2021-09-27T23:59:59.999999999+00:00,winner,AMRX,[],,7,False,False,False,False,False
352,Mannitol Injection,mannitol injection,ANIP,US,SPY,2021-09-27,2021-09-27,,2021-09-27,2021-09-27T23:59:59.999999999+00:00,winner,ANIP,[],,7,False,False,False,False,False
352,Mannitol Injection,mannitol injection,ENDP,US,SPY,2021-09-27,2021-09-27,,2021-09-27,2021-09-27T23:59:59.999999999+00:00,winner,ENDP,[],,7,False,False,False,False,False
352,Mannitol Injection,mannitol injection,ICUI,US,SPY,2021-09-27,2021-09-27,,2021-09-27,2021-09-27T23:59:59.999999999+00:00,winner,ICUI,[],,7,False,False,False,False,False
352,Mannitol Injection,mannitol injection,LCI,US,SPY,2021-09-27,2021-09-27,,2021-09-27,2021-09-27T23:59:59.999999999+00:00,winner,LCI,[],,7,False,False,False,False,False
352,Mannitol Injection,mannitol injection,TLGT,US,SPY,2021-09-27,2021-09-27,,2021-09-27,2021-09-27T23:59:59.999999999+00:00,winner,TLGT,[],,7,False,False,False,False,False
352,Mannitol Injection,mannitol injection,BAX,US,SPY,2021-09-27,2021-09-27,,2021-09-27,2021-09-27T23:59:59.999999999+00:00,placebo,,[],US non-specialist generic maker listed on the trade date,7,False,False,False,False,False
352,Mannitol Injection,mannitol injection,PRGO,US,SPY,2021-09-27,2021-09-27,,2021-09-27,2021-09-27T23:59:59.999999999+00:00,placebo,,[],US non-specialist generic maker listed on the trade date,7,False,False,False,False,False
352,Mannitol Injection,mannitol injection,TEVA,US,SPY,2021-09-27,2021-09-27,,2021-09-27,2021-09-27T23:59:59.999999999+00:00,placebo,,[],US non-specialist generic maker listed on the trade date,7,False,False,False,False,False
352,Mannitol Injection,mannitol injection,VTRS,US,SPY,2021-09-27,2021-09-27,,2021-09-27,2021-09-27T23:59:59.999999999+00:00,placebo,,[],US non-specialist generic maker listed on the trade date,7,False,False,False,False,False
353,Paclitaxel Injection (protein-bound particles),paclitaxel injection (protein-bound particles),AMPH,US,SPY,2021-10-08,2021-10-08,,2021-10-08,2021-10-08T23:59:59.999999999+00:00,winner,AMPH,[],,7,False,False,False,False,False
353,Paclitaxel Injection (protein-bound particles),paclitaxel injection (protein-bound particles),AMRX,US,SPY,2021-10-08,2021-10-08,,2021-10-08,2021-10-08T23:59:59.999999999+00:00,winner,AMRX,[],,7,False,False,False,False,False
353,Paclitaxel Injection (protein-bound particles),paclitaxel injection (protein-bound particles),ANIP,US,SPY,2021-10-08,2021-10-08,,2021-10-08,2021-10-08T23:59:59.999999999+00:00,winner,ANIP,[],,7,False,False,False,False,False
353,Paclitaxel Injection (protein-bound particles),paclitaxel injection (protein-bound particles),ENDP,US,SPY,2021-10-08,2021-10-08,,2021-10-08,2021-10-08T23:59:59.999999999+00:00,winner,ENDP,[],,7,False,False,False,False,False
353,Paclitaxel Injection (protein-bound particles),paclitaxel injection (protein-bound particles),ICUI,US,SPY,2021-10-08,2021-10-08,,2021-10-08,2021-10-08T23:59:59.999999999+00:00,winner,ICUI,[],,7,False,False,False,False,False
353,Paclitaxel Injection (protein-bound particles),paclitaxel injection (protein-bound particles),LCI,US,SPY,2021-10-08,2021-10-08,,2021-10-08,2021-10-08T23:59:59.999999999+00:00,winner,LCI,[],,7,False,False,False,False,False
353,Paclitaxel Injection (protein-bound particles),paclitaxel injection (protein-bound particles),TLGT,US,SPY,2021-10-08,2021-10-08,,2021-10-08,2021-10-08T23:59:59.999999999+00:00,winner,TLGT,[],,7,False,False,False,False,False
353,Paclitaxel Injection (protein-bound particles),paclitaxel injection (protein-bound particles),BAX,US,SPY,2021-10-08,2021-10-08,,2021-10-08,2021-10-08T23:59:59.999999999+00:00,placebo,,[],US non-specialist generic maker listed on the trade date,7,False,False,False,False,False
353,Paclitaxel Injection (protein-bound particles),paclitaxel injection (protein-bound particles),PRGO,US,SPY,2021-10-08,2021-10-08,,2021-10-08,2021-10-08T23:59:59.999999999+00:00,placebo,,[],US non-specialist generic maker listed on the trade date,7,False,False,False,False,False
353,Paclitaxel Injection (protein-bound particles),paclitaxel injection (protein-bound particles),TEVA,US,SPY,2021-10-08,2021-10-08,,2021-10-08,2021-10-08T23:59:59.999999999+00:00,placebo,,[],US non-specialist generic maker listed on the trade date,7,False,False,False,False,False
353,Paclitaxel Injection (protein-bound particles),paclitaxel injection (protein-bound particles),VTRS,US,SPY,2021-10-08,2021-10-08,,2021-10-08,2021-10-08T23:59:59.999999999+00:00,placebo,,[],US non-specialist generic maker listed on the trade date,7,False,False,False,False,False
354,Kit for the Preparation of Technetium Tc 99m Sulfur Colloid Injection,kit for the preparation of technetium tc 99m sulfur colloid injection,AMPH,US,SPY,2021-10-08,2021-10-08,,2021-10-08,2021-10-08T23:59:59.999999999+00:00,winner,AMPH,[],,7,False,False,False,False,False
354,Kit for the Preparation of Technetium Tc 99m Sulfur Colloid Injection,kit for the preparation of technetium tc 99m sulfur colloid injection,AMRX,US,SPY,2021-10-08,2021-10-08,,2021-10-08,2021-10-08T23:59:59.999999999+00:00,winner,AMRX,[],,7,False,False,False,False,False
354,Kit for the Preparation of Technetium Tc 99m Sulfur Colloid Injection,kit for the preparation of technetium tc 99m sulfur colloid injection,ANIP,US,SPY,2021-10-08,2021-10-08,,2021-10-08,2021-10-08T23:59:59.999999999+00:00,winner,ANIP,[],,7,False,False,False,False,False
354,Kit for the Preparation of Technetium Tc 99m Sulfur Colloid Injection,kit for the preparation of technetium tc 99m sulfur colloid injection,ENDP,US,SPY,2021-10-08,2021-10-08,,2021-10-08,2021-10-08T23:59:59.999999999+00:00,winner,ENDP,[],,7,False,False,False,False,False
354,Kit for the Preparation of Technetium Tc 99m Sulfur Colloid Injection,kit for the preparation of technetium tc 99m sulfur colloid injection,ICUI,US,SPY,2021-10-08,2021-10-08,,2021-10-08,2021-10-08T23:59:59.999999999+00:00,winner,ICUI,[],,7,False,False,False,False,False
354,Kit for the Preparation of Technetium Tc 99m Sulfur Colloid Injection,kit for the preparation of technetium tc 99m sulfur colloid injection,LCI,US,SPY,2021-10-08,2021-10-08,,2021-10-08,2021-10-08T23:59:59.999999999+00:00,winner,LCI,[],,7,False,False,False,False,False
354,Kit for the Preparation of Technetium Tc 99m Sulfur Colloid Injection,kit for the preparation of technetium tc 99m sulfur colloid injection,TLGT,US,SPY,2021-10-08,2021-10-08,,2021-10-08,2021-10-08T23:59:59.999999999+00:00,winner,TLGT,[],,7,False,False,False,False,False
354,Kit for the Preparation of Technetium Tc 99m Sulfur Colloid Injection,kit for the preparation of technetium tc 99m sulfur colloid injection,BAX,US,SPY,2021-10-08,2021-10-08,,2021-10-08,2021-10-08T23:59:59.999999999+00:00,placebo,,[],US non-specialist generic maker listed on the trade date,7,False,False,False,False,False
354,Kit for the Preparation of Technetium Tc 99m Sulfur Colloid Injection,kit for the preparation of technetium tc 99m sulfur colloid injection,PRGO,US,SPY,2021-10-08,2021-10-08,,2021-10-08,2021-10-08T23:59:59.999999999+00:00,placebo,,[],US non-specialist generic maker listed on the trade date,7,False,False,False,False,False
354,Kit for the Preparation of Technetium Tc 99m Sulfur Colloid Injection,kit for the preparation of technetium tc 99m sulfur colloid injection,TEVA,US,SPY,2021-10-08,2021-10-08,,2021-10-08,2021-10-08T23:59:59.999999999+00:00,placebo,,[],US non-specialist generic maker listed on the trade date,7,False,False,False,False,False
354,Kit for the Preparation of Technetium Tc 99m Sulfur Colloid Injection,kit for the preparation of technetium tc 99m sulfur colloid injection,VTRS,US,SPY,2021-10-08,2021-10-08,,2021-10-08,2021-10-08T23:59:59.999999999+00:00,placebo,,[],US non-specialist generic maker listed on the trade date,7,False,False,False,False,False
355,Triamcinolone Acetonide Injectable Suspension,triamcinolone acetonide injectable suspension,AMPH,US,SPY,2021-10-08,2021-10-08,,2021-10-08,2021-10-08T23:59:59.999999999+00:00,winner,AMPH,[],,7,False,False,False,False,False
355,Triamcinolone Acetonide Injectable Suspension,triamcinolone acetonide injectable suspension,AMRX,US,SPY,2021-10-08,2021-10-08,,2021-10-08,2021-10-08T23:59:59.999999999+00:00,winner,AMRX,[],,7,False,False,False,False,False
355,Triamcinolone Acetonide Injectable Suspension,triamcinolone acetonide injectable suspension,ANIP,US,SPY,2021-10-08,2021-10-08,,2021-10-08,2021-10-08T23:59:59.999999999+00:00,winner,ANIP,[],,7,False,False,False,False,False
355,Triamcinolone Acetonide Injectable Suspension,triamcinolone acetonide injectable suspension,ENDP,US,SPY,2021-10-08,2021-10-08,,2021-10-08,2021-10-08T23:59:59.999999999+00:00,winner,ENDP,[],,7,False,False,False,False,False
355,Triamcinolone Acetonide Injectable Suspension,triamcinolone acetonide injectable suspension,ICUI,US,SPY,2021-10-08,2021-10-08,,2021-10-08,2021-10-08T23:59:59.999999999+00:00,winner,ICUI,[],,7,False,False,False,False,False
355,Triamcinolone Acetonide Injectable Suspension,triamcinolone acetonide injectable suspension,LCI,US,SPY,2021-10-08,2021-10-08,,2021-10-08,2021-10-08T23:59:59.999999999+00:00,winner,LCI,[],,7,False,False,False,False,False
355,Triamcinolone Acetonide Injectable Suspension,triamcinolone acetonide injectable suspension,TLGT,US,SPY,2021-10-08,2021-10-08,,2021-10-08,2021-10-08T23:59:59.999999999+00:00,winner,TLGT,[],,7,False,False,False,False,False
355,Triamcinolone Acetonide Injectable Suspension,triamcinolone acetonide injectable suspension,BAX,US,SPY,2021-10-08,2021-10-08,,2021-10-08,2021-10-08T23:59:59.999999999+00:00,placebo,,[],US non-specialist generic maker listed on the trade date,7,False,False,False,False,False
355,Triamcinolone Acetonide Injectable Suspension,triamcinolone acetonide injectable suspension,PRGO,US,SPY,2021-10-08,2021-10-08,,2021-10-08,2021-10-08T23:59:59.999999999+00:00,placebo,,[],US non-specialist generic maker listed on the trade date,7,False,False,False,False,False
355,Triamcinolone Acetonide Injectable Suspension,triamcinolone acetonide injectable suspension,TEVA,US,SPY,2021-10-08,2021-10-08,,2021-10-08,2021-10-08T23:59:59.999999999+00:00,placebo,,[],US non-specialist generic maker listed on the trade date,7,False,False,False,False,False
355,Triamcinolone Acetonide Injectable Suspension,triamcinolone acetonide injectable suspension,VTRS,US,SPY,2021-10-08,2021-10-08,,2021-10-08,2021-10-08T23:59:59.999999999+00:00,placebo,,[],US non-specialist generic maker listed on the trade date,7,False,False,False,False,False
356,Dacarbazine Injection,dacarbazine injection,AMPH,US,SPY,2021-10-27,2021-10-27,,2021-10-27,2021-10-27T23:59:59.999999999+00:00,winner,AMPH,[],,7,False,False,False,False,False
356,Dacarbazine Injection,dacarbazine injection,AMRX,US,SPY,2021-10-27,2021-10-27,,2021-10-27,2021-10-27T23:59:59.999999999+00:00,winner,AMRX,[],,7,False,False,False,False,False
356,Dacarbazine Injection,dacarbazine injection,ANIP,US,SPY,2021-10-27,2021-10-27,,2021-10-27,2021-10-27T23:59:59.999999999+00:00,winner,ANIP,[],,7,False,False,False,False,False
356,Dacarbazine Injection,dacarbazine injection,ENDP,US,SPY,2021-10-27,2021-10-27,,2021-10-27,2021-10-27T23:59:59.999999999+00:00,winner,ENDP,[],,7,False,False,False,False,False
356,Dacarbazine Injection,dacarbazine injection,ICUI,US,SPY,2021-10-27,2021-10-27,,2021-10-27,2021-10-27T23:59:59.999999999+00:00,winner,ICUI,[],,7,False,False,False,False,False
356,Dacarbazine Injection,dacarbazine injection,LCI,US,SPY,2021-10-27,2021-10-27,,2021-10-27,2021-10-27T23:59:59.999999999+00:00,winner,LCI,[],,7,False,False,False,False,False
356,Dacarbazine Injection,dacarbazine injection,TLGT,US,SPY,2021-10-27,2021-10-27,,2021-10-27,2021-10-27T23:59:59.999999999+00:00,winner,TLGT,[],,7,False,False,False,False,False
356,Dacarbazine Injection,dacarbazine injection,BAX,US,SPY,2021-10-27,2021-10-27,,2021-10-27,2021-10-27T23:59:59.999999999+00:00,placebo,,[],US non-specialist generic maker listed on the trade date,7,False,False,False,False,False
356,Dacarbazine Injection,dacarbazine injection,PRGO,US,SPY,2021-10-27,2021-10-27,,2021-10-27,2021-10-27T23:59:59.999999999+00:00,placebo,,[],US non-specialist generic maker listed on the trade date,7,False,False,False,False,False
356,Dacarbazine Injection,dacarbazine injection,TEVA,US,SPY,2021-10-27,2021-10-27,,2021-10-27,2021-10-27T23:59:59.999999999+00:00,placebo,,[],US non-specialist generic maker listed on the trade date,7,False,False,False,False,False
356,Dacarbazine Injection,dacarbazine injection,VTRS,US,SPY,2021-10-27,2021-10-27,,2021-10-27,2021-10-27T23:59:59.999999999+00:00,placebo,,[],US non-specialist generic maker listed on the trade date,7,False,False,False,False,False
357,Lipid Injection,lipid injection,AMPH,US,SPY,2021-10-27,2021-10-27,,2021-10-27,2021-10-27T23:59:59.999999999+00:00,winner,AMPH,[],,7,False,False,False,False,False
357,Lipid Injection,lipid injection,AMRX,US,SPY,2021-10-27,2021-10-27,,2021-10-27,2021-10-27T23:59:59.999999999+00:00,winner,AMRX,[],,7,False,False,False,False,False
357,Lipid Injection,lipid injection,ANIP,US,SPY,2021-10-27,2021-10-27,,2021-10-27,2021-10-27T23:59:59.999999999+00:00,winner,ANIP,[],,7,False,False,False,False,False
357,Lipid Injection,lipid injection,ENDP,US,SPY,2021-10-27,2021-10-27,,2021-10-27,2021-10-27T23:59:59.999999999+00:00,winner,ENDP,[],,7,False,False,False,False,False
357,Lipid Injection,lipid injection,ICUI,US,SPY,2021-10-27,2021-10-27,,2021-10-27,2021-10-27T23:59:59.999999999+00:00,winner,ICUI,[],,7,False,False,False,False,False
357,Lipid Injection,lipid injection,LCI,US,SPY,2021-10-27,2021-10-27,,2021-10-27,2021-10-27T23:59:59.999999999+00:00,winner,LCI,[],,7,False,False,False,False,False
357,Lipid Injection,lipid injection,TLGT,US,SPY,2021-10-27,2021-10-27,,2021-10-27,2021-10-27T23:59:59.999999999+00:00,winner,TLGT,[],,7,False,False,False,False,False
357,Lipid Injection,lipid injection,BAX,US,SPY,2021-10-27,2021-10-27,,2021-10-27,2021-10-27T23:59:59.999999999+00:00,placebo,,[],US non-specialist generic maker listed on the trade date,7,False,False,False,False,False
357,Lipid Injection,lipid injection,PRGO,US,SPY,2021-10-27,2021-10-27,,2021-10-27,2021-10-27T23:59:59.999999999+00:00,placebo,,[],US non-specialist generic maker listed on the trade date,7,False,False,False,False,False
357,Lipid Injection,lipid injection,TEVA,US,SPY,2021-10-27,2021-10-27,,2021-10-27,2021-10-27T23:59:59.999999999+00:00,placebo,,[],US non-specialist generic maker listed on the trade date,7,False,False,False,False,False
357,Lipid Injection,lipid injection,VTRS,US,SPY,2021-10-27,2021-10-27,,2021-10-27,2021-10-27T23:59:59.999999999+00:00,placebo,,[],US non-specialist generic maker listed on the trade date,7,False,False,False,False,False
358,Vitamin A Palmitate (Aquasol A) Injection,vitamin a palmitate (aquasol a) injection,AMPH,US,SPY,2021-10-27,2021-10-27,,2021-10-27,2021-10-27T23:59:59.999999999+00:00,winner,AMPH,[],,7,False,False,False,False,False
358,Vitamin A Palmitate (Aquasol A) Injection,vitamin a palmitate (aquasol a) injection,AMRX,US,SPY,2021-10-27,2021-10-27,,2021-10-27,2021-10-27T23:59:59.999999999+00:00,winner,AMRX,[],,7,False,False,False,False,False
358,Vitamin A Palmitate (Aquasol A) Injection,vitamin a palmitate (aquasol a) injection,ANIP,US,SPY,2021-10-27,2021-10-27,,2021-10-27,2021-10-27T23:59:59.999999999+00:00,winner,ANIP,[],,7,False,False,False,False,False
358,Vitamin A Palmitate (Aquasol A) Injection,vitamin a palmitate (aquasol a) injection,ENDP,US,SPY,2021-10-27,2021-10-27,,2021-10-27,2021-10-27T23:59:59.999999999+00:00,winner,ENDP,[],,7,False,False,False,False,False
358,Vitamin A Palmitate (Aquasol A) Injection,vitamin a palmitate (aquasol a) injection,ICUI,US,SPY,2021-10-27,2021-10-27,,2021-10-27,2021-10-27T23:59:59.999999999+00:00,winner,ICUI,[],,7,False,False,False,False,False
358,Vitamin A Palmitate (Aquasol A) Injection,vitamin a palmitate (aquasol a) injection,LCI,US,SPY,2021-10-27,2021-10-27,,2021-10-27,2021-10-27T23:59:59.999999999+00:00,winner,LCI,[],,7,False,False,False,False,False
358,Vitamin A Palmitate (Aquasol A) Injection,vitamin a palmitate (aquasol a) injection,TLGT,US,SPY,2021-10-27,2021-10-27,,2021-10-27,2021-10-27T23:59:59.999999999+00:00,winner,TLGT,[],,7,False,False,False,False,False
358,Vitamin A Palmitate (Aquasol A) Injection,vitamin a palmitate (aquasol a) injection,BAX,US,SPY,2021-10-27,2021-10-27,,2021-10-27,2021-10-27T23:59:59.999999999+00:00,placebo,,[],US non-specialist generic maker listed on the trade date,7,False,False,False,False,False
358,Vitamin A Palmitate (Aquasol A) Injection,vitamin a palmitate (aquasol a) injection,PRGO,US,SPY,2021-10-27,2021-10-27,,2021-10-27,2021-10-27T23:59:59.999999999+00:00,placebo,,[],US non-specialist generic maker listed on the trade date,7,False,False,False,False,False
358,Vitamin A Palmitate (Aquasol A) Injection,vitamin a palmitate (aquasol a) injection,TEVA,US,SPY,2021-10-27,2021-10-27,,2021-10-27,2021-10-27T23:59:59.999999999+00:00,placebo,,[],US non-specialist generic maker listed on the trade date,7,False,False,False,False,False
358,Vitamin A Palmitate (Aquasol A) Injection,vitamin a palmitate (aquasol a) injection,VTRS,US,SPY,2021-10-27,2021-10-27,,2021-10-27,2021-10-27T23:59:59.999999999+00:00,placebo,,[],US non-specialist generic maker listed on the trade date,7,False,False,False,False,False
359,Potassium Chloride Concentrate Injection,potassium chloride concentrate injection,AMPH,US,SPY,2021-11-04,2021-11-04,,2021-11-04,2021-11-04T23:59:59.999999999+00:00,winner,AMPH,[],,6,False,False,False,False,False
359,Potassium Chloride Concentrate Injection,potassium chloride concentrate injection,AMRX,US,SPY,2021-11-04,2021-11-04,,2021-11-04,2021-11-04T23:59:59.999999999+00:00,winner,AMRX,[],,6,False,False,False,False,False
359,Potassium Chloride Concentrate Injection,potassium chloride concentrate injection,ANIP,US,SPY,2021-11-04,2021-11-04,,2021-11-04,2021-11-04T23:59:59.999999999+00:00,winner,ANIP,[],,6,False,False,False,False,False
359,Potassium Chloride Concentrate Injection,potassium chloride concentrate injection,ENDP,US,SPY,2021-11-04,2021-11-04,,2021-11-04,2021-11-04T23:59:59.999999999+00:00,winner,ENDP,[],,6,False,False,False,False,False
359,Potassium Chloride Concentrate Injection,potassium chloride concentrate injection,ICUI,US,SPY,2021-11-04,2021-11-04,,2021-11-04,2021-11-04T23:59:59.999999999+00:00,winner,ICUI,[],,6,False,False,False,False,False
359,Potassium Chloride Concentrate Injection,potassium chloride concentrate injection,LCI,US,SPY,2021-11-04,2021-11-04,,2021-11-04,2021-11-04T23:59:59.999999999+00:00,winner,LCI,[],,6,False,False,False,False,False
359,Potassium Chloride Concentrate Injection,potassium chloride concentrate injection,BAX,US,SPY,2021-11-04,2021-11-04,,2021-11-04,2021-11-04T23:59:59.999999999+00:00,placebo,,[],US non-specialist generic maker listed on the trade date,6,False,False,False,False,False
359,Potassium Chloride Concentrate Injection,potassium chloride concentrate injection,PRGO,US,SPY,2021-11-04,2021-11-04,,2021-11-04,2021-11-04T23:59:59.999999999+00:00,placebo,,[],US non-specialist generic maker listed on the trade date,6,False,False,False,False,False
359,Potassium Chloride Concentrate Injection,potassium chloride concentrate injection,TEVA,US,SPY,2021-11-04,2021-11-04,,2021-11-04,2021-11-04T23:59:59.999999999+00:00,placebo,,[],US non-specialist generic maker listed on the trade date,6,False,False,False,False,False
359,Potassium Chloride Concentrate Injection,potassium chloride concentrate injection,VTRS,US,SPY,2021-11-04,2021-11-04,,2021-11-04,2021-11-04T23:59:59.999999999+00:00,placebo,,[],US non-specialist generic maker listed on the trade date,6,False,False,False,False,False
361,Bacteriostatic Water for Injection,bacteriostatic water for injection,AMPH,US,SPY,2021-12-05,2021-12-05,,2021-12-05,2021-12-05T23:59:59.999999999+00:00,winner,AMPH,[],,6,True,False,False,False,False
361,Bacteriostatic Water for Injection,bacteriostatic water for injection,AMRX,US,SPY,2021-12-05,2021-12-05,,2021-12-05,2021-12-05T23:59:59.999999999+00:00,winner,AMRX,[],,6,True,False,False,False,False
361,Bacteriostatic Water for Injection,bacteriostatic water for injection,ANIP,US,SPY,2021-12-05,2021-12-05,,2021-12-05,2021-12-05T23:59:59.999999999+00:00,winner,ANIP,[],,6,True,False,False,False,False
361,Bacteriostatic Water for Injection,bacteriostatic water for injection,ENDP,US,SPY,2021-12-05,2021-12-05,,2021-12-05,2021-12-05T23:59:59.999999999+00:00,winner,ENDP,[],,6,True,False,False,False,False
361,Bacteriostatic Water for Injection,bacteriostatic water for injection,ICUI,US,SPY,2021-12-05,2021-12-05,,2021-12-05,2021-12-05T23:59:59.999999999+00:00,winner,ICUI,[],,6,True,False,False,False,False
361,Bacteriostatic Water for Injection,bacteriostatic water for injection,LCI,US,SPY,2021-12-05,2021-12-05,,2021-12-05,2021-12-05T23:59:59.999999999+00:00,winner,LCI,[],,6,True,False,False,False,False
361,Bacteriostatic Water for Injection,bacteriostatic water for injection,BAX,US,SPY,2021-12-05,2021-12-05,,2021-12-05,2021-12-05T23:59:59.999999999+00:00,placebo,,[],US non-specialist generic maker listed on the trade date,6,True,False,False,False,False
361,Bacteriostatic Water for Injection,bacteriostatic water for injection,PRGO,US,SPY,2021-12-05,2021-12-05,,2021-12-05,2021-12-05T23:59:59.999999999+00:00,placebo,,[],US non-specialist generic maker listed on the trade date,6,True,False,False,False,False
361,Bacteriostatic Water for Injection,bacteriostatic water for injection,TEVA,US,SPY,2021-12-05,2021-12-05,,2021-12-05,2021-12-05T23:59:59.999999999+00:00,placebo,,[],US non-specialist generic maker listed on the trade date,6,True,False,False,False,False
361,Bacteriostatic Water for Injection,bacteriostatic water for injection,VTRS,US,SPY,2021-12-05,2021-12-05,,2021-12-05,2021-12-05T23:59:59.999999999+00:00,placebo,,[],US non-specialist generic maker listed on the trade date,6,True,False,False,False,False
363,Sterile Water for Injection,sterile water for injection,AMPH,US,SPY,2021-12-05,2021-12-05,,2021-12-05,2021-12-05T23:59:59.999999999+00:00,winner,AMPH,[],,6,True,False,False,False,False
363,Sterile Water for Injection,sterile water for injection,AMRX,US,SPY,2021-12-05,2021-12-05,,2021-12-05,2021-12-05T23:59:59.999999999+00:00,winner,AMRX,[],,6,True,False,False,False,False
363,Sterile Water for Injection,sterile water for injection,ANIP,US,SPY,2021-12-05,2021-12-05,,2021-12-05,2021-12-05T23:59:59.999999999+00:00,winner,ANIP,[],,6,True,False,False,False,False
363,Sterile Water for Injection,sterile water for injection,ENDP,US,SPY,2021-12-05,2021-12-05,,2021-12-05,2021-12-05T23:59:59.999999999+00:00,winner,ENDP,[],,6,True,False,False,False,False
363,Sterile Water for Injection,sterile water for injection,ICUI,US,SPY,2021-12-05,2021-12-05,,2021-12-05,2021-12-05T23:59:59.999999999+00:00,winner,ICUI,[],,6,True,False,False,False,False
363,Sterile Water for Injection,sterile water for injection,LCI,US,SPY,2021-12-05,2021-12-05,,2021-12-05,2021-12-05T23:59:59.999999999+00:00,winner,LCI,[],,6,True,False,False,False,False
363,Sterile Water for Injection,sterile water for injection,BAX,US,SPY,2021-12-05,2021-12-05,,2021-12-05,2021-12-05T23:59:59.999999999+00:00,placebo,,[],US non-specialist generic maker listed on the trade date,6,True,False,False,False,False
363,Sterile Water for Injection,sterile water for injection,PRGO,US,SPY,2021-12-05,2021-12-05,,2021-12-05,2021-12-05T23:59:59.999999999+00:00,placebo,,[],US non-specialist generic maker listed on the trade date,6,True,False,False,False,False
363,Sterile Water for Injection,sterile water for injection,TEVA,US,SPY,2021-12-05,2021-12-05,,2021-12-05,2021-12-05T23:59:59.999999999+00:00,placebo,,[],US non-specialist generic maker listed on the trade date,6,True,False,False,False,False
363,Sterile Water for Injection,sterile water for injection,VTRS,US,SPY,2021-12-05,2021-12-05,,2021-12-05,2021-12-05T23:59:59.999999999+00:00,placebo,,[],US non-specialist generic maker listed on the trade date,6,True,False,False,False,False
364,Bacteriostatic 0.9% Sodium Chloride Injection,bacteriostatic 0.9% sodium chloride injection,AMPH,US,SPY,2021-12-18,2021-12-18,,2021-12-18,2021-12-18T23:59:59.999999999+00:00,winner,AMPH,[],,6,False,False,False,False,False
364,Bacteriostatic 0.9% Sodium Chloride Injection,bacteriostatic 0.9% sodium chloride injection,AMRX,US,SPY,2021-12-18,2021-12-18,,2021-12-18,2021-12-18T23:59:59.999999999+00:00,winner,AMRX,[],,6,False,False,False,False,False
364,Bacteriostatic 0.9% Sodium Chloride Injection,bacteriostatic 0.9% sodium chloride injection,ANIP,US,SPY,2021-12-18,2021-12-18,,2021-12-18,2021-12-18T23:59:59.999999999+00:00,winner,ANIP,[],,6,False,False,False,False,False
364,Bacteriostatic 0.9% Sodium Chloride Injection,bacteriostatic 0.9% sodium chloride injection,ENDP,US,SPY,2021-12-18,2021-12-18,,2021-12-18,2021-12-18T23:59:59.999999999+00:00,winner,ENDP,[],,6,False,False,False,False,False
364,Bacteriostatic 0.9% Sodium Chloride Injection,bacteriostatic 0.9% sodium chloride injection,ICUI,US,SPY,2021-12-18,2021-12-18,,2021-12-18,2021-12-18T23:59:59.999999999+00:00,winner,ICUI,[],,6,False,False,False,False,False
364,Bacteriostatic 0.9% Sodium Chloride Injection,bacteriostatic 0.9% sodium chloride injection,LCI,US,SPY,2021-12-18,2021-12-18,,2021-12-18,2021-12-18T23:59:59.999999999+00:00,winner,LCI,[],,6,False,False,False,False,False
364,Bacteriostatic 0.9% Sodium Chloride Injection,bacteriostatic 0.9% sodium chloride injection,BAX,US,SPY,2021-12-18,2021-12-18,,2021-12-18,2021-12-18T23:59:59.999999999+00:00,placebo,,[],US non-specialist generic maker listed on the trade date,6,False,False,False,False,False
364,Bacteriostatic 0.9% Sodium Chloride Injection,bacteriostatic 0.9% sodium chloride injection,PRGO,US,SPY,2021-12-18,2021-12-18,,2021-12-18,2021-12-18T23:59:59.999999999+00:00,placebo,,[],US non-specialist generic maker listed on the trade date,6,False,False,False,False,False
364,Bacteriostatic 0.9% Sodium Chloride Injection,bacteriostatic 0.9% sodium chloride injection,TEVA,US,SPY,2021-12-18,2021-12-18,,2021-12-18,2021-12-18T23:59:59.999999999+00:00,placebo,,[],US non-specialist generic maker listed on the trade date,6,False,False,False,False,False
364,Bacteriostatic 0.9% Sodium Chloride Injection,bacteriostatic 0.9% sodium chloride injection,VTRS,US,SPY,2021-12-18,2021-12-18,,2021-12-18,2021-12-18T23:59:59.999999999+00:00,placebo,,[],US non-specialist generic maker listed on the trade date,6,False,False,False,False,False
365,Methylprednisolone Acetate Injection,methylprednisolone acetate injection,AMPH,US,SPY,2021-12-18,2021-12-18,,2021-12-18,2021-12-18T23:59:59.999999999+00:00,winner,AMPH,[],,6,False,False,False,False,False
365,Methylprednisolone Acetate Injection,methylprednisolone acetate injection,AMRX,US,SPY,2021-12-18,2021-12-18,,2021-12-18,2021-12-18T23:59:59.999999999+00:00,winner,AMRX,[],,6,False,False,False,False,False
365,Methylprednisolone Acetate Injection,methylprednisolone acetate injection,ANIP,US,SPY,2021-12-18,2021-12-18,,2021-12-18,2021-12-18T23:59:59.999999999+00:00,winner,ANIP,[],,6,False,False,False,False,False
365,Methylprednisolone Acetate Injection,methylprednisolone acetate injection,ENDP,US,SPY,2021-12-18,2021-12-18,,2021-12-18,2021-12-18T23:59:59.999999999+00:00,winner,ENDP,[],,6,False,False,False,False,False
365,Methylprednisolone Acetate Injection,methylprednisolone acetate injection,ICUI,US,SPY,2021-12-18,2021-12-18,,2021-12-18,2021-12-18T23:59:59.999999999+00:00,winner,ICUI,[],,6,False,False,False,False,False
365,Methylprednisolone Acetate Injection,methylprednisolone acetate injection,LCI,US,SPY,2021-12-18,2021-12-18,,2021-12-18,2021-12-18T23:59:59.999999999+00:00,winner,LCI,[],,6,False,False,False,False,False
365,Methylprednisolone Acetate Injection,methylprednisolone acetate injection,BAX,US,SPY,2021-12-18,2021-12-18,,2021-12-18,2021-12-18T23:59:59.999999999+00:00,placebo,,[],US non-specialist generic maker listed on the trade date,6,False,False,False,False,False
365,Methylprednisolone Acetate Injection,methylprednisolone acetate injection,PRGO,US,SPY,2021-12-18,2021-12-18,,2021-12-18,2021-12-18T23:59:59.999999999+00:00,placebo,,[],US non-specialist generic maker listed on the trade date,6,False,False,False,False,False
365,Methylprednisolone Acetate Injection,methylprednisolone acetate injection,TEVA,US,SPY,2021-12-18,2021-12-18,,2021-12-18,2021-12-18T23:59:59.999999999+00:00,placebo,,[],US non-specialist generic maker listed on the trade date,6,False,False,False,False,False
365,Methylprednisolone Acetate Injection,methylprednisolone acetate injection,VTRS,US,SPY,2021-12-18,2021-12-18,,2021-12-18,2021-12-18T23:59:59.999999999+00:00,placebo,,[],US non-specialist generic maker listed on the trade date,6,False,False,False,False,False
367,Dextrose 50% Injection,dextrose 50% injection,AMPH,US,SPY,2022-01-22,2022-01-22,,2022-01-22,2022-01-22T23:59:59.999999999+00:00,winner,AMPH,[],,6,False,False,False,False,False
367,Dextrose 50% Injection,dextrose 50% injection,AMRX,US,SPY,2022-01-22,2022-01-22,,2022-01-22,2022-01-22T23:59:59.999999999+00:00,winner,AMRX,[],,6,False,False,False,False,False
367,Dextrose 50% Injection,dextrose 50% injection,ANIP,US,SPY,2022-01-22,2022-01-22,,2022-01-22,2022-01-22T23:59:59.999999999+00:00,winner,ANIP,[],,6,False,False,False,False,False
367,Dextrose 50% Injection,dextrose 50% injection,ENDP,US,SPY,2022-01-22,2022-01-22,,2022-01-22,2022-01-22T23:59:59.999999999+00:00,winner,ENDP,[],,6,False,False,False,False,False
367,Dextrose 50% Injection,dextrose 50% injection,ICUI,US,SPY,2022-01-22,2022-01-22,,2022-01-22,2022-01-22T23:59:59.999999999+00:00,winner,ICUI,[],,6,False,False,False,False,False
367,Dextrose 50% Injection,dextrose 50% injection,LCI,US,SPY,2022-01-22,2022-01-22,,2022-01-22,2022-01-22T23:59:59.999999999+00:00,winner,LCI,[],,6,False,False,False,False,False
367,Dextrose 50% Injection,dextrose 50% injection,BAX,US,SPY,2022-01-22,2022-01-22,,2022-01-22,2022-01-22T23:59:59.999999999+00:00,placebo,,[],US non-specialist generic maker listed on the trade date,6,False,False,False,False,False
367,Dextrose 50% Injection,dextrose 50% injection,PRGO,US,SPY,2022-01-22,2022-01-22,,2022-01-22,2022-01-22T23:59:59.999999999+00:00,placebo,,[],US non-specialist generic maker listed on the trade date,6,False,False,False,False,False
367,Dextrose 50% Injection,dextrose 50% injection,TEVA,US,SPY,2022-01-22,2022-01-22,,2022-01-22,2022-01-22T23:59:59.999999999+00:00,placebo,,[],US non-specialist generic maker listed on the trade date,6,False,False,False,False,False
367,Dextrose 50% Injection,dextrose 50% injection,VTRS,US,SPY,2022-01-22,2022-01-22,,2022-01-22,2022-01-22T23:59:59.999999999+00:00,placebo,,[],US non-specialist generic maker listed on the trade date,6,False,False,False,False,False
368,Metronidazole Injection,metronidazole injection,AMPH,US,SPY,2022-01-22,2022-01-22,,2022-01-22,2022-01-22T23:59:59.999999999+00:00,winner,AMPH,[],,6,False,False,False,False,False
368,Metronidazole Injection,metronidazole injection,AMRX,US,SPY,2022-01-22,2022-01-22,,2022-01-22,2022-01-22T23:59:59.999999999+00:00,winner,AMRX,[],,6,False,False,False,False,False
368,Metronidazole Injection,metronidazole injection,ANIP,US,SPY,2022-01-22,2022-01-22,,2022-01-22,2022-01-22T23:59:59.999999999+00:00,winner,ANIP,[],,6,False,False,False,False,False
368,Metronidazole Injection,metronidazole injection,ENDP,US,SPY,2022-01-22,2022-01-22,,2022-01-22,2022-01-22T23:59:59.999999999+00:00,winner,ENDP,[],,6,False,False,False,False,False
368,Metronidazole Injection,metronidazole injection,ICUI,US,SPY,2022-01-22,2022-01-22,,2022-01-22,2022-01-22T23:59:59.999999999+00:00,winner,ICUI,[],,6,False,False,False,False,False
368,Metronidazole Injection,metronidazole injection,LCI,US,SPY,2022-01-22,2022-01-22,,2022-01-22,2022-01-22T23:59:59.999999999+00:00,winner,LCI,[],,6,False,False,False,False,False
368,Metronidazole Injection,metronidazole injection,BAX,US,SPY,2022-01-22,2022-01-22,,2022-01-22,2022-01-22T23:59:59.999999999+00:00,placebo,,[],US non-specialist generic maker listed on the trade date,6,False,False,False,False,False
368,Metronidazole Injection,metronidazole injection,PRGO,US,SPY,2022-01-22,2022-01-22,,2022-01-22,2022-01-22T23:59:59.999999999+00:00,placebo,,[],US non-specialist generic maker listed on the trade date,6,False,False,False,False,False
368,Metronidazole Injection,metronidazole injection,TEVA,US,SPY,2022-01-22,2022-01-22,,2022-01-22,2022-01-22T23:59:59.999999999+00:00,placebo,,[],US non-specialist generic maker listed on the trade date,6,False,False,False,False,False
368,Metronidazole Injection,metronidazole injection,VTRS,US,SPY,2022-01-22,2022-01-22,,2022-01-22,2022-01-22T23:59:59.999999999+00:00,placebo,,[],US non-specialist generic maker listed on the trade date,6,False,False,False,False,False
371,Streptozocin Powder for Injection,streptozocin powder for injection,AMPH,US,SPY,2022-03-04,2022-03-04,,2022-03-04,2022-03-04T23:59:59.999999999+00:00,winner,AMPH,[],,6,False,False,False,False,False
371,Streptozocin Powder for Injection,streptozocin powder for injection,AMRX,US,SPY,2022-03-04,2022-03-04,,2022-03-04,2022-03-04T23:59:59.999999999+00:00,winner,AMRX,[],,6,False,False,False,False,False
371,Streptozocin Powder for Injection,streptozocin powder for injection,ANIP,US,SPY,2022-03-04,2022-03-04,,2022-03-04,2022-03-04T23:59:59.999999999+00:00,winner,ANIP,[],,6,False,False,False,False,False
371,Streptozocin Powder for Injection,streptozocin powder for injection,ENDP,US,SPY,2022-03-04,2022-03-04,,2022-03-04,2022-03-04T23:59:59.999999999+00:00,winner,ENDP,[],,6,False,False,False,False,False
371,Streptozocin Powder for Injection,streptozocin powder for injection,ICUI,US,SPY,2022-03-04,2022-03-04,,2022-03-04,2022-03-04T23:59:59.999999999+00:00,winner,ICUI,[],,6,False,False,False,False,False
371,Streptozocin Powder for Injection,streptozocin powder for injection,LCI,US,SPY,2022-03-04,2022-03-04,,2022-03-04,2022-03-04T23:59:59.999999999+00:00,winner,LCI,[],,6,False,False,False,False,False
371,Streptozocin Powder for Injection,streptozocin powder for injection,BAX,US,SPY,2022-03-04,2022-03-04,,2022-03-04,2022-03-04T23:59:59.999999999+00:00,placebo,,[],US non-specialist generic maker listed on the trade date,6,False,False,False,False,False
371,Streptozocin Powder for Injection,streptozocin powder for injection,PRGO,US,SPY,2022-03-04,2022-03-04,,2022-03-04,2022-03-04T23:59:59.999999999+00:00,placebo,,[],US non-specialist generic maker listed on the trade date,6,False,False,False,False,False
371,Streptozocin Powder for Injection,streptozocin powder for injection,TEVA,US,SPY,2022-03-04,2022-03-04,,2022-03-04,2022-03-04T23:59:59.999999999+00:00,placebo,,[],US non-specialist generic maker listed on the trade date,6,False,False,False,False,False
371,Streptozocin Powder for Injection,streptozocin powder for injection,VTRS,US,SPY,2022-03-04,2022-03-04,,2022-03-04,2022-03-04T23:59:59.999999999+00:00,placebo,,[],US non-specialist generic maker listed on the trade date,6,False,False,False,False,False
373,Pentostatin Injection,pentostatin injection,AMPH,US,SPY,2022-03-26,2022-03-26,,2022-03-26,2022-03-26T23:59:59.999999999+00:00,winner,AMPH,[],,6,False,False,False,False,False
373,Pentostatin Injection,pentostatin injection,AMRX,US,SPY,2022-03-26,2022-03-26,,2022-03-26,2022-03-26T23:59:59.999999999+00:00,winner,AMRX,[],,6,False,False,False,False,False
373,Pentostatin Injection,pentostatin injection,ANIP,US,SPY,2022-03-26,2022-03-26,,2022-03-26,2022-03-26T23:59:59.999999999+00:00,winner,ANIP,[],,6,False,False,False,False,False
373,Pentostatin Injection,pentostatin injection,ENDP,US,SPY,2022-03-26,2022-03-26,,2022-03-26,2022-03-26T23:59:59.999999999+00:00,winner,ENDP,[],,6,False,False,False,False,False
373,Pentostatin Injection,pentostatin injection,ICUI,US,SPY,2022-03-26,2022-03-26,,2022-03-26,2022-03-26T23:59:59.999999999+00:00,winner,ICUI,[],,6,False,False,False,False,False
373,Pentostatin Injection,pentostatin injection,LCI,US,SPY,2022-03-26,2022-03-26,,2022-03-26,2022-03-26T23:59:59.999999999+00:00,winner,LCI,[],,6,False,False,False,False,False
373,Pentostatin Injection,pentostatin injection,BAX,US,SPY,2022-03-26,2022-03-26,,2022-03-26,2022-03-26T23:59:59.999999999+00:00,placebo,,[],US non-specialist generic maker listed on the trade date,6,False,False,False,False,False
373,Pentostatin Injection,pentostatin injection,PRGO,US,SPY,2022-03-26,2022-03-26,,2022-03-26,2022-03-26T23:59:59.999999999+00:00,placebo,,[],US non-specialist generic maker listed on the trade date,6,False,False,False,False,False
373,Pentostatin Injection,pentostatin injection,TEVA,US,SPY,2022-03-26,2022-03-26,,2022-03-26,2022-03-26T23:59:59.999999999+00:00,placebo,,[],US non-specialist generic maker listed on the trade date,6,False,False,False,False,False
373,Pentostatin Injection,pentostatin injection,VTRS,US,SPY,2022-03-26,2022-03-26,,2022-03-26,2022-03-26T23:59:59.999999999+00:00,placebo,,[],US non-specialist generic maker listed on the trade date,6,False,False,False,False,False
374,Semaglutide (WEGOVY®) Injection,semaglutide (wegovy®) injection,AMPH,US,SPY,2022-04-06,2022-04-06,,2022-04-06,2022-04-06T23:59:59.999999999+00:00,winner,AMPH,[],,6,False,False,False,False,False
374,Semaglutide (WEGOVY®) Injection,semaglutide (wegovy®) injection,AMRX,US,SPY,2022-04-06,2022-04-06,,2022-04-06,2022-04-06T23:59:59.999999999+00:00,winner,AMRX,[],,6,False,False,False,False,False
374,Semaglutide (WEGOVY®) Injection,semaglutide (wegovy®) injection,ANIP,US,SPY,2022-04-06,2022-04-06,,2022-04-06,2022-04-06T23:59:59.999999999+00:00,winner,ANIP,[],,6,False,False,False,False,False
374,Semaglutide (WEGOVY®) Injection,semaglutide (wegovy®) injection,ENDP,US,SPY,2022-04-06,2022-04-06,,2022-04-06,2022-04-06T23:59:59.999999999+00:00,winner,ENDP,[],,6,False,False,False,False,False
374,Semaglutide (WEGOVY®) Injection,semaglutide (wegovy®) injection,ICUI,US,SPY,2022-04-06,2022-04-06,,2022-04-06,2022-04-06T23:59:59.999999999+00:00,winner,ICUI,[],,6,False,False,False,False,False
374,Semaglutide (WEGOVY®) Injection,semaglutide (wegovy®) injection,LCI,US,SPY,2022-04-06,2022-04-06,,2022-04-06,2022-04-06T23:59:59.999999999+00:00,winner,LCI,[],,6,False,False,False,False,False
374,Semaglutide (WEGOVY®) Injection,semaglutide (wegovy®) injection,BAX,US,SPY,2022-04-06,2022-04-06,,2022-04-06,2022-04-06T23:59:59.999999999+00:00,placebo,,[],US non-specialist generic maker listed on the trade date,6,False,False,False,False,False
374,Semaglutide (WEGOVY®) Injection,semaglutide (wegovy®) injection,PRGO,US,SPY,2022-04-06,2022-04-06,,2022-04-06,2022-04-06T23:59:59.999999999+00:00,placebo,,[],US non-specialist generic maker listed on the trade date,6,False,False,False,False,False
374,Semaglutide (WEGOVY®) Injection,semaglutide (wegovy®) injection,TEVA,US,SPY,2022-04-06,2022-04-06,,2022-04-06,2022-04-06T23:59:59.999999999+00:00,placebo,,[],US non-specialist generic maker listed on the trade date,6,False,False,False,False,False
374,Semaglutide (WEGOVY®) Injection,semaglutide (wegovy®) injection,VTRS,US,SPY,2022-04-06,2022-04-06,,2022-04-06,2022-04-06T23:59:59.999999999+00:00,placebo,,[],US non-specialist generic maker listed on the trade date,6,False,False,False,False,False
375,Technetium TC-99M Mebrofenin Injection,technetium tc-99m mebrofenin injection,AMPH,US,SPY,2022-04-06,2022-04-06,,2022-04-06,2022-04-06T23:59:59.999999999+00:00,winner,AMPH,[],,6,False,False,False,False,False
375,Technetium TC-99M Mebrofenin Injection,technetium tc-99m mebrofenin injection,AMRX,US,SPY,2022-04-06,2022-04-06,,2022-04-06,2022-04-06T23:59:59.999999999+00:00,winner,AMRX,[],,6,False,False,False,False,False
375,Technetium TC-99M Mebrofenin Injection,technetium tc-99m mebrofenin injection,ANIP,US,SPY,2022-04-06,2022-04-06,,2022-04-06,2022-04-06T23:59:59.999999999+00:00,winner,ANIP,[],,6,False,False,False,False,False
375,Technetium TC-99M Mebrofenin Injection,technetium tc-99m mebrofenin injection,ENDP,US,SPY,2022-04-06,2022-04-06,,2022-04-06,2022-04-06T23:59:59.999999999+00:00,winner,ENDP,[],,6,False,False,False,False,False
375,Technetium TC-99M Mebrofenin Injection,technetium tc-99m mebrofenin injection,ICUI,US,SPY,2022-04-06,2022-04-06,,2022-04-06,2022-04-06T23:59:59.999999999+00:00,winner,ICUI,[],,6,False,False,False,False,False
375,Technetium TC-99M Mebrofenin Injection,technetium tc-99m mebrofenin injection,LCI,US,SPY,2022-04-06,2022-04-06,,2022-04-06,2022-04-06T23:59:59.999999999+00:00,winner,LCI,[],,6,False,False,False,False,False
375,Technetium TC-99M Mebrofenin Injection,technetium tc-99m mebrofenin injection,BAX,US,SPY,2022-04-06,2022-04-06,,2022-04-06,2022-04-06T23:59:59.999999999+00:00,placebo,,[],US non-specialist generic maker listed on the trade date,6,False,False,False,False,False
375,Technetium TC-99M Mebrofenin Injection,technetium tc-99m mebrofenin injection,PRGO,US,SPY,2022-04-06,2022-04-06,,2022-04-06,2022-04-06T23:59:59.999999999+00:00,placebo,,[],US non-specialist generic maker listed on the trade date,6,False,False,False,False,False
375,Technetium TC-99M Mebrofenin Injection,technetium tc-99m mebrofenin injection,TEVA,US,SPY,2022-04-06,2022-04-06,,2022-04-06,2022-04-06T23:59:59.999999999+00:00,placebo,,[],US non-specialist generic maker listed on the trade date,6,False,False,False,False,False
375,Technetium TC-99M Mebrofenin Injection,technetium tc-99m mebrofenin injection,VTRS,US,SPY,2022-04-06,2022-04-06,,2022-04-06,2022-04-06T23:59:59.999999999+00:00,placebo,,[],US non-specialist generic maker listed on the trade date,6,False,False,False,False,False
376,Fludarabine Phosphate Injection,fludarabine phosphate injection,AMPH,US,SPY,2022-05-07,2022-05-07,,2022-05-07,2022-05-07T23:59:59.999999999+00:00,winner,AMPH,[],,6,False,False,False,False,False
376,Fludarabine Phosphate Injection,fludarabine phosphate injection,AMRX,US,SPY,2022-05-07,2022-05-07,,2022-05-07,2022-05-07T23:59:59.999999999+00:00,winner,AMRX,[],,6,False,False,False,False,False
376,Fludarabine Phosphate Injection,fludarabine phosphate injection,ANIP,US,SPY,2022-05-07,2022-05-07,,2022-05-07,2022-05-07T23:59:59.999999999+00:00,winner,ANIP,[],,6,False,False,False,False,False
376,Fludarabine Phosphate Injection,fludarabine phosphate injection,ENDP,US,SPY,2022-05-07,2022-05-07,,2022-05-07,2022-05-07T23:59:59.999999999+00:00,winner,ENDP,[],,6,False,False,False,False,False
376,Fludarabine Phosphate Injection,fludarabine phosphate injection,ICUI,US,SPY,2022-05-07,2022-05-07,,2022-05-07,2022-05-07T23:59:59.999999999+00:00,winner,ICUI,[],,6,False,False,False,False,False
376,Fludarabine Phosphate Injection,fludarabine phosphate injection,LCI,US,SPY,2022-05-07,2022-05-07,,2022-05-07,2022-05-07T23:59:59.999999999+00:00,winner,LCI,[],,6,False,False,False,False,False
376,Fludarabine Phosphate Injection,fludarabine phosphate injection,BAX,US,SPY,2022-05-07,2022-05-07,,2022-05-07,2022-05-07T23:59:59.999999999+00:00,placebo,,[],US non-specialist generic maker listed on the trade date,6,False,False,False,False,False
376,Fludarabine Phosphate Injection,fludarabine phosphate injection,PRGO,US,SPY,2022-05-07,2022-05-07,,2022-05-07,2022-05-07T23:59:59.999999999+00:00,placebo,,[],US non-specialist generic maker listed on the trade date,6,False,False,False,False,False
376,Fludarabine Phosphate Injection,fludarabine phosphate injection,TEVA,US,SPY,2022-05-07,2022-05-07,,2022-05-07,2022-05-07T23:59:59.999999999+00:00,placebo,,[],US non-specialist generic maker listed on the trade date,6,False,False,False,False,False
376,Fludarabine Phosphate Injection,fludarabine phosphate injection,VTRS,US,SPY,2022-05-07,2022-05-07,,2022-05-07,2022-05-07T23:59:59.999999999+00:00,placebo,,[],US non-specialist generic maker listed on the trade date,6,False,False,False,False,False
377,Fluorescein Injection,fluorescein injection,AMPH,US,SPY,2022-05-07,2022-05-07,,2022-05-07,2022-05-07T23:59:59.999999999+00:00,winner,AMPH,[],,6,False,False,False,False,False
377,Fluorescein Injection,fluorescein injection,AMRX,US,SPY,2022-05-07,2022-05-07,,2022-05-07,2022-05-07T23:59:59.999999999+00:00,winner,AMRX,[],,6,False,False,False,False,False
377,Fluorescein Injection,fluorescein injection,ANIP,US,SPY,2022-05-07,2022-05-07,,2022-05-07,2022-05-07T23:59:59.999999999+00:00,winner,ANIP,[],,6,False,False,False,False,False
377,Fluorescein Injection,fluorescein injection,ENDP,US,SPY,2022-05-07,2022-05-07,,2022-05-07,2022-05-07T23:59:59.999999999+00:00,winner,ENDP,[],,6,False,False,False,False,False
377,Fluorescein Injection,fluorescein injection,ICUI,US,SPY,2022-05-07,2022-05-07,,2022-05-07,2022-05-07T23:59:59.999999999+00:00,winner,ICUI,[],,6,False,False,False,False,False
377,Fluorescein Injection,fluorescein injection,LCI,US,SPY,2022-05-07,2022-05-07,,2022-05-07,2022-05-07T23:59:59.999999999+00:00,winner,LCI,[],,6,False,False,False,False,False
377,Fluorescein Injection,fluorescein injection,BAX,US,SPY,2022-05-07,2022-05-07,,2022-05-07,2022-05-07T23:59:59.999999999+00:00,placebo,,[],US non-specialist generic maker listed on the trade date,6,False,False,False,False,False
377,Fluorescein Injection,fluorescein injection,PRGO,US,SPY,2022-05-07,2022-05-07,,2022-05-07,2022-05-07T23:59:59.999999999+00:00,placebo,,[],US non-specialist generic maker listed on the trade date,6,False,False,False,False,False
377,Fluorescein Injection,fluorescein injection,TEVA,US,SPY,2022-05-07,2022-05-07,,2022-05-07,2022-05-07T23:59:59.999999999+00:00,placebo,,[],US non-specialist generic maker listed on the trade date,6,False,False,False,False,False
377,Fluorescein Injection,fluorescein injection,VTRS,US,SPY,2022-05-07,2022-05-07,,2022-05-07,2022-05-07T23:59:59.999999999+00:00,placebo,,[],US non-specialist generic maker listed on the trade date,6,False,False,False,False,False
378,Ibutilide Fumarate Injection,ibutilide fumarate injection,AMPH,US,SPY,2022-05-07,2022-05-07,,2022-05-07,2022-05-07T23:59:59.999999999+00:00,winner,AMPH,[],,6,False,False,False,False,False
378,Ibutilide Fumarate Injection,ibutilide fumarate injection,AMRX,US,SPY,2022-05-07,2022-05-07,,2022-05-07,2022-05-07T23:59:59.999999999+00:00,winner,AMRX,[],,6,False,False,False,False,False
378,Ibutilide Fumarate Injection,ibutilide fumarate injection,ANIP,US,SPY,2022-05-07,2022-05-07,,2022-05-07,2022-05-07T23:59:59.999999999+00:00,winner,ANIP,[],,6,False,False,False,False,False
378,Ibutilide Fumarate Injection,ibutilide fumarate injection,ENDP,US,SPY,2022-05-07,2022-05-07,,2022-05-07,2022-05-07T23:59:59.999999999+00:00,winner,ENDP,[],,6,False,False,False,False,False
378,Ibutilide Fumarate Injection,ibutilide fumarate injection,ICUI,US,SPY,2022-05-07,2022-05-07,,2022-05-07,2022-05-07T23:59:59.999999999+00:00,winner,ICUI,[],,6,False,False,False,False,False
378,Ibutilide Fumarate Injection,ibutilide fumarate injection,LCI,US,SPY,2022-05-07,2022-05-07,,2022-05-07,2022-05-07T23:59:59.999999999+00:00,winner,LCI,[],,6,False,False,False,False,False
378,Ibutilide Fumarate Injection,ibutilide fumarate injection,BAX,US,SPY,2022-05-07,2022-05-07,,2022-05-07,2022-05-07T23:59:59.999999999+00:00,placebo,,[],US non-specialist generic maker listed on the trade date,6,False,False,False,False,False
378,Ibutilide Fumarate Injection,ibutilide fumarate injection,PRGO,US,SPY,2022-05-07,2022-05-07,,2022-05-07,2022-05-07T23:59:59.999999999+00:00,placebo,,[],US non-specialist generic maker listed on the trade date,6,False,False,False,False,False
378,Ibutilide Fumarate Injection,ibutilide fumarate injection,TEVA,US,SPY,2022-05-07,2022-05-07,,2022-05-07,2022-05-07T23:59:59.999999999+00:00,placebo,,[],US non-specialist generic maker listed on the trade date,6,False,False,False,False,False
378,Ibutilide Fumarate Injection,ibutilide fumarate injection,VTRS,US,SPY,2022-05-07,2022-05-07,,2022-05-07,2022-05-07T23:59:59.999999999+00:00,placebo,,[],US non-specialist generic maker listed on the trade date,6,False,False,False,False,False
379,Sufentanil Citrate Injection,sufentanil citrate injection,AMPH,US,SPY,2022-05-07,2022-05-07,,2022-05-07,2022-05-07T23:59:59.999999999+00:00,winner,AMPH,[],,6,False,False,False,False,False
379,Sufentanil Citrate Injection,sufentanil citrate injection,AMRX,US,SPY,2022-05-07,2022-05-07,,2022-05-07,2022-05-07T23:59:59.999999999+00:00,winner,AMRX,[],,6,False,False,False,False,False
379,Sufentanil Citrate Injection,sufentanil citrate injection,ANIP,US,SPY,2022-05-07,2022-05-07,,2022-05-07,2022-05-07T23:59:59.999999999+00:00,winner,ANIP,[],,6,False,False,False,False,False
379,Sufentanil Citrate Injection,sufentanil citrate injection,ENDP,US,SPY,2022-05-07,2022-05-07,,2022-05-07,2022-05-07T23:59:59.999999999+00:00,winner,ENDP,[],,6,False,False,False,False,False
379,Sufentanil Citrate Injection,sufentanil citrate injection,ICUI,US,SPY,2022-05-07,2022-05-07,,2022-05-07,2022-05-07T23:59:59.999999999+00:00,winner,ICUI,[],,6,False,False,False,False,False
379,Sufentanil Citrate Injection,sufentanil citrate injection,LCI,US,SPY,2022-05-07,2022-05-07,,2022-05-07,2022-05-07T23:59:59.999999999+00:00,winner,LCI,[],,6,False,False,False,False,False
379,Sufentanil Citrate Injection,sufentanil citrate injection,BAX,US,SPY,2022-05-07,2022-05-07,,2022-05-07,2022-05-07T23:59:59.999999999+00:00,placebo,,[],US non-specialist generic maker listed on the trade date,6,False,False,False,False,False
379,Sufentanil Citrate Injection,sufentanil citrate injection,PRGO,US,SPY,2022-05-07,2022-05-07,,2022-05-07,2022-05-07T23:59:59.999999999+00:00,placebo,,[],US non-specialist generic maker listed on the trade date,6,False,False,False,False,False
379,Sufentanil Citrate Injection,sufentanil citrate injection,TEVA,US,SPY,2022-05-07,2022-05-07,,2022-05-07,2022-05-07T23:59:59.999999999+00:00,placebo,,[],US non-specialist generic maker listed on the trade date,6,False,False,False,False,False
379,Sufentanil Citrate Injection,sufentanil citrate injection,VTRS,US,SPY,2022-05-07,2022-05-07,,2022-05-07,2022-05-07T23:59:59.999999999+00:00,placebo,,[],US non-specialist generic maker listed on the trade date,6,False,False,False,False,False
380,Iodixanol (Visipaque) Injection,iodixanol (visipaque) injection,AMPH,US,SPY,2022-05-13,2022-05-13,,2022-05-13,2022-05-13T23:59:59.999999999+00:00,winner,AMPH,[],,6,False,False,False,False,False
380,Iodixanol (Visipaque) Injection,iodixanol (visipaque) injection,AMRX,US,SPY,2022-05-13,2022-05-13,,2022-05-13,2022-05-13T23:59:59.999999999+00:00,winner,AMRX,[],,6,False,False,False,False,False
380,Iodixanol (Visipaque) Injection,iodixanol (visipaque) injection,ANIP,US,SPY,2022-05-13,2022-05-13,,2022-05-13,2022-05-13T23:59:59.999999999+00:00,winner,ANIP,[],,6,False,False,False,False,False
380,Iodixanol (Visipaque) Injection,iodixanol (visipaque) injection,ENDP,US,SPY,2022-05-13,2022-05-13,,2022-05-13,2022-05-13T23:59:59.999999999+00:00,winner,ENDP,[],,6,False,False,False,False,False
380,Iodixanol (Visipaque) Injection,iodixanol (visipaque) injection,ICUI,US,SPY,2022-05-13,2022-05-13,,2022-05-13,2022-05-13T23:59:59.999999999+00:00,winner,ICUI,[],,6,False,False,False,False,False
380,Iodixanol (Visipaque) Injection,iodixanol (visipaque) injection,LCI,US,SPY,2022-05-13,2022-05-13,,2022-05-13,2022-05-13T23:59:59.999999999+00:00,winner,LCI,[],,6,False,False,False,False,False
380,Iodixanol (Visipaque) Injection,iodixanol (visipaque) injection,BAX,US,SPY,2022-05-13,2022-05-13,,2022-05-13,2022-05-13T23:59:59.999999999+00:00,placebo,,[],US non-specialist generic maker listed on the trade date,6,False,False,False,False,False
380,Iodixanol (Visipaque) Injection,iodixanol (visipaque) injection,PRGO,US,SPY,2022-05-13,2022-05-13,,2022-05-13,2022-05-13T23:59:59.999999999+00:00,placebo,,[],US non-specialist generic maker listed on the trade date,6,False,False,False,False,False
380,Iodixanol (Visipaque) Injection,iodixanol (visipaque) injection,TEVA,US,SPY,2022-05-13,2022-05-13,,2022-05-13,2022-05-13T23:59:59.999999999+00:00,placebo,,[],US non-specialist generic maker listed on the trade date,6,False,False,False,False,False
380,Iodixanol (Visipaque) Injection,iodixanol (visipaque) injection,VTRS,US,SPY,2022-05-13,2022-05-13,,2022-05-13,2022-05-13T23:59:59.999999999+00:00,placebo,,[],US non-specialist generic maker listed on the trade date,6,False,False,False,False,False
381,Iohexol (Omnipaque) Injection,iohexol (omnipaque) injection,AMPH,US,SPY,2022-05-13,2022-05-13,,2022-05-13,2022-05-13T23:59:59.999999999+00:00,winner,AMPH,[],,6,False,False,False,False,False
381,Iohexol (Omnipaque) Injection,iohexol (omnipaque) injection,AMRX,US,SPY,2022-05-13,2022-05-13,,2022-05-13,2022-05-13T23:59:59.999999999+00:00,winner,AMRX,[],,6,False,False,False,False,False
381,Iohexol (Omnipaque) Injection,iohexol (omnipaque) injection,ANIP,US,SPY,2022-05-13,2022-05-13,,2022-05-13,2022-05-13T23:59:59.999999999+00:00,winner,ANIP,[],,6,False,False,False,False,False
381,Iohexol (Omnipaque) Injection,iohexol (omnipaque) injection,ENDP,US,SPY,2022-05-13,2022-05-13,,2022-05-13,2022-05-13T23:59:59.999999999+00:00,winner,ENDP,[],,6,False,False,False,False,False
381,Iohexol (Omnipaque) Injection,iohexol (omnipaque) injection,ICUI,US,SPY,2022-05-13,2022-05-13,,2022-05-13,2022-05-13T23:59:59.999999999+00:00,winner,ICUI,[],,6,False,False,False,False,False
381,Iohexol (Omnipaque) Injection,iohexol (omnipaque) injection,LCI,US,SPY,2022-05-13,2022-05-13,,2022-05-13,2022-05-13T23:59:59.999999999+00:00,winner,LCI,[],,6,False,False,False,False,False
381,Iohexol (Omnipaque) Injection,iohexol (omnipaque) injection,BAX,US,SPY,2022-05-13,2022-05-13,,2022-05-13,2022-05-13T23:59:59.999999999+00:00,placebo,,[],US non-specialist generic maker listed on the trade date,6,False,False,False,False,False
381,Iohexol (Omnipaque) Injection,iohexol (omnipaque) injection,PRGO,US,SPY,2022-05-13,2022-05-13,,2022-05-13,2022-05-13T23:59:59.999999999+00:00,placebo,,[],US non-specialist generic maker listed on the trade date,6,False,False,False,False,False
381,Iohexol (Omnipaque) Injection,iohexol (omnipaque) injection,TEVA,US,SPY,2022-05-13,2022-05-13,,2022-05-13,2022-05-13T23:59:59.999999999+00:00,placebo,,[],US non-specialist generic maker listed on the trade date,6,False,False,False,False,False
381,Iohexol (Omnipaque) Injection,iohexol (omnipaque) injection,VTRS,US,SPY,2022-05-13,2022-05-13,,2022-05-13,2022-05-13T23:59:59.999999999+00:00,placebo,,[],US non-specialist generic maker listed on the trade date,6,False,False,False,False,False
382,Lutetium Lu 177 Dotatate (LUTATHERA) Injection,lutetium lu 177 dotatate (lutathera) injection,AMPH,US,SPY,2022-05-13,2022-05-13,,2022-05-13,2022-05-13T23:59:59.999999999+00:00,winner,AMPH,[],,6,False,False,False,False,False
382,Lutetium Lu 177 Dotatate (LUTATHERA) Injection,lutetium lu 177 dotatate (lutathera) injection,AMRX,US,SPY,2022-05-13,2022-05-13,,2022-05-13,2022-05-13T23:59:59.999999999+00:00,winner,AMRX,[],,6,False,False,False,False,False
382,Lutetium Lu 177 Dotatate (LUTATHERA) Injection,lutetium lu 177 dotatate (lutathera) injection,ANIP,US,SPY,2022-05-13,2022-05-13,,2022-05-13,2022-05-13T23:59:59.999999999+00:00,winner,ANIP,[],,6,False,False,False,False,False
382,Lutetium Lu 177 Dotatate (LUTATHERA) Injection,lutetium lu 177 dotatate (lutathera) injection,ENDP,US,SPY,2022-05-13,2022-05-13,,2022-05-13,2022-05-13T23:59:59.999999999+00:00,winner,ENDP,[],,6,False,False,False,False,False
382,Lutetium Lu 177 Dotatate (LUTATHERA) Injection,lutetium lu 177 dotatate (lutathera) injection,ICUI,US,SPY,2022-05-13,2022-05-13,,2022-05-13,2022-05-13T23:59:59.999999999+00:00,winner,ICUI,[],,6,False,False,False,False,False
382,Lutetium Lu 177 Dotatate (LUTATHERA) Injection,lutetium lu 177 dotatate (lutathera) injection,LCI,US,SPY,2022-05-13,2022-05-13,,2022-05-13,2022-05-13T23:59:59.999999999+00:00,winner,LCI,[],,6,False,False,False,False,False
382,Lutetium Lu 177 Dotatate (LUTATHERA) Injection,lutetium lu 177 dotatate (lutathera) injection,BAX,US,SPY,2022-05-13,2022-05-13,,2022-05-13,2022-05-13T23:59:59.999999999+00:00,placebo,,[],US non-specialist generic maker listed on the trade date,6,False,False,False,False,False
382,Lutetium Lu 177 Dotatate (LUTATHERA) Injection,lutetium lu 177 dotatate (lutathera) injection,PRGO,US,SPY,2022-05-13,2022-05-13,,2022-05-13,2022-05-13T23:59:59.999999999+00:00,placebo,,[],US non-specialist generic maker listed on the trade date,6,False,False,False,False,False
382,Lutetium Lu 177 Dotatate (LUTATHERA) Injection,lutetium lu 177 dotatate (lutathera) injection,TEVA,US,SPY,2022-05-13,2022-05-13,,2022-05-13,2022-05-13T23:59:59.999999999+00:00,placebo,,[],US non-specialist generic maker listed on the trade date,6,False,False,False,False,False
382,Lutetium Lu 177 Dotatate (LUTATHERA) Injection,lutetium lu 177 dotatate (lutathera) injection,VTRS,US,SPY,2022-05-13,2022-05-13,,2022-05-13,2022-05-13T23:59:59.999999999+00:00,placebo,,[],US non-specialist generic maker listed on the trade date,6,False,False,False,False,False
383,Iopromide (Ultravist) Injection,iopromide (ultravist) injection,AMPH,US,SPY,2022-06-02,2022-06-02,,2022-06-02,2022-06-02T23:59:59.999999999+00:00,winner,AMPH,[],,6,False,False,False,False,False
383,Iopromide (Ultravist) Injection,iopromide (ultravist) injection,AMRX,US,SPY,2022-06-02,2022-06-02,,2022-06-02,2022-06-02T23:59:59.999999999+00:00,winner,AMRX,[],,6,False,False,False,False,False
383,Iopromide (Ultravist) Injection,iopromide (ultravist) injection,ANIP,US,SPY,2022-06-02,2022-06-02,,2022-06-02,2022-06-02T23:59:59.999999999+00:00,winner,ANIP,[],,6,False,False,False,False,False
383,Iopromide (Ultravist) Injection,iopromide (ultravist) injection,ENDP,US,SPY,2022-06-02,2022-06-02,,2022-06-02,2022-06-02T23:59:59.999999999+00:00,winner,ENDP,[],,6,False,False,False,False,False
383,Iopromide (Ultravist) Injection,iopromide (ultravist) injection,ICUI,US,SPY,2022-06-02,2022-06-02,,2022-06-02,2022-06-02T23:59:59.999999999+00:00,winner,ICUI,[],,6,False,False,False,False,False
383,Iopromide (Ultravist) Injection,iopromide (ultravist) injection,LCI,US,SPY,2022-06-02,2022-06-02,,2022-06-02,2022-06-02T23:59:59.999999999+00:00,winner,LCI,[],,6,False,False,False,False,False
383,Iopromide (Ultravist) Injection,iopromide (ultravist) injection,BAX,US,SPY,2022-06-02,2022-06-02,,2022-06-02,2022-06-02T23:59:59.999999999+00:00,placebo,,[],US non-specialist generic maker listed on the trade date,6,False,False,False,False,False
383,Iopromide (Ultravist) Injection,iopromide (ultravist) injection,PRGO,US,SPY,2022-06-02,2022-06-02,,2022-06-02,2022-06-02T23:59:59.999999999+00:00,placebo,,[],US non-specialist generic maker listed on the trade date,6,False,False,False,False,False
383,Iopromide (Ultravist) Injection,iopromide (ultravist) injection,TEVA,US,SPY,2022-06-02,2022-06-02,,2022-06-02,2022-06-02T23:59:59.999999999+00:00,placebo,,[],US non-specialist generic maker listed on the trade date,6,False,False,False,False,False
383,Iopromide (Ultravist) Injection,iopromide (ultravist) injection,VTRS,US,SPY,2022-06-02,2022-06-02,,2022-06-02,2022-06-02T23:59:59.999999999+00:00,placebo,,[],US non-specialist generic maker listed on the trade date,6,False,False,False,False,False
385,Remifentanil Injection,remifentanil injection,AMPH,US,SPY,2022-07-01,2022-07-01,,2022-07-01,2022-07-01T23:59:59.999999999+00:00,winner,AMPH,[],,6,False,False,False,False,False
385,Remifentanil Injection,remifentanil injection,AMRX,US,SPY,2022-07-01,2022-07-01,,2022-07-01,2022-07-01T23:59:59.999999999+00:00,winner,AMRX,[],,6,False,False,False,False,False
385,Remifentanil Injection,remifentanil injection,ANIP,US,SPY,2022-07-01,2022-07-01,,2022-07-01,2022-07-01T23:59:59.999999999+00:00,winner,ANIP,[],,6,False,False,False,False,False
385,Remifentanil Injection,remifentanil injection,ENDP,US,SPY,2022-07-01,2022-07-01,,2022-07-01,2022-07-01T23:59:59.999999999+00:00,winner,ENDP,[],,6,False,False,False,False,False
385,Remifentanil Injection,remifentanil injection,ICUI,US,SPY,2022-07-01,2022-07-01,,2022-07-01,2022-07-01T23:59:59.999999999+00:00,winner,ICUI,[],,6,False,False,False,False,False
385,Remifentanil Injection,remifentanil injection,LCI,US,SPY,2022-07-01,2022-07-01,,2022-07-01,2022-07-01T23:59:59.999999999+00:00,winner,LCI,[],,6,False,False,False,False,False
385,Remifentanil Injection,remifentanil injection,BAX,US,SPY,2022-07-01,2022-07-01,,2022-07-01,2022-07-01T23:59:59.999999999+00:00,placebo,,[],US non-specialist generic maker listed on the trade date,6,False,False,False,False,False
385,Remifentanil Injection,remifentanil injection,PRGO,US,SPY,2022-07-01,2022-07-01,,2022-07-01,2022-07-01T23:59:59.999999999+00:00,placebo,,[],US non-specialist generic maker listed on the trade date,6,False,False,False,False,False
385,Remifentanil Injection,remifentanil injection,TEVA,US,SPY,2022-07-01,2022-07-01,,2022-07-01,2022-07-01T23:59:59.999999999+00:00,placebo,,[],US non-specialist generic maker listed on the trade date,6,False,False,False,False,False
385,Remifentanil Injection,remifentanil injection,VTRS,US,SPY,2022-07-01,2022-07-01,,2022-07-01,2022-07-01T23:59:59.999999999+00:00,placebo,,[],US non-specialist generic maker listed on the trade date,6,False,False,False,False,False
387,Iomeprol injection,iomeprol injection,AMPH,US,SPY,2022-07-17,2022-07-17,,2022-07-17,2022-07-17T23:59:59.999999999+00:00,winner,AMPH,[],,6,False,False,False,False,False
387,Iomeprol injection,iomeprol injection,AMRX,US,SPY,2022-07-17,2022-07-17,,2022-07-17,2022-07-17T23:59:59.999999999+00:00,winner,AMRX,[],,6,False,False,False,False,False
387,Iomeprol injection,iomeprol injection,ANIP,US,SPY,2022-07-17,2022-07-17,,2022-07-17,2022-07-17T23:59:59.999999999+00:00,winner,ANIP,[],,6,False,False,False,False,False
387,Iomeprol injection,iomeprol injection,ENDP,US,SPY,2022-07-17,2022-07-17,,2022-07-17,2022-07-17T23:59:59.999999999+00:00,winner,ENDP,[],,6,False,False,False,False,False
387,Iomeprol injection,iomeprol injection,ICUI,US,SPY,2022-07-17,2022-07-17,,2022-07-17,2022-07-17T23:59:59.999999999+00:00,winner,ICUI,[],,6,False,False,False,False,False
387,Iomeprol injection,iomeprol injection,LCI,US,SPY,2022-07-17,2022-07-17,,2022-07-17,2022-07-17T23:59:59.999999999+00:00,winner,LCI,[],,6,False,False,False,False,False
387,Iomeprol injection,iomeprol injection,BAX,US,SPY,2022-07-17,2022-07-17,,2022-07-17,2022-07-17T23:59:59.999999999+00:00,placebo,,[],US non-specialist generic maker listed on the trade date,6,False,False,False,False,False
387,Iomeprol injection,iomeprol injection,PRGO,US,SPY,2022-07-17,2022-07-17,,2022-07-17,2022-07-17T23:59:59.999999999+00:00,placebo,,[],US non-specialist generic maker listed on the trade date,6,False,False,False,False,False
387,Iomeprol injection,iomeprol injection,TEVA,US,SPY,2022-07-17,2022-07-17,,2022-07-17,2022-07-17T23:59:59.999999999+00:00,placebo,,[],US non-specialist generic maker listed on the trade date,6,False,False,False,False,False
387,Iomeprol injection,iomeprol injection,VTRS,US,SPY,2022-07-17,2022-07-17,,2022-07-17,2022-07-17T23:59:59.999999999+00:00,placebo,,[],US non-specialist generic maker listed on the trade date,6,False,False,False,False,False
391,Indigotindisulfonate Sodium Injection,indigotindisulfonate sodium injection,AMPH,US,SPY,2022-08-26,2022-08-26,,2022-08-26,2022-08-26T23:59:59.999999999+00:00,winner,AMPH,[],,6,False,False,False,False,False
391,Indigotindisulfonate Sodium Injection,indigotindisulfonate sodium injection,AMRX,US,SPY,2022-08-26,2022-08-26,,2022-08-26,2022-08-26T23:59:59.999999999+00:00,winner,AMRX,[],,6,False,False,False,False,False
391,Indigotindisulfonate Sodium Injection,indigotindisulfonate sodium injection,ANIP,US,SPY,2022-08-26,2022-08-26,,2022-08-26,2022-08-26T23:59:59.999999999+00:00,winner,ANIP,[],,6,False,False,False,False,False
391,Indigotindisulfonate Sodium Injection,indigotindisulfonate sodium injection,ENDP,US,SPY,2022-08-26,2022-08-26,,2022-08-26,2022-08-26T23:59:59.999999999+00:00,winner,ENDP,[],,6,False,False,False,False,False
391,Indigotindisulfonate Sodium Injection,indigotindisulfonate sodium injection,ICUI,US,SPY,2022-08-26,2022-08-26,,2022-08-26,2022-08-26T23:59:59.999999999+00:00,winner,ICUI,[],,6,False,False,False,False,False
391,Indigotindisulfonate Sodium Injection,indigotindisulfonate sodium injection,LCI,US,SPY,2022-08-26,2022-08-26,,2022-08-26,2022-08-26T23:59:59.999999999+00:00,winner,LCI,[],,6,False,False,False,False,False
391,Indigotindisulfonate Sodium Injection,indigotindisulfonate sodium injection,BAX,US,SPY,2022-08-26,2022-08-26,,2022-08-26,2022-08-26T23:59:59.999999999+00:00,placebo,,[],US non-specialist generic maker listed on the trade date,6,False,False,False,False,False
391,Indigotindisulfonate Sodium Injection,indigotindisulfonate sodium injection,PRGO,US,SPY,2022-08-26,2022-08-26,,2022-08-26,2022-08-26T23:59:59.999999999+00:00,placebo,,[],US non-specialist generic maker listed on the trade date,6,False,False,False,False,False
391,Indigotindisulfonate Sodium Injection,indigotindisulfonate sodium injection,TEVA,US,SPY,2022-08-26,2022-08-26,,2022-08-26,2022-08-26T23:59:59.999999999+00:00,placebo,,[],US non-specialist generic maker listed on the trade date,6,False,False,False,False,False
391,Indigotindisulfonate Sodium Injection,indigotindisulfonate sodium injection,VTRS,US,SPY,2022-08-26,2022-08-26,,2022-08-26,2022-08-26T23:59:59.999999999+00:00,placebo,,[],US non-specialist generic maker listed on the trade date,6,False,False,False,False,False
394,Oxytocin Injection,oxytocin injection,AMPH,US,SPY,2022-10-01,2022-10-01,,2022-10-01,2022-10-01T23:59:59.999999999+00:00,winner,AMPH,[],,5,False,False,False,False,False
394,Oxytocin Injection,oxytocin injection,AMRX,US,SPY,2022-10-01,2022-10-01,,2022-10-01,2022-10-01T23:59:59.999999999+00:00,winner,AMRX,[],,5,False,False,False,False,False
394,Oxytocin Injection,oxytocin injection,ANIP,US,SPY,2022-10-01,2022-10-01,,2022-10-01,2022-10-01T23:59:59.999999999+00:00,winner,ANIP,[],,5,False,False,False,False,False
394,Oxytocin Injection,oxytocin injection,ICUI,US,SPY,2022-10-01,2022-10-01,,2022-10-01,2022-10-01T23:59:59.999999999+00:00,winner,ICUI,[],,5,False,False,False,False,False
394,Oxytocin Injection,oxytocin injection,LCI,US,SPY,2022-10-01,2022-10-01,,2022-10-01,2022-10-01T23:59:59.999999999+00:00,winner,LCI,[],,5,False,False,False,False,False
394,Oxytocin Injection,oxytocin injection,BAX,US,SPY,2022-10-01,2022-10-01,,2022-10-01,2022-10-01T23:59:59.999999999+00:00,placebo,,[],US non-specialist generic maker listed on the trade date,5,False,False,False,False,False
394,Oxytocin Injection,oxytocin injection,PRGO,US,SPY,2022-10-01,2022-10-01,,2022-10-01,2022-10-01T23:59:59.999999999+00:00,placebo,,[],US non-specialist generic maker listed on the trade date,5,False,False,False,False,False
394,Oxytocin Injection,oxytocin injection,TEVA,US,SPY,2022-10-01,2022-10-01,,2022-10-01,2022-10-01T23:59:59.999999999+00:00,placebo,,[],US non-specialist generic maker listed on the trade date,5,False,False,False,False,False
394,Oxytocin Injection,oxytocin injection,VTRS,US,SPY,2022-10-01,2022-10-01,,2022-10-01,2022-10-01T23:59:59.999999999+00:00,placebo,,[],US non-specialist generic maker listed on the trade date,5,False,False,False,False,False
395,Etomidate Injection,etomidate injection,AMPH,US,SPY,2022-10-07,2022-10-07,,2022-10-07,2022-10-07T23:59:59.999999999+00:00,winner,AMPH,[],,5,False,False,False,False,False
395,Etomidate Injection,etomidate injection,AMRX,US,SPY,2022-10-07,2022-10-07,,2022-10-07,2022-10-07T23:59:59.999999999+00:00,winner,AMRX,[],,5,False,False,False,False,False
395,Etomidate Injection,etomidate injection,ANIP,US,SPY,2022-10-07,2022-10-07,,2022-10-07,2022-10-07T23:59:59.999999999+00:00,winner,ANIP,[],,5,False,False,False,False,False
395,Etomidate Injection,etomidate injection,ICUI,US,SPY,2022-10-07,2022-10-07,,2022-10-07,2022-10-07T23:59:59.999999999+00:00,winner,ICUI,[],,5,False,False,False,False,False
395,Etomidate Injection,etomidate injection,LCI,US,SPY,2022-10-07,2022-10-07,,2022-10-07,2022-10-07T23:59:59.999999999+00:00,winner,LCI,[],,5,False,False,False,False,False
395,Etomidate Injection,etomidate injection,BAX,US,SPY,2022-10-07,2022-10-07,,2022-10-07,2022-10-07T23:59:59.999999999+00:00,placebo,,[],US non-specialist generic maker listed on the trade date,5,False,False,False,False,False
395,Etomidate Injection,etomidate injection,PRGO,US,SPY,2022-10-07,2022-10-07,,2022-10-07,2022-10-07T23:59:59.999999999+00:00,placebo,,[],US non-specialist generic maker listed on the trade date,5,False,False,False,False,False
395,Etomidate Injection,etomidate injection,TEVA,US,SPY,2022-10-07,2022-10-07,,2022-10-07,2022-10-07T23:59:59.999999999+00:00,placebo,,[],US non-specialist generic maker listed on the trade date,5,False,False,False,False,False
395,Etomidate Injection,etomidate injection,VTRS,US,SPY,2022-10-07,2022-10-07,,2022-10-07,2022-10-07T23:59:59.999999999+00:00,placebo,,[],US non-specialist generic maker listed on the trade date,5,False,False,False,False,False
397,Verteporfin (Visudyne) Injection,verteporfin (visudyne) injection,AMPH,US,SPY,2022-10-21,2022-10-21,,2022-10-21,2022-10-21T23:59:59.999999999+00:00,winner,AMPH,[],,5,False,False,False,False,False
397,Verteporfin (Visudyne) Injection,verteporfin (visudyne) injection,AMRX,US,SPY,2022-10-21,2022-10-21,,2022-10-21,2022-10-21T23:59:59.999999999+00:00,winner,AMRX,[],,5,False,False,False,False,False
397,Verteporfin (Visudyne) Injection,verteporfin (visudyne) injection,ANIP,US,SPY,2022-10-21,2022-10-21,,2022-10-21,2022-10-21T23:59:59.999999999+00:00,winner,ANIP,[],,5,False,False,False,False,False
397,Verteporfin (Visudyne) Injection,verteporfin (visudyne) injection,ICUI,US,SPY,2022-10-21,2022-10-21,,2022-10-21,2022-10-21T23:59:59.999999999+00:00,winner,ICUI,[],,5,False,False,False,False,False
397,Verteporfin (Visudyne) Injection,verteporfin (visudyne) injection,LCI,US,SPY,2022-10-21,2022-10-21,,2022-10-21,2022-10-21T23:59:59.999999999+00:00,winner,LCI,[],,5,False,False,False,False,False
397,Verteporfin (Visudyne) Injection,verteporfin (visudyne) injection,BAX,US,SPY,2022-10-21,2022-10-21,,2022-10-21,2022-10-21T23:59:59.999999999+00:00,placebo,,[],US non-specialist generic maker listed on the trade date,5,False,False,False,False,False
397,Verteporfin (Visudyne) Injection,verteporfin (visudyne) injection,PRGO,US,SPY,2022-10-21,2022-10-21,,2022-10-21,2022-10-21T23:59:59.999999999+00:00,placebo,,[],US non-specialist generic maker listed on the trade date,5,False,False,False,False,False
397,Verteporfin (Visudyne) Injection,verteporfin (visudyne) injection,TEVA,US,SPY,2022-10-21,2022-10-21,,2022-10-21,2022-10-21T23:59:59.999999999+00:00,placebo,,[],US non-specialist generic maker listed on the trade date,5,False,False,False,False,False
397,Verteporfin (Visudyne) Injection,verteporfin (visudyne) injection,VTRS,US,SPY,2022-10-21,2022-10-21,,2022-10-21,2022-10-21T23:59:59.999999999+00:00,placebo,,[],US non-specialist generic maker listed on the trade date,5,False,False,False,False,False
403,Edetate Calcium Disodium Injection,edetate calcium disodium injection,AMPH,US,SPY,2022-12-03,2022-12-03,,2022-12-03,2022-12-03T23:59:59.999999999+00:00,winner,AMPH,[],,5,False,False,False,False,False
403,Edetate Calcium Disodium Injection,edetate calcium disodium injection,AMRX,US,SPY,2022-12-03,2022-12-03,,2022-12-03,2022-12-03T23:59:59.999999999+00:00,winner,AMRX,[],,5,False,False,False,False,False
403,Edetate Calcium Disodium Injection,edetate calcium disodium injection,ANIP,US,SPY,2022-12-03,2022-12-03,,2022-12-03,2022-12-03T23:59:59.999999999+00:00,winner,ANIP,[],,5,False,False,False,False,False
403,Edetate Calcium Disodium Injection,edetate calcium disodium injection,ICUI,US,SPY,2022-12-03,2022-12-03,,2022-12-03,2022-12-03T23:59:59.999999999+00:00,winner,ICUI,[],,5,False,False,False,False,False
403,Edetate Calcium Disodium Injection,edetate calcium disodium injection,LCI,US,SPY,2022-12-03,2022-12-03,,2022-12-03,2022-12-03T23:59:59.999999999+00:00,winner,LCI,[],,5,False,False,False,False,False
403,Edetate Calcium Disodium Injection,edetate calcium disodium injection,BAX,US,SPY,2022-12-03,2022-12-03,,2022-12-03,2022-12-03T23:59:59.999999999+00:00,placebo,,[],US non-specialist generic maker listed on the trade date,5,False,False,False,False,False
403,Edetate Calcium Disodium Injection,edetate calcium disodium injection,PRGO,US,SPY,2022-12-03,2022-12-03,,2022-12-03,2022-12-03T23:59:59.999999999+00:00,placebo,,[],US non-specialist generic maker listed on the trade date,5,False,False,False,False,False
403,Edetate Calcium Disodium Injection,edetate calcium disodium injection,TEVA,US,SPY,2022-12-03,2022-12-03,,2022-12-03,2022-12-03T23:59:59.999999999+00:00,placebo,,[],US non-specialist generic maker listed on the trade date,5,False,False,False,False,False
403,Edetate Calcium Disodium Injection,edetate calcium disodium injection,VTRS,US,SPY,2022-12-03,2022-12-03,,2022-12-03,2022-12-03T23:59:59.999999999+00:00,placebo,,[],US non-specialist generic maker listed on the trade date,5,False,False,False,False,False
404,Dulaglutide (Trulicity) Injection,dulaglutide (trulicity) injection,AMPH,US,SPY,2022-12-16,2022-12-16,,2022-12-16,2022-12-16T23:59:59.999999999+00:00,winner,AMPH,[],,5,False,False,False,False,False
404,Dulaglutide (Trulicity) Injection,dulaglutide (trulicity) injection,AMRX,US,SPY,2022-12-16,2022-12-16,,2022-12-16,2022-12-16T23:59:59.999999999+00:00,winner,AMRX,[],,5,False,False,False,False,False
404,Dulaglutide (Trulicity) Injection,dulaglutide (trulicity) injection,ANIP,US,SPY,2022-12-16,2022-12-16,,2022-12-16,2022-12-16T23:59:59.999999999+00:00,winner,ANIP,[],,5,False,False,False,False,False
404,Dulaglutide (Trulicity) Injection,dulaglutide (trulicity) injection,ICUI,US,SPY,2022-12-16,2022-12-16,,2022-12-16,2022-12-16T23:59:59.999999999+00:00,winner,ICUI,[],,5,False,False,False,False,False
404,Dulaglutide (Trulicity) Injection,dulaglutide (trulicity) injection,LCI,US,SPY,2022-12-16,2022-12-16,,2022-12-16,2022-12-16T23:59:59.999999999+00:00,winner,LCI,[],,5,False,False,False,False,False
404,Dulaglutide (Trulicity) Injection,dulaglutide (trulicity) injection,BAX,US,SPY,2022-12-16,2022-12-16,,2022-12-16,2022-12-16T23:59:59.999999999+00:00,placebo,,[],US non-specialist generic maker listed on the trade date,5,False,False,False,False,False
404,Dulaglutide (Trulicity) Injection,dulaglutide (trulicity) injection,PRGO,US,SPY,2022-12-16,2022-12-16,,2022-12-16,2022-12-16T23:59:59.999999999+00:00,placebo,,[],US non-specialist generic maker listed on the trade date,5,False,False,False,False,False
404,Dulaglutide (Trulicity) Injection,dulaglutide (trulicity) injection,TEVA,US,SPY,2022-12-16,2022-12-16,,2022-12-16,2022-12-16T23:59:59.999999999+00:00,placebo,,[],US non-specialist generic maker listed on the trade date,5,False,False,False,False,False
404,Dulaglutide (Trulicity) Injection,dulaglutide (trulicity) injection,VTRS,US,SPY,2022-12-16,2022-12-16,,2022-12-16,2022-12-16T23:59:59.999999999+00:00,placebo,,[],US non-specialist generic maker listed on the trade date,5,False,False,False,False,False
406,Tirzepatide Injection,tirzepatide injection,AMPH,US,SPY,2022-12-16,2022-12-16,,2022-12-16,2022-12-16T23:59:59.999999999+00:00,winner,AMPH,[],,5,False,False,False,False,False
406,Tirzepatide Injection,tirzepatide injection,AMRX,US,SPY,2022-12-16,2022-12-16,,2022-12-16,2022-12-16T23:59:59.999999999+00:00,winner,AMRX,[],,5,False,False,False,False,False
406,Tirzepatide Injection,tirzepatide injection,ANIP,US,SPY,2022-12-16,2022-12-16,,2022-12-16,2022-12-16T23:59:59.999999999+00:00,winner,ANIP,[],,5,False,False,False,False,False
406,Tirzepatide Injection,tirzepatide injection,ICUI,US,SPY,2022-12-16,2022-12-16,,2022-12-16,2022-12-16T23:59:59.999999999+00:00,winner,ICUI,[],,5,False,False,False,False,False
406,Tirzepatide Injection,tirzepatide injection,LCI,US,SPY,2022-12-16,2022-12-16,,2022-12-16,2022-12-16T23:59:59.999999999+00:00,winner,LCI,[],,5,False,False,False,False,False
406,Tirzepatide Injection,tirzepatide injection,BAX,US,SPY,2022-12-16,2022-12-16,,2022-12-16,2022-12-16T23:59:59.999999999+00:00,placebo,,[],US non-specialist generic maker listed on the trade date,5,False,False,False,False,False
406,Tirzepatide Injection,tirzepatide injection,PRGO,US,SPY,2022-12-16,2022-12-16,,2022-12-16,2022-12-16T23:59:59.999999999+00:00,placebo,,[],US non-specialist generic maker listed on the trade date,5,False,False,False,False,False
406,Tirzepatide Injection,tirzepatide injection,TEVA,US,SPY,2022-12-16,2022-12-16,,2022-12-16,2022-12-16T23:59:59.999999999+00:00,placebo,,[],US non-specialist generic maker listed on the trade date,5,False,False,False,False,False
406,Tirzepatide Injection,tirzepatide injection,VTRS,US,SPY,2022-12-16,2022-12-16,,2022-12-16,2022-12-16T23:59:59.999999999+00:00,placebo,,[],US non-specialist generic maker listed on the trade date,5,False,False,False,False,False
409,Somatropin Injection,somatropin injection,AMPH,US,SPY,2023-01-06,2023-01-06,,2023-01-06,2023-01-06T23:59:59.999999999+00:00,winner,AMPH,[],,5,False,False,False,False,False
409,Somatropin Injection,somatropin injection,AMRX,US,SPY,2023-01-06,2023-01-06,,2023-01-06,2023-01-06T23:59:59.999999999+00:00,winner,AMRX,[],,5,False,False,False,False,False
409,Somatropin Injection,somatropin injection,ANIP,US,SPY,2023-01-06,2023-01-06,,2023-01-06,2023-01-06T23:59:59.999999999+00:00,winner,ANIP,[],,5,False,False,False,False,False
409,Somatropin Injection,somatropin injection,ICUI,US,SPY,2023-01-06,2023-01-06,,2023-01-06,2023-01-06T23:59:59.999999999+00:00,winner,ICUI,[],,5,False,False,False,False,False
409,Somatropin Injection,somatropin injection,LCI,US,SPY,2023-01-06,2023-01-06,,2023-01-06,2023-01-06T23:59:59.999999999+00:00,winner,LCI,[],,5,False,False,False,False,False
409,Somatropin Injection,somatropin injection,BAX,US,SPY,2023-01-06,2023-01-06,,2023-01-06,2023-01-06T23:59:59.999999999+00:00,placebo,,[],US non-specialist generic maker listed on the trade date,5,False,False,False,False,False
409,Somatropin Injection,somatropin injection,PRGO,US,SPY,2023-01-06,2023-01-06,,2023-01-06,2023-01-06T23:59:59.999999999+00:00,placebo,,[],US non-specialist generic maker listed on the trade date,5,False,False,False,False,False
409,Somatropin Injection,somatropin injection,TEVA,US,SPY,2023-01-06,2023-01-06,,2023-01-06,2023-01-06T23:59:59.999999999+00:00,placebo,,[],US non-specialist generic maker listed on the trade date,5,False,False,False,False,False
409,Somatropin Injection,somatropin injection,VTRS,US,SPY,2023-01-06,2023-01-06,,2023-01-06,2023-01-06T23:59:59.999999999+00:00,placebo,,[],US non-specialist generic maker listed on the trade date,5,False,False,False,False,False
414,Cisplatin Injection,cisplatin injection,AMPH,US,SPY,2023-02-10,2023-02-10,,2023-02-10,2023-02-10T23:59:59.999999999+00:00,winner,AMPH,[],,5,False,False,False,False,False
414,Cisplatin Injection,cisplatin injection,AMRX,US,SPY,2023-02-10,2023-02-10,,2023-02-10,2023-02-10T23:59:59.999999999+00:00,winner,AMRX,[],,5,False,False,False,False,False
414,Cisplatin Injection,cisplatin injection,ANIP,US,SPY,2023-02-10,2023-02-10,,2023-02-10,2023-02-10T23:59:59.999999999+00:00,winner,ANIP,[],,5,False,False,False,False,False
414,Cisplatin Injection,cisplatin injection,ICUI,US,SPY,2023-02-10,2023-02-10,,2023-02-10,2023-02-10T23:59:59.999999999+00:00,winner,ICUI,[],,5,False,False,False,False,False
414,Cisplatin Injection,cisplatin injection,LCI,US,SPY,2023-02-10,2023-02-10,,2023-02-10,2023-02-10T23:59:59.999999999+00:00,winner,LCI,[],,5,False,False,False,False,False
414,Cisplatin Injection,cisplatin injection,BAX,US,SPY,2023-02-10,2023-02-10,,2023-02-10,2023-02-10T23:59:59.999999999+00:00,placebo,,[],US non-specialist generic maker listed on the trade date,5,False,False,False,False,False
414,Cisplatin Injection,cisplatin injection,PRGO,US,SPY,2023-02-10,2023-02-10,,2023-02-10,2023-02-10T23:59:59.999999999+00:00,placebo,,[],US non-specialist generic maker listed on the trade date,5,False,False,False,False,False
414,Cisplatin Injection,cisplatin injection,TEVA,US,SPY,2023-02-10,2023-02-10,,2023-02-10,2023-02-10T23:59:59.999999999+00:00,placebo,,[],US non-specialist generic maker listed on the trade date,5,False,False,False,False,False
414,Cisplatin Injection,cisplatin injection,VTRS,US,SPY,2023-02-10,2023-02-10,,2023-02-10,2023-02-10T23:59:59.999999999+00:00,placebo,,[],US non-specialist generic maker listed on the trade date,5,False,False,False,False,False
415,Palifermin (Kepivance) Lyophilized Powder for Injection,palifermin (kepivance) lyophilized powder for injection,AMPH,US,SPY,2023-02-10,2023-02-10,,2023-02-10,2023-02-10T23:59:59.999999999+00:00,winner,AMPH,[],,5,False,False,False,False,False
415,Palifermin (Kepivance) Lyophilized Powder for Injection,palifermin (kepivance) lyophilized powder for injection,AMRX,US,SPY,2023-02-10,2023-02-10,,2023-02-10,2023-02-10T23:59:59.999999999+00:00,winner,AMRX,[],,5,False,False,False,False,False
415,Palifermin (Kepivance) Lyophilized Powder for Injection,palifermin (kepivance) lyophilized powder for injection,ANIP,US,SPY,2023-02-10,2023-02-10,,2023-02-10,2023-02-10T23:59:59.999999999+00:00,winner,ANIP,[],,5,False,False,False,False,False
415,Palifermin (Kepivance) Lyophilized Powder for Injection,palifermin (kepivance) lyophilized powder for injection,ICUI,US,SPY,2023-02-10,2023-02-10,,2023-02-10,2023-02-10T23:59:59.999999999+00:00,winner,ICUI,[],,5,False,False,False,False,False
415,Palifermin (Kepivance) Lyophilized Powder for Injection,palifermin (kepivance) lyophilized powder for injection,LCI,US,SPY,2023-02-10,2023-02-10,,2023-02-10,2023-02-10T23:59:59.999999999+00:00,winner,LCI,[],,5,False,False,False,False,False
415,Palifermin (Kepivance) Lyophilized Powder for Injection,palifermin (kepivance) lyophilized powder for injection,BAX,US,SPY,2023-02-10,2023-02-10,,2023-02-10,2023-02-10T23:59:59.999999999+00:00,placebo,,[],US non-specialist generic maker listed on the trade date,5,False,False,False,False,False
415,Palifermin (Kepivance) Lyophilized Powder for Injection,palifermin (kepivance) lyophilized powder for injection,PRGO,US,SPY,2023-02-10,2023-02-10,,2023-02-10,2023-02-10T23:59:59.999999999+00:00,placebo,,[],US non-specialist generic maker listed on the trade date,5,False,False,False,False,False
415,Palifermin (Kepivance) Lyophilized Powder for Injection,palifermin (kepivance) lyophilized powder for injection,TEVA,US,SPY,2023-02-10,2023-02-10,,2023-02-10,2023-02-10T23:59:59.999999999+00:00,placebo,,[],US non-specialist generic maker listed on the trade date,5,False,False,False,False,False
415,Palifermin (Kepivance) Lyophilized Powder for Injection,palifermin (kepivance) lyophilized powder for injection,VTRS,US,SPY,2023-02-10,2023-02-10,,2023-02-10,2023-02-10T23:59:59.999999999+00:00,placebo,,[],US non-specialist generic maker listed on the trade date,5,False,False,False,False,False
416,Rocuronium Bromide Injection,rocuronium bromide injection,AMPH,US,SPY,2023-02-18,2023-02-18,,2023-02-18,2023-02-18T23:59:59.999999999+00:00,winner,AMPH,[],,5,False,False,False,False,False
416,Rocuronium Bromide Injection,rocuronium bromide injection,AMRX,US,SPY,2023-02-18,2023-02-18,,2023-02-18,2023-02-18T23:59:59.999999999+00:00,winner,AMRX,[],,5,False,False,False,False,False
416,Rocuronium Bromide Injection,rocuronium bromide injection,ANIP,US,SPY,2023-02-18,2023-02-18,,2023-02-18,2023-02-18T23:59:59.999999999+00:00,winner,ANIP,[],,5,False,False,False,False,False
416,Rocuronium Bromide Injection,rocuronium bromide injection,ICUI,US,SPY,2023-02-18,2023-02-18,,2023-02-18,2023-02-18T23:59:59.999999999+00:00,winner,ICUI,[],,5,False,False,False,False,False
416,Rocuronium Bromide Injection,rocuronium bromide injection,LCI,US,SPY,2023-02-18,2023-02-18,,2023-02-18,2023-02-18T23:59:59.999999999+00:00,winner,LCI,[],,5,False,False,False,False,False
416,Rocuronium Bromide Injection,rocuronium bromide injection,BAX,US,SPY,2023-02-18,2023-02-18,,2023-02-18,2023-02-18T23:59:59.999999999+00:00,placebo,,[],US non-specialist generic maker listed on the trade date,5,False,False,False,False,False
416,Rocuronium Bromide Injection,rocuronium bromide injection,PRGO,US,SPY,2023-02-18,2023-02-18,,2023-02-18,2023-02-18T23:59:59.999999999+00:00,placebo,,[],US non-specialist generic maker listed on the trade date,5,False,False,False,False,False
416,Rocuronium Bromide Injection,rocuronium bromide injection,TEVA,US,SPY,2023-02-18,2023-02-18,,2023-02-18,2023-02-18T23:59:59.999999999+00:00,placebo,,[],US non-specialist generic maker listed on the trade date,5,False,False,False,False,False
416,Rocuronium Bromide Injection,rocuronium bromide injection,VTRS,US,SPY,2023-02-18,2023-02-18,,2023-02-18,2023-02-18T23:59:59.999999999+00:00,placebo,,[],US non-specialist generic maker listed on the trade date,5,False,False,False,False,False
417,Dimercaprol (Bal in Oil) Injection,dimercaprol (bal in oil) injection,AMPH,US,SPY,2023-03-05,2023-03-05,,2023-03-05,2023-03-05T23:59:59.999999999+00:00,winner,AMPH,[],,5,False,False,False,False,False
417,Dimercaprol (Bal in Oil) Injection,dimercaprol (bal in oil) injection,AMRX,US,SPY,2023-03-05,2023-03-05,,2023-03-05,2023-03-05T23:59:59.999999999+00:00,winner,AMRX,[],,5,False,False,False,False,False
417,Dimercaprol (Bal in Oil) Injection,dimercaprol (bal in oil) injection,ANIP,US,SPY,2023-03-05,2023-03-05,,2023-03-05,2023-03-05T23:59:59.999999999+00:00,winner,ANIP,[],,5,False,False,False,False,False
417,Dimercaprol (Bal in Oil) Injection,dimercaprol (bal in oil) injection,ICUI,US,SPY,2023-03-05,2023-03-05,,2023-03-05,2023-03-05T23:59:59.999999999+00:00,winner,ICUI,[],,5,False,False,False,False,False
417,Dimercaprol (Bal in Oil) Injection,dimercaprol (bal in oil) injection,LCI,US,SPY,2023-03-05,2023-03-05,,2023-03-05,2023-03-05T23:59:59.999999999+00:00,winner,LCI,[],,5,False,False,False,False,False
417,Dimercaprol (Bal in Oil) Injection,dimercaprol (bal in oil) injection,BAX,US,SPY,2023-03-05,2023-03-05,,2023-03-05,2023-03-05T23:59:59.999999999+00:00,placebo,,[],US non-specialist generic maker listed on the trade date,5,False,False,False,False,False
417,Dimercaprol (Bal in Oil) Injection,dimercaprol (bal in oil) injection,PRGO,US,SPY,2023-03-05,2023-03-05,,2023-03-05,2023-03-05T23:59:59.999999999+00:00,placebo,,[],US non-specialist generic maker listed on the trade date,5,False,False,False,False,False
417,Dimercaprol (Bal in Oil) Injection,dimercaprol (bal in oil) injection,TEVA,US,SPY,2023-03-05,2023-03-05,,2023-03-05,2023-03-05T23:59:59.999999999+00:00,placebo,,[],US non-specialist generic maker listed on the trade date,5,False,False,False,False,False
417,Dimercaprol (Bal in Oil) Injection,dimercaprol (bal in oil) injection,VTRS,US,SPY,2023-03-05,2023-03-05,,2023-03-05,2023-03-05T23:59:59.999999999+00:00,placebo,,[],US non-specialist generic maker listed on the trade date,5,False,False,False,False,False
418,Lutetium Lu 177 Vipivotide Tetraxetan (Pluvicto) Injection,lutetium lu 177 vipivotide tetraxetan (pluvicto) injection,AMPH,US,SPY,2023-03-09,2023-03-09,,2023-03-09,2023-03-09T23:59:59.999999999+00:00,winner,AMPH,[],,5,False,False,False,False,False
418,Lutetium Lu 177 Vipivotide Tetraxetan (Pluvicto) Injection,lutetium lu 177 vipivotide tetraxetan (pluvicto) injection,AMRX,US,SPY,2023-03-09,2023-03-09,,2023-03-09,2023-03-09T23:59:59.999999999+00:00,winner,AMRX,[],,5,False,False,False,False,False
418,Lutetium Lu 177 Vipivotide Tetraxetan (Pluvicto) Injection,lutetium lu 177 vipivotide tetraxetan (pluvicto) injection,ANIP,US,SPY,2023-03-09,2023-03-09,,2023-03-09,2023-03-09T23:59:59.999999999+00:00,winner,ANIP,[],,5,False,False,False,False,False
418,Lutetium Lu 177 Vipivotide Tetraxetan (Pluvicto) Injection,lutetium lu 177 vipivotide tetraxetan (pluvicto) injection,ICUI,US,SPY,2023-03-09,2023-03-09,,2023-03-09,2023-03-09T23:59:59.999999999+00:00,winner,ICUI,[],,5,False,False,False,False,False
418,Lutetium Lu 177 Vipivotide Tetraxetan (Pluvicto) Injection,lutetium lu 177 vipivotide tetraxetan (pluvicto) injection,LCI,US,SPY,2023-03-09,2023-03-09,,2023-03-09,2023-03-09T23:59:59.999999999+00:00,winner,LCI,[],,5,False,False,False,False,False
418,Lutetium Lu 177 Vipivotide Tetraxetan (Pluvicto) Injection,lutetium lu 177 vipivotide tetraxetan (pluvicto) injection,BAX,US,SPY,2023-03-09,2023-03-09,,2023-03-09,2023-03-09T23:59:59.999999999+00:00,placebo,,[],US non-specialist generic maker listed on the trade date,5,False,False,False,False,False
418,Lutetium Lu 177 Vipivotide Tetraxetan (Pluvicto) Injection,lutetium lu 177 vipivotide tetraxetan (pluvicto) injection,PRGO,US,SPY,2023-03-09,2023-03-09,,2023-03-09,2023-03-09T23:59:59.999999999+00:00,placebo,,[],US non-specialist generic maker listed on the trade date,5,False,False,False,False,False
418,Lutetium Lu 177 Vipivotide Tetraxetan (Pluvicto) Injection,lutetium lu 177 vipivotide tetraxetan (pluvicto) injection,TEVA,US,SPY,2023-03-09,2023-03-09,,2023-03-09,2023-03-09T23:59:59.999999999+00:00,placebo,,[],US non-specialist generic maker listed on the trade date,5,False,False,False,False,False
418,Lutetium Lu 177 Vipivotide Tetraxetan (Pluvicto) Injection,lutetium lu 177 vipivotide tetraxetan (pluvicto) injection,VTRS,US,SPY,2023-03-09,2023-03-09,,2023-03-09,2023-03-09T23:59:59.999999999+00:00,placebo,,[],US non-specialist generic maker listed on the trade date,5,False,False,False,False,False
421,Methotrexate Injection,methotrexate injection,AMPH,US,SPY,2023-03-17,2023-03-17,,2023-03-17,2023-03-17T23:59:59.999999999+00:00,winner,AMPH,[],,5,False,False,False,False,False
421,Methotrexate Injection,methotrexate injection,AMRX,US,SPY,2023-03-17,2023-03-17,,2023-03-17,2023-03-17T23:59:59.999999999+00:00,winner,AMRX,[],,5,False,False,False,False,False
421,Methotrexate Injection,methotrexate injection,ANIP,US,SPY,2023-03-17,2023-03-17,,2023-03-17,2023-03-17T23:59:59.999999999+00:00,winner,ANIP,[],,5,False,False,False,False,False
421,Methotrexate Injection,methotrexate injection,ICUI,US,SPY,2023-03-17,2023-03-17,,2023-03-17,2023-03-17T23:59:59.999999999+00:00,winner,ICUI,[],,5,False,False,False,False,False
421,Methotrexate Injection,methotrexate injection,LCI,US,SPY,2023-03-17,2023-03-17,,2023-03-17,2023-03-17T23:59:59.999999999+00:00,winner,LCI,[],,5,False,False,False,False,False
421,Methotrexate Injection,methotrexate injection,BAX,US,SPY,2023-03-17,2023-03-17,,2023-03-17,2023-03-17T23:59:59.999999999+00:00,placebo,,[],US non-specialist generic maker listed on the trade date,5,False,False,False,False,False
421,Methotrexate Injection,methotrexate injection,PRGO,US,SPY,2023-03-17,2023-03-17,,2023-03-17,2023-03-17T23:59:59.999999999+00:00,placebo,,[],US non-specialist generic maker listed on the trade date,5,False,False,False,False,False
421,Methotrexate Injection,methotrexate injection,TEVA,US,SPY,2023-03-17,2023-03-17,,2023-03-17,2023-03-17T23:59:59.999999999+00:00,placebo,,[],US non-specialist generic maker listed on the trade date,5,False,False,False,False,False
421,Methotrexate Injection,methotrexate injection,VTRS,US,SPY,2023-03-17,2023-03-17,,2023-03-17,2023-03-17T23:59:59.999999999+00:00,placebo,,[],US non-specialist generic maker listed on the trade date,5,False,False,False,False,False
422,Clindamycin Phosphate Injection,clindamycin phosphate injection,AMPH,US,SPY,2023-03-24,2023-03-24,,2023-03-24,2023-03-24T23:59:59.999999999+00:00,winner,AMPH,[],,5,False,False,False,False,False
422,Clindamycin Phosphate Injection,clindamycin phosphate injection,AMRX,US,SPY,2023-03-24,2023-03-24,,2023-03-24,2023-03-24T23:59:59.999999999+00:00,winner,AMRX,[],,5,False,False,False,False,False
422,Clindamycin Phosphate Injection,clindamycin phosphate injection,ANIP,US,SPY,2023-03-24,2023-03-24,,2023-03-24,2023-03-24T23:59:59.999999999+00:00,winner,ANIP,[],,5,False,False,False,False,False
422,Clindamycin Phosphate Injection,clindamycin phosphate injection,ICUI,US,SPY,2023-03-24,2023-03-24,,2023-03-24,2023-03-24T23:59:59.999999999+00:00,winner,ICUI,[],,5,False,False,False,False,False
422,Clindamycin Phosphate Injection,clindamycin phosphate injection,LCI,US,SPY,2023-03-24,2023-03-24,,2023-03-24,2023-03-24T23:59:59.999999999+00:00,winner,LCI,[],,5,False,False,False,False,False
422,Clindamycin Phosphate Injection,clindamycin phosphate injection,BAX,US,SPY,2023-03-24,2023-03-24,,2023-03-24,2023-03-24T23:59:59.999999999+00:00,placebo,,[],US non-specialist generic maker listed on the trade date,5,False,False,False,False,False
422,Clindamycin Phosphate Injection,clindamycin phosphate injection,PRGO,US,SPY,2023-03-24,2023-03-24,,2023-03-24,2023-03-24T23:59:59.999999999+00:00,placebo,,[],US non-specialist generic maker listed on the trade date,5,False,False,False,False,False
422,Clindamycin Phosphate Injection,clindamycin phosphate injection,TEVA,US,SPY,2023-03-24,2023-03-24,,2023-03-24,2023-03-24T23:59:59.999999999+00:00,placebo,,[],US non-specialist generic maker listed on the trade date,5,False,False,False,False,False
422,Clindamycin Phosphate Injection,clindamycin phosphate injection,VTRS,US,SPY,2023-03-24,2023-03-24,,2023-03-24,2023-03-24T23:59:59.999999999+00:00,placebo,,[],US non-specialist generic maker listed on the trade date,5,False,False,False,False,False
423,Hydrocortisone Sodium Succinate Injection,hydrocortisone sodium succinate injection,AMPH,US,SPY,2023-03-24,2023-03-24,,2023-03-24,2023-03-24T23:59:59.999999999+00:00,winner,AMPH,[],,5,False,False,False,False,False
423,Hydrocortisone Sodium Succinate Injection,hydrocortisone sodium succinate injection,AMRX,US,SPY,2023-03-24,2023-03-24,,2023-03-24,2023-03-24T23:59:59.999999999+00:00,winner,AMRX,[],,5,False,False,False,False,False
423,Hydrocortisone Sodium Succinate Injection,hydrocortisone sodium succinate injection,ANIP,US,SPY,2023-03-24,2023-03-24,,2023-03-24,2023-03-24T23:59:59.999999999+00:00,winner,ANIP,[],,5,False,False,False,False,False
423,Hydrocortisone Sodium Succinate Injection,hydrocortisone sodium succinate injection,ICUI,US,SPY,2023-03-24,2023-03-24,,2023-03-24,2023-03-24T23:59:59.999999999+00:00,winner,ICUI,[],,5,False,False,False,False,False
423,Hydrocortisone Sodium Succinate Injection,hydrocortisone sodium succinate injection,LCI,US,SPY,2023-03-24,2023-03-24,,2023-03-24,2023-03-24T23:59:59.999999999+00:00,winner,LCI,[],,5,False,False,False,False,False
423,Hydrocortisone Sodium Succinate Injection,hydrocortisone sodium succinate injection,BAX,US,SPY,2023-03-24,2023-03-24,,2023-03-24,2023-03-24T23:59:59.999999999+00:00,placebo,,[],US non-specialist generic maker listed on the trade date,5,False,False,False,False,False
423,Hydrocortisone Sodium Succinate Injection,hydrocortisone sodium succinate injection,PRGO,US,SPY,2023-03-24,2023-03-24,,2023-03-24,2023-03-24T23:59:59.999999999+00:00,placebo,,[],US non-specialist generic maker listed on the trade date,5,False,False,False,False,False
423,Hydrocortisone Sodium Succinate Injection,hydrocortisone sodium succinate injection,TEVA,US,SPY,2023-03-24,2023-03-24,,2023-03-24,2023-03-24T23:59:59.999999999+00:00,placebo,,[],US non-specialist generic maker listed on the trade date,5,False,False,False,False,False
423,Hydrocortisone Sodium Succinate Injection,hydrocortisone sodium succinate injection,VTRS,US,SPY,2023-03-24,2023-03-24,,2023-03-24,2023-03-24T23:59:59.999999999+00:00,placebo,,[],US non-specialist generic maker listed on the trade date,5,False,False,False,False,False
424,Chloramphenicol Sodium Succinate Injection,chloramphenicol sodium succinate injection,AMPH,US,SPY,2023-04-07,2023-04-07,,2023-04-07,2023-04-07T23:59:59.999999999+00:00,winner,AMPH,[],,5,False,False,False,False,False
424,Chloramphenicol Sodium Succinate Injection,chloramphenicol sodium succinate injection,AMRX,US,SPY,2023-04-07,2023-04-07,,2023-04-07,2023-04-07T23:59:59.999999999+00:00,winner,AMRX,[],,5,False,False,False,False,False
424,Chloramphenicol Sodium Succinate Injection,chloramphenicol sodium succinate injection,ANIP,US,SPY,2023-04-07,2023-04-07,,2023-04-07,2023-04-07T23:59:59.999999999+00:00,winner,ANIP,[],,5,False,False,False,False,False
424,Chloramphenicol Sodium Succinate Injection,chloramphenicol sodium succinate injection,ICUI,US,SPY,2023-04-07,2023-04-07,,2023-04-07,2023-04-07T23:59:59.999999999+00:00,winner,ICUI,[],,5,False,False,False,False,False
424,Chloramphenicol Sodium Succinate Injection,chloramphenicol sodium succinate injection,LCI,US,SPY,2023-04-07,2023-04-07,,2023-04-07,2023-04-07T23:59:59.999999999+00:00,winner,LCI,[],,5,False,False,False,False,False
424,Chloramphenicol Sodium Succinate Injection,chloramphenicol sodium succinate injection,BAX,US,SPY,2023-04-07,2023-04-07,,2023-04-07,2023-04-07T23:59:59.999999999+00:00,placebo,,[],US non-specialist generic maker listed on the trade date,5,False,False,False,False,False
424,Chloramphenicol Sodium Succinate Injection,chloramphenicol sodium succinate injection,PRGO,US,SPY,2023-04-07,2023-04-07,,2023-04-07,2023-04-07T23:59:59.999999999+00:00,placebo,,[],US non-specialist generic maker listed on the trade date,5,False,False,False,False,False
424,Chloramphenicol Sodium Succinate Injection,chloramphenicol sodium succinate injection,TEVA,US,SPY,2023-04-07,2023-04-07,,2023-04-07,2023-04-07T23:59:59.999999999+00:00,placebo,,[],US non-specialist generic maker listed on the trade date,5,False,False,False,False,False
424,Chloramphenicol Sodium Succinate Injection,chloramphenicol sodium succinate injection,VTRS,US,SPY,2023-04-07,2023-04-07,,2023-04-07,2023-04-07T23:59:59.999999999+00:00,placebo,,[],US non-specialist generic maker listed on the trade date,5,False,False,False,False,False
425,Carboplatin Injection,carboplatin injection,AMPH,US,SPY,2023-04-30,2023-04-30,,2023-04-30,2023-04-30T23:59:59.999999999+00:00,winner,AMPH,[],,5,False,False,False,False,False
425,Carboplatin Injection,carboplatin injection,AMRX,US,SPY,2023-04-30,2023-04-30,,2023-04-30,2023-04-30T23:59:59.999999999+00:00,winner,AMRX,[],,5,False,False,False,False,False
425,Carboplatin Injection,carboplatin injection,ANIP,US,SPY,2023-04-30,2023-04-30,,2023-04-30,2023-04-30T23:59:59.999999999+00:00,winner,ANIP,[],,5,False,False,False,False,False
425,Carboplatin Injection,carboplatin injection,ICUI,US,SPY,2023-04-30,2023-04-30,,2023-04-30,2023-04-30T23:59:59.999999999+00:00,winner,ICUI,[],,5,False,False,False,False,False
425,Carboplatin Injection,carboplatin injection,LCI,US,SPY,2023-04-30,2023-04-30,,2023-04-30,2023-04-30T23:59:59.999999999+00:00,winner,LCI,[],,5,False,False,False,False,False
425,Carboplatin Injection,carboplatin injection,BAX,US,SPY,2023-04-30,2023-04-30,,2023-04-30,2023-04-30T23:59:59.999999999+00:00,placebo,,[],US non-specialist generic maker listed on the trade date,5,False,False,False,False,False
425,Carboplatin Injection,carboplatin injection,PRGO,US,SPY,2023-04-30,2023-04-30,,2023-04-30,2023-04-30T23:59:59.999999999+00:00,placebo,,[],US non-specialist generic maker listed on the trade date,5,False,False,False,False,False
425,Carboplatin Injection,carboplatin injection,TEVA,US,SPY,2023-04-30,2023-04-30,,2023-04-30,2023-04-30T23:59:59.999999999+00:00,placebo,,[],US non-specialist generic maker listed on the trade date,5,False,False,False,False,False
425,Carboplatin Injection,carboplatin injection,VTRS,US,SPY,2023-04-30,2023-04-30,,2023-04-30,2023-04-30T23:59:59.999999999+00:00,placebo,,[],US non-specialist generic maker listed on the trade date,5,False,False,False,False,False
426,Penicillin G Benzathine Injectable Suspension,penicillin g benzathine injectable suspension,AMPH,US,SPY,2023-04-30,2023-04-30,,2023-04-30,2023-04-30T23:59:59.999999999+00:00,winner,AMPH,[],,5,False,False,False,False,False
426,Penicillin G Benzathine Injectable Suspension,penicillin g benzathine injectable suspension,AMRX,US,SPY,2023-04-30,2023-04-30,,2023-04-30,2023-04-30T23:59:59.999999999+00:00,winner,AMRX,[],,5,False,False,False,False,False
426,Penicillin G Benzathine Injectable Suspension,penicillin g benzathine injectable suspension,ANIP,US,SPY,2023-04-30,2023-04-30,,2023-04-30,2023-04-30T23:59:59.999999999+00:00,winner,ANIP,[],,5,False,False,False,False,False
426,Penicillin G Benzathine Injectable Suspension,penicillin g benzathine injectable suspension,ICUI,US,SPY,2023-04-30,2023-04-30,,2023-04-30,2023-04-30T23:59:59.999999999+00:00,winner,ICUI,[],,5,False,False,False,False,False
426,Penicillin G Benzathine Injectable Suspension,penicillin g benzathine injectable suspension,LCI,US,SPY,2023-04-30,2023-04-30,,2023-04-30,2023-04-30T23:59:59.999999999+00:00,winner,LCI,[],,5,False,False,False,False,False
426,Penicillin G Benzathine Injectable Suspension,penicillin g benzathine injectable suspension,BAX,US,SPY,2023-04-30,2023-04-30,,2023-04-30,2023-04-30T23:59:59.999999999+00:00,placebo,,[],US non-specialist generic maker listed on the trade date,5,False,False,False,False,False
426,Penicillin G Benzathine Injectable Suspension,penicillin g benzathine injectable suspension,PRGO,US,SPY,2023-04-30,2023-04-30,,2023-04-30,2023-04-30T23:59:59.999999999+00:00,placebo,,[],US non-specialist generic maker listed on the trade date,5,False,False,False,False,False
426,Penicillin G Benzathine Injectable Suspension,penicillin g benzathine injectable suspension,TEVA,US,SPY,2023-04-30,2023-04-30,,2023-04-30,2023-04-30T23:59:59.999999999+00:00,placebo,,[],US non-specialist generic maker listed on the trade date,5,False,False,False,False,False
426,Penicillin G Benzathine Injectable Suspension,penicillin g benzathine injectable suspension,VTRS,US,SPY,2023-04-30,2023-04-30,,2023-04-30,2023-04-30T23:59:59.999999999+00:00,placebo,,[],US non-specialist generic maker listed on the trade date,5,False,False,False,False,False
429,Liraglutide Injection,liraglutide injection,AMPH,US,SPY,2023-07-22,2023-07-22,,2023-07-22,2023-07-22T23:59:59.999999999+00:00,winner,AMPH,[],,4,False,False,False,False,False
429,Liraglutide Injection,liraglutide injection,AMRX,US,SPY,2023-07-22,2023-07-22,,2023-07-22,2023-07-22T23:59:59.999999999+00:00,winner,AMRX,[],,4,False,False,False,False,False
429,Liraglutide Injection,liraglutide injection,ANIP,US,SPY,2023-07-22,2023-07-22,,2023-07-22,2023-07-22T23:59:59.999999999+00:00,winner,ANIP,[],,4,False,False,False,False,False
429,Liraglutide Injection,liraglutide injection,ICUI,US,SPY,2023-07-22,2023-07-22,,2023-07-22,2023-07-22T23:59:59.999999999+00:00,winner,ICUI,[],,4,False,False,False,False,False
429,Liraglutide Injection,liraglutide injection,BAX,US,SPY,2023-07-22,2023-07-22,,2023-07-22,2023-07-22T23:59:59.999999999+00:00,placebo,,[],US non-specialist generic maker listed on the trade date,4,False,False,False,False,False
429,Liraglutide Injection,liraglutide injection,PRGO,US,SPY,2023-07-22,2023-07-22,,2023-07-22,2023-07-22T23:59:59.999999999+00:00,placebo,,[],US non-specialist generic maker listed on the trade date,4,False,False,False,False,False
429,Liraglutide Injection,liraglutide injection,TEVA,US,SPY,2023-07-22,2023-07-22,,2023-07-22,2023-07-22T23:59:59.999999999+00:00,placebo,,[],US non-specialist generic maker listed on the trade date,4,False,False,False,False,False
429,Liraglutide Injection,liraglutide injection,VTRS,US,SPY,2023-07-22,2023-07-22,,2023-07-22,2023-07-22T23:59:59.999999999+00:00,placebo,,[],US non-specialist generic maker listed on the trade date,4,False,False,False,False,False
463,Propranolol Hydrochloride Injection,propranolol hydrochloride injection,AMPH,US,SPY,2023-11-04,2023-11-04,,2023-11-04,2023-11-04T23:59:59.999999999+00:00,winner,AMPH,[],,4,False,False,False,False,False
463,Propranolol Hydrochloride Injection,propranolol hydrochloride injection,AMRX,US,SPY,2023-11-04,2023-11-04,,2023-11-04,2023-11-04T23:59:59.999999999+00:00,winner,AMRX,[],,4,False,False,False,False,False
463,Propranolol Hydrochloride Injection,propranolol hydrochloride injection,ANIP,US,SPY,2023-11-04,2023-11-04,,2023-11-04,2023-11-04T23:59:59.999999999+00:00,winner,ANIP,[],,4,False,False,False,False,False
463,Propranolol Hydrochloride Injection,propranolol hydrochloride injection,ICUI,US,SPY,2023-11-04,2023-11-04,,2023-11-04,2023-11-04T23:59:59.999999999+00:00,winner,ICUI,[],,4,False,False,False,False,False
463,Propranolol Hydrochloride Injection,propranolol hydrochloride injection,BAX,US,SPY,2023-11-04,2023-11-04,,2023-11-04,2023-11-04T23:59:59.999999999+00:00,placebo,,[],US non-specialist generic maker listed on the trade date,4,False,False,False,False,False
463,Propranolol Hydrochloride Injection,propranolol hydrochloride injection,PRGO,US,SPY,2023-11-04,2023-11-04,,2023-11-04,2023-11-04T23:59:59.999999999+00:00,placebo,,[],US non-specialist generic maker listed on the trade date,4,False,False,False,False,False
463,Propranolol Hydrochloride Injection,propranolol hydrochloride injection,TEVA,US,SPY,2023-11-04,2023-11-04,,2023-11-04,2023-11-04T23:59:59.999999999+00:00,placebo,,[],US non-specialist generic maker listed on the trade date,4,False,False,False,False,False
463,Propranolol Hydrochloride Injection,propranolol hydrochloride injection,VTRS,US,SPY,2023-11-04,2023-11-04,,2023-11-04,2023-11-04T23:59:59.999999999+00:00,placebo,,[],US non-specialist generic maker listed on the trade date,4,False,False,False,False,False
464,Promethazine Hydrochloride Injection,promethazine hydrochloride injection,AMPH,US,SPY,2023-11-23,2023-11-23,,2023-11-23,2023-11-23T23:59:59.999999999+00:00,winner,AMPH,[],,4,False,False,False,False,False
464,Promethazine Hydrochloride Injection,promethazine hydrochloride injection,AMRX,US,SPY,2023-11-23,2023-11-23,,2023-11-23,2023-11-23T23:59:59.999999999+00:00,winner,AMRX,[],,4,False,False,False,False,False
464,Promethazine Hydrochloride Injection,promethazine hydrochloride injection,ANIP,US,SPY,2023-11-23,2023-11-23,,2023-11-23,2023-11-23T23:59:59.999999999+00:00,winner,ANIP,[],,4,False,False,False,False,False
464,Promethazine Hydrochloride Injection,promethazine hydrochloride injection,ICUI,US,SPY,2023-11-23,2023-11-23,,2023-11-23,2023-11-23T23:59:59.999999999+00:00,winner,ICUI,[],,4,False,False,False,False,False
464,Promethazine Hydrochloride Injection,promethazine hydrochloride injection,BAX,US,SPY,2023-11-23,2023-11-23,,2023-11-23,2023-11-23T23:59:59.999999999+00:00,placebo,,[],US non-specialist generic maker listed on the trade date,4,False,False,False,False,False
464,Promethazine Hydrochloride Injection,promethazine hydrochloride injection,PRGO,US,SPY,2023-11-23,2023-11-23,,2023-11-23,2023-11-23T23:59:59.999999999+00:00,placebo,,[],US non-specialist generic maker listed on the trade date,4,False,False,False,False,False
464,Promethazine Hydrochloride Injection,promethazine hydrochloride injection,TEVA,US,SPY,2023-11-23,2023-11-23,,2023-11-23,2023-11-23T23:59:59.999999999+00:00,placebo,,[],US non-specialist generic maker listed on the trade date,4,False,False,False,False,False
464,Promethazine Hydrochloride Injection,promethazine hydrochloride injection,VTRS,US,SPY,2023-11-23,2023-11-23,,2023-11-23,2023-11-23T23:59:59.999999999+00:00,placebo,,[],US non-specialist generic maker listed on the trade date,4,False,False,False,False,False
465,Technetium TC-99M Pyrophosphate Kit Injection,technetium tc-99m pyrophosphate kit injection,AMPH,US,SPY,2023-12-29,2023-12-29,,2023-12-29,2023-12-29T23:59:59.999999999+00:00,winner,AMPH,[],,4,False,False,False,False,False
465,Technetium TC-99M Pyrophosphate Kit Injection,technetium tc-99m pyrophosphate kit injection,AMRX,US,SPY,2023-12-29,2023-12-29,,2023-12-29,2023-12-29T23:59:59.999999999+00:00,winner,AMRX,[],,4,False,False,False,False,False
465,Technetium TC-99M Pyrophosphate Kit Injection,technetium tc-99m pyrophosphate kit injection,ANIP,US,SPY,2023-12-29,2023-12-29,,2023-12-29,2023-12-29T23:59:59.999999999+00:00,winner,ANIP,[],,4,False,False,False,False,False
465,Technetium TC-99M Pyrophosphate Kit Injection,technetium tc-99m pyrophosphate kit injection,ICUI,US,SPY,2023-12-29,2023-12-29,,2023-12-29,2023-12-29T23:59:59.999999999+00:00,winner,ICUI,[],,4,False,False,False,False,False
465,Technetium TC-99M Pyrophosphate Kit Injection,technetium tc-99m pyrophosphate kit injection,BAX,US,SPY,2023-12-29,2023-12-29,,2023-12-29,2023-12-29T23:59:59.999999999+00:00,placebo,,[],US non-specialist generic maker listed on the trade date,4,False,False,False,False,False
465,Technetium TC-99M Pyrophosphate Kit Injection,technetium tc-99m pyrophosphate kit injection,PRGO,US,SPY,2023-12-29,2023-12-29,,2023-12-29,2023-12-29T23:59:59.999999999+00:00,placebo,,[],US non-specialist generic maker listed on the trade date,4,False,False,False,False,False
465,Technetium TC-99M Pyrophosphate Kit Injection,technetium tc-99m pyrophosphate kit injection,TEVA,US,SPY,2023-12-29,2023-12-29,,2023-12-29,2023-12-29T23:59:59.999999999+00:00,placebo,,[],US non-specialist generic maker listed on the trade date,4,False,False,False,False,False
465,Technetium TC-99M Pyrophosphate Kit Injection,technetium tc-99m pyrophosphate kit injection,VTRS,US,SPY,2023-12-29,2023-12-29,,2023-12-29,2023-12-29T23:59:59.999999999+00:00,placebo,,[],US non-specialist generic maker listed on the trade date,4,False,False,False,False,False
466,Sodium Pyrophosphate Injection,sodium pyrophosphate injection,AMPH,US,SPY,2024-01-20,2024-01-20,,2024-01-20,2024-01-20T23:59:59.999999999+00:00,winner,AMPH,[],,4,False,False,False,False,False
466,Sodium Pyrophosphate Injection,sodium pyrophosphate injection,AMRX,US,SPY,2024-01-20,2024-01-20,,2024-01-20,2024-01-20T23:59:59.999999999+00:00,winner,AMRX,[],,4,False,False,False,False,False
466,Sodium Pyrophosphate Injection,sodium pyrophosphate injection,ANIP,US,SPY,2024-01-20,2024-01-20,,2024-01-20,2024-01-20T23:59:59.999999999+00:00,winner,ANIP,[],,4,False,False,False,False,False
466,Sodium Pyrophosphate Injection,sodium pyrophosphate injection,ICUI,US,SPY,2024-01-20,2024-01-20,,2024-01-20,2024-01-20T23:59:59.999999999+00:00,winner,ICUI,[],,4,False,False,False,False,False
466,Sodium Pyrophosphate Injection,sodium pyrophosphate injection,BAX,US,SPY,2024-01-20,2024-01-20,,2024-01-20,2024-01-20T23:59:59.999999999+00:00,placebo,,[],US non-specialist generic maker listed on the trade date,4,False,False,False,False,False
466,Sodium Pyrophosphate Injection,sodium pyrophosphate injection,PRGO,US,SPY,2024-01-20,2024-01-20,,2024-01-20,2024-01-20T23:59:59.999999999+00:00,placebo,,[],US non-specialist generic maker listed on the trade date,4,False,False,False,False,False
466,Sodium Pyrophosphate Injection,sodium pyrophosphate injection,TEVA,US,SPY,2024-01-20,2024-01-20,,2024-01-20,2024-01-20T23:59:59.999999999+00:00,placebo,,[],US non-specialist generic maker listed on the trade date,4,False,False,False,False,False
466,Sodium Pyrophosphate Injection,sodium pyrophosphate injection,VTRS,US,SPY,2024-01-20,2024-01-20,,2024-01-20,2024-01-20T23:59:59.999999999+00:00,placebo,,[],US non-specialist generic maker listed on the trade date,4,False,False,False,False,False
475,Vitamin A Palmitate Injection,vitamin a palmitate injection,AMPH,US,SPY,2024-06-15,2024-06-15,,2024-06-15,2024-06-15T23:59:59.999999999+00:00,winner,AMPH,[],,4,False,False,False,False,False
475,Vitamin A Palmitate Injection,vitamin a palmitate injection,AMRX,US,SPY,2024-06-15,2024-06-15,,2024-06-15,2024-06-15T23:59:59.999999999+00:00,winner,AMRX,[],,4,False,False,False,False,False
475,Vitamin A Palmitate Injection,vitamin a palmitate injection,ANIP,US,SPY,2024-06-15,2024-06-15,,2024-06-15,2024-06-15T23:59:59.999999999+00:00,winner,ANIP,[],,4,False,False,False,False,False
475,Vitamin A Palmitate Injection,vitamin a palmitate injection,ICUI,US,SPY,2024-06-15,2024-06-15,,2024-06-15,2024-06-15T23:59:59.999999999+00:00,winner,ICUI,[],,4,False,False,False,False,False
475,Vitamin A Palmitate Injection,vitamin a palmitate injection,BAX,US,SPY,2024-06-15,2024-06-15,,2024-06-15,2024-06-15T23:59:59.999999999+00:00,placebo,,[],US non-specialist generic maker listed on the trade date,4,False,False,False,False,False
475,Vitamin A Palmitate Injection,vitamin a palmitate injection,PRGO,US,SPY,2024-06-15,2024-06-15,,2024-06-15,2024-06-15T23:59:59.999999999+00:00,placebo,,[],US non-specialist generic maker listed on the trade date,4,False,False,False,False,False
475,Vitamin A Palmitate Injection,vitamin a palmitate injection,TEVA,US,SPY,2024-06-15,2024-06-15,,2024-06-15,2024-06-15T23:59:59.999999999+00:00,placebo,,[],US non-specialist generic maker listed on the trade date,4,False,False,False,False,False
475,Vitamin A Palmitate Injection,vitamin a palmitate injection,VTRS,US,SPY,2024-06-15,2024-06-15,,2024-06-15,2024-06-15T23:59:59.999999999+00:00,placebo,,[],US non-specialist generic maker listed on the trade date,4,False,False,False,False,False
476,Indocyanine Green Injection,indocyanine green injection,AMPH,US,SPY,2024-08-25,2024-08-25,,2024-08-25,2024-08-25T23:59:59.999999999+00:00,winner,AMPH,[],,4,False,False,False,False,False
476,Indocyanine Green Injection,indocyanine green injection,AMRX,US,SPY,2024-08-25,2024-08-25,,2024-08-25,2024-08-25T23:59:59.999999999+00:00,winner,AMRX,[],,4,False,False,False,False,False
476,Indocyanine Green Injection,indocyanine green injection,ANIP,US,SPY,2024-08-25,2024-08-25,,2024-08-25,2024-08-25T23:59:59.999999999+00:00,winner,ANIP,[],,4,False,False,False,False,False
476,Indocyanine Green Injection,indocyanine green injection,ICUI,US,SPY,2024-08-25,2024-08-25,,2024-08-25,2024-08-25T23:59:59.999999999+00:00,winner,ICUI,[],,4,False,False,False,False,False
476,Indocyanine Green Injection,indocyanine green injection,BAX,US,SPY,2024-08-25,2024-08-25,,2024-08-25,2024-08-25T23:59:59.999999999+00:00,placebo,,[],US non-specialist generic maker listed on the trade date,4,False,False,False,False,False
476,Indocyanine Green Injection,indocyanine green injection,PRGO,US,SPY,2024-08-25,2024-08-25,,2024-08-25,2024-08-25T23:59:59.999999999+00:00,placebo,,[],US non-specialist generic maker listed on the trade date,4,False,False,False,False,False
476,Indocyanine Green Injection,indocyanine green injection,TEVA,US,SPY,2024-08-25,2024-08-25,,2024-08-25,2024-08-25T23:59:59.999999999+00:00,placebo,,[],US non-specialist generic maker listed on the trade date,4,False,False,False,False,False
476,Indocyanine Green Injection,indocyanine green injection,VTRS,US,SPY,2024-08-25,2024-08-25,,2024-08-25,2024-08-25T23:59:59.999999999+00:00,placebo,,[],US non-specialist generic maker listed on the trade date,4,False,False,False,False,False
